# Blender 4.3.2
# www.blender.org
mtllib axe4.mtl
o Mball
v 0.120000 2.639324 -0.840000
v 0.156875 2.600000 -0.840000
v 0.196362 2.600000 -0.760000
v 0.123830 2.680000 -0.760000
v 0.120000 2.680000 -0.766851
v 0.120000 2.682826 -0.760000
v 0.120000 2.728079 -0.680000
v 0.159251 2.680000 -0.680000
v 0.185945 2.680000 -0.600000
v 0.162469 2.760000 -0.600000
v 0.120000 2.760000 -0.648546
v 0.120000 2.837748 -0.600000
v 0.040000 2.778554 -0.680000
v 0.080150 2.760000 -0.680000
v 0.118073 2.840000 -0.600000
v 0.040000 2.840000 -0.634713
v 0.040000 2.890228 -0.600000
v -0.040000 2.890228 -0.600000
v -0.040000 2.840000 -0.634713
v 0.040000 2.920000 -0.569014
v -0.040000 2.920000 -0.569014
v -0.040000 2.949845 -0.520000
v 0.040000 2.949845 -0.520000
v -0.040000 2.968999 -0.440000
v 0.040000 2.968999 -0.440000
v -0.040000 2.959242 -0.360000
v 0.040000 2.959242 -0.360000
v -0.040000 2.943013 -0.280000
v 0.040000 2.943013 -0.280000
v 0.040000 3.000000 -0.232694
v -0.040000 3.000000 -0.232694
v 0.040000 3.080000 -0.223943
v -0.040000 3.080000 -0.223943
v -0.040000 3.151279 -0.200000
v 0.040000 3.151279 -0.200000
v 0.040000 3.160000 -0.195345
v -0.040000 3.160000 -0.195345
v -0.040000 3.237399 -0.120000
v 0.040000 3.237399 -0.120000
v 0.040000 3.240000 -0.115510
v -0.040000 3.240000 -0.115510
v -0.040000 3.268401 -0.040000
v 0.040000 3.268401 -0.040000
v -0.040000 3.268401 0.040000
v 0.040000 3.268401 0.040000
v 0.040000 3.240000 0.115510
v -0.040000 3.240000 0.115510
v -0.040000 3.237399 0.120000
v 0.040000 3.237399 0.120000
v 0.040000 3.160000 0.195345
v -0.040000 3.160000 0.195345
v -0.040000 3.151279 0.200000
v 0.040000 3.151279 0.200000
v 0.040000 3.080000 0.223932
v -0.040000 3.080000 0.223932
v -0.040000 3.000000 0.221973
v 0.040000 3.000000 0.221973
v -0.040000 2.936033 0.200000
v 0.040000 2.936033 0.200000
v 0.040000 2.920000 0.193654
v -0.040000 2.920000 0.193654
v -0.040000 2.840000 0.176961
v 0.040000 2.840000 0.176961
v -0.040000 2.760000 0.193754
v 0.040000 2.760000 0.193754
v -0.040000 2.744235 0.200000
v 0.040000 2.744235 0.200000
v 0.040000 2.680000 0.222029
v -0.040000 2.680000 0.222029
v -0.040000 2.600000 0.223891
v 0.040000 2.600000 0.223891
v -0.040000 2.528104 0.200000
v 0.040000 2.528104 0.200000
v 0.040000 2.520000 0.196160
v -0.040000 2.520000 0.196160
v -0.040000 2.440000 0.168644
v 0.040000 2.440000 0.168644
v -0.040000 2.360000 0.179923
v 0.040000 2.360000 0.179923
v -0.040000 2.315911 0.200000
v 0.040000 2.315911 0.200000
v 0.040000 2.280000 0.215193
v -0.040000 2.280000 0.215193
v -0.040000 2.200000 0.226478
v 0.040000 2.200000 0.226478
v -0.040000 2.120000 0.208375
v 0.040000 2.120000 0.208375
v -0.040000 2.102958 0.200000
v 0.040000 2.102958 0.200000
v 0.040000 2.040000 0.158984
v -0.040000 2.040000 0.158984
v -0.040000 1.960000 0.138431
v 0.040000 1.960000 0.138431
v -0.040000 1.880000 0.179853
v 0.040000 1.880000 0.179853
v -0.040000 1.847775 0.200000
v 0.040000 1.847775 0.200000
v 0.040000 1.800000 0.218893
v -0.040000 1.800000 0.218893
v -0.040000 1.720000 0.225596
v 0.040000 1.720000 0.225596
v -0.040000 1.640000 0.202386
v 0.040000 1.640000 0.202386
v -0.040000 1.635550 0.200000
v 0.040000 1.635550 0.200000
v 0.040000 1.560000 0.163343
v -0.040000 1.560000 0.163343
v -0.040000 1.480000 0.164081
v 0.040000 1.480000 0.164081
v -0.040000 1.406726 0.200000
v 0.040000 1.406726 0.200000
v 0.040000 1.400000 0.203560
v -0.040000 1.400000 0.203560
v -0.040000 1.320000 0.225812
v 0.040000 1.320000 0.225812
v -0.040000 1.240000 0.218280
v 0.040000 1.240000 0.218280
v -0.040000 1.194083 0.200000
v 0.040000 1.194083 0.200000
v 0.040000 1.160000 0.182784
v -0.040000 1.160000 0.182784
v -0.040000 1.080000 0.163144
v 0.040000 1.080000 0.163144
v -0.040000 1.000000 0.186949
v 0.040000 1.000000 0.186949
v -0.040000 0.974232 0.200000
v 0.040000 0.974232 0.200000
v 0.040000 0.920000 0.220402
v -0.040000 0.920000 0.220402
v -0.040000 0.840000 0.224914
v 0.040000 0.840000 0.224914
v -0.040000 0.761472 0.200000
v 0.040000 0.761472 0.200000
v 0.040000 0.760000 0.199289
v -0.040000 0.760000 0.199289
v -0.040000 0.680000 0.164910
v 0.040000 0.680000 0.164910
v -0.040000 0.600000 0.170966
v 0.040000 0.600000 0.170966
v -0.040000 0.539286 0.200000
v 0.040000 0.539286 0.200000
v 0.040000 0.520000 0.209208
v -0.040000 0.520000 0.209208
v -0.040000 0.440000 0.226549
v 0.040000 0.440000 0.226549
v -0.040000 0.360000 0.214545
v 0.040000 0.360000 0.214545
v -0.040000 0.326510 0.200000
v 0.040000 0.326510 0.200000
v 0.040000 0.280000 0.177154
v -0.040000 0.280000 0.177154
v -0.040000 0.200000 0.163965
v 0.040000 0.200000 0.163965
v -0.040000 0.120000 0.193157
v 0.040000 0.120000 0.193157
v -0.040000 0.106452 0.200000
v 0.040000 0.106452 0.200000
v 0.040000 0.040000 0.223022
v -0.040000 0.040000 0.223022
v -0.040000 -0.040000 0.223022
v 0.040000 -0.040000 0.223022
v -0.040000 -0.106039 0.200000
v 0.040000 -0.106039 0.200000
v 0.040000 -0.120000 0.192158
v -0.040000 -0.120000 0.192158
v -0.040000 -0.192158 0.120000
v 0.040000 -0.192158 0.120000
v 0.040000 -0.200000 0.106039
v -0.040000 -0.200000 0.106039
v -0.040000 -0.223022 0.040000
v 0.040000 -0.223022 0.040000
v 0.040000 -0.223022 -0.040000
v -0.040000 -0.223022 -0.040000
v 0.040000 -0.200000 -0.106039
v -0.040000 -0.200000 -0.106039
v -0.040000 -0.192158 -0.120000
v 0.040000 -0.192158 -0.120000
v 0.040000 -0.120000 -0.192158
v -0.040000 -0.120000 -0.192158
v -0.040000 -0.106039 -0.200000
v 0.040000 -0.106039 -0.200000
v 0.040000 -0.040000 -0.223022
v -0.040000 -0.040000 -0.223022
v 0.040000 0.040000 -0.223022
v -0.040000 0.040000 -0.223022
v -0.040000 0.106452 -0.200000
v 0.040000 0.106452 -0.200000
v 0.040000 0.120000 -0.193157
v -0.040000 0.120000 -0.193157
v 0.040000 0.200000 -0.163965
v -0.040000 0.200000 -0.163965
v 0.040000 0.280000 -0.177154
v -0.040000 0.280000 -0.177154
v -0.040000 0.326510 -0.200000
v 0.040000 0.326510 -0.200000
v 0.040000 0.360000 -0.214545
v -0.040000 0.360000 -0.214545
v 0.040000 0.440000 -0.226549
v -0.040000 0.440000 -0.226549
v 0.040000 0.520000 -0.209208
v -0.040000 0.520000 -0.209208
v -0.040000 0.539286 -0.200000
v 0.040000 0.539286 -0.200000
v 0.040000 0.600000 -0.170966
v -0.040000 0.600000 -0.170966
v 0.040000 0.680000 -0.164910
v -0.040000 0.680000 -0.164910
v 0.040000 0.760000 -0.199289
v -0.040000 0.760000 -0.199289
v -0.040000 0.761472 -0.200000
v 0.040000 0.761472 -0.200000
v 0.040000 0.840000 -0.224914
v -0.040000 0.840000 -0.224914
v 0.040000 0.920000 -0.220402
v -0.040000 0.920000 -0.220402
v -0.040000 0.974232 -0.200000
v 0.040000 0.974232 -0.200000
v 0.040000 1.000000 -0.186949
v -0.040000 1.000000 -0.186949
v 0.040000 1.080000 -0.163144
v -0.040000 1.080000 -0.163144
v 0.040000 1.160000 -0.182784
v -0.040000 1.160000 -0.182784
v -0.040000 1.194083 -0.200000
v 0.040000 1.194083 -0.200000
v 0.040000 1.240000 -0.218280
v -0.040000 1.240000 -0.218280
v 0.040000 1.320000 -0.225812
v -0.040000 1.320000 -0.225812
v 0.040000 1.400000 -0.203560
v -0.040000 1.400000 -0.203560
v -0.040000 1.406726 -0.200000
v 0.040000 1.406726 -0.200000
v 0.040000 1.480000 -0.164081
v -0.040000 1.480000 -0.164081
v 0.040000 1.560000 -0.163343
v -0.040000 1.560000 -0.163343
v -0.040000 1.635550 -0.200000
v 0.040000 1.635550 -0.200000
v 0.040000 1.640000 -0.202386
v -0.040000 1.640000 -0.202386
v 0.040000 1.720000 -0.225596
v -0.040000 1.720000 -0.225596
v 0.040000 1.800000 -0.218893
v -0.040000 1.800000 -0.218893
v -0.040000 1.847775 -0.200000
v 0.040000 1.847775 -0.200000
v 0.040000 1.880000 -0.179853
v -0.040000 1.880000 -0.179853
v 0.040000 1.960000 -0.138431
v -0.040000 1.960000 -0.138431
v 0.040000 2.040000 -0.159829
v -0.040000 2.040000 -0.159829
v -0.040000 2.076240 -0.200000
v 0.040000 2.076240 -0.200000
v 0.040000 2.096405 -0.280000
v -0.040000 2.096405 -0.280000
v 0.040000 2.077901 -0.360000
v -0.040000 2.077901 -0.360000
v 0.040000 2.067661 -0.440000
v -0.040000 2.067661 -0.440000
v 0.040000 2.086821 -0.520000
v -0.040000 2.086821 -0.520000
v 0.040000 2.120000 -0.573158
v -0.040000 2.120000 -0.573158
v -0.040000 2.144358 -0.600000
v 0.040000 2.144358 -0.600000
v 0.040000 2.200000 -0.661835
v -0.040000 2.200000 -0.661835
v -0.040000 2.213495 -0.680000
v 0.040000 2.213495 -0.680000
v 0.040000 2.261178 -0.760000
v -0.040000 2.261178 -0.760000
v 0.040000 2.280000 -0.799736
v -0.040000 2.280000 -0.799736
v -0.040000 2.302246 -0.840000
v 0.040000 2.302246 -0.840000
v 0.040000 2.360000 -0.898616
v -0.040000 2.360000 -0.898616
v -0.040000 2.398016 -0.920000
v 0.040000 2.398016 -0.920000
v 0.040000 2.440000 -0.934088
v -0.040000 2.440000 -0.934088
v 0.040000 2.520000 -0.937535
v -0.040000 2.520000 -0.937535
v -0.040000 2.581587 -0.920000
v 0.040000 2.581587 -0.920000
v 0.040000 2.600000 -0.910971
v -0.040000 2.600000 -0.910971
v -0.040000 2.677339 -0.840000
v 0.040000 2.677339 -0.840000
v 0.040000 2.680000 -0.835804
v -0.040000 2.680000 -0.835804
v -0.040000 2.718637 -0.760000
v 0.040000 2.718637 -0.760000
v 0.040000 2.760000 -0.699008
v -0.040000 2.760000 -0.699008
v -0.040000 2.778554 -0.680000
v -0.080150 2.760000 -0.680000
v -0.120000 2.837748 -0.600000
v -0.120000 2.760000 -0.648546
v -0.118073 2.840000 -0.600000
v -0.120000 2.728079 -0.680000
v -0.162469 2.760000 -0.600000
v -0.185945 2.680000 -0.600000
v -0.159251 2.680000 -0.680000
v -0.200000 2.605414 -0.680000
v -0.198642 2.600000 -0.600000
v -0.200000 2.600000 -0.624161
v -0.200000 2.584977 -0.600000
v -0.193512 2.600000 -0.520000
v -0.187776 2.520000 -0.520000
v -0.200000 2.520000 -0.575887
v -0.200000 2.447394 -0.520000
v -0.201896 2.440000 -0.520000
v -0.213940 2.440000 -0.600000
v -0.206268 2.520000 -0.600000
v -0.215975 2.360000 -0.520000
v -0.208364 2.360000 -0.600000
v -0.200000 2.324664 -0.600000
v -0.213223 2.280000 -0.520000
v -0.200000 2.280000 -0.558588
v -0.200000 2.226888 -0.520000
v -0.229465 2.280000 -0.440000
v -0.209711 2.200000 -0.440000
v -0.200000 2.200000 -0.491271
v -0.200000 2.181143 -0.440000
v -0.200000 2.200000 -0.365164
v -0.198491 2.200000 -0.360000
v -0.133864 2.120000 -0.360000
v -0.149851 2.120000 -0.440000
v -0.200000 2.203548 -0.360000
v -0.200000 2.280000 -0.315091
v -0.182108 2.280000 -0.280000
v -0.164371 2.200000 -0.280000
v -0.200000 2.360000 -0.336109
v -0.165756 2.360000 -0.280000
v -0.200000 2.384472 -0.360000
v -0.168138 2.440000 -0.360000
v -0.120000 2.440000 -0.290791
v -0.120000 2.426784 -0.280000
v -0.141732 2.520000 -0.360000
v -0.120000 2.520000 -0.324615
v -0.120000 2.576236 -0.280000
v -0.170150 2.600000 -0.360000
v -0.136053 2.600000 -0.280000
v -0.200000 2.652276 -0.360000
v -0.200000 2.680000 -0.333691
v -0.174791 2.680000 -0.280000
v -0.200000 2.760000 -0.316146
v -0.178283 2.760000 -0.280000
v -0.200000 2.832972 -0.360000
v -0.196889 2.840000 -0.360000
v -0.147483 2.840000 -0.280000
v -0.120000 2.877898 -0.280000
v -0.129340 2.920000 -0.360000
v -0.120000 2.920000 -0.344366
v -0.120000 2.926624 -0.360000
v -0.145870 2.920000 -0.440000
v -0.120000 2.938490 -0.440000
v -0.200000 2.855378 -0.440000
v -0.200000 2.840000 -0.370651
v -0.200000 2.840000 -0.486049
v -0.187160 2.840000 -0.520000
v -0.120000 2.916070 -0.520000
v -0.120000 2.920000 -0.511690
v -0.200000 2.808938 -0.520000
v -0.200000 2.760000 -0.541145
v -0.120000 2.840000 -0.598692
v -0.210370 2.760000 -0.520000
v -0.200000 2.680000 -0.549251
v -0.207629 2.680000 -0.520000
v -0.200000 2.633465 -0.520000
v -0.200000 2.627251 -0.440000
v -0.221019 2.680000 -0.440000
v -0.210643 2.680000 -0.360000
v -0.229234 2.760000 -0.440000
v -0.218950 2.760000 -0.360000
v -0.187282 2.600000 -0.440000
v -0.113892 2.920000 -0.520000
v -0.208167 2.840000 -0.440000
v -0.120000 2.840000 -0.242307
v -0.077680 2.920000 -0.280000
v -0.090837 2.920000 -0.200000
v -0.108334 2.840000 -0.200000
v -0.120000 2.814469 -0.200000
v -0.120000 2.840000 -0.156825
v -0.139914 2.840000 -0.120000
v -0.161938 2.760000 -0.120000
v -0.145349 2.760000 -0.200000
v -0.120000 2.920000 -0.164769
v -0.157059 2.920000 -0.120000
v -0.120000 3.000000 -0.192078
v -0.190981 3.000000 -0.120000
v -0.120000 3.080000 -0.193180
v -0.193180 3.080000 -0.120000
v -0.120000 3.160000 -0.159157
v -0.159157 3.160000 -0.120000
v -0.120000 3.200507 -0.120000
v -0.120000 3.237399 -0.040000
v -0.195345 3.160000 -0.040000
v -0.120000 3.237399 0.040000
v -0.195345 3.160000 0.040000
v -0.200000 3.151279 0.040000
v -0.200000 3.151279 -0.040000
v -0.159157 3.160000 0.120000
v -0.193180 3.080000 0.120000
v -0.200000 3.080000 0.107860
v -0.200000 3.000000 0.103943
v -0.190981 3.000000 0.120000
v -0.200000 2.936033 0.040000
v -0.156991 2.920000 0.120000
v -0.193654 2.920000 0.040000
v -0.135951 2.840000 0.120000
v -0.176961 2.840000 0.040000
v -0.157115 2.760000 0.120000
v -0.193754 2.760000 0.040000
v -0.200000 2.744235 0.040000
v -0.191043 2.680000 0.120000
v -0.200000 2.680000 0.104053
v -0.200000 2.600000 0.107776
v -0.193133 2.600000 0.120000
v -0.200000 2.528104 0.040000
v -0.160130 2.520000 0.120000
v -0.196160 2.520000 0.040000
v -0.124861 2.440000 0.120000
v -0.168644 2.440000 0.040000
v -0.139897 2.360000 0.120000
v -0.179923 2.360000 0.040000
v -0.200000 2.315911 0.040000
v -0.182963 2.280000 0.120000
v -0.200000 2.280000 0.088269
v -0.200000 2.200000 0.112954
v -0.196040 2.200000 0.120000
v -0.200000 2.120000 0.069831
v -0.174828 2.120000 0.120000
v -0.200000 2.102958 0.040000
v -0.120000 2.048816 0.120000
v -0.120000 2.040000 0.111498
v -0.158984 2.040000 0.040000
v -0.120000 1.960000 0.079784
v -0.138431 1.960000 0.040000
v -0.120000 1.901744 0.120000
v -0.139805 1.880000 0.120000
v -0.179853 1.880000 0.040000
v -0.200000 1.847775 0.040000
v -0.187435 1.800000 0.120000
v -0.200000 1.800000 0.097301
v -0.200000 1.720000 0.111188
v -0.195049 1.720000 0.120000
v -0.200000 1.640000 0.049434
v -0.167757 1.640000 0.120000
v -0.200000 1.635550 0.040000
v -0.120000 1.564370 0.120000
v -0.120000 1.560000 0.117665
v -0.163343 1.560000 0.040000
v -0.120000 1.480000 0.118704
v -0.164081 1.480000 0.040000
v -0.200000 1.406726 0.040000
v -0.120000 1.477670 0.120000
v -0.169141 1.400000 0.120000
v -0.200000 1.400000 0.054082
v -0.200000 1.320000 0.111620
v -0.195291 1.320000 0.120000
v -0.200000 1.240000 0.095804
v -0.186694 1.240000 0.120000
v -0.200000 1.194083 0.040000
v -0.143462 1.160000 0.120000
v -0.182784 1.160000 0.040000
v -0.120000 1.105246 0.120000
v -0.120000 1.080000 0.117383
v -0.163144 1.080000 0.040000
v -0.120000 1.062349 0.120000
v -0.148647 1.000000 0.120000
v -0.186949 1.000000 0.040000
v -0.200000 0.974232 0.040000
v -0.189219 0.920000 0.120000
v -0.200000 0.920000 0.100802
v -0.200000 0.840000 0.109823
v -0.194282 0.840000 0.120000
v -0.200000 0.761472 0.040000
v -0.164070 0.760000 0.120000
v -0.199289 0.760000 0.040000
v -0.120000 0.680313 0.120000
v -0.120000 0.680000 0.119871
v -0.164910 0.680000 0.040000
v -0.120000 0.620478 0.120000
v -0.127959 0.600000 0.120000
v -0.170966 0.600000 0.040000
v -0.200000 0.539286 0.040000
v -0.175813 0.520000 0.120000
v -0.200000 0.520000 0.072295
v -0.200000 0.440000 0.113097
v -0.196121 0.440000 0.120000
v -0.200000 0.360000 0.086686
v -0.182179 0.360000 0.120000
v -0.200000 0.326510 0.040000
v -0.136209 0.280000 0.120000
v -0.177154 0.280000 0.040000
v -0.120000 0.239846 0.120000
v -0.120000 0.200000 0.118539
v -0.163965 0.200000 0.040000
v -0.120000 0.194659 0.120000
v -0.156386 0.120000 0.120000
v -0.193157 0.120000 0.040000
v -0.200000 0.106452 0.040000
v -0.192158 0.040000 0.120000
v -0.200000 0.040000 0.106039
v -0.200000 -0.040000 0.106039
v -0.192158 -0.040000 0.120000
v -0.200000 -0.106039 0.040000
v -0.155176 -0.120000 0.120000
v -0.192158 -0.120000 0.040000
v -0.120000 -0.155176 0.120000
v -0.120000 -0.192158 0.040000
v -0.120000 -0.192158 -0.040000
v -0.192158 -0.120000 -0.040000
v -0.106039 -0.200000 0.040000
v -0.106039 -0.200000 -0.040000
v -0.200000 -0.106039 -0.040000
v -0.155176 -0.120000 -0.120000
v -0.192158 -0.040000 -0.120000
v -0.200000 -0.040000 -0.106039
v -0.192158 0.040000 -0.120000
v -0.200000 0.040000 -0.106039
v -0.200000 0.106452 -0.040000
v -0.156386 0.120000 -0.120000
v -0.193157 0.120000 -0.040000
v -0.120000 0.194659 -0.120000
v -0.120000 0.200000 -0.118539
v -0.163965 0.200000 -0.040000
v -0.120000 0.120000 -0.156386
v -0.118539 0.200000 -0.120000
v -0.120000 0.239846 -0.120000
v -0.120000 0.040000 -0.192158
v -0.120000 -0.040000 -0.192158
v -0.106039 -0.040000 -0.200000
v -0.106039 0.040000 -0.200000
v -0.223022 0.040000 -0.040000
v -0.223022 -0.040000 -0.040000
v -0.223022 -0.040000 0.040000
v -0.223022 0.040000 0.040000
v -0.120000 -0.120000 -0.155176
v -0.120000 -0.155176 -0.120000
v -0.120000 -0.120000 0.155176
v -0.120000 -0.040000 0.192158
v -0.120000 0.040000 0.192158
v -0.106039 0.040000 0.200000
v -0.106039 -0.040000 0.200000
v -0.120000 0.120000 0.156386
v -0.177154 0.280000 -0.040000
v -0.118539 0.200000 0.120000
v -0.200000 0.326510 -0.040000
v -0.136209 0.280000 -0.120000
v -0.182179 0.360000 -0.120000
v -0.200000 0.360000 -0.086686
v -0.196121 0.440000 -0.120000
v -0.200000 0.440000 -0.113097
v -0.175813 0.520000 -0.120000
v -0.200000 0.520000 -0.072295
v -0.200000 0.539286 -0.040000
v -0.127959 0.600000 -0.120000
v -0.170966 0.600000 -0.040000
v -0.120000 0.520000 -0.175813
v -0.120000 0.600000 -0.127959
v -0.120000 0.620478 -0.120000
v -0.209208 0.520000 -0.040000
v -0.209208 0.520000 0.040000
v -0.226549 0.440000 0.040000
v -0.226549 0.440000 -0.040000
v -0.214545 0.360000 0.040000
v -0.214545 0.360000 -0.040000
v -0.120000 0.440000 -0.196121
v -0.120000 0.360000 -0.182179
v -0.086686 0.360000 -0.200000
v -0.113097 0.440000 -0.200000
v -0.120000 0.280000 -0.136209
v -0.120000 0.280000 0.136209
v -0.120000 0.360000 0.182179
v -0.120000 0.440000 0.196121
v -0.113097 0.440000 0.200000
v -0.086686 0.360000 0.200000
v -0.120000 0.520000 0.175813
v -0.072295 0.520000 0.200000
v -0.120000 0.600000 0.127959
v -0.164910 0.680000 -0.040000
v -0.119871 0.680000 0.120000
v -0.199289 0.760000 -0.040000
v -0.120000 0.680313 -0.120000
v -0.164070 0.760000 -0.120000
v -0.120000 0.680000 -0.119871
v -0.200000 0.761472 -0.040000
v -0.194282 0.840000 -0.120000
v -0.200000 0.840000 -0.109823
v -0.189219 0.920000 -0.120000
v -0.200000 0.920000 -0.100802
v -0.200000 0.974232 -0.040000
v -0.148647 1.000000 -0.120000
v -0.186949 1.000000 -0.040000
v -0.120000 0.920000 -0.189219
v -0.120000 1.000000 -0.148647
v -0.120000 1.062349 -0.120000
v -0.220402 0.920000 -0.040000
v -0.220402 0.920000 0.040000
v -0.224914 0.840000 0.040000
v -0.224914 0.840000 -0.040000
v -0.120000 0.840000 -0.194282
v -0.120000 0.760000 -0.164070
v -0.119871 0.680000 -0.120000
v -0.120000 0.760000 0.164070
v -0.120000 0.840000 0.194282
v -0.120000 0.920000 0.189219
v -0.120000 1.000000 0.148647
v -0.163144 1.080000 -0.040000
v -0.117383 1.080000 0.120000
v -0.182784 1.160000 -0.040000
v -0.200000 1.194083 -0.040000
v -0.143462 1.160000 -0.120000
v -0.186694 1.240000 -0.120000
v -0.200000 1.240000 -0.095804
v -0.195291 1.320000 -0.120000
v -0.200000 1.320000 -0.111620
v -0.169141 1.400000 -0.120000
v -0.200000 1.400000 -0.054082
v -0.200000 1.406726 -0.040000
v -0.120000 1.477670 -0.120000
v -0.120000 1.480000 -0.118704
v -0.164081 1.480000 -0.040000
v -0.120000 1.400000 -0.169141
v -0.118704 1.480000 -0.120000
v -0.117665 1.560000 -0.120000
v -0.120000 1.560000 -0.117665
v -0.120000 1.564370 -0.120000
v -0.200000 1.635550 -0.040000
v -0.163343 1.560000 -0.040000
v -0.167757 1.640000 -0.120000
v -0.200000 1.640000 -0.049434
v -0.195049 1.720000 -0.120000
v -0.200000 1.720000 -0.111188
v -0.187435 1.800000 -0.120000
v -0.200000 1.800000 -0.097301
v -0.200000 1.847775 -0.040000
v -0.139805 1.880000 -0.120000
v -0.179853 1.880000 -0.040000
v -0.120000 1.800000 -0.187435
v -0.120000 1.880000 -0.139805
v -0.120000 1.901744 -0.120000
v -0.218893 1.800000 -0.040000
v -0.218893 1.800000 0.040000
v -0.225596 1.720000 0.040000
v -0.225596 1.720000 -0.040000
v -0.202386 1.640000 0.040000
v -0.202386 1.640000 -0.040000
v -0.120000 1.720000 -0.195049
v -0.120000 1.640000 -0.167757
v -0.049434 1.640000 -0.200000
v -0.111188 1.720000 -0.200000
v -0.203560 1.400000 -0.040000
v -0.203560 1.400000 0.040000
v -0.225812 1.320000 0.040000
v -0.225812 1.320000 -0.040000
v -0.218280 1.240000 0.040000
v -0.218280 1.240000 -0.040000
v -0.120000 1.320000 -0.195291
v -0.120000 1.240000 -0.186694
v -0.095804 1.240000 -0.200000
v -0.111620 1.320000 -0.200000
v -0.120000 1.160000 -0.143462
v -0.120000 1.105246 -0.120000
v -0.120000 1.160000 0.143462
v -0.120000 1.240000 0.186694
v -0.120000 1.320000 0.195291
v -0.111620 1.320000 0.200000
v -0.095804 1.240000 0.200000
v -0.120000 1.400000 0.169141
v -0.054082 1.400000 0.200000
v -0.117665 1.560000 0.120000
v -0.118704 1.480000 0.120000
v -0.120000 1.640000 0.167757
v -0.120000 1.720000 0.195049
v -0.111188 1.720000 0.200000
v -0.049434 1.640000 0.200000
v -0.120000 1.800000 0.187435
v -0.097301 1.800000 0.200000
v -0.120000 1.880000 0.139805
v -0.138431 1.960000 -0.040000
v -0.079784 1.960000 0.120000
v -0.158984 2.040000 -0.040000
v -0.111498 2.040000 0.120000
v -0.200000 2.102958 -0.040000
v -0.120000 2.040000 -0.111498
v -0.120000 2.048816 -0.120000
v -0.174845 2.120000 -0.120000
v -0.200000 2.120000 -0.069831
v -0.196467 2.200000 -0.120000
v -0.200000 2.200000 -0.113320
v -0.185293 2.280000 -0.120000
v -0.200000 2.280000 -0.088387
v -0.200000 2.315911 -0.040000
v -0.145484 2.360000 -0.120000
v -0.179923 2.360000 -0.040000
v -0.162749 2.280000 -0.200000
v -0.126491 2.360000 -0.200000
v -0.120000 2.369746 -0.200000
v -0.120000 2.440000 -0.129045
v -0.126822 2.440000 -0.120000
v -0.120000 2.520000 -0.163063
v -0.160130 2.520000 -0.120000
v -0.120000 2.560027 -0.200000
v -0.144978 2.600000 -0.200000
v -0.193184 2.600000 -0.120000
v -0.162938 2.680000 -0.200000
v -0.192173 2.680000 -0.120000
v -0.200000 2.600000 -0.107782
v -0.200000 2.680000 -0.104391
v -0.200000 2.744235 -0.040000
v -0.193754 2.760000 -0.040000
v -0.222029 2.680000 -0.040000
v -0.222029 2.680000 0.040000
v -0.223891 2.600000 0.040000
v -0.223891 2.600000 -0.040000
v -0.200000 2.528104 -0.040000
v -0.196160 2.520000 -0.040000
v -0.086956 2.520000 -0.200000
v -0.089584 2.520000 -0.280000
v -0.071107 2.440000 -0.200000
v -0.108892 2.440000 -0.280000
v -0.168644 2.440000 -0.040000
v -0.215193 2.280000 -0.040000
v -0.215193 2.280000 0.040000
v -0.226478 2.200000 0.040000
v -0.226478 2.200000 -0.040000
v -0.208375 2.120000 0.040000
v -0.208375 2.120000 -0.040000
v -0.160478 2.200000 -0.200000
v -0.120000 2.124951 -0.200000
v -0.120000 2.120000 -0.193475
v -0.120000 2.138976 -0.280000
v -0.115249 2.120000 -0.200000
v -0.095130 2.120000 -0.280000
v -0.111498 2.040000 -0.120000
v -0.120000 1.960000 -0.079784
v -0.079784 1.960000 -0.120000
v -0.120000 2.120000 0.174828
v -0.120000 2.200000 0.196040
v -0.112954 2.200000 0.200000
v -0.069831 2.120000 0.200000
v -0.120000 2.280000 0.182963
v -0.088269 2.280000 0.200000
v -0.120000 2.360000 0.139897
v -0.120000 2.440000 0.124861
v -0.120000 2.520000 0.160130
v -0.120000 2.600000 0.193133
v -0.120000 2.680000 0.191043
v -0.120000 2.760000 0.157115
v -0.176961 2.840000 -0.040000
v -0.193654 2.920000 -0.040000
v -0.200000 2.936033 -0.040000
v -0.221973 3.000000 -0.040000
v -0.221973 3.000000 0.040000
v -0.223932 3.080000 -0.040000
v -0.223932 3.080000 0.040000
v -0.200000 3.000000 -0.103943
v -0.200000 3.080000 -0.107860
v -0.120000 2.920000 0.156991
v -0.120000 3.000000 0.190981
v -0.120000 3.080000 0.193180
v -0.107860 3.080000 0.200000
v -0.103943 3.000000 0.200000
v -0.120000 3.200507 0.120000
v -0.120000 3.160000 0.159157
v -0.115510 3.240000 -0.040000
v -0.115510 3.240000 0.040000
v -0.107642 3.000000 -0.200000
v -0.107860 3.080000 -0.200000
v -0.169733 2.520000 -0.440000
v -0.189150 2.440000 -0.440000
v -0.200000 2.415190 -0.440000
v -0.200000 2.440000 -0.508126
v -0.209615 2.360000 -0.360000
v -0.220556 2.360000 -0.440000
v -0.219184 2.280000 -0.360000
v -0.120000 2.110000 -0.360000
v -0.120000 2.098132 -0.440000
v -0.120000 2.120000 -0.334905
v -0.120000 2.120000 -0.518795
v -0.120000 2.120583 -0.520000
v -0.188887 2.200000 -0.520000
v -0.120000 2.188047 -0.600000
v -0.131969 2.200000 -0.600000
v -0.120000 2.200000 -0.612094
v -0.120000 2.253993 -0.680000
v -0.147190 2.280000 -0.680000
v -0.184281 2.280000 -0.600000
v -0.120000 2.280000 -0.725850
v -0.119114 2.120000 -0.520000
v -0.200000 2.360000 -0.669234
v -0.200000 2.363391 -0.680000
v -0.223332 2.440000 -0.680000
v -0.200000 2.386703 -0.760000
v -0.219566 2.440000 -0.760000
v -0.200000 2.440000 -0.814802
v -0.200000 2.520000 -0.822359
v -0.223205 2.520000 -0.760000
v -0.200000 2.592869 -0.760000
v -0.189435 2.520000 -0.840000
v -0.156875 2.600000 -0.840000
v -0.196362 2.600000 -0.760000
v -0.120000 2.639324 -0.840000
v -0.120000 2.680000 -0.766851
v -0.123830 2.680000 -0.760000
v -0.120000 2.682826 -0.760000
v -0.120000 2.600000 -0.875303
v -0.200000 2.600000 -0.740224
v -0.185231 2.440000 -0.840000
v -0.120000 2.440000 -0.902830
v -0.120000 2.520000 -0.906961
v -0.120000 2.360000 -0.860131
v -0.141119 2.360000 -0.840000
v -0.086627 2.440000 -0.920000
v -0.095302 2.520000 -0.920000
v -0.184155 2.360000 -0.760000
v -0.120000 2.295804 -0.760000
v -0.120000 2.340249 -0.840000
v -0.198619 2.360000 -0.680000
v -0.225758 2.520000 -0.680000
v -0.202470 2.600000 -0.680000
v 0.120000 2.600000 -0.875303
v 0.095302 2.520000 -0.920000
v 0.120000 2.520000 -0.906961
v 0.120000 2.440000 -0.902830
v 0.086627 2.440000 -0.920000
v 0.185231 2.440000 -0.840000
v 0.189435 2.520000 -0.840000
v 0.120000 2.360000 -0.860131
v 0.141119 2.360000 -0.840000
v 0.120000 2.340249 -0.840000
v 0.120000 2.295804 -0.760000
v 0.184155 2.360000 -0.760000
v 0.120000 2.280000 -0.725850
v 0.147190 2.280000 -0.680000
v 0.198619 2.360000 -0.680000
v 0.120000 2.253993 -0.680000
v 0.120000 2.200000 -0.612094
v 0.131969 2.200000 -0.600000
v 0.184281 2.280000 -0.600000
v 0.120000 2.188047 -0.600000
v 0.200000 2.226888 -0.520000
v 0.200000 2.280000 -0.558588
v 0.188887 2.200000 -0.520000
v 0.200000 2.200000 -0.491271
v 0.209711 2.200000 -0.440000
v 0.229465 2.280000 -0.440000
v 0.213223 2.280000 -0.520000
v 0.200000 2.181143 -0.440000
v 0.200000 2.200000 -0.365164
v 0.149851 2.120000 -0.440000
v 0.133864 2.120000 -0.360000
v 0.198491 2.200000 -0.360000
v 0.200000 2.203548 -0.360000
v 0.164371 2.200000 -0.280000
v 0.182108 2.280000 -0.280000
v 0.200000 2.280000 -0.315091
v 0.160478 2.200000 -0.200000
v 0.162749 2.280000 -0.200000
v 0.126491 2.360000 -0.200000
v 0.165756 2.360000 -0.280000
v 0.120000 2.369746 -0.200000
v 0.120000 2.426784 -0.280000
v 0.145484 2.360000 -0.120000
v 0.126822 2.440000 -0.120000
v 0.120000 2.440000 -0.129045
v 0.179923 2.360000 -0.040000
v 0.168644 2.440000 -0.040000
v 0.179923 2.360000 0.040000
v 0.168644 2.440000 0.040000
v 0.196160 2.520000 0.040000
v 0.196160 2.520000 -0.040000
v 0.200000 2.528104 0.040000
v 0.200000 2.528104 -0.040000
v 0.200000 2.600000 -0.107782
v 0.193184 2.600000 -0.120000
v 0.160130 2.520000 -0.120000
v 0.200000 2.680000 -0.104391
v 0.192173 2.680000 -0.120000
v 0.120000 2.560027 -0.200000
v 0.120000 2.520000 -0.163063
v 0.144978 2.600000 -0.200000
v 0.136053 2.600000 -0.280000
v 0.120000 2.576236 -0.280000
v 0.162938 2.680000 -0.200000
v 0.174791 2.680000 -0.280000
v 0.145349 2.760000 -0.200000
v 0.178283 2.760000 -0.280000
v 0.120000 2.814469 -0.200000
v 0.120000 2.840000 -0.242307
v 0.147483 2.840000 -0.280000
v 0.120000 2.877898 -0.280000
v 0.108334 2.840000 -0.200000
v 0.090837 2.920000 -0.200000
v 0.077680 2.920000 -0.280000
v 0.120000 2.920000 -0.344366
v 0.120000 2.840000 -0.156825
v 0.120000 2.920000 -0.164769
v 0.120000 3.000000 -0.192078
v 0.107642 3.000000 -0.200000
v 0.120000 3.080000 -0.193180
v 0.107860 3.080000 -0.200000
v 0.190981 3.000000 -0.120000
v 0.193180 3.080000 -0.120000
v 0.200000 3.000000 -0.103943
v 0.200000 3.080000 -0.107860
v 0.200000 3.151279 -0.040000
v 0.195345 3.160000 -0.040000
v 0.159157 3.160000 -0.120000
v 0.200000 3.151279 0.040000
v 0.195345 3.160000 0.040000
v 0.120000 3.237399 0.040000
v 0.120000 3.237399 -0.040000
v 0.115510 3.240000 0.040000
v 0.115510 3.240000 -0.040000
v 0.223932 3.080000 -0.040000
v 0.223932 3.080000 0.040000
v 0.221973 3.000000 0.040000
v 0.221973 3.000000 -0.040000
v 0.200000 2.936033 0.040000
v 0.200000 2.936033 -0.040000
v 0.200000 3.000000 0.103943
v 0.193654 2.920000 -0.040000
v 0.193654 2.920000 0.040000
v 0.176961 2.840000 0.040000
v 0.176961 2.840000 -0.040000
v 0.193754 2.760000 0.040000
v 0.193754 2.760000 -0.040000
v 0.200000 2.744235 0.040000
v 0.200000 2.744235 -0.040000
v 0.222029 2.680000 -0.040000
v 0.222029 2.680000 0.040000
v 0.223891 2.600000 0.040000
v 0.223891 2.600000 -0.040000
v 0.200000 2.600000 0.107776
v 0.200000 2.680000 0.104053
v 0.139914 2.840000 -0.120000
v 0.161938 2.760000 -0.120000
v 0.157115 2.760000 0.120000
v 0.135951 2.840000 0.120000
v 0.120000 2.760000 0.157115
v 0.120000 2.840000 0.135951
v 0.120000 2.920000 0.156991
v 0.156991 2.920000 0.120000
v 0.120000 3.000000 0.190981
v 0.190981 3.000000 0.120000
v 0.120000 3.080000 0.193180
v 0.193180 3.080000 0.120000
v 0.120000 3.160000 0.159157
v 0.159157 3.160000 0.120000
v 0.120000 3.200507 0.120000
v 0.200000 3.080000 0.107860
v 0.103943 3.000000 0.200000
v 0.107860 3.080000 0.200000
v 0.120000 2.680000 0.191043
v 0.191043 2.680000 0.120000
v 0.120000 2.600000 0.193133
v 0.193133 2.600000 0.120000
v 0.120000 2.520000 0.160130
v 0.160130 2.520000 0.120000
v 0.120000 2.440000 0.124861
v 0.124861 2.440000 0.120000
v 0.120000 2.360000 0.139897
v 0.139897 2.360000 0.120000
v 0.120000 2.280000 0.182963
v 0.182963 2.280000 0.120000
v 0.120000 2.200000 0.196040
v 0.196040 2.200000 0.120000
v 0.120000 2.120000 0.174828
v 0.174828 2.120000 0.120000
v 0.120000 2.048816 0.120000
v 0.200000 2.120000 0.069831
v 0.200000 2.200000 0.112954
v 0.226478 2.200000 0.040000
v 0.208375 2.120000 0.040000
v 0.200000 2.280000 0.088269
v 0.215193 2.280000 0.040000
v 0.200000 2.315911 0.040000
v 0.200000 2.315911 -0.040000
v 0.215193 2.280000 -0.040000
v 0.200000 2.280000 -0.088387
v 0.226478 2.200000 -0.040000
v 0.200000 2.102958 0.040000
v 0.208375 2.120000 -0.040000
v 0.200000 2.102958 -0.040000
v 0.200000 2.120000 -0.069831
v 0.200000 2.200000 -0.113320
v 0.196467 2.200000 -0.120000
v 0.174845 2.120000 -0.120000
v 0.185293 2.280000 -0.120000
v 0.120000 2.124951 -0.200000
v 0.120000 2.120000 -0.193475
v 0.115249 2.120000 -0.200000
v 0.120000 2.138976 -0.280000
v 0.095130 2.120000 -0.280000
v 0.120000 2.120000 -0.334905
v 0.158984 2.040000 -0.040000
v 0.158984 2.040000 0.040000
v 0.138431 1.960000 0.040000
v 0.138431 1.960000 -0.040000
v 0.179853 1.880000 0.040000
v 0.179853 1.880000 -0.040000
v 0.200000 1.847775 0.040000
v 0.200000 1.847775 -0.040000
v 0.218893 1.800000 -0.040000
v 0.218893 1.800000 0.040000
v 0.225596 1.720000 0.040000
v 0.225596 1.720000 -0.040000
v 0.202386 1.640000 0.040000
v 0.202386 1.640000 -0.040000
v 0.200000 1.635550 0.040000
v 0.200000 1.635550 -0.040000
v 0.200000 1.640000 -0.049434
v 0.200000 1.640000 0.049434
v 0.163343 1.560000 -0.040000
v 0.163343 1.560000 0.040000
v 0.164081 1.480000 0.040000
v 0.164081 1.480000 -0.040000
v 0.200000 1.406726 0.040000
v 0.200000 1.406726 -0.040000
v 0.203560 1.400000 -0.040000
v 0.203560 1.400000 0.040000
v 0.225812 1.320000 0.040000
v 0.225812 1.320000 -0.040000
v 0.218280 1.240000 0.040000
v 0.218280 1.240000 -0.040000
v 0.200000 1.194083 0.040000
v 0.200000 1.194083 -0.040000
v 0.200000 1.240000 -0.095804
v 0.200000 1.240000 0.095804
v 0.182784 1.160000 -0.040000
v 0.182784 1.160000 0.040000
v 0.163144 1.080000 0.040000
v 0.163144 1.080000 -0.040000
v 0.186949 1.000000 0.040000
v 0.186949 1.000000 -0.040000
v 0.200000 0.974232 0.040000
v 0.200000 0.974232 -0.040000
v 0.220402 0.920000 -0.040000
v 0.220402 0.920000 0.040000
v 0.224914 0.840000 0.040000
v 0.224914 0.840000 -0.040000
v 0.200000 0.761472 0.040000
v 0.200000 0.761472 -0.040000
v 0.200000 0.840000 -0.109823
v 0.194282 0.840000 -0.120000
v 0.164070 0.760000 -0.120000
v 0.199289 0.760000 -0.040000
v 0.200000 0.920000 -0.100802
v 0.189219 0.920000 -0.120000
v 0.120000 0.760000 -0.164070
v 0.120000 0.840000 -0.194282
v 0.200000 0.840000 0.109823
v 0.199289 0.760000 0.040000
v 0.164070 0.760000 0.120000
v 0.194282 0.840000 0.120000
v 0.120000 0.760000 0.164070
v 0.120000 0.840000 0.194282
v 0.120000 0.920000 0.189219
v 0.189219 0.920000 0.120000
v 0.120000 1.000000 0.148647
v 0.148647 1.000000 0.120000
v 0.120000 1.062349 0.120000
v 0.109823 0.840000 0.200000
v 0.100802 0.920000 0.200000
v 0.120000 0.680313 0.120000
v 0.164910 0.680000 0.040000
v 0.164910 0.680000 -0.040000
v 0.170966 0.600000 0.040000
v 0.170966 0.600000 -0.040000
v 0.200000 0.539286 0.040000
v 0.200000 0.539286 -0.040000
v 0.209208 0.520000 -0.040000
v 0.209208 0.520000 0.040000
v 0.226549 0.440000 0.040000
v 0.226549 0.440000 -0.040000
v 0.214545 0.360000 0.040000
v 0.214545 0.360000 -0.040000
v 0.200000 0.326510 0.040000
v 0.200000 0.326510 -0.040000
v 0.200000 0.360000 -0.086686
v 0.200000 0.360000 0.086686
v 0.177154 0.280000 -0.040000
v 0.177154 0.280000 0.040000
v 0.163965 0.200000 0.040000
v 0.163965 0.200000 -0.040000
v 0.193157 0.120000 0.040000
v 0.193157 0.120000 -0.040000
v 0.200000 0.106452 0.040000
v 0.200000 0.106452 -0.040000
v 0.156386 0.120000 -0.120000
v 0.192158 0.040000 -0.120000
v 0.200000 0.040000 -0.106039
v 0.200000 -0.040000 -0.106039
v 0.192158 -0.040000 -0.120000
v 0.120000 -0.040000 -0.192158
v 0.120000 0.040000 -0.192158
v 0.106039 0.040000 -0.200000
v 0.106039 -0.040000 -0.200000
v 0.223022 -0.040000 -0.040000
v 0.223022 0.040000 -0.040000
v 0.200000 -0.106039 -0.040000
v 0.200000 -0.106039 0.040000
v 0.223022 -0.040000 0.040000
v 0.200000 -0.040000 0.106039
v 0.200000 0.040000 0.106039
v 0.223022 0.040000 0.040000
v 0.192158 -0.040000 0.120000
v 0.192158 0.040000 0.120000
v 0.120000 -0.040000 0.192158
v 0.120000 0.040000 0.192158
v 0.120000 0.120000 0.156386
v 0.156386 0.120000 0.120000
v 0.120000 0.194659 0.120000
v 0.120000 -0.120000 0.155176
v 0.155176 -0.120000 0.120000
v 0.120000 -0.155176 0.120000
v 0.192158 -0.120000 0.040000
v 0.120000 -0.192158 0.040000
v 0.192158 -0.120000 -0.040000
v 0.120000 -0.192158 -0.040000
v 0.155176 -0.120000 -0.120000
v 0.120000 -0.155176 -0.120000
v 0.120000 -0.120000 -0.155176
v 0.106039 -0.200000 -0.040000
v 0.106039 -0.200000 0.040000
v 0.106039 -0.040000 0.200000
v 0.106039 0.040000 0.200000
v 0.120000 0.239846 -0.120000
v 0.120000 0.200000 -0.118539
v 0.136209 0.280000 -0.120000
v 0.120000 0.280000 -0.136209
v 0.118539 0.200000 -0.120000
v 0.120000 0.194659 -0.120000
v 0.120000 0.239846 0.120000
v 0.136209 0.280000 0.120000
v 0.120000 0.200000 0.118539
v 0.120000 0.280000 0.136209
v 0.120000 0.360000 0.182179
v 0.182179 0.360000 0.120000
v 0.120000 0.440000 0.196121
v 0.196121 0.440000 0.120000
v 0.120000 0.520000 0.175813
v 0.175813 0.520000 0.120000
v 0.120000 0.600000 0.127959
v 0.127959 0.600000 0.120000
v 0.120000 0.620478 0.120000
v 0.113097 0.440000 0.200000
v 0.072295 0.520000 0.200000
v 0.200000 0.440000 0.113097
v 0.086686 0.360000 0.200000
v 0.118539 0.200000 0.120000
v 0.200000 0.440000 -0.113097
v 0.196121 0.440000 -0.120000
v 0.182179 0.360000 -0.120000
v 0.200000 0.520000 -0.072295
v 0.175813 0.520000 -0.120000
v 0.120000 0.360000 -0.182179
v 0.120000 0.440000 -0.196121
v 0.113097 0.440000 -0.200000
v 0.086686 0.360000 -0.200000
v 0.120000 0.520000 -0.175813
v 0.072295 0.520000 -0.200000
v 0.200000 0.520000 0.072295
v 0.120000 0.620478 -0.120000
v 0.127959 0.600000 -0.120000
v 0.120000 0.680000 -0.119871
v 0.120000 0.600000 -0.127959
v 0.119871 0.680000 -0.120000
v 0.120000 0.680313 -0.120000
v 0.120000 0.680000 0.119871
v 0.119871 0.680000 0.120000
v 0.200000 0.920000 0.100802
v 0.120000 1.062349 -0.120000
v 0.148647 1.000000 -0.120000
v 0.120000 1.080000 -0.117383
v 0.120000 1.000000 -0.148647
v 0.117383 1.080000 -0.120000
v 0.120000 1.105246 -0.120000
v 0.120000 1.080000 0.117383
v 0.117383 1.080000 0.120000
v 0.120000 1.105246 0.120000
v 0.143462 1.160000 -0.120000
v 0.120000 1.160000 -0.143462
v 0.143462 1.160000 0.120000
v 0.120000 1.160000 0.143462
v 0.120000 1.240000 0.186694
v 0.186694 1.240000 0.120000
v 0.120000 1.320000 0.195291
v 0.195291 1.320000 0.120000
v 0.120000 1.400000 0.169141
v 0.169141 1.400000 0.120000
v 0.120000 1.477670 0.120000
v 0.111620 1.320000 0.200000
v 0.054082 1.400000 0.200000
v 0.200000 1.320000 0.111620
v 0.095804 1.240000 0.200000
v 0.200000 1.320000 -0.111620
v 0.195291 1.320000 -0.120000
v 0.186694 1.240000 -0.120000
v 0.200000 1.400000 -0.054082
v 0.169141 1.400000 -0.120000
v 0.120000 1.240000 -0.186694
v 0.120000 1.320000 -0.195291
v 0.111620 1.320000 -0.200000
v 0.095804 1.240000 -0.200000
v 0.120000 1.400000 -0.169141
v 0.054082 1.400000 -0.200000
v 0.200000 1.400000 0.054082
v 0.120000 1.480000 -0.118704
v 0.120000 1.560000 -0.117665
v 0.117665 1.560000 -0.120000
v 0.118704 1.480000 -0.120000
v 0.120000 1.564370 -0.120000
v 0.120000 1.477670 -0.120000
v 0.120000 1.480000 0.118704
v 0.120000 1.560000 0.117665
v 0.118704 1.480000 0.120000
v 0.117665 1.560000 0.120000
v 0.120000 1.564370 0.120000
v 0.200000 1.720000 -0.111188
v 0.195049 1.720000 -0.120000
v 0.167757 1.640000 -0.120000
v 0.200000 1.800000 -0.097301
v 0.187435 1.800000 -0.120000
v 0.120000 1.640000 -0.167757
v 0.120000 1.720000 -0.195049
v 0.111188 1.720000 -0.200000
v 0.049434 1.640000 -0.200000
v 0.120000 1.800000 -0.187435
v 0.097301 1.800000 -0.200000
v 0.200000 1.720000 0.111188
v 0.167757 1.640000 0.120000
v 0.195049 1.720000 0.120000
v 0.120000 1.640000 0.167757
v 0.120000 1.720000 0.195049
v 0.120000 1.800000 0.187435
v 0.187435 1.800000 0.120000
v 0.120000 1.880000 0.139805
v 0.139805 1.880000 0.120000
v 0.120000 1.901744 0.120000
v 0.111188 1.720000 0.200000
v 0.097301 1.800000 0.200000
v 0.049434 1.640000 0.200000
v 0.200000 1.800000 0.097301
v 0.120000 1.901744 -0.120000
v 0.139805 1.880000 -0.120000
v 0.120000 1.960000 -0.079784
v 0.120000 1.880000 -0.139805
v 0.079784 1.960000 -0.120000
v 0.120000 2.040000 -0.111498
v 0.111498 2.040000 -0.120000
v 0.120000 2.048816 -0.120000
v 0.120000 1.960000 0.079784
v 0.079784 1.960000 0.120000
v 0.111498 2.040000 0.120000
v 0.120000 2.040000 0.111498
v 0.069831 2.120000 0.200000
v 0.112954 2.200000 0.200000
v 0.088269 2.280000 0.200000
v 0.107776 2.600000 0.200000
v 0.104053 2.680000 0.200000
v 0.157059 2.920000 -0.120000
v 0.200000 2.680000 -0.333691
v 0.200000 2.760000 -0.316146
v 0.218950 2.760000 -0.360000
v 0.210643 2.680000 -0.360000
v 0.200000 2.832972 -0.360000
v 0.200000 2.840000 -0.370651
v 0.208167 2.840000 -0.440000
v 0.229234 2.760000 -0.440000
v 0.200000 2.855378 -0.440000
v 0.200000 2.840000 -0.486049
v 0.196889 2.840000 -0.360000
v 0.129340 2.920000 -0.360000
v 0.145870 2.920000 -0.440000
v 0.120000 2.926624 -0.360000
v 0.120000 2.938490 -0.440000
v 0.120000 2.920000 -0.511690
v 0.200000 2.652276 -0.360000
v 0.221019 2.680000 -0.440000
v 0.200000 2.627251 -0.440000
v 0.207629 2.680000 -0.520000
v 0.200000 2.633465 -0.520000
v 0.200000 2.680000 -0.549251
v 0.210370 2.760000 -0.520000
v 0.200000 2.760000 -0.541145
v 0.200000 2.808938 -0.520000
v 0.187282 2.600000 -0.440000
v 0.170150 2.600000 -0.360000
v 0.141732 2.520000 -0.360000
v 0.169733 2.520000 -0.440000
v 0.168138 2.440000 -0.360000
v 0.189150 2.440000 -0.440000
v 0.200000 2.384472 -0.360000
v 0.200000 2.415190 -0.440000
v 0.220556 2.360000 -0.440000
v 0.209615 2.360000 -0.360000
v 0.219184 2.280000 -0.360000
v 0.200000 2.360000 -0.336109
v 0.200000 2.440000 -0.508126
v 0.201896 2.440000 -0.520000
v 0.215975 2.360000 -0.520000
v 0.200000 2.447394 -0.520000
v 0.200000 2.520000 -0.575887
v 0.206268 2.520000 -0.600000
v 0.213940 2.440000 -0.600000
v 0.200000 2.584977 -0.600000
v 0.200000 2.600000 -0.624161
v 0.202470 2.600000 -0.680000
v 0.225758 2.520000 -0.680000
v 0.200000 2.605414 -0.680000
v 0.200000 2.600000 -0.740224
v 0.198642 2.600000 -0.600000
v 0.187776 2.520000 -0.520000
v 0.208364 2.360000 -0.600000
v 0.200000 2.324664 -0.600000
v 0.200000 2.360000 -0.669234
v 0.200000 2.363391 -0.680000
v 0.223332 2.440000 -0.680000
v 0.219566 2.440000 -0.760000
v 0.200000 2.386703 -0.760000
v 0.223205 2.520000 -0.760000
v 0.200000 2.440000 -0.814802
v 0.200000 2.520000 -0.822359
v 0.200000 2.592869 -0.760000
v 0.120000 2.440000 -0.290791
v 0.120000 2.520000 -0.324615
v 0.108892 2.440000 -0.280000
v 0.089584 2.520000 -0.280000
v 0.071107 2.440000 -0.200000
v 0.086956 2.520000 -0.200000
v 0.193512 2.600000 -0.520000
v 0.120000 2.110000 -0.360000
v 0.120000 2.098132 -0.440000
v 0.120000 2.120000 -0.518795
v 0.093075 2.280000 -0.760000
v -0.093075 2.280000 -0.760000
v 0.119114 2.120000 -0.520000
v -0.097301 1.800000 -0.200000
v -0.054082 1.400000 -0.200000
v -0.117383 1.080000 -0.120000
v -0.120000 1.080000 -0.117383
v 0.100802 0.920000 -0.200000
v -0.100802 0.920000 -0.200000
v -0.109823 0.840000 -0.200000
v 0.109823 0.840000 -0.200000
v 0.120000 0.920000 -0.189219
v -0.072295 0.520000 -0.200000
v 0.120000 0.120000 -0.156386
v -0.109823 0.840000 0.200000
v -0.100802 0.920000 0.200000
v -0.107776 2.600000 0.200000
v -0.104053 2.680000 0.200000
v -0.120000 2.840000 0.135951
v 0.120000 3.200507 -0.120000
v 0.120000 3.160000 -0.159157
v 0.113892 2.920000 -0.520000
v 0.120000 2.840000 -0.598692
v 0.120000 2.916070 -0.520000
v 0.187160 2.840000 -0.520000
v 0.120000 2.120583 -0.520000
vn 0.5026 0.6781 -0.5362
vn 0.7171 0.4578 -0.5255
vn 0.8103 0.5098 -0.2890
vn 0.6968 0.6455 -0.3127
vn 0.5088 0.7636 -0.3976
vn 0.5344 0.7460 -0.3973
vn 0.6211 0.6087 -0.4938
vn 0.7992 0.5109 -0.3168
vn 0.9281 0.2397 -0.2850
vn 0.7871 0.3371 -0.5166
vn 0.5589 0.5314 -0.6366
vn 0.5800 0.4347 -0.6889
vn 0.1842 0.6394 -0.7465
vn 0.4028 0.6580 -0.6362
vn 0.4016 0.5719 -0.7153
vn 0.1753 0.5711 -0.8020
vn 0.1984 0.6440 -0.7389
vn -0.1984 0.6440 -0.7389
vn -0.1753 0.5711 -0.8020
vn 0.1953 0.7683 -0.6095
vn -0.1953 0.7683 -0.6095
vn -0.1723 0.9122 -0.3718
vn 0.1742 0.9124 -0.3705
vn -0.1802 0.9823 -0.0520
vn 0.1820 0.9818 -0.0543
vn -0.1977 0.9649 0.1726
vn 0.1928 0.9669 0.1670
vn -0.3647 0.8951 -0.2564
vn 0.3959 0.8684 -0.2987
vn 0.2014 0.3855 -0.9004
vn -0.3136 0.2572 -0.9141
vn 0.1786 0.1967 -0.9640
vn -0.1786 0.1967 -0.9640
vn -0.2085 0.4032 -0.8910
vn 0.1849 0.3951 -0.8998
vn 0.1737 0.5729 -0.8010
vn -0.1877 0.5627 -0.8051
vn -0.1804 0.7959 -0.5780
vn 0.1891 0.7875 -0.5866
vn 0.2116 0.8762 -0.4331
vn -0.1893 0.8925 -0.4094
vn -0.1731 0.9696 -0.1731
vn 0.1731 0.9696 -0.1731
vn -0.1731 0.9696 0.1731
vn 0.1731 0.9696 0.1731
vn 0.2116 0.8762 0.4331
vn -0.1856 0.8860 0.4250
vn -0.1738 0.7829 0.5974
vn 0.1890 0.7876 0.5865
vn 0.1804 0.5552 0.8119
vn -0.1804 0.5552 0.8119
vn -0.1885 0.3816 0.9049
vn 0.1885 0.3816 0.9049
vn 0.1631 0.1456 0.9758
vn -0.1631 0.1456 0.9758
vn -0.1611 -0.1711 0.9720
vn 0.1611 -0.1711 0.9720
vn -0.1882 -0.3510 0.9173
vn 0.1882 -0.3510 0.9173
vn 0.2117 -0.2893 0.9336
vn -0.2117 -0.2893 0.9336
vn -0.2304 0.0006 0.9731
vn 0.2304 0.0006 0.9731
vn -0.2099 0.2950 0.9321
vn 0.2099 0.2950 0.9321
vn -0.1870 0.3536 0.9165
vn 0.1870 0.3536 0.9165
vn 0.1612 0.1703 0.9721
vn -0.1612 0.1703 0.9721
vn -0.1632 -0.1447 0.9759
vn 0.1632 -0.1447 0.9759
vn -0.1861 -0.3729 0.9090
vn 0.1861 -0.3729 0.9090
vn 0.2043 -0.3803 0.9020
vn -0.2043 -0.3803 0.9020
vn -0.2406 -0.1021 0.9652
vn 0.2406 -0.1021 0.9652
vn -0.2218 0.2946 0.9295
vn 0.2218 0.2946 0.9295
vn -0.1802 0.4162 0.8912
vn 0.1802 0.4162 0.8912
vn 0.1522 0.2570 0.9544
vn -0.1522 0.2570 0.9544
vn -0.1608 -0.0392 0.9862
vn 0.1608 -0.0392 0.9862
vn -0.1421 -0.3223 0.9359
vn 0.1421 -0.3223 0.9359
vn -0.1690 -0.5069 0.8453
vn 0.1690 -0.5069 0.8453
vn 0.2317 -0.3934 0.8897
vn -0.2317 -0.3934 0.8897
vn -0.2586 0.1087 0.9598
vn 0.2586 0.1087 0.9598
vn -0.2144 0.4864 0.8470
vn 0.2144 0.4864 0.8470
vn -0.1865 0.4539 0.8713
vn 0.1865 0.4539 0.8713
vn 0.1567 0.2196 0.9629
vn -0.1567 0.2196 0.9629
vn -0.1624 -0.0966 0.9820
vn 0.1624 -0.0966 0.9820
vn -0.1362 -0.3697 0.9191
vn 0.1362 -0.3697 0.9191
vn -0.1654 -0.4663 0.8690
vn 0.1654 -0.4663 0.8690
vn 0.2573 -0.2180 0.9414
vn -0.2573 -0.2180 0.9414
vn -0.2558 0.2294 0.9391
vn 0.2558 0.2294 0.9391
vn -0.1652 0.4668 0.8688
vn 0.1652 0.4668 0.8688
vn 0.1357 0.3610 0.9226
vn -0.1357 0.3610 0.9226
vn -0.1616 0.0856 0.9831
vn 0.1616 0.0856 0.9831
vn -0.1561 -0.2255 0.9617
vn 0.1561 -0.2255 0.9617
vn -0.1850 -0.4176 0.8896
vn 0.1850 -0.4176 0.8896
vn 0.2275 -0.3568 0.9061
vn -0.2275 -0.3568 0.9061
vn -0.2713 0.0084 0.9625
vn 0.2713 0.0084 0.9625
vn -0.2202 0.3731 0.9013
vn 0.2202 0.3731 0.9013
vn -0.1865 0.4073 0.8941
vn 0.1865 0.4073 0.8941
vn 0.1585 0.1992 0.9671
vn -0.1585 0.1992 0.9671
vn -0.1640 -0.1232 0.9787
vn 0.1640 -0.1232 0.9787
vn -0.1838 -0.3685 0.9113
vn 0.1838 -0.3685 0.9113
vn 0.1981 -0.4175 0.8868
vn -0.1981 -0.4175 0.8868
vn -0.2515 -0.1871 0.9496
vn 0.2515 -0.1871 0.9496
vn -0.2386 0.2763 0.9310
vn 0.2386 0.2763 0.9310
vn -0.1728 0.4508 0.8757
vn 0.1728 0.4508 0.8757
vn 0.1434 0.3127 0.9390
vn -0.1434 0.3127 0.9390
vn -0.1607 0.0307 0.9865
vn 0.1607 0.0307 0.9865
vn -0.1511 -0.2655 0.9522
vn 0.1511 -0.2655 0.9522
vn -0.1809 -0.4301 0.8844
vn 0.1809 -0.4301 0.8844
vn 0.2405 -0.3183 0.9170
vn -0.2405 -0.3183 0.9170
vn -0.2690 0.0861 0.9593
vn 0.2690 0.0861 0.9593
vn -0.2115 0.3901 0.8962
vn 0.2115 0.3901 0.8962
vn -0.1885 0.3847 0.9036
vn 0.1885 0.3847 0.9036
vn 0.1622 0.1612 0.9735
vn -0.1622 0.1612 0.9735
vn -0.1621 -0.1621 0.9734
vn 0.1621 -0.1621 0.9734
vn -0.1858 -0.4108 0.8926
vn 0.1858 -0.4108 0.8926
vn 0.1755 -0.5867 0.7906
vn -0.1755 -0.5867 0.7906
vn -0.1815 -0.7984 0.5741
vn 0.1886 -0.7942 0.5777
vn 0.2058 -0.8847 0.4182
vn -0.1872 -0.8958 0.4031
vn -0.1621 -0.9734 0.1621
vn 0.1621 -0.9734 0.1621
vn 0.1621 -0.9734 -0.1621
vn -0.1621 -0.9734 -0.1621
vn 0.2058 -0.8847 -0.4182
vn -0.2058 -0.8847 -0.4182
vn -0.1882 -0.7945 -0.5774
vn 0.1882 -0.7945 -0.5774
vn 0.1826 -0.5718 -0.7998
vn -0.1815 -0.5741 -0.7984
vn -0.1872 -0.4031 -0.8958
vn 0.1893 -0.4008 -0.8964
vn 0.1621 -0.1621 -0.9734
vn -0.1621 -0.1621 -0.9734
vn 0.1622 0.1612 -0.9735
vn -0.1622 0.1612 -0.9735
vn -0.2022 0.4004 -0.8938
vn 0.1866 0.3910 -0.9013
vn 0.2083 0.3998 -0.8926
vn -0.2161 0.3974 -0.8919
vn 0.2649 0.0892 -0.9601
vn -0.2618 0.1171 -0.9580
vn 0.2206 -0.3145 -0.9233
vn -0.2294 -0.3239 -0.9179
vn -0.1758 -0.4322 -0.8845
vn 0.1796 -0.4340 -0.8828
vn 0.1511 -0.2655 -0.9522
vn -0.1511 -0.2655 -0.9522
vn 0.1607 0.0307 -0.9865
vn -0.1607 0.0307 -0.9865
vn 0.1434 0.3127 -0.9390
vn -0.1434 0.3127 -0.9390
vn -0.1616 0.4386 -0.8840
vn 0.1737 0.4444 -0.8788
vn 0.2511 0.2597 -0.9325
vn -0.2395 0.2899 -0.9266
vn 0.2458 -0.1796 -0.9525
vn -0.2645 -0.1624 -0.9506
vn 0.1937 -0.3873 -0.9014
vn -0.2017 -0.3994 -0.8943
vn -0.1847 -0.3544 -0.9167
vn 0.1864 -0.3512 -0.9176
vn 0.1640 -0.1232 -0.9787
vn -0.1640 -0.1232 -0.9787
vn 0.1585 0.1992 -0.9671
vn -0.1585 0.1992 -0.9671
vn -0.1904 0.4143 -0.8900
vn 0.1865 0.4072 -0.8941
vn 0.2207 0.3721 -0.9016
vn -0.2215 0.3815 -0.8975
vn 0.2622 0.0175 -0.9648
vn -0.2693 0.0437 -0.9621
vn 0.2137 -0.3489 -0.9125
vn -0.2230 -0.3588 -0.9064
vn -0.1806 -0.4208 -0.8890
vn 0.1842 -0.4198 -0.8888
vn 0.1561 -0.2255 -0.9617
vn -0.1561 -0.2255 -0.9617
vn 0.1616 0.0856 -0.9831
vn -0.1616 0.0856 -0.9831
vn 0.1357 0.3610 -0.9226
vn -0.1357 0.3610 -0.9226
vn -0.1652 0.4668 -0.8688
vn 0.1652 0.4668 -0.8688
vn 0.2558 0.2294 -0.9391
vn -0.2558 0.2294 -0.9391
vn 0.2573 -0.2180 -0.9414
vn -0.2573 -0.2180 -0.9414
vn -0.1654 -0.4663 -0.8690
vn 0.1654 -0.4663 -0.8690
vn 0.1362 -0.3697 -0.9191
vn -0.1362 -0.3697 -0.9191
vn 0.1624 -0.0966 -0.9820
vn -0.1624 -0.0966 -0.9820
vn 0.1567 0.2196 -0.9629
vn -0.1567 0.2196 -0.9629
vn -0.1908 0.4590 -0.8677
vn 0.1856 0.4550 -0.8709
vn 0.2119 0.4895 -0.8459
vn -0.2178 0.4952 -0.8410
vn 0.2376 0.1195 -0.9640
vn -0.2534 0.1111 -0.9610
vn 0.2316 -0.5109 -0.8278
vn -0.2316 -0.5109 -0.8278
vn -0.2335 -0.8510 -0.4704
vn 0.2335 -0.8510 -0.4704
vn 0.2284 -0.9735 0.0105
vn -0.2284 -0.9735 0.0105
vn 0.1836 -0.9673 0.1748
vn -0.1836 -0.9673 0.1748
vn 0.1831 -0.9816 -0.0536
vn -0.1830 -0.9816 -0.0537
vn 0.1812 -0.9097 -0.3736
vn -0.1763 -0.9089 -0.3779
vn 0.1951 -0.7749 -0.6012
vn -0.1951 -0.7749 -0.6012
vn -0.1995 -0.7296 -0.6541
vn 0.1995 -0.7296 -0.6541
vn 0.1896 -0.7578 -0.6243
vn -0.1896 -0.7578 -0.6243
vn -0.1872 -0.8162 -0.5466
vn 0.1911 -0.8151 -0.5470
vn 0.1514 -0.8711 -0.4672
vn -0.1727 -0.8737 -0.4547
vn 0.1854 -0.8658 -0.4648
vn -0.1854 -0.8658 -0.4648
vn -0.1818 -0.7904 -0.5851
vn 0.1818 -0.7904 -0.5851
vn 0.1844 -0.5854 -0.7895
vn -0.1832 -0.5868 -0.7887
vn -0.1813 -0.4131 -0.8925
vn 0.1833 -0.4120 -0.8926
vn 0.1441 -0.1773 -0.9735
vn -0.1441 -0.1773 -0.9735
vn 0.1482 0.1150 -0.9822
vn -0.1482 0.1150 -0.9822
vn -0.2020 0.3672 -0.9079
vn 0.1840 0.3608 -0.9143
vn 0.1742 0.5470 -0.8188
vn -0.1860 0.5370 -0.8228
vn -0.1794 0.7700 -0.6124
vn 0.1794 0.7700 -0.6124
vn 0.1925 0.8574 -0.4773
vn -0.1925 0.8574 -0.4773
vn -0.1949 0.8493 -0.4906
vn 0.1933 0.8431 -0.5018
vn 0.1428 0.7727 -0.6185
vn -0.1864 0.7558 -0.6277
vn -0.1842 0.6394 -0.7465
vn -0.4034 0.5415 -0.7376
vn -0.5800 0.4347 -0.6889
vn -0.6167 0.4587 -0.6397
vn -0.4016 0.5719 -0.7153
vn -0.6206 0.6050 -0.4988
vn -0.7868 0.3027 -0.5379
vn -0.9304 0.2276 -0.2873
vn -0.8163 0.5068 -0.2771
vn -0.8919 0.4436 -0.0882
vn -0.9939 0.1098 -0.0059
vn -0.9548 0.2933 0.0484
vn -0.9903 0.0703 0.1195
vn -0.9922 -0.1107 0.0565
vn -0.9832 0.0574 0.1730
vn -0.9635 0.1333 0.2323
vn -0.9695 0.1735 0.1730
vn -0.9801 0.1727 0.0979
vn -0.9957 0.0023 0.0930
vn -0.9735 0.1184 0.1956
vn -0.9963 0.0622 -0.0591
vn -0.9914 -0.1150 -0.0617
vn -0.9342 -0.2736 -0.2289
vn -0.9660 -0.1478 -0.2120
vn -0.9060 -0.2692 -0.3265
vn -0.8843 -0.3237 -0.3365
vn -0.9965 -0.0815 -0.0164
vn -0.9382 -0.3448 -0.0294
vn -0.8692 -0.4336 -0.2377
vn -0.8228 -0.5667 -0.0430
vn -0.8829 -0.4417 0.1592
vn -0.8253 -0.4944 0.2729
vn -0.6716 -0.7099 0.2122
vn -0.6972 -0.7144 -0.0599
vn -0.9170 -0.2864 0.2775
vn -0.9023 -0.0443 0.4289
vn -0.9335 0.0248 0.3578
vn -0.8985 -0.3785 0.2224
vn -0.8499 0.2905 0.4396
vn -0.8258 0.3732 0.4228
vn -0.8540 0.4198 0.3073
vn -0.8456 0.3583 0.3958
vn -0.7487 0.3472 0.5647
vn -0.7332 0.5035 0.4571
vn -0.9105 -0.0221 0.4128
vn -0.8399 -0.0603 0.5393
vn -0.8476 -0.4982 0.1828
vn -0.8671 -0.3943 0.3045
vn -0.8663 -0.4733 0.1598
vn -0.8776 -0.4057 0.2555
vn -0.8831 -0.2321 0.4077
vn -0.9340 -0.1901 0.3025
vn -0.8876 0.0985 0.4500
vn -0.8938 0.1721 0.4140
vn -0.8983 0.2958 0.3248
vn -0.8020 0.4928 0.3375
vn -0.7611 0.4685 0.4486
vn -0.7767 0.5320 0.3372
vn -0.6605 0.7050 0.2582
vn -0.5972 0.7097 0.3737
vn -0.4874 0.8479 0.2086
vn -0.6898 0.7221 -0.0527
vn -0.4700 0.8814 -0.0479
vn -0.8158 0.5770 -0.0404
vn -0.8430 0.5118 0.1656
vn -0.8592 0.4551 -0.2335
vn -0.7616 0.4772 -0.4384
vn -0.5814 0.6736 -0.4563
vn -0.5632 0.7808 -0.2706
vn -0.8665 0.2901 -0.4063
vn -0.8740 0.1806 -0.4511
vn -0.5798 0.4924 -0.6491
vn -0.9510 0.0810 -0.2985
vn -0.9453 -0.0410 -0.3237
vn -0.9673 -0.1262 -0.2199
vn -0.9847 -0.1568 -0.0762
vn -0.9314 -0.3594 0.0582
vn -0.9791 -0.2032 -0.0116
vn -0.9423 -0.2245 0.2482
vn -0.9963 0.0777 -0.0376
vn -0.9634 0.0736 0.2577
vn -0.9419 -0.2995 0.1521
vn -0.4115 0.7956 -0.4446
vn -0.9339 0.3563 -0.0304
vn -0.7872 0.4933 0.3702
vn -0.6255 0.7633 0.1614
vn -0.8720 0.2028 -0.4456
vn -0.9398 0.3302 -0.0880
vn -0.9076 0.4173 0.0455
vn -0.8916 0.1551 -0.4255
vn -0.8979 0.0628 -0.4357
vn -0.8996 0.2966 -0.3206
vn -0.9510 0.3040 0.0569
vn -0.7916 -0.1260 -0.5980
vn -0.8229 -0.2336 -0.5179
vn -0.6684 -0.1165 -0.7346
vn -0.8015 -0.1806 -0.5701
vn -0.5855 0.1712 -0.7924
vn -0.8039 0.1596 -0.5729
vn -0.4975 0.4789 -0.7233
vn -0.7199 0.4813 -0.5001
vn -0.5008 0.7060 -0.5008
vn -0.5866 0.7875 -0.1891
vn -0.8010 0.5729 -0.1737
vn -0.5791 0.7951 0.1801
vn -0.8119 0.5552 0.1804
vn -0.9049 0.3816 0.1885
vn -0.8999 0.3950 -0.1849
vn -0.7216 0.4802 0.4987
vn -0.7982 0.1661 0.5790
vn -0.8877 0.1864 0.4211
vn -0.8986 -0.1900 0.3956
vn -0.8004 -0.1815 0.5714
vn -0.9173 -0.3510 0.1882
vn -0.7843 -0.2656 0.5606
vn -0.9336 -0.2893 0.2117
vn -0.8053 0.0006 0.5929
vn -0.9731 0.0006 0.2304
vn -0.7862 0.2635 0.5590
vn -0.9322 0.2950 0.2099
vn -0.9165 0.3536 0.1870
vn -0.7955 0.1868 0.5765
vn -0.8838 0.2149 0.4157
vn -0.9016 -0.1626 0.4008
vn -0.8046 -0.1549 0.5732
vn -0.9090 -0.3729 0.1861
vn -0.7711 -0.3207 0.5500
vn -0.9020 -0.3803 0.2043
vn -0.7945 -0.0925 0.6002
vn -0.9652 -0.1021 0.2406
vn -0.7760 0.2688 0.5706
vn -0.9295 0.2946 0.2218
vn -0.8912 0.4162 0.1802
vn -0.7813 0.2733 0.5612
vn -0.8654 0.3179 0.3874
vn -0.9108 -0.0433 0.4107
vn -0.8116 -0.0411 0.5828
vn -0.8538 -0.3813 0.3545
vn -0.7556 -0.3776 0.5352
vn -0.8453 -0.5069 0.1690
vn -0.5988 -0.5320 0.5988
vn -0.7456 -0.3889 0.5411
vn -0.8897 -0.3934 0.2317
vn -0.8368 0.0587 0.5443
vn -0.9610 0.1150 0.2515
vn -0.6183 0.4820 0.6208
vn -0.7118 0.4594 0.5314
vn -0.8424 0.4935 0.2164
vn -0.8713 0.4539 0.1865
vn -0.7790 0.2638 0.5689
vn -0.8731 0.2741 0.4031
vn -0.9088 -0.1069 0.4032
vn -0.8115 -0.1002 0.5757
vn -0.8580 -0.3869 0.3377
vn -0.7650 -0.3708 0.5265
vn -0.8690 -0.4663 0.1654
vn -0.6408 -0.4228 0.6408
vn -0.7914 -0.1891 0.5813
vn -0.9414 -0.2180 0.2573
vn -0.7894 0.2022 0.5796
vn -0.9391 0.2294 0.2558
vn -0.8688 0.4668 0.1652
vn -0.6387 0.4290 0.6387
vn -0.7653 0.3668 0.5289
vn -0.8598 0.3817 0.3393
vn -0.9094 0.0946 0.4051
vn -0.8114 0.0891 0.5776
vn -0.8847 -0.2575 0.3886
vn -0.7859 -0.2512 0.5650
vn -0.8896 -0.4176 0.1850
vn -0.7543 -0.3664 0.5447
vn -0.9085 -0.3503 0.2280
vn -0.6882 -0.2142 0.6932
vn -0.7975 -0.0187 0.6031
vn -0.9621 0.0437 0.2693
vn -0.6888 0.2455 0.6821
vn -0.7564 0.3444 0.5561
vn -0.8995 0.3779 0.2194
vn -0.8941 0.4073 0.1865
vn -0.7874 0.2273 0.5730
vn -0.8769 0.2506 0.4102
vn -0.9061 -0.1366 0.4003
vn -0.8098 -0.1279 0.5726
vn -0.9113 -0.3685 0.1838
vn -0.7695 -0.3578 0.5290
vn -0.8868 -0.4174 0.1982
vn -0.6605 -0.3499 0.6643
vn -0.7929 -0.1654 0.5865
vn -0.9506 -0.1624 0.2645
vn -0.6979 0.1322 0.7039
vn -0.7590 0.3053 0.5751
vn -0.9277 0.2856 0.2403
vn -0.8757 0.4508 0.1728
vn -0.7714 0.3199 0.5500
vn -0.8486 0.3876 0.3601
vn -0.9108 0.0339 0.4114
vn -0.8115 0.0322 0.5835
vn -0.8781 -0.2978 0.3745
vn -0.7792 -0.2898 0.5557
vn -0.8844 -0.4301 0.1809
vn -0.7518 -0.3654 0.5490
vn -0.9203 -0.3090 0.2401
vn -0.6967 -0.1718 0.6965
vn -0.7973 0.0483 0.6017
vn -0.9580 0.1171 0.2618
vn -0.6784 0.2942 0.6732
vn -0.7626 0.3426 0.5488
vn -0.8956 0.3915 0.2111
vn -0.9036 0.3847 0.1885
vn -0.7954 0.1839 0.5776
vn -0.8850 0.2046 0.4183
vn -0.8958 -0.1872 0.4031
vn -0.7984 -0.1815 0.5741
vn -0.8926 -0.4108 0.1858
vn -0.7090 -0.4985 0.4988
vn -0.7906 -0.5867 0.1755
vn -0.4985 -0.7090 0.4988
vn -0.5867 -0.7906 0.1755
vn -0.5774 -0.7945 -0.1882
vn -0.7998 -0.5718 -0.1826
vn -0.4108 -0.8926 0.1858
vn -0.4182 -0.8847 -0.2058
vn -0.8964 -0.4008 -0.1893
vn -0.7104 -0.4976 -0.4976
vn -0.7942 -0.1886 -0.5777
vn -0.8847 -0.2058 -0.4182
vn -0.8000 0.1770 -0.5733
vn -0.8974 0.1837 -0.4012
vn -0.9013 0.3910 -0.1866
vn -0.7628 0.3596 -0.5374
vn -0.8926 0.4001 -0.2080
vn -0.6732 0.2942 -0.6784
vn -0.7960 0.1159 -0.5941
vn -0.9593 0.0861 -0.2690
vn -0.5478 0.3415 -0.7638
vn -0.6017 0.0483 -0.7973
vn -0.6965 -0.1718 -0.6967
vn -0.5760 0.1819 -0.7970
vn -0.5867 -0.1755 -0.7906
vn -0.4108 -0.1858 -0.8926
vn -0.4135 0.1987 -0.8886
vn -0.9735 0.1612 -0.1622
vn -0.9734 -0.1621 -0.1621
vn -0.9734 -0.1621 0.1621
vn -0.9735 0.1612 0.1622
vn -0.4985 -0.4988 -0.7090
vn -0.4960 -0.7127 -0.4960
vn -0.4988 -0.4985 0.7090
vn -0.5741 -0.1815 0.7984
vn -0.5776 0.1839 0.7954
vn -0.4183 0.2046 0.8850
vn -0.4031 -0.1872 0.8958
vn -0.5361 0.3583 0.7643
vn -0.9151 -0.3296 -0.2324
vn -0.5941 0.1159 0.7960
vn -0.8828 -0.4340 -0.1796
vn -0.7551 -0.3265 -0.5685
vn -0.7775 -0.2873 -0.5594
vn -0.8626 -0.3287 -0.3844
vn -0.8115 0.0322 -0.5835
vn -0.9108 0.0339 -0.4114
vn -0.7725 0.3296 -0.5428
vn -0.8704 0.3409 -0.3553
vn -0.8788 0.4444 -0.1737
vn -0.7487 0.3634 -0.5544
vn -0.9321 0.2609 -0.2512
vn -0.5495 0.3157 -0.7735
vn -0.5806 0.3105 -0.7527
vn -0.7039 0.1322 -0.6979
vn -0.9390 0.3127 -0.1434
vn -0.9390 0.3127 0.1434
vn -0.9865 0.0307 0.1607
vn -0.9865 0.0307 -0.1607
vn -0.9522 -0.2655 0.1511
vn -0.9522 -0.2655 -0.1511
vn -0.5835 0.0322 -0.8115
vn -0.5669 -0.2815 -0.7742
vn -0.3819 -0.2880 -0.8782
vn -0.4114 0.0339 -0.9108
vn -0.5489 -0.3658 -0.7516
vn -0.5690 -0.3288 0.7538
vn -0.5557 -0.2898 0.7792
vn -0.5835 0.0322 0.8115
vn -0.4114 0.0339 0.9108
vn -0.3745 -0.2978 0.8781
vn -0.5500 0.3199 0.7714
vn -0.3601 0.3876 0.8486
vn -0.5543 0.3610 0.7500
vn -0.9496 -0.1871 -0.2515
vn -0.5945 -0.1085 0.7967
vn -0.8956 -0.3963 -0.2022
vn -0.6643 -0.3499 -0.6605
vn -0.7695 -0.3406 -0.5403
vn -0.7967 -0.1085 -0.5945
vn -0.9176 -0.3512 -0.1864
vn -0.8030 -0.1362 -0.5802
vn -0.8912 -0.1607 -0.4242
vn -0.7908 0.2225 -0.5701
vn -0.8894 0.2284 -0.3960
vn -0.8941 0.4072 -0.1865
vn -0.7560 0.3680 -0.5413
vn -0.9013 0.3730 -0.2202
vn -0.5705 0.2232 -0.7904
vn -0.5561 0.3445 -0.7563
vn -0.6821 0.2455 -0.6888
vn -0.9671 0.1992 -0.1585
vn -0.9671 0.1992 0.1585
vn -0.9787 -0.1232 0.1640
vn -0.9787 -0.1232 -0.1640
vn -0.5914 -0.1207 -0.7973
vn -0.5285 -0.3581 -0.7697
vn -0.5865 -0.1654 -0.7929
vn -0.5419 -0.3424 0.7675
vn -0.5726 -0.1279 0.8098
vn -0.5730 0.2273 0.7874
vn -0.5403 0.3664 0.7575
vn -0.9625 0.0084 -0.2713
vn -0.6017 0.0530 0.7970
vn -0.9048 -0.3620 -0.2244
vn -0.8888 -0.4198 -0.1842
vn -0.7552 -0.3388 -0.5611
vn -0.7834 -0.2534 -0.5675
vn -0.8724 -0.2805 -0.4003
vn -0.8114 0.0891 -0.5776
vn -0.9094 0.0946 -0.4051
vn -0.7653 0.3668 -0.5289
vn -0.8598 0.3817 -0.3393
vn -0.8688 0.4668 -0.1652
vn -0.6387 0.4290 -0.6387
vn -0.7894 0.2022 -0.5796
vn -0.9391 0.2294 -0.2558
vn -0.5289 0.3668 -0.7653
vn -0.5796 0.2022 -0.7894
vn -0.5813 -0.1891 -0.7914
vn -0.7914 -0.1891 -0.5813
vn -0.6408 -0.4228 -0.6408
vn -0.8690 -0.4663 -0.1654
vn -0.9414 -0.2180 -0.2573
vn -0.7650 -0.3708 -0.5265
vn -0.8580 -0.3869 -0.3377
vn -0.8115 -0.1002 -0.5757
vn -0.9088 -0.1069 -0.4032
vn -0.7805 0.2605 -0.5683
vn -0.8797 0.2622 -0.3966
vn -0.8709 0.4550 -0.1856
vn -0.6932 0.5151 -0.5042
vn -0.8454 0.4903 -0.2117
vn -0.5682 0.2626 -0.7799
vn -0.5305 0.4586 -0.7129
vn -0.6208 0.4820 -0.6183
vn -0.9629 0.2196 -0.1567
vn -0.9629 0.2196 0.1567
vn -0.9820 -0.0966 0.1624
vn -0.9820 -0.0966 -0.1624
vn -0.9191 -0.3697 0.1362
vn -0.9191 -0.3697 -0.1362
vn -0.5757 -0.1002 -0.8115
vn -0.5265 -0.3708 -0.7650
vn -0.3377 -0.3869 -0.8580
vn -0.4032 -0.1069 -0.9088
vn -0.9226 0.3610 -0.1357
vn -0.9226 0.3610 0.1357
vn -0.9831 0.0856 0.1616
vn -0.9831 0.0856 -0.1616
vn -0.9617 -0.2255 0.1561
vn -0.9617 -0.2255 -0.1561
vn -0.5776 0.0891 -0.8114
vn -0.5762 -0.2441 -0.7800
vn -0.3946 -0.2522 -0.8836
vn -0.4051 0.0946 -0.9094
vn -0.5448 -0.3664 -0.7543
vn -0.6932 -0.2142 -0.6882
vn -0.5618 -0.3406 0.7539
vn -0.5650 -0.2512 0.7859
vn -0.5776 0.0891 0.8114
vn -0.4051 0.0946 0.9094
vn -0.3886 -0.2575 0.8847
vn -0.5289 0.3668 0.7653
vn -0.3393 0.3817 0.8598
vn -0.5813 -0.1891 0.7914
vn -0.5796 0.2022 0.7894
vn -0.5265 -0.3708 0.7650
vn -0.5757 -0.1002 0.8115
vn -0.4032 -0.1069 0.9088
vn -0.3377 -0.3869 0.8580
vn -0.5689 0.2638 0.7790
vn -0.4031 0.2741 0.8731
vn -0.5038 0.5144 0.6939
vn -0.9598 0.1087 -0.2586
vn -0.5664 0.0923 0.8189
vn -0.8897 -0.3934 -0.2317
vn -0.5411 -0.3889 0.7456
vn -0.8453 -0.5069 -0.1690
vn -0.7456 -0.3889 -0.5411
vn -0.6091 -0.5843 -0.5363
vn -0.7881 -0.4273 -0.4431
vn -0.8540 -0.3819 -0.3533
vn -0.8981 -0.0953 -0.4292
vn -0.9173 -0.0486 -0.3953
vn -0.9011 0.2643 -0.3438
vn -0.8954 0.2717 -0.3527
vn -0.8980 0.4068 -0.1675
vn -0.8887 0.3211 -0.3274
vn -0.9351 0.2887 -0.2056
vn -0.9838 0.1776 -0.0249
vn -0.8754 0.4771 0.0774
vn -0.8504 0.5254 0.0283
vn -0.8503 0.0410 -0.5247
vn -0.8795 -0.0461 -0.4737
vn -0.6982 -0.3880 -0.6016
vn -0.7937 -0.3533 -0.4953
vn -0.7966 -0.5125 -0.3206
vn -0.8931 -0.3531 -0.2787
vn -0.8606 -0.2130 -0.4627
vn -0.9934 -0.0168 -0.1136
vn -0.9099 0.1401 -0.3904
vn -0.8913 -0.1865 -0.4132
vn -0.9096 0.1764 -0.3763
vn -0.9223 0.3459 -0.1726
vn -0.9376 0.2923 -0.1881
vn -0.9722 0.1702 -0.1606
vn -0.9721 0.1703 0.1612
vn -0.9759 -0.1447 0.1632
vn -0.9759 -0.1448 -0.1630
vn -0.9119 -0.3647 -0.1879
vn -0.9072 -0.3670 -0.2056
vn -0.9109 -0.3291 -0.2488
vn -0.9199 -0.1960 0.3396
vn -0.9638 0.2307 -0.1337
vn -0.8203 0.3332 0.4649
vn -0.9690 -0.0937 -0.2287
vn -0.9544 0.2571 -0.1517
vn -0.9544 0.2570 0.1522
vn -0.9862 -0.0392 0.1608
vn -0.9863 -0.0392 -0.1602
vn -0.9359 -0.3223 0.1421
vn -0.9359 -0.3224 -0.1418
vn -0.9483 -0.2506 -0.1945
vn -0.7444 -0.5984 -0.2962
vn -0.5695 -0.6267 -0.5319
vn -0.7303 -0.6750 0.1047
vn -0.5376 -0.7543 -0.3768
vn -0.5192 -0.8533 0.0481
vn -0.5367 -0.4537 -0.7114
vn -0.8189 0.0923 -0.5664
vn -0.5459 0.0571 -0.8359
vn -0.5352 -0.3776 0.7556
vn -0.5828 -0.0411 0.8116
vn -0.4107 -0.0433 0.9108
vn -0.3545 -0.3813 0.8538
vn -0.5612 0.2733 0.7813
vn -0.3874 0.3179 0.8654
vn -0.5706 0.2688 0.7760
vn -0.6002 -0.0925 0.7945
vn -0.5500 -0.3207 0.7711
vn -0.5732 -0.1549 0.8046
vn -0.5765 0.1868 0.7955
vn -0.5590 0.2635 0.7862
vn -0.9769 0.0080 -0.2135
vn -0.9348 -0.2897 -0.2057
vn -0.9165 -0.3537 -0.1868
vn -0.9720 -0.1711 -0.1611
vn -0.9720 -0.1711 0.1611
vn -0.9758 0.1456 -0.1631
vn -0.9758 0.1456 0.1631
vn -0.8836 -0.2158 -0.4155
vn -0.9004 0.1655 -0.4024
vn -0.5606 -0.2656 0.7843
vn -0.5714 -0.1815 0.8004
vn -0.5790 0.1661 0.7982
vn -0.4211 0.1864 0.8877
vn -0.3956 -0.1900 0.8986
vn -0.5014 0.7053 0.5012
vn -0.4987 0.4802 0.7216
vn -0.4331 0.8762 -0.2116
vn -0.4105 0.8921 0.1886
vn -0.5895 -0.0078 -0.8077
vn -0.4390 0.2077 -0.8741
vn -0.9737 0.0137 0.2273
vn -0.9202 0.3344 0.2037
vn -0.9224 0.3658 0.1242
vn -0.9349 0.3221 0.1491
vn -0.9404 0.2295 0.2509
vn -0.9813 0.1885 0.0386
vn -0.9643 -0.0625 0.2575
vn -0.4770 -0.8575 0.1931
vn -0.4751 -0.8784 -0.0522
vn -0.5829 -0.7672 0.2676
vn -0.5589 -0.7792 -0.2838
vn -0.5827 -0.6823 -0.4416
vn -0.7639 -0.5154 -0.3883
vn -0.5109 -0.6444 -0.5689
vn -0.6638 -0.5623 -0.4931
vn -0.4650 -0.6717 -0.5766
vn -0.5510 -0.6986 -0.4564
vn -0.7415 -0.5777 -0.3414
vn -0.8244 -0.4236 -0.3755
vn -0.5554 -0.7402 -0.3791
vn -0.4084 -0.7999 -0.4397
vn -0.9468 -0.2995 -0.1178
vn -0.9328 -0.3498 -0.0870
vn -0.9919 -0.1259 0.0188
vn -0.8778 -0.4064 -0.2537
vn -0.9645 -0.1797 -0.1937
vn -0.8724 -0.2367 -0.4277
vn -0.8931 0.1467 -0.4253
vn -0.9735 0.1299 -0.1884
vn -0.8994 0.3620 -0.2450
vn -0.7921 0.1405 -0.5940
vn -0.7141 0.4632 -0.5248
vn -0.7970 0.5495 -0.2505
vn -0.5024 0.6786 -0.5358
vn -0.5248 0.7547 -0.3938
vn -0.7008 0.6398 -0.3155
vn -0.5272 0.7544 -0.3911
vn -0.4932 0.4585 -0.7393
vn -0.8696 0.4882 -0.0741
vn -0.7727 -0.2300 -0.5916
vn -0.5600 -0.2234 -0.7978
vn -0.5639 0.1437 -0.8132
vn -0.4875 -0.5234 -0.6988
vn -0.6779 -0.5201 -0.5196
vn -0.3796 -0.2256 -0.8972
vn -0.3984 0.1582 -0.9035
vn -0.7780 -0.5486 -0.3061
vn -0.5655 -0.7353 -0.3735
vn -0.4872 -0.7012 -0.5205
vn -0.8607 -0.4696 -0.1967
vn -0.9908 0.1201 0.0617
vn -0.9464 0.3222 0.0225
vn 0.4966 0.4619 -0.7349
vn 0.3863 0.1416 -0.9114
vn 0.5624 0.1382 -0.8153
vn 0.5567 -0.2279 -0.7988
vn 0.3828 -0.2319 -0.8943
vn 0.7739 -0.2269 -0.5912
vn 0.7878 0.1468 -0.5982
vn 0.4871 -0.5231 -0.6994
vn 0.6771 -0.5206 -0.5201
vn 0.4872 -0.7012 -0.5205
vn 0.5748 -0.7266 -0.3764
vn 0.7656 -0.5846 -0.2684
vn 0.6017 -0.6969 -0.3903
vn 0.7309 -0.5930 -0.3379
vn 0.8423 -0.5046 -0.1894
vn 0.5536 -0.7085 -0.4377
vn 0.5392 -0.6292 -0.5598
vn 0.6944 -0.5292 -0.4877
vn 0.8212 -0.4017 -0.4054
vn 0.5109 -0.6444 -0.5689
vn 0.8842 -0.3131 -0.3466
vn 0.9049 -0.2673 -0.3313
vn 0.7753 -0.4816 -0.4087
vn 0.8625 -0.4450 -0.2408
vn 0.9379 -0.3456 -0.0300
vn 0.9966 -0.0806 -0.0160
vn 0.9682 -0.1309 -0.2130
vn 0.8227 -0.5669 -0.0430
vn 0.8546 -0.4887 0.1755
vn 0.6980 -0.7136 -0.0586
vn 0.6665 -0.7128 0.2186
vn 0.8414 -0.4605 0.2830
vn 0.9268 -0.2478 0.2824
vn 0.8992 -0.3836 0.2103
vn 0.9326 0.0211 0.3602
vn 0.8957 -0.0579 0.4409
vn 0.9452 -0.2826 -0.1633
vn 0.9838 0.1776 -0.0249
vn 0.9142 0.4011 0.0582
vn 0.8258 0.3732 0.4228
vn 0.8810 0.4727 0.0178
vn 0.7332 0.5035 0.4571
vn 0.8944 0.3133 -0.3193
vn 0.8631 -0.0050 -0.5050
vn 0.7770 0.1407 -0.6136
vn 0.9341 0.2947 -0.2016
vn 0.9690 -0.0937 -0.2287
vn 0.9313 0.2829 0.2296
vn 0.9652 -0.1021 0.2406
vn 0.9061 -0.3688 0.2074
vn 0.9032 -0.3783 -0.2026
vn 0.9120 -0.3646 0.1880
vn 0.9090 -0.3729 -0.1860
vn 0.9044 -0.1647 -0.3937
vn 0.8616 -0.2133 -0.4606
vn 0.7938 -0.3420 -0.5029
vn 0.8955 0.2022 -0.3965
vn 0.9065 0.1472 -0.3956
vn 0.7993 -0.5122 -0.3142
vn 0.7342 -0.3330 -0.5917
vn 0.8870 -0.3823 -0.2592
vn 0.8853 -0.4267 0.1850
vn 0.8564 -0.4786 0.1939
vn 0.9934 -0.0168 -0.1136
vn 0.9341 -0.1962 0.2981
vn 0.9566 0.2899 0.0283
vn 0.8902 0.1828 0.4173
vn 0.9104 0.4120 0.0378
vn 0.8663 0.3551 0.3513
vn 0.7689 0.4415 0.4625
vn 0.7722 0.5452 0.3262
vn 0.9568 0.2845 -0.0604
vn 0.9057 0.1436 -0.3989
vn 0.7502 0.6606 0.0266
vn 0.5756 0.7464 0.3339
vn 0.8383 0.2906 -0.4612
vn 0.7916 -0.1260 -0.5980
vn 0.6684 -0.1165 -0.7346
vn 0.5992 0.0459 -0.7993
vn 0.5807 0.1639 -0.7974
vn 0.4208 0.1870 -0.8876
vn 0.8065 -0.1744 -0.5650
vn 0.7986 0.1673 -0.5781
vn 0.8987 -0.1898 -0.3954
vn 0.8877 0.1864 -0.4211
vn 0.9049 0.3816 -0.1885
vn 0.8119 0.5552 -0.1804
vn 0.7216 0.4802 -0.4987
vn 0.8999 0.3950 0.1849
vn 0.8010 0.5729 0.1737
vn 0.5865 0.7876 0.1890
vn 0.5780 0.7959 -0.1804
vn 0.4331 0.8762 0.2116
vn 0.4094 0.8925 -0.1893
vn 0.9758 0.1456 -0.1631
vn 0.9758 0.1456 0.1631
vn 0.9720 -0.1711 0.1611
vn 0.9720 -0.1711 -0.1611
vn 0.9164 -0.3539 0.1869
vn 0.9174 -0.3509 -0.1880
vn 0.8836 -0.2158 0.4155
vn 0.9359 -0.2846 -0.2074
vn 0.9323 -0.2945 0.2099
vn 0.9731 0.0006 0.2304
vn 0.9769 0.0080 -0.2135
vn 0.9334 0.2900 0.2115
vn 0.9385 0.2890 -0.1892
vn 0.9173 0.3508 0.1882
vn 0.9230 0.3436 -0.1731
vn 0.9722 0.1702 -0.1606
vn 0.9721 0.1703 0.1612
vn 0.9759 -0.1447 0.1632
vn 0.9759 -0.1448 -0.1630
vn 0.8879 -0.1852 0.4210
vn 0.8987 0.1891 0.3957
vn 0.8994 0.0853 -0.4288
vn 0.9048 0.2853 -0.3162
vn 0.7843 0.2660 0.5605
vn 0.8052 0.0006 0.5929
vn 0.5590 0.2635 0.7862
vn 0.5929 0.0006 0.8052
vn 0.5606 -0.2656 0.7843
vn 0.7862 -0.2632 0.5591
vn 0.5714 -0.1815 0.8004
vn 0.7954 -0.1876 0.5764
vn 0.5790 0.1661 0.7982
vn 0.8035 0.1584 0.5738
vn 0.4987 0.4802 0.7216
vn 0.7199 0.4813 0.5001
vn 0.5001 0.7070 0.5001
vn 0.9004 0.1655 0.4024
vn 0.3956 -0.1900 0.8986
vn 0.4211 0.1864 0.8877
vn 0.5765 0.1868 0.7955
vn 0.8005 0.1807 0.5714
vn 0.5732 -0.1549 0.8046
vn 0.7990 -0.1625 0.5789
vn 0.5500 -0.3207 0.7711
vn 0.7728 -0.3191 0.5485
vn 0.6002 -0.0925 0.7945
vn 0.7945 -0.0925 0.6002
vn 0.5706 0.2688 0.7760
vn 0.7745 0.2716 0.5713
vn 0.5612 0.2733 0.7813
vn 0.7834 0.2750 0.5574
vn 0.5828 -0.0411 0.8116
vn 0.8116 -0.0411 0.5828
vn 0.5352 -0.3776 0.7556
vn 0.7556 -0.3776 0.5352
vn 0.5988 -0.5320 0.5988
vn 0.8538 -0.3813 0.3545
vn 0.9108 -0.0433 0.4107
vn 0.9862 -0.0392 0.1608
vn 0.9359 -0.3223 0.1421
vn 0.8822 0.2843 0.3754
vn 0.9544 0.2570 0.1522
vn 0.8929 0.4120 0.1817
vn 0.8970 0.4093 -0.1668
vn 0.9544 0.2571 -0.1517
vn 0.8830 0.2979 -0.3626
vn 0.9863 -0.0392 -0.1602
vn 0.8453 -0.5069 0.1690
vn 0.9359 -0.3224 -0.1418
vn 0.8453 -0.5069 -0.1690
vn 0.8540 -0.3819 -0.3533
vn 0.9173 -0.0486 -0.3953
vn 0.8974 -0.0980 -0.4301
vn 0.7862 -0.4027 -0.4687
vn 0.9001 0.2645 -0.3463
vn 0.7701 -0.5595 -0.3063
vn 0.6437 -0.5021 -0.5776
vn 0.5376 -0.7543 -0.3768
vn 0.7274 -0.6782 0.1048
vn 0.5192 -0.8533 0.0481
vn 0.4861 -0.8323 0.2665
vn 0.8897 -0.3934 -0.2317
vn 0.8897 -0.3934 0.2317
vn 0.9598 0.1087 0.2586
vn 0.9610 0.1150 -0.2515
vn 0.8454 0.4903 0.2117
vn 0.8424 0.4935 -0.2164
vn 0.8709 0.4550 0.1856
vn 0.8713 0.4539 -0.1865
vn 0.9629 0.2196 -0.1567
vn 0.9629 0.2196 0.1567
vn 0.9820 -0.0966 0.1624
vn 0.9820 -0.0966 -0.1624
vn 0.9191 -0.3697 0.1362
vn 0.9191 -0.3697 -0.1362
vn 0.8690 -0.4663 0.1654
vn 0.8690 -0.4663 -0.1654
vn 0.8580 -0.3869 -0.3377
vn 0.8580 -0.3869 0.3377
vn 0.9414 -0.2180 -0.2573
vn 0.9414 -0.2180 0.2573
vn 0.9391 0.2294 0.2558
vn 0.9391 0.2294 -0.2558
vn 0.8688 0.4668 0.1652
vn 0.8688 0.4668 -0.1652
vn 0.9226 0.3610 -0.1357
vn 0.9226 0.3610 0.1357
vn 0.9831 0.0856 0.1616
vn 0.9831 0.0856 -0.1616
vn 0.9617 -0.2255 0.1561
vn 0.9617 -0.2255 -0.1561
vn 0.8888 -0.4198 0.1842
vn 0.8896 -0.4176 -0.1850
vn 0.8847 -0.2575 -0.3886
vn 0.8724 -0.2805 0.4003
vn 0.9085 -0.3503 -0.2280
vn 0.9048 -0.3620 0.2244
vn 0.9625 0.0084 0.2713
vn 0.9621 0.0437 -0.2693
vn 0.9013 0.3730 0.2202
vn 0.8995 0.3779 -0.2194
vn 0.8941 0.4072 0.1865
vn 0.8941 0.4073 -0.1865
vn 0.9671 0.1992 -0.1585
vn 0.9671 0.1992 0.1585
vn 0.9787 -0.1232 0.1640
vn 0.9787 -0.1232 -0.1640
vn 0.9176 -0.3512 0.1864
vn 0.9113 -0.3685 -0.1838
vn 0.9061 -0.1366 -0.4003
vn 0.8098 -0.1279 -0.5726
vn 0.7695 -0.3578 -0.5290
vn 0.8868 -0.4174 -0.1982
vn 0.8769 0.2506 -0.4102
vn 0.7874 0.2273 -0.5730
vn 0.5402 -0.3404 -0.7696
vn 0.5802 -0.1362 -0.8030
vn 0.8912 -0.1607 0.4242
vn 0.8956 -0.3963 0.2022
vn 0.7695 -0.3406 0.5403
vn 0.8030 -0.1362 0.5802
vn 0.5419 -0.3424 0.7675
vn 0.5726 -0.1279 0.8098
vn 0.5730 0.2273 0.7874
vn 0.7908 0.2225 0.5701
vn 0.5403 0.3664 0.7575
vn 0.7560 0.3680 0.5413
vn 0.6802 0.2731 0.6802
vn 0.4003 -0.1366 0.9061
vn 0.4102 0.2506 0.8769
vn 0.6699 -0.3202 0.6699
vn 0.9496 -0.1871 0.2515
vn 0.9506 -0.1624 -0.2645
vn 0.9321 0.2609 0.2512
vn 0.9277 0.2856 -0.2403
vn 0.8788 0.4444 0.1737
vn 0.8757 0.4508 -0.1728
vn 0.9390 0.3127 -0.1434
vn 0.9390 0.3127 0.1434
vn 0.9865 0.0307 0.1607
vn 0.9865 0.0307 -0.1607
vn 0.9522 -0.2655 0.1511
vn 0.9522 -0.2655 -0.1511
vn 0.8828 -0.4340 0.1796
vn 0.8844 -0.4301 -0.1809
vn 0.8781 -0.2978 -0.3745
vn 0.8626 -0.3287 0.3844
vn 0.9203 -0.3090 -0.2401
vn 0.9151 -0.3296 0.2324
vn 0.9593 0.0861 0.2690
vn 0.9580 0.1171 -0.2618
vn 0.8926 0.4001 0.2080
vn 0.8956 0.3915 -0.2111
vn 0.9013 0.3910 0.1866
vn 0.9036 0.3847 -0.1885
vn 0.7626 0.3426 -0.5488
vn 0.7954 0.1839 -0.5776
vn 0.8850 0.2046 -0.4183
vn 0.8958 -0.1872 -0.4031
vn 0.7984 -0.1815 -0.5741
vn 0.5777 -0.1886 -0.7942
vn 0.5733 0.1770 -0.8000
vn 0.4012 0.1837 -0.8974
vn 0.4182 -0.2058 -0.8847
vn 0.9734 -0.1621 -0.1621
vn 0.9735 0.1612 -0.1622
vn 0.8926 -0.4108 -0.1858
vn 0.8964 -0.4008 0.1893
vn 0.9734 -0.1621 0.1621
vn 0.8847 -0.2058 0.4182
vn 0.8974 0.1837 0.4012
vn 0.9735 0.1612 0.1622
vn 0.7942 -0.1886 0.5777
vn 0.8000 0.1770 0.5733
vn 0.5741 -0.1815 0.7984
vn 0.5776 0.1839 0.7954
vn 0.5361 0.3583 0.7643
vn 0.7628 0.3596 0.5374
vn 0.6686 0.3256 0.6686
vn 0.4988 -0.4985 0.7090
vn 0.7104 -0.4976 0.4976
vn 0.4976 -0.7104 0.4976
vn 0.7998 -0.5718 0.1826
vn 0.5718 -0.7998 0.1826
vn 0.7906 -0.5867 -0.1755
vn 0.5774 -0.7945 -0.1882
vn 0.7090 -0.4985 -0.4988
vn 0.4960 -0.7127 -0.4960
vn 0.4976 -0.4976 -0.7104
vn 0.4182 -0.8847 -0.2058
vn 0.4008 -0.8964 0.1893
vn 0.4031 -0.1872 0.8958
vn 0.4183 0.2046 0.8850
vn 0.7157 -0.1908 -0.6719
vn 0.7973 0.0483 -0.6017
vn 0.7518 -0.3654 -0.5490
vn 0.5704 -0.3148 -0.7587
vn 0.6003 0.0949 -0.7941
vn 0.6629 0.3228 -0.6756
vn 0.6992 -0.1492 0.6992
vn 0.7551 -0.3265 0.5685
vn 0.7960 0.1159 0.5941
vn 0.5690 -0.3288 0.7538
vn 0.5557 -0.2898 0.7792
vn 0.7775 -0.2873 0.5594
vn 0.5835 0.0322 0.8115
vn 0.8115 0.0322 0.5835
vn 0.5500 0.3199 0.7714
vn 0.7725 0.3296 0.5428
vn 0.5543 0.3610 0.7500
vn 0.7487 0.3634 0.5544
vn 0.6971 0.1674 0.6971
vn 0.4114 0.0339 0.9108
vn 0.3601 0.3876 0.8486
vn 0.9108 0.0339 0.4114
vn 0.3745 -0.2978 0.8781
vn 0.5941 0.1159 0.7960
vn 0.9108 0.0339 -0.4114
vn 0.8115 0.0322 -0.5835
vn 0.7792 -0.2898 -0.5557
vn 0.8486 0.3876 -0.3601
vn 0.7714 0.3199 -0.5500
vn 0.5594 -0.2873 -0.7775
vn 0.5835 0.0322 -0.8115
vn 0.4114 0.0339 -0.9108
vn 0.3844 -0.3287 -0.8626
vn 0.5428 0.3296 -0.7725
vn 0.3553 0.3409 -0.8704
vn 0.8704 0.3409 0.3553
vn 0.7135 0.1001 -0.6935
vn 0.7590 0.3053 -0.5751
vn 0.7929 -0.1654 -0.5865
vn 0.5786 0.2989 -0.7589
vn 0.5910 -0.1735 -0.7878
vn 0.6574 -0.4011 -0.6380
vn 0.7967 -0.1085 0.5945
vn 0.5945 -0.1085 0.7967
vn 0.8894 0.2284 0.3960
vn 0.6849 0.2667 -0.6781
vn 0.7564 0.3444 -0.5561
vn 0.7975 -0.0187 -0.6031
vn 0.5558 0.3479 -0.7550
vn 0.6085 0.0183 -0.7933
vn 0.7034 -0.2486 -0.6659
vn 0.7970 0.0530 0.6017
vn 0.6017 0.0530 0.7970
vn 0.6941 -0.1906 0.6941
vn 0.7543 -0.3664 -0.5447
vn 0.5631 -0.3304 -0.7574
vn 0.7552 -0.3388 0.5611
vn 0.5618 -0.3406 0.7539
vn 0.5650 -0.2512 0.7859
vn 0.7834 -0.2534 0.5675
vn 0.5776 0.0891 0.8114
vn 0.8114 0.0891 0.5776
vn 0.5289 0.3668 0.7653
vn 0.7653 0.3668 0.5289
vn 0.6387 0.4290 0.6387
vn 0.4051 0.0946 0.9094
vn 0.3393 0.3817 0.8598
vn 0.9094 0.0946 0.4051
vn 0.3886 -0.2575 0.8847
vn 0.9094 0.0946 -0.4051
vn 0.8114 0.0891 -0.5776
vn 0.7859 -0.2512 -0.5650
vn 0.8598 0.3817 -0.3393
vn 0.7653 0.3668 -0.5289
vn 0.5675 -0.2534 -0.7834
vn 0.5776 0.0891 -0.8114
vn 0.4051 0.0946 -0.9094
vn 0.4003 -0.2805 -0.8724
vn 0.5289 0.3668 -0.7653
vn 0.3393 0.3817 -0.8598
vn 0.8598 0.3817 0.3393
vn 0.7894 0.2022 -0.5796
vn 0.7914 -0.1891 -0.5813
vn 0.5813 -0.1891 -0.7914
vn 0.5796 0.2022 -0.7894
vn 0.6408 -0.4228 -0.6408
vn 0.6387 0.4290 -0.6387
vn 0.7894 0.2022 0.5796
vn 0.7914 -0.1891 0.5813
vn 0.5796 0.2022 0.7894
vn 0.5813 -0.1891 0.7914
vn 0.6408 -0.4228 0.6408
vn 0.9088 -0.1069 -0.4032
vn 0.8115 -0.1002 -0.5757
vn 0.7650 -0.3708 -0.5265
vn 0.8731 0.2741 -0.4031
vn 0.7790 0.2638 -0.5689
vn 0.5265 -0.3708 -0.7650
vn 0.5757 -0.1002 -0.8115
vn 0.4032 -0.1069 -0.9088
vn 0.3377 -0.3869 -0.8580
vn 0.5683 0.2605 -0.7805
vn 0.3966 0.2622 -0.8797
vn 0.9088 -0.1069 0.4032
vn 0.7650 -0.3708 0.5265
vn 0.8115 -0.1002 0.5757
vn 0.5265 -0.3708 0.7650
vn 0.5757 -0.1002 0.8115
vn 0.5689 0.2638 0.7790
vn 0.7805 0.2605 0.5683
vn 0.5038 0.5144 0.6939
vn 0.6932 0.5151 0.5042
vn 0.6109 0.5037 0.6109
vn 0.4032 -0.1069 0.9088
vn 0.4031 0.2741 0.8731
vn 0.3377 -0.3869 0.8580
vn 0.8797 0.2622 0.3966
vn 0.6357 0.4571 -0.6220
vn 0.7118 0.4594 -0.5314
vn 0.8368 0.0587 -0.5443
vn 0.5369 0.4493 -0.7140
vn 0.5608 0.1096 -0.8207
vn 0.7456 -0.3889 -0.5411
vn 0.5367 -0.4537 -0.7114
vn 0.6091 -0.5843 -0.5363
vn 0.8189 0.0923 0.5664
vn 0.5664 0.0923 0.8189
vn 0.5411 -0.3889 0.7456
vn 0.7456 -0.3889 0.5411
vn 0.3545 -0.3813 0.8538
vn 0.4107 -0.0433 0.9108
vn 0.3874 0.3179 0.8654
vn 0.4008 -0.1626 0.9016
vn 0.4157 0.2149 0.8838
vn 0.8211 -0.2361 -0.5196
vn 0.8860 -0.2242 0.4058
vn 0.8857 0.1021 0.4529
vn 0.9633 0.0731 0.2581
vn 0.9423 -0.2245 0.2482
vn 0.8947 0.3084 0.3231
vn 0.8757 0.4583 0.1516
vn 0.9353 0.3522 -0.0329
vn 0.9962 0.0785 -0.0385
vn 0.8160 0.5766 -0.0405
vn 0.8700 0.4375 -0.2276
vn 0.8020 0.4964 0.3322
vn 0.6597 0.7074 0.2538
vn 0.6902 0.7217 -0.0521
vn 0.4732 0.8595 0.1931
vn 0.4680 0.8823 -0.0498
vn 0.5617 0.7832 -0.2665
vn 0.8786 -0.4028 0.2566
vn 0.9791 -0.2032 -0.0116
vn 0.9314 -0.3594 0.0582
vn 0.9673 -0.1262 -0.2199
vn 0.9817 -0.1809 -0.0597
vn 0.9592 0.0384 -0.2801
vn 0.9517 0.0890 -0.2939
vn 0.8740 0.1806 -0.4511
vn 0.8670 0.2908 -0.4045
vn 0.9419 -0.2995 0.1521
vn 0.8708 -0.3814 0.3102
vn 0.9105 -0.0356 0.4119
vn 0.9737 0.0139 0.2272
vn 0.8456 0.3583 0.3958
vn 0.9189 0.3423 0.1960
vn 0.8540 0.4198 0.3073
vn 0.9212 0.3701 0.1204
vn 0.9765 0.2146 0.0196
vn 0.9404 0.2295 0.2509
vn 0.9642 -0.0620 0.2580
vn 0.8499 0.2905 0.4396
vn 0.9673 0.2233 0.1203
vn 0.9778 0.1833 0.1019
vn 0.9964 0.0545 -0.0648
vn 0.9643 0.2027 0.1702
vn 0.9793 0.0781 0.1866
vn 0.9738 0.0839 0.2114
vn 0.9952 0.0048 0.0974
vn 0.9880 0.1005 0.1177
vn 0.9784 0.2003 0.0513
vn 0.9395 0.3424 0.0096
vn 0.9911 0.1187 0.0607
vn 0.8931 0.4408 -0.0897
vn 0.8152 0.5741 -0.0757
vn 0.9961 0.0872 0.0158
vn 0.9827 0.0415 0.1803
vn 0.9898 -0.1224 -0.0727
vn 0.9337 -0.2765 -0.2273
vn 0.9397 -0.2972 -0.1691
vn 0.9366 -0.3395 -0.0867
vn 0.9871 -0.1534 0.0462
vn 0.9645 -0.1797 -0.1937
vn 0.8771 -0.4087 -0.2522
vn 0.9733 0.1264 -0.1915
vn 0.8772 -0.2280 -0.4226
vn 0.8818 0.1653 -0.4417
vn 0.9058 0.3434 -0.2480
vn 0.7487 0.3472 0.5647
vn 0.8287 -0.0827 0.5535
vn 0.8203 0.3332 0.4649
vn 0.9199 -0.1960 0.3396
vn 0.9638 0.2307 -0.1337
vn 0.9109 -0.3291 -0.2488
vn 0.9827 -0.1607 0.0921
vn 0.4770 -0.8575 0.1931
vn 0.4713 -0.8801 -0.0571
vn 0.5598 -0.7786 -0.2836
vn 0.3906 -0.8078 -0.4414
vn -0.3987 -0.8050 -0.4392
vn 0.4085 -0.7998 -0.4397
vn -0.4002 0.2687 -0.8762
vn -0.3393 0.3817 -0.8598
vn -0.6031 -0.0187 -0.7975
vn -0.7970 0.0530 -0.6017
vn 0.3960 0.2284 -0.8894
vn -0.3993 0.2336 -0.8865
vn -0.4143 -0.1327 -0.9004
vn 0.4242 -0.1607 -0.8912
vn 0.5701 0.2225 -0.7908
vn -0.3526 0.3177 -0.8802
vn 0.5421 0.3538 -0.7622
vn -0.4003 -0.1366 0.9061
vn -0.4102 0.2506 0.8769
vn -0.4008 -0.1626 0.9016
vn -0.4157 0.2149 0.8838
vn -0.5929 0.0006 0.8052
vn 0.5008 0.7060 -0.5008
vn 0.5001 0.4813 -0.7199
vn 0.4119 0.7980 -0.4400
vn 0.5798 0.4924 -0.6491
vn 0.5814 0.6736 -0.4563
vn 0.7616 0.4772 -0.4384
vn 0.5827 -0.6823 -0.4416
s 1
f 4//4 3//3 2//2 1//1
f 5//5 4//4 1//1
f 4//4 5//5 6//6
f 8//8 4//4 6//6 7//7
f 10//10 9//9 8//8 7//7
f 11//11 10//10 7//7
f 10//10 11//11 12//12
f 12//12 11//11 14//14 13//13
f 16//16 15//15 12//12 13//13
f 15//15 16//16 17//17
f 17//17 16//16 19//19 18//18
f 21//21 20//20 17//17 18//18
f 23//23 20//20 21//21 22//22
f 25//25 23//23 22//22 24//24
f 27//27 25//25 24//24 26//26
f 29//29 27//27 26//26 28//28
f 31//31 30//30 29//29 28//28
f 33//33 32//32 30//30 31//31
f 35//35 32//32 33//33 34//34
f 37//37 36//36 35//35 34//34
f 39//39 36//36 37//37 38//38
f 41//41 40//40 39//39 38//38
f 43//43 40//40 41//41 42//42
f 45//45 43//43 42//42 44//44
f 47//47 46//46 45//45 44//44
f 49//49 46//46 47//47 48//48
f 51//51 50//50 49//49 48//48
f 53//53 50//50 51//51 52//52
f 55//55 54//54 53//53 52//52
f 57//57 54//54 55//55 56//56
f 59//59 57//57 56//56 58//58
f 61//61 60//60 59//59 58//58
f 63//63 60//60 61//61 62//62
f 65//65 63//63 62//62 64//64
f 67//67 65//65 64//64 66//66
f 69//69 68//68 67//67 66//66
f 71//71 68//68 69//69 70//70
f 73//73 71//71 70//70 72//72
f 75//75 74//74 73//73 72//72
f 77//77 74//74 75//75 76//76
f 79//79 77//77 76//76 78//78
f 81//81 79//79 78//78 80//80
f 83//83 82//82 81//81 80//80
f 85//85 82//82 83//83 84//84
f 87//87 85//85 84//84 86//86
f 89//89 87//87 86//86 88//88
f 91//91 90//90 89//89 88//88
f 93//93 90//90 91//91 92//92
f 95//95 93//93 92//92 94//94
f 97//97 95//95 94//94 96//96
f 99//99 98//98 97//97 96//96
f 101//101 98//98 99//99 100//100
f 103//103 101//101 100//100 102//102
f 105//105 103//103 102//102 104//104
f 107//107 106//106 105//105 104//104
f 109//109 106//106 107//107 108//108
f 111//111 109//109 108//108 110//110
f 113//113 112//112 111//111 110//110
f 115//115 112//112 113//113 114//114
f 117//117 115//115 114//114 116//116
f 119//119 117//117 116//116 118//118
f 121//121 120//120 119//119 118//118
f 123//123 120//120 121//121 122//122
f 125//125 123//123 122//122 124//124
f 127//127 125//125 124//124 126//126
f 129//129 128//128 127//127 126//126
f 131//131 128//128 129//129 130//130
f 133//133 131//131 130//130 132//132
f 135//135 134//134 133//133 132//132
f 137//137 134//134 135//135 136//136
f 139//139 137//137 136//136 138//138
f 141//141 139//139 138//138 140//140
f 143//143 142//142 141//141 140//140
f 145//145 142//142 143//143 144//144
f 147//147 145//145 144//144 146//146
f 149//149 147//147 146//146 148//148
f 151//151 150//150 149//149 148//148
f 153//153 150//150 151//151 152//152
f 155//155 153//153 152//152 154//154
f 157//157 155//155 154//154 156//156
f 159//159 158//158 157//157 156//156
f 161//161 158//158 159//159 160//160
f 163//163 161//161 160//160 162//162
f 165//165 164//164 163//163 162//162
f 167//167 164//164 165//165 166//166
f 169//169 168//168 167//167 166//166
f 171//171 168//168 169//169 170//170
f 173//173 172//172 171//171 170//170
f 175//175 174//174 172//172 173//173
f 177//177 174//174 175//175 176//176
f 179//179 178//178 177//177 176//176
f 181//181 178//178 179//179 180//180
f 183//183 182//182 181//181 180//180
f 185//185 184//184 182//182 183//183
f 187//187 184//184 185//185 186//186
f 189//189 188//188 187//187 186//186
f 191//191 190//190 188//188 189//189
f 193//193 192//192 190//190 191//191
f 195//195 192//192 193//193 194//194
f 197//197 196//196 195//195 194//194
f 199//199 198//198 196//196 197//197
f 201//201 200//200 198//198 199//199
f 203//203 200//200 201//201 202//202
f 205//205 204//204 203//203 202//202
f 207//207 206//206 204//204 205//205
f 209//209 208//208 206//206 207//207
f 211//211 208//208 209//209 210//210
f 213//213 212//212 211//211 210//210
f 215//215 214//214 212//212 213//213
f 217//217 214//214 215//215 216//216
f 219//219 218//218 217//217 216//216
f 221//221 220//220 218//218 219//219
f 223//223 222//222 220//220 221//221
f 225//225 222//222 223//223 224//224
f 227//227 226//226 225//225 224//224
f 229//229 228//228 226//226 227//227
f 231//231 230//230 228//228 229//229
f 233//233 230//230 231//231 232//232
f 235//235 234//234 233//233 232//232
f 237//237 236//236 234//234 235//235
f 239//239 236//236 237//237 238//238
f 241//241 240//240 239//239 238//238
f 243//243 242//242 240//240 241//241
f 245//245 244//244 242//242 243//243
f 247//247 244//244 245//245 246//246
f 249//249 248//248 247//247 246//246
f 251//251 250//250 248//248 249//249
f 253//253 252//252 250//250 251//251
f 255//255 252//252 253//253 254//254
f 257//257 256//256 255//255 254//254
f 259//259 258//258 256//256 257//257
f 261//261 260//260 258//258 259//259
f 263//263 262//262 260//260 261//261
f 265//265 264//264 262//262 263//263
f 267//267 264//264 265//265 266//266
f 269//269 268//268 267//267 266//266
f 271//271 268//268 269//269 270//270
f 273//273 272//272 271//271 270//270
f 275//275 274//274 272//272 273//273
f 277//277 274//274 275//275 276//276
f 279//279 278//278 277//277 276//276
f 281//281 278//278 279//279 280//280
f 283//283 282//282 281//281 280//280
f 285//285 284//284 282//282 283//283
f 287//287 284//284 285//285 286//286
f 289//289 288//288 287//287 286//286
f 291//291 288//288 289//289 290//290
f 293//293 292//292 291//291 290//290
f 295//295 292//292 293//293 294//294
f 297//297 296//296 295//295 294//294
f 13//13 296//296 297//297 298//298
f 297//297 299//299 298//298
f 298//298 299//299 301//301 300//300
f 302//302 19//19 298//298 300//300
f 301//301 299//299 303//303
f 305//305 304//304 301//301 303//303
f 306//306 305//305 303//303
f 308//308 305//305 306//306 307//307
f 309//309 308//308 307//307
f 308//308 309//309 310//310
f 312//312 311//311 308//308 310//310
f 313//313 312//312 310//310
f 312//312 313//313 314//314
f 317//317 316//316 315//315 314//314
f 313//313 317//317 314//314
f 315//315 316//316 319//319 318//318
f 321//321 318//318 319//319 320//320
f 322//322 321//321 320//320
f 321//321 322//322 323//323
f 325//325 324//324 321//321 323//323
f 326//326 325//325 323//323
f 325//325 326//326 327//327
f 328//328 325//325 327//327
f 330//330 329//329 328//328 327//327
f 331//331 330//330 327//327
f 328//328 329//329 332//332
f 335//335 334//334 333//333 332//332
f 329//329 335//335 332//332
f 334//334 337//337 336//336 333//333
f 341//341 340//340 339//339 338//338
f 336//336 337//337 341//341 338//338
f 343//343 342//342 339//339 340//340
f 345//345 342//342 343//343 344//344
f 346//346 345//345 344//344
f 346//346 349//349 348//348 347//347
f 345//345 346//346 347//347
f 349//349 351//351 350//350 348//348
f 351//351 354//354 353//353 352//352
f 350//350 351//351 352//352
f 356//356 353//353 354//354 355//355
f 357//357 356//356 355//355
f 356//356 357//357 358//358
f 360//360 359//359 356//356 358//358
f 353//353 356//356 359//359 361//361
f 362//362 353//353 361//361
f 365//365 364//364 363//363 361//361
f 359//359 366//366 365//365 361//361
f 363//363 364//364 367//367
f 300//300 304//304 368//368 367//367
f 364//364 369//369 300//300 367//367
f 368//368 370//370 367//367
f 372//372 370//370 368//368 371//371
f 372//372 371//371 373//373
f 375//375 372//372 373//373 374//374
f 376//376 375//375 374//374 347//347
f 378//378 377//377 375//375 376//376
f 373//373 311//311 379//379 374//374
f 377//377 370//370 372//372 375//375
f 369//369 364//364 365//365
f 366//366 380//380 365//365
f 363//363 381//381 361//361
f 381//381 362//362 361//361
f 354//354 382//382 355//355
f 385//385 384//384 383//383 355//355
f 382//382 385//385 355//355
f 385//385 382//382 386//386
f 387//387 385//385 386//386
f 389//389 388//388 387//387 386//386
f 390//390 389//389 386//386
f 388//388 392//392 391//391 387//387
f 392//392 394//394 393//393 391//391
f 394//394 396//396 395//395 393//393
f 396//396 398//398 397//397 395//395
f 397//397 398//398 399//399
f 399//399 398//398 401//401 400//400
f 400//400 401//401 403//403 402//402
f 403//403 401//401 405//405 404//404
f 407//407 406//406 403//403 404//404
f 408//408 407//407 404//404
f 410//410 407//407 408//408 409//409
f 412//412 410//410 409//409 411//411
f 413//413 412//412 411//411
f 412//412 413//413 415//415 414//414
f 414//414 415//415 417//417 416//416
f 419//419 416//416 417//417 418//418
f 420//420 419//419 418//418
f 422//422 419//419 420//420 421//421
f 424//424 422//422 421//421 423//423
f 425//425 424//424 423//423
f 424//424 425//425 427//427 426//426
f 426//426 427//427 429//429 428//428
f 431//431 428//428 429//429 430//430
f 432//432 431//431 430//430
f 434//434 431//431 432//432 433//433
f 436//436 434//434 433//433 435//435
f 438//438 436//436 435//435 437//437
f 440//440 439//439 438//438 437//437
f 439//439 440//440 442//442 441//441
f 442//442 445//445 444//444 443//443
f 441//441 442//442 443//443
f 447//447 444//444 445//445 446//446
f 448//448 447//447 446//446
f 450//450 447//447 448//448 449//449
f 452//452 450//450 449//449 451//451
f 454//454 452//452 451//451 453//453
f 456//456 455//455 454//454 453//453
f 455//455 456//456 458//458 457//457
f 460//460 457//457 458//458 459//459
f 462//462 461//461 460//460 459//459
f 464//464 461//461 462//462 463//463
f 466//466 464//464 463//463 465//465
f 468//468 466//466 465//465 467//467
f 469//469 468//468 467//467
f 469//469 472//472 471//471 470//470
f 468//468 469//469 470//470
f 472//472 475//475 474//474 473//473
f 471//471 472//472 473//473
f 477//477 474//474 475//475 476//476
f 478//478 477//477 476//476
f 480//480 477//477 478//478 479//479
f 482//482 480//480 479//479 481//481
f 483//483 482//482 481//481
f 483//483 486//486 485//485 484//484
f 482//482 483//483 484//484
f 486//486 489//489 488//488 487//487
f 485//485 486//486 487//487
f 491//491 488//488 489//489 490//490
f 492//492 491//491 490//490
f 494//494 491//491 492//492 493//493
f 496//496 494//494 493//493 495//495
f 498//498 496//496 495//495 497//497
f 499//499 498//498 497//497
f 499//499 502//502 501//501 500//500
f 498//498 499//499 500//500
f 502//502 505//505 504//504 503//503
f 501//501 502//502 503//503
f 507//507 504//504 505//505 506//506
f 508//508 507//507 506//506
f 510//510 507//507 508//508 509//509
f 512//512 510//510 509//509 511//511
f 513//513 512//512 511//511
f 512//512 513//513 515//515 514//514
f 513//513 517//517 516//516 515//515
f 516//516 519//519 518//518 515//515
f 520//520 517//517 513//513 511//511
f 522//522 521//521 517//517 520//520
f 523//523 522//522 520//520
f 525//525 524//524 522//522 523//523
f 527//527 524//524 525//525 526//526
f 528//528 527//527 526//526
f 528//528 531//531 530//530 529//529
f 527//527 528//528 529//529
f 532//532 527//527 529//529
f 530//530 533//533 529//529
f 533//533 530//530 534//534
f 524//524 527//527 532//532 535//535
f 522//522 524//524 535//535 536//536
f 535//535 538//538 537//537 536//536
f 540//540 539//539 525//525 523//523
f 542//542 539//539 540//540 541//541
f 526//526 539//539 542//542 506//506
f 521//521 522//522 536//536 543//543
f 521//521 543//543 544//544
f 540//540 523//523 520//520
f 541//541 540//540 520//520 511//511
f 546//546 510//510 512//512 545//545
f 509//509 541//541 511//511
f 547//547 507//507 510//510 546//546
f 549//549 548//548 547//547 546//546
f 508//508 542//542 541//541 509//509
f 505//505 528//528 526//526 506//506
f 542//542 508//508 506//506
f 502//502 531//531 528//528 505//505
f 504//504 550//550 503//503
f 499//499 551//551 531//531 502//502
f 501//501 552//552 500//500
f 553//553 551//551 499//499 497//497
f 555//555 554//554 551//551 553//553
f 556//556 555//555 553//553
f 558//558 557//557 555//555 556//556
f 560//560 559//559 557//557 558//558
f 562//562 559//559 560//560 561//561
f 563//563 562//562 561//561
f 559//559 562//562 565//565 564//564
f 565//565 562//562 566//566
f 560//560 567//567 561//561
f 561//561 567//567 568//568 490//490
f 568//568 567//567 570//570 569//569
f 569//569 570//570 572//572 571//571
f 557//557 559//559 564//564 573//573
f 555//555 557//557 573//573 574//574
f 573//573 576//576 575//575 574//574
f 572//572 570//570 558//558 556//556
f 554//554 555//555 574//574 577//577
f 554//554 577//577 534//534
f 572//572 556//556 553//553
f 571//571 572//572 553//553 497//497
f 579//579 496//496 498//498 578//578
f 495//495 571//571 497//497
f 580//580 494//494 496//496 579//579
f 582//582 581//581 580//580 579//579
f 581//581 584//584 583//583 580//580
f 493//493 569//569 571//571 495//495
f 492//492 568//568 569//569 493//493
f 489//489 563//563 561//561 490//490
f 585//585 488//488 491//491 583//583
f 568//568 492//492 490//490
f 486//486 586//586 563//563 489//489
f 587//587 485//485 487//487
f 483//483 588//588 586//586 486//486
f 586//586 588//588 590//590 589//589
f 591//591 586//586 589//589
f 593//593 590//590 588//588 592//592
f 594//594 593//593 592//592
f 596//596 595//595 593//593 594//594
f 598//598 595//595 596//596 597//597
f 599//599 598//598 597//597
f 595//595 598//598 601//601 600//600
f 601//601 598//598 602//602
f 596//596 603//603 597//597
f 597//597 603//603 604//604 476//476
f 604//604 603//603 606//606 605//605
f 605//605 606//606 592//592 481//481
f 593//593 595//595 600//600 607//607
f 590//590 593//593 607//607 608//608
f 606//606 594//594 592//592
f 590//590 608//608 589//589
f 609//609 591//591 589//589
f 591//591 609//609 566//566
f 610//610 482//482 484//484
f 592//592 588//588 483//483 481//481
f 611//611 480//480 482//482 610//610
f 479//479 605//605 481//481
f 478//478 604//604 605//605 479//479
f 475//475 599//599 597//597 476//476
f 613//613 474//474 477//477 612//612
f 604//604 478//478 476//476
f 472//472 614//614 599//599 475//475
f 615//615 471//471 473//473
f 469//469 616//616 614//614 472//472
f 471//471 615//615 470//470
f 617//617 616//616 469//469 467//467
f 619//619 618//618 616//616 617//617
f 620//620 619//619 617//617
f 622//622 621//621 619//619 620//620
f 624//624 623//623 621//621 622//622
f 626//626 623//623 624//624 625//625
f 628//628 627//627 626//626 625//625
f 629//629 623//623 626//626
f 627//627 630//630 626//626
f 632//632 631//631 630//630 627//627
f 631//631 632//632 633//633
f 633//633 632//632 635//635 634//634
f 637//637 636//636 633//633 634//634
f 639//639 638//638 636//636 637//637
f 641//641 640//640 638//638 639//639
f 643//643 640//640 641//641 642//642
f 644//644 643//643 642//642
f 640//640 643//643 646//646 645//645
f 646//646 643//643 647//647
f 641//641 648//648 642//642
f 642//642 648//648 649//649 446//446
f 649//649 648//648 651//651 650//650
f 650//650 651//651 653//653 652//652
f 652//652 653//653 634//634 453//453
f 638//638 640//640 645//645 654//654
f 636//636 638//638 654//654 655//655
f 654//654 657//657 656//656 655//655
f 653//653 651//651 639//639 637//637
f 636//636 655//655 633//633
f 653//653 637//637 634//634
f 624//624 658//658 625//625
f 625//625 658//658 659//659 459//459
f 659//659 658//658 661//661 660//660
f 660//660 661//661 663//663 662//662
f 621//621 623//623 629//629 664//664
f 619//619 621//621 664//664 665//665
f 664//664 667//667 666//666 665//665
f 663//663 661//661 622//622 620//620
f 618//618 619//619 665//665 668//668
f 618//618 668//668 669//669
f 663//663 620//620 617//617
f 662//662 663//663 617//617 467//467
f 671//671 466//466 468//468 670//670
f 465//465 662//662 467//467
f 672//672 464//464 466//466 671//671
f 674//674 673//673 672//672 671//671
f 673//673 676//676 675//675 672//672
f 463//463 660//660 662//662 465//465
f 462//462 659//659 660//660 463//463
f 458//458 628//628 625//625 459//459
f 461//461 675//675 460//460
f 659//659 462//462 459//459
f 456//456 635//635 628//628 458//458
f 678//678 677//677 455//455 457//457
f 634//634 635//635 456//456 453//453
f 679//679 452//452 454//454
f 451//451 652//652 453//453
f 680//680 450//450 452//452 679//679
f 682//682 681//681 680//680 679//679
f 681//681 684//684 683//683 680//680
f 449//449 650//650 652//652 451//451
f 448//448 649//649 650//650 449//449
f 445//445 644//644 642//642 446//446
f 685//685 444//444 447//447 683//683
f 649//649 448//448 446//446
f 442//442 686//686 644//644 445//445
f 687//687 441//441 443//443
f 440//440 688//688 686//686 442//442
f 687//687 689//689 439//439 441//441
f 690//690 688//688 440//440 437//437
f 692//692 691//691 688//688 690//690
f 694//694 693//693 692//692 690//690
f 696//696 695//695 693//693 694//694
f 698//698 697//697 695//695 696//696
f 700//700 697//697 698//698 699//699
f 701//701 700//700 699//699
f 700//700 703//703 702//702 697//697
f 700//700 706//706 705//705 704//704
f 703//703 700//700 704//704
f 706//706 708//708 707//707 705//705
f 708//708 711//711 710//710 709//709
f 707//707 708//708 709//709
f 713//713 712//712 710//710 711//711
f 715//715 713//713 711//711 714//714
f 389//389 713//713 715//715 716//716
f 717//717 389//389 716//716
f 715//715 718//718 716//716
f 716//716 718//718 719//719 418//418
f 719//719 718//718 721//721 720//720
f 720//720 721//721 722//722 423//423
f 721//721 714//714 722//722
f 711//711 708//708 723//723 722//722
f 714//714 711//711 722//722
f 724//724 707//707 709//709
f 344//344 725//725 724//724 709//709
f 724//724 725//725 727//727 726//726
f 726//726 727//727 341//341 704//704
f 723//723 708//708 706//706 728//728
f 705//705 726//726 704//704
f 698//698 729//729 699//699
f 699//699 729//729 730//730 430//430
f 730//730 729//729 732//732 731//731
f 731//731 732//732 734//734 733//733
f 697//697 702//702 735//735 695//695
f 693//693 695//695 735//735 736//736
f 737//737 693//693 736//736
f 735//735 335//335 738//738 736//736
f 738//738 740//740 739//739 736//736
f 739//739 737//737 736//736
f 734//734 732//732 696//696 694//694
f 693//693 737//737 692//692
f 741//741 691//691 692//692
f 691//691 741//741 743//743 742//742
f 742//742 743//743 647//647
f 734//734 694//694 690//690
f 733//733 734//734 690//690 437//437
f 744//744 436//436 438//438
f 435//435 733//733 437//437
f 745//745 434//434 436//436 744//744
f 747//747 746//746 745//745 744//744
f 746//746 749//749 748//748 745//745
f 433//433 731//731 733//733 435//435
f 432//432 730//730 731//731 433//433
f 429//429 701//701 699//699 430//430
f 750//750 428//428 431//431 748//748
f 730//730 432//432 430//430
f 427//427 728//728 701//701 429//429
f 425//425 723//723 728//728 427//427
f 752//752 424//424 426//426 751//751
f 722//722 723//723 425//425 423//423
f 753//753 422//422 424//424 752//752
f 421//421 720//720 423//423
f 420//420 719//719 720//720 421//421
f 417//417 717//717 716//716 418//418
f 755//755 416//416 419//419 754//754
f 719//719 420//420 418//418
f 415//415 756//756 717//717 417//417
f 413//413 757//757 756//756 415//415
f 758//758 757//757 413//413 411//411
f 760//760 759//759 758//758 411//411
f 762//762 761//761 759//759 760//760
f 759//759 761//761 764//764 763//763
f 759//759 763//763 758//758
f 766//766 410//410 412//412 765//765
f 409//409 760//760 411//411
f 767//767 407//407 410//410 766//766
f 769//769 768//768 767//767 766//766
f 408//408 762//762 760//760 409//409
f 762//762 408//408 404//404
f 405//405 761//761 762//762 404//404
f 402//402 403//403 406//406 770//770
f 406//406 771//771 770//770
f 773//773 772//772 400//400 402//402
f 398//398 396//396 764//764 405//405
f 401//401 398//398 405//405
f 764//764 396//396 394//394 763//763
f 395//395 775//775 774//774 393//393
f 394//394 392//392 757//757 758//758
f 763//763 394//394 758//758
f 389//389 390//390 712//712 713//713
f 391//391 384//384 385//385 387//387
f 353//353 362//362 352//352
f 378//378 350//350 352//352
f 390//390 351//351 349//349 712//712
f 350//350 378//378 376//376 348//348
f 374//374 379//379 345//345 347//347
f 348//348 376//376 347//347
f 345//345 379//379 776//776 342//342
f 343//343 725//725 344//344
f 342//342 776//776 777//777 339//339
f 727//727 725//725 343//343 340//340
f 339//339 777//777 778//778 338//338
f 777//777 779//779 778//778
f 778//778 781//781 780//780 338//338
f 780//780 781//781 324//324 782//782
f 780//780 336//336 338//338
f 336//336 780//780 782//782 333//333
f 333//333 782//782 332//332
f 330//330 331//331 784//784 783//783
f 785//785 330//330 783//783
f 329//329 330//330 785//785 738//738
f 335//335 329//329 738//738
f 787//787 786//786 331//331 327//327
f 326//326 788//788 787//787 327//327
f 788//788 790//790 789//789 787//787
f 790//790 791//791 789//789
f 790//790 794//794 793//793 792//792
f 791//791 790//790 792//792
f 793//793 795//795 792//792
f 796//796 786//786 787//787
f 788//788 326//326 323//323
f 794//794 790//790 788//788 323//323
f 322//322 794//794 323//323
f 319//319 797//797 320//320
f 794//794 322//322 320//320
f 319//319 316//316 799//799 798//798
f 797//797 319//319 798//798
f 799//799 801//801 800//800 798//798
f 801//801 802//802 800//800
f 801//801 804//804 803//803 802//802
f 803//803 804//804 805//805
f 807//807 806//806 803//803 805//805
f 808//808 807//807 805//805
f 808//808 811//811 810//810 809//809
f 807//807 808//808 809//809
f 810//810 811//811 812//812
f 813//813 807//807 809//809
f 814//814 808//808 805//805
f 803//803 806//806 815//815 802//802
f 815//815 806//806 817//817 816//816
f 819//819 815//815 816//816 818//818
f 817//817 821//821 820//820 816//816
f 815//815 819//819 822//822 800//800
f 802//802 815//815 800//800
f 822//822 819//819 824//824 823//823
f 800//800 822//822 825//825 798//798
f 825//825 797//797 798//798
f 315//315 318//318 781//781 778//778
f 779//779 315//315 778//778
f 317//317 826//826 799//799 316//316
f 315//315 779//779 314//314
f 317//317 313//313 310//310
f 827//827 826//826 317//317 310//310
f 309//309 827//827 310//310
f 811//811 808//808 814//814 307//307
f 306//306 811//811 307//307
f 814//814 827//827 307//307
f 305//305 308//308 311//311 373//373
f 371//371 305//305 373//373
f 827//827 309//309 307//307
f 368//368 304//304 305//305 371//371
f 369//369 302//302 300//300
f 297//297 294//294 812//812 303//303
f 299//299 297//297 303//303
f 294//294 293//293 810//810 812//812
f 1//1 828//828 288//288 291//291
f 290//290 289//289 813//813 809//809
f 828//828 830//830 829//829 287//287
f 288//288 828//828 287//287
f 832//832 829//829 830//830 831//831
f 830//830 834//834 833//833 831//831
f 831//831 833//833 836//836 835//835
f 835//835 836//836 837//837
f 837//837 836//836 839//839 838//838
f 842//842 841//841 840//840 838//838
f 839//839 842//842 838//838
f 840//840 841//841 843//843
f 846//846 845//845 844//844 843//843
f 841//841 846//846 843//843
f 844//844 845//845 847//847
f 845//845 846//846 849//849 848//848
f 850//850 845//845 848//848
f 851//851 850//850 848//848
f 853//853 852//852 851//851 848//848
f 854//854 853//853 848//848
f 851//851 852//852 855//855
f 852//852 856//856 855//855
f 859//859 858//858 857//857 855//855
f 856//856 859//859 855//855
f 859//859 856//856 860//860
f 862//862 861//861 859//859 860//860
f 863//863 862//862 860//860
f 861//861 862//862 865//865 864//864
f 862//862 867//867 866//866 865//865
f 866//866 867//867 869//869 868//868
f 871//871 870//870 866//866 868//868
f 872//872 871//871 868//868
f 870//870 871//871 874//874 873//873
f 873//873 874//874 876//876 875//875
f 874//874 878//878 877//877 876//876
f 877//877 878//878 880//880 879//879
f 883//883 882//882 881//881 880//880
f 878//878 883//883 880//880
f 882//882 885//885 884//884 881//881
f 882//882 883//883 887//887 886//886
f 888//888 882//882 886//886
f 890//890 889//889 888//888 886//886
f 889//889 892//892 891//891 888//888
f 892//892 894//894 893//893 891//891
f 894//894 897//897 896//896 895//895
f 893//893 894//894 895//895
f 896//896 897//897 898//898
f 900//900 899//899 896//896 898//898
f 901//901 900//900 898//898
f 902//902 901//901 898//898
f 899//899 900//900 904//904 903//903
f 900//900 906//906 905//905 904//904
f 906//906 908//908 907//907 905//905
f 907//907 910//910 909//909 905//905
f 909//909 910//910 912//912 911//911
f 910//910 915//915 914//914 913//913
f 912//912 910//910 913//913
f 913//913 914//914 917//917 916//916
f 917//917 914//914 919//919 918//918
f 919//919 921//921 920//920 918//918
f 923//923 922//922 913//913 916//916
f 925//925 922//922 923//923 924//924
f 927//927 925//925 924//924 926//926
f 911//911 925//925 927//927
f 924//924 928//928 926//926
f 930//930 929//929 927//927 926//926
f 932//932 929//929 930//930 931//931
f 934//934 932//932 931//931 933//933
f 936//936 934//934 933//933 935//935
f 938//938 937//937 936//936 935//935
f 940//940 937//937 938//938 939//939
f 939//939 938//938 942//942 941//941
f 939//939 941//941 879//879
f 937//937 884//884 936//936
f 942//942 938//938 935//935
f 944//944 943//943 932//932 934//934
f 933//933 931//931 946//946 945//945
f 945//945 946//946 948//948 947//947
f 946//946 950//950 949//949 948//948
f 950//950 952//952 951//951 949//949
f 952//952 954//954 953//953 951//951
f 954//954 956//956 955//955 953//953
f 955//955 956//956 957//957
f 958//958 954//954 952//952 928//928
f 953//953 960//960 959//959 951//951
f 962//962 945//945 947//947 961//961
f 964//964 962//962 961//961 963//963
f 966//966 964//964 963//963 965//965
f 968//968 966//966 965//965 967//967
f 970//970 968//968 967//967 969//969
f 972//972 970//970 969//969 971//971
f 974//974 972//972 971//971 973//973
f 976//976 974//974 973//973 975//975
f 976//976 975//975 977//977
f 979//979 974//974 976//976 978//978
f 981//981 980//980 979//979 978//978
f 980//980 983//983 982//982 979//979
f 982//982 983//983 984//984
f 983//983 986//986 985//985 984//984
f 986//986 987//987 985//985
f 988//988 986//986 983//983 980//980
f 981//981 978//978 989//989
f 991//991 990//990 981//981 989//989
f 992//992 990//990 991//991
f 993//993 988//988 990//990 992//992
f 995//995 994//994 993//993 992//992
f 994//994 996//996 987//987 993//993
f 994//994 995//995 998//998 997//997
f 864//864 994//994 997//997
f 998//998 999//999 997//997
f 999//999 1001//1001 1000//1000 997//997
f 1001//1001 1002//1002 1000//1000
f 1004//1004 1003//1003 991//991 989//989
f 1006//1006 1003//1003 1004//1004 1005//1005
f 1008//1008 1006//1006 1005//1005 1007//1007
f 1010//1010 1008//1008 1007//1007 1009//1009
f 1012//1012 1011//1011 1010//1010 1009//1009
f 1014//1014 1011//1011 1012//1012 1013//1013
f 1016//1016 1014//1014 1013//1013 1015//1015
f 1018//1018 1016//1016 1015//1015 1017//1017
f 1019//1019 1016//1016 1018//1018
f 1015//1015 1020//1020 1017//1017
f 1022//1022 1021//1021 1018//1018 1017//1017
f 1024//1024 1021//1021 1022//1022 1023//1023
f 1026//1026 1024//1024 1023//1023 1025//1025
f 1028//1028 1027//1027 1026//1026 1025//1025
f 1030//1030 1027//1027 1028//1028 1029//1029
f 1032//1032 1030//1030 1029//1029 1031//1031
f 1034//1034 1032//1032 1031//1031 1033//1033
f 1035//1035 1032//1032 1034//1034
f 1031//1031 1036//1036 1033//1033
f 1038//1038 1037//1037 1034//1034 1033//1033
f 1040//1040 1037//1037 1038//1038 1039//1039
f 1042//1042 1040//1040 1039//1039 1041//1041
f 1044//1044 1042//1042 1041//1041 1043//1043
f 1046//1046 1045//1045 1044//1044 1043//1043
f 1048//1048 1045//1045 1046//1046 1047//1047
f 1050//1050 1048//1048 1047//1047 1049//1049
f 1051//1051 1048//1048 1050//1050
f 1053//1053 1052//1052 1051//1051 1050//1050
f 1054//1054 1053//1053 1050//1050
f 1052//1052 1056//1056 1055//1055 1051//1051
f 1058//1058 1052//1052 1053//1053 1057//1057
f 1047//1047 1059//1059 1049//1049
f 1062//1062 1061//1061 1060//1060 1049//1049
f 1059//1059 1062//1062 1049//1049
f 1061//1061 1062//1062 1064//1064 1063//1063
f 1062//1062 1066//1066 1065//1065 1064//1064
f 1066//1066 1068//1068 1067//1067 1065//1065
f 1067//1067 1068//1068 1069//1069
f 1065//1065 1071//1071 1070//1070 1064//1064
f 1061//1061 1063//1063 1072//1072
f 1060//1060 1054//1054 1050//1050 1049//1049
f 1074//1074 1054//1054 1060//1060 1073//1073
f 1076//1076 1074//1074 1073//1073 1075//1075
f 1078//1078 1076//1076 1075//1075 1077//1077
f 1080//1080 1079//1079 1078//1078 1077//1077
f 1082//1082 1079//1079 1080//1080 1081//1081
f 1084//1084 1082//1082 1081//1081 1083//1083
f 1086//1086 1084//1084 1083//1083 1085//1085
f 1087//1087 1084//1084 1086//1086
f 1083//1083 1088//1088 1085//1085
f 1090//1090 1089//1089 1086//1086 1085//1085
f 1092//1092 1089//1089 1090//1090 1091//1091
f 1094//1094 1092//1092 1091//1091 1093//1093
f 1096//1096 1094//1094 1093//1093 1095//1095
f 1098//1098 1097//1097 1094//1094 1096//1096
f 1099//1099 1098//1098 1096//1096
f 1101//1101 1098//1098 1099//1099 1100//1100
f 1103//1103 1098//1098 1101//1101 1102//1102
f 1105//1105 1104//1104 1103//1103 1102//1102
f 1099//1099 1107//1107 1106//1106 1100//1100
f 1100//1100 1106//1106 1108//1108
f 1108//1108 1106//1106 1110//1110 1109//1109
f 1110//1110 1111//1111 1109//1109
f 1110//1110 1113//1113 1112//1112 1111//1111
f 1112//1112 1113//1113 1095//1095
f 1112//1112 1115//1115 1114//1114 1111//1111
f 1114//1114 1115//1115 1117//1117 1116//1116
f 1115//1115 1119//1119 1118//1118 1117//1117
f 1118//1118 1119//1119 1120//1120
f 1122//1122 1114//1114 1116//1116 1121//1121
f 1122//1122 1121//1121 1123//1123
f 1125//1125 1124//1124 1122//1122 1123//1123
f 1127//1127 1126//1126 1124//1124 1125//1125
f 1129//1129 1128//1128 1126//1126 1127//1127
f 1130//1130 1128//1128 1129//1129
f 1132//1132 1131//1131 1127//1127 1125//1125
f 1117//1117 1134//1134 1133//1133 1116//1116
f 1124//1124 1126//1126 1108//1108 1109//1109
f 1106//1106 1107//1107 1113//1113 1110//1110
f 1113//1113 1107//1107 1096//1096 1095//1095
f 1089//1089 1092//1092 1136//1136 1135//1135
f 1137//1137 1089//1089 1135//1135
f 1138//1138 1137//1137 1135//1135
f 1136//1136 1139//1139 1135//1135
f 1139//1139 1136//1136 1140//1140
f 1091//1091 1090//1090 1142//1142 1141//1141
f 1143//1143 1091//1091 1141//1141
f 1142//1142 1144//1144 1141//1141
f 1142//1142 1146//1146 1145//1145 1144//1144
f 1146//1146 1148//1148 1147//1147 1145//1145
f 1148//1148 1150//1150 1149//1149 1147//1147
f 1150//1150 1152//1152 1151//1151 1149//1149
f 1151//1151 1152//1152 1153//1153
f 1149//1149 1155//1155 1154//1154 1147//1147
f 1156//1156 1148//1148 1146//1146 1088//1088
f 1147//1147 1154//1154 1157//1157 1145//1145
f 1158//1158 1143//1143 1141//1141
f 1143//1143 1158//1158 1120//1120
f 1159//1159 1082//1082 1084//1084 1087//1087
f 1161//1161 1160//1160 1159//1159 1087//1087
f 1160//1160 1163//1163 1162//1162 1159//1159
f 1165//1165 1160//1160 1161//1161 1164//1164
f 1167//1167 1166//1166 1165//1165 1164//1164
f 1166//1166 1169//1169 1168//1168 1165//1165
f 1083//1083 1081//1081 1156//1156 1088//1088
f 1081//1081 1080//1080 1170//1170 1156//1156
f 1079//1079 1162//1162 1078//1078
f 1170//1170 1080//1080 1077//1077
f 1074//1074 1076//1076 1172//1172 1171//1171
f 1173//1173 1074//1074 1171//1171
f 1172//1172 1174//1174 1171//1171
f 1175//1175 1173//1173 1171//1171
f 1173//1173 1175//1175 1176//1176
f 1075//1075 1073//1073 1177//1177 1153//1153
f 1152//1152 1075//1075 1153//1153
f 1177//1177 1178//1178 1153//1153
f 1178//1178 1177//1177 1072//1072
f 1047//1047 1046//1046 1179//1179 1059//1059
f 1045//1045 1055//1055 1044//1044
f 1179//1179 1046//1046 1043//1043
f 1040//1040 1042//1042 1181//1181 1180//1180
f 1182//1182 1040//1040 1180//1180
f 1181//1181 1183//1183 1180//1180
f 1184//1184 1182//1182 1180//1180
f 1182//1182 1184//1184 1185//1185
f 1041//1041 1039//1039 1186//1186 1069//1069
f 1068//1068 1041//1041 1069//1069
f 1186//1186 1187//1187 1069//1069
f 1187//1187 1186//1186 1188//1188
f 1037//1037 1040//1040 1182//1182 1185//1185
f 1189//1189 1037//1037 1185//1185
f 1190//1190 1189//1189 1185//1185
f 1039//1039 1038//1038 1191//1191 1188//1188
f 1186//1186 1039//1039 1188//1188
f 1191//1191 1192//1192 1188//1188
f 1191//1191 1194//1194 1193//1193 1192//1192
f 1194//1194 1196//1196 1195//1195 1193//1193
f 1196//1196 1198//1198 1197//1197 1195//1195
f 1197//1197 1198//1198 1199//1199
f 1197//1197 1201//1201 1200//1200 1195//1195
f 1202//1202 1196//1196 1194//1194 1036//1036
f 1195//1195 1200//1200 1203//1203 1193//1193
f 1204//1204 1030//1030 1032//1032 1035//1035
f 1206//1206 1205//1205 1204//1204 1035//1035
f 1205//1205 1208//1208 1207//1207 1204//1204
f 1210//1210 1205//1205 1206//1206 1209//1209
f 1212//1212 1211//1211 1210//1210 1209//1209
f 1211//1211 1214//1214 1213//1213 1210//1210
f 1031//1031 1029//1029 1202//1202 1036//1036
f 1029//1029 1028//1028 1215//1215 1202//1202
f 1027//1027 1207//1207 1026//1026
f 1215//1215 1028//1028 1025//1025
f 1217//1217 1021//1021 1024//1024 1216//1216
f 1219//1219 1218//1218 1217//1217 1216//1216
f 1217//1217 1218//1218 1220//1220
f 1219//1219 1216//1216 1221//1221
f 1023//1023 1022//1022 1223//1223 1222//1222
f 1223//1223 1225//1225 1224//1224 1222//1222
f 1225//1225 1223//1223 1226//1226
f 1222//1222 1224//1224 1199//1199
f 1227//1227 1014//1014 1016//1016 1019//1019
f 1229//1229 1228//1228 1227//1227 1019//1019
f 1228//1228 1231//1231 1230//1230 1227//1227
f 1233//1233 1228//1228 1229//1229 1232//1232
f 1235//1235 1234//1234 1233//1233 1232//1232
f 1234//1234 1237//1237 1236//1236 1233//1233
f 1015//1015 1013//1013 1238//1238 1020//1020
f 1238//1238 1240//1240 1239//1239 1020//1020
f 1239//1239 1240//1240 1242//1242 1241//1241
f 1240//1240 1244//1244 1243//1243 1242//1242
f 1244//1244 1246//1246 1245//1245 1243//1243
f 1245//1245 1246//1246 1247//1247
f 1243//1243 1249//1249 1248//1248 1242//1242
f 1239//1239 1241//1241 1226//1226
f 1242//1242 1248//1248 1250//1250 1241//1241
f 1013//1013 1012//1012 1251//1251 1238//1238
f 1011//1011 1230//1230 1010//1010
f 1251//1251 1012//1012 1009//1009
f 1006//1006 1008//1008 1253//1253 1252//1252
f 1254//1254 1006//1006 1252//1252
f 1253//1253 1255//1255 1252//1252
f 1256//1256 1254//1254 1252//1252
f 1256//1256 1258//1258 1257//1257 1254//1254
f 1257//1257 1258//1258 1259//1259
f 1007//1007 1005//1005 1260//1260 1247//1247
f 1246//1246 1007//1007 1247//1247
f 1260//1260 1261//1261 1247//1247
f 1263//1263 1262//1262 1261//1261 1260//1260
f 1262//1262 1263//1263 977//977
f 1257//1257 1003//1003 1006//1006 1254//1254
f 1005//1005 1004//1004 1263//1263 1260//1260
f 990//990 988//988 980//980 981//981
f 973//973 1265//1265 1264//1264 975//975
f 971//971 1266//1266 1265//1265 973//973
f 961//961 1268//1268 1267//1267 963//963
f 943//943 1269//1269 929//929 932//932
f 931//931 930//930 950//950 946//946
f 924//924 923//923 958//958 928//928
f 958//958 923//923 916//916
f 912//912 922//922 925//925 911//911
f 899//899 903//903 895//895
f 904//904 1269//1269 943//943 903//903
f 943//943 944//944 893//893 895//895
f 903//903 943//943 895//895
f 896//896 899//899 895//895
f 1271//1271 894//894 892//892 1270//1270
f 1273//1273 1272//1272 1271//1271 1270//1270
f 1271//1271 1272//1272 1274//1274
f 1277//1277 1276//1276 1275//1275 1274//1274
f 1272//1272 1277//1277 1274//1274
f 1275//1275 1276//1276 1278//1278
f 1276//1276 1279//1279 1278//1278
f 1281//1281 1280//1280 1275//1275 1278//1278
f 1282//1282 1281//1281 1278//1278
f 1281//1281 1282//1282 1284//1284 1283//1283
f 1282//1282 1285//1285 1284//1284
f 902//902 1281//1281 1283//1283
f 1275//1275 1280//1280 1274//1274
f 1273//1273 1270//1270 1286//1286
f 1288//1288 1287//1287 1273//1273 1286//1286
f 1290//1290 1289//1289 1287//1287 1288//1288
f 1291//1291 1289//1289 1290//1290
f 1293//1293 1292//1292 1289//1289 1291//1291
f 1292//1292 1293//1293 1294//1294
f 1296//1296 1295//1295 1288//1288 1286//1286
f 1298//1298 1295//1295 1296//1296 1297//1297
f 1300//1300 1298//1298 1297//1297 1299//1299
f 1302//1302 1300//1300 1299//1299 1301//1301
f 1304//1304 1303//1303 1302//1302 1301//1301
f 853//853 1303//1303 1304//1304 1305//1305
f 1305//1305 1304//1304 1306//1306 863//863
f 1309//1309 1308//1308 1307//1307 1302//1302
f 1303//1303 1309//1309 1302//1302
f 1307//1307 1308//1308 1310//1310
f 1313//1313 1312//1312 1311//1311 1310//1310
f 1308//1308 1313//1313 1310//1310
f 1311//1311 1312//1312 1314//1314
f 1317//1317 1316//1316 1315//1315 1314//1314
f 1312//1312 1317//1317 1314//1314
f 1315//1315 1316//1316 1318//1318
f 1316//1316 1319//1319 1318//1318
f 1315//1315 1320//1320 1314//1314
f 1311//1311 1321//1321 1310//1310
f 1322//1322 1313//1313 1308//1308 1309//1309
f 1309//1309 854//854 849//849 1323//1323
f 1322//1322 1309//1309 1323//1323
f 1324//1324 1322//1322 1323//1323
f 1313//1313 1322//1322 1324//1324 1325//1325
f 1326//1326 1313//1313 1325//1325
f 1328//1328 1327//1327 1326//1326 1325//1325
f 1327//1327 1329//1329 1317//1317 1326//1326
f 1331//1331 1329//1329 1327//1327 1330//1330
f 1329//1329 1331//1331 1332//1332
f 1330//1330 1327//1327 1328//1328
f 1324//1324 842//842 1325//1325
f 1306//1306 1304//1304 1301//1301
f 1298//1298 1300//1300 1307//1307 1310//1310
f 1321//1321 1298//1298 1310//1310
f 1299//1299 1297//1297 1334//1334 1333//1333
f 1334//1334 1336//1336 1335//1335 1333//1333
f 1336//1336 1334//1334 890//890
f 1333//1333 1335//1335 869//869
f 1335//1335 1336//1336 1338//1338 1337//1337
f 1337//1337 1338//1338 887//887 872//872
f 1321//1321 1339//1339 1295//1295 1298//1298
f 1287//1287 1277//1277 1272//1272 1273//1273
f 1297//1297 1296//1296 889//889 890//890
f 1334//1334 1297//1297 890//890
f 1338//1338 1336//1336 890//890 886//886
f 887//887 1338//1338 886//886
f 881//881 940//940 880//880
f 964//964 966//966 877//877 879//879
f 941//941 964//964 879//879
f 880//880 940//940 939//939 879//879
f 985//985 873//873 875//875 984//984
f 875//875 876//876 968//968 970//970
f 1337//1337 872//872 868//868
f 869//869 1335//1335 1337//1337 868//868
f 1000//1000 861//861 864//864 997//997
f 1305//1305 863//863 860//860
f 1341//1341 857//857 858//858 1340//1340
f 1342//1342 857//857 1341//1341
f 858//858 1002//1002 1340//1340
f 852//852 853//853 1305//1305 860//860
f 856//856 852//852 860//860
f 849//849 854//854 848//848
f 841//841 842//842 1324//1324 1323//1323
f 846//846 841//841 1323//1323
f 840//840 1343//1343 838//838
f 833//833 834//834 1331//1331 1330//1330
f 828//828 2//2 834//834 830//830
f 289//289 286//286 821//821 817//817
f 813//813 289//289 817//817
f 285//285 821//821 286//286
f 284//284 829//829 832//832 282//282
f 820//820 821//821 285//285 283//283
f 282//282 832//832 281//281
f 820//820 283//283 280//280
f 831//831 835//835 278//278 281//281
f 832//832 831//831 281//281
f 820//820 280//280 279//279 818//818
f 816//816 820//820 818//818
f 818//818 279//279 276//276 824//824
f 276//276 275//275 1344//1344 823//823
f 824//824 276//276 823//823
f 1344//1344 795//795 823//823
f 274//274 1343//1343 272//272
f 1344//1344 275//275 273//273
f 1344//1344 273//273 270//270 792//792
f 795//795 1344//1344 792//792
f 843//843 844//844 268//268 271//271
f 270//270 269//269 791//791 792//792
f 268//268 844//844 847//847 267//267
f 791//791 269//269 266//266 789//789
f 264//264 1345//1345 262//262
f 796//796 265//265 263//263
f 796//796 263//263 261//261 784//784
f 786//786 796//796 784//784
f 260//260 1341//1341 1340//1340 258//258
f 784//784 261//261 259//259 783//783
f 1340//1340 1002//1002 1001//1001 256//256
f 258//258 1340//1340 256//256
f 257//257 740//740 785//785 783//783
f 259//259 257//257 783//783
f 739//739 740//740 257//257 254//254
f 252//252 1258//1258 1256//1256 250//250
f 743//743 741//741 253//253 251//251
f 1256//1256 1252//1252 1255//1255 248//248
f 250//250 1256//1256 248//248
f 251//251 249//249 646//646 647//647
f 743//743 251//251 647//647
f 1237//1237 244//244 247//247
f 245//245 1346//1346 246//246
f 657//657 1346//1346 245//245 243//243
f 242//242 1234//1234 1235//1235 240//240
f 656//656 657//657 243//243 241//241
f 240//240 1235//1235 239//239
f 656//656 241//241 238//238
f 236//236 1218//1218 1219//1219 234//234
f 630//630 631//631 237//237 235//235
f 1214//1214 230//230 233//233
f 231//231 1347//1347 232//232
f 667//667 1347//1347 231//231 229//229
f 228//228 1211//1211 1212//1212 226//226
f 666//666 667//667 229//229 227//227
f 226//226 1212//1212 225//225
f 666//666 227//227 224//224
f 1190//1190 1185//1185 1184//1184 220//220
f 222//222 1190//1190 220//220
f 223//223 221//221 1348//1348 669//669
f 668//668 223//223 669//669
f 1348//1348 1349//1349 669//669
f 1349//1349 1348//1348 602//602
f 1184//1184 1180//1180 1183//1183 218//218
f 220//220 1184//1184 218//218
f 221//221 219//219 601//601 602//602
f 1348//1348 221//221 602//602
f 1350//1350 214//214 217//217
f 215//215 1351//1351 216//216
f 1352//1352 1351//1351 215//215 213//213
f 212//212 1353//1353 211//211
f 1352//1352 213//213 210//210
f 1058//1058 1057//1057 208//208 211//211
f 1353//1353 1058//1058 211//211
f 1353//1353 1350//1350 1354//1354 1058//1058
f 1352//1352 210//210 209//209 608//608
f 607//607 1352//1352 608//608
f 1175//1175 1171//1171 1174//1174 204//204
f 206//206 1175//1175 204//204
f 207//207 205//205 565//565 566//566
f 609//609 207//207 566//566
f 1169//1169 200//200 203//203
f 201//201 1355//1355 202//202
f 576//576 1355//1355 201//201 199//199
f 198//198 1166//1166 1167//1167 196//196
f 575//575 576//576 199//199 197//197
f 196//196 1167//1167 195//195
f 575//575 197//197 194//194
f 1138//1138 1135//1135 1139//1139 190//190
f 192//192 1138//1138 190//190
f 193//193 191//191 533//533 534//534
f 577//577 193//193 534//534
f 1356//1356 1103//1103 1104//1104 187//187
f 188//188 1356//1356 187//187
f 185//185 538//538 186//186
f 184//184 1104//1104 1105//1105 182//182
f 537//537 538//538 185//185 183//183
f 182//182 1105//1105 181//181
f 537//537 183//183 180//180
f 178//178 1130//1130 1129//1129 177//177
f 543//543 179//179 176//176 544//544
f 1127//1127 1131//1131 174//174 177//177
f 1129//1129 1127//1127 177//177
f 176//176 175//175 519//519 516//516
f 544//544 176//176 516//516
f 519//519 175//175 173//173
f 172//172 1131//1131 1132//1132 171//171
f 518//518 519//519 173//173 170//170
f 1132//1132 168//168 171//171
f 169//169 518//518 170//170
f 1132//1132 1125//1125 1123//1123 167//167
f 168//168 1132//1132 167//167
f 518//518 169//169 166//166 514//514
f 515//515 518//518 514//514
f 166//166 165//165 545//545 514//514
f 1121//1121 1116//1116 1133//1133 163//163
f 164//164 1121//1121 163//163
f 162//162 549//549 546//546 545//545
f 165//165 162//162 545//545
f 1133//1133 161//161 163//163
f 160//160 549//549 162//162
f 1133//1133 1134//1134 158//158 161//161
f 159//159 548//548 549//549 160//160
f 548//548 159//159 156//156
f 1117//1117 1118//1118 155//155 157//157
f 1134//1134 1117//1117 157//157
f 156//156 154//154 550//550 547//547
f 548//548 156//156 547//547
f 1120//1120 1158//1158 153//153 155//155
f 1118//1118 1120//1120 155//155
f 154//154 152//152 552//552 503//503
f 550//550 154//154 503//503
f 152//152 151//151 578//578 500//500
f 552//552 152//152 500//500
f 1144//1144 1145//1145 1157//1157 149//149
f 150//150 1144//1144 149//149
f 148//148 582//582 579//579 578//578
f 151//151 148//148 578//578
f 1157//1157 147//147 149//149
f 146//146 582//582 148//148
f 1157//1157 1154//1154 145//145 147//147
f 144//144 581//581 582//582 146//146
f 143//143 584//584 581//581 144//144
f 142//142 1155//1155 141//141
f 584//584 143//143 140//140
f 1149//1149 1151//1151 139//139 141//141
f 1155//1155 1149//1149 141//141
f 140//140 138//138 585//585 583//583
f 584//584 140//140 583//583
f 138//138 136//136 587//587 487//487
f 585//585 138//138 487//487
f 1072//1072 1063//1063 134//134 137//137
f 1178//1178 1072//1072 137//137
f 136//136 135//135 610//610 484//484
f 587//587 136//136 484//484
f 1063//1063 1064//1064 1070//1070 133//133
f 134//134 1063//1063 133//133
f 132//132 1357//1357 611//611 610//610
f 135//135 132//132 610//610
f 1357//1357 1358//1358 612//612 611//611
f 1070//1070 131//131 133//133
f 130//130 1357//1357 132//132
f 129//129 1358//1358 1357//1357 130//130
f 128//128 1071//1071 127//127
f 1358//1358 129//129 126//126
f 1065//1065 1067//1067 125//125 127//127
f 1071//1071 1065//1065 127//127
f 126//126 124//124 613//613 612//612
f 1358//1358 126//126 612//612
f 124//124 122//122 615//615 473//473
f 613//613 124//124 473//473
f 122//122 121//121 670//670 470//470
f 615//615 122//122 470//470
f 1192//1192 1193//1193 1203//1203 119//119
f 120//120 1192//1192 119//119
f 118//118 674//674 671//671 670//670
f 121//121 118//118 670//670
f 1203//1203 117//117 119//119
f 116//116 674//674 118//118
f 1203//1203 1200//1200 115//115 117//117
f 114//114 673//673 674//674 116//116
f 113//113 676//676 673//673 114//114
f 112//112 1201//1201 111//111
f 676//676 113//113 110//110
f 1199//1199 1224//1224 109//109 111//111
f 1201//1201 1197//1197 1199//1199 111//111
f 110//110 108//108 678//678 460//460
f 675//675 676//676 110//110 460//460
f 107//107 677//677 678//678 108//108
f 1226//1226 1241//1241 1250//1250 105//105
f 106//106 1225//1225 1226//1226 105//105
f 104//104 682//682 679//679 454//454
f 677//677 107//107 104//104 454//454
f 1250//1250 103//103 105//105
f 102//102 682//682 104//104
f 1250//1250 1248//1248 101//101 103//103
f 100//100 681//681 682//682 102//102
f 99//99 684//684 681//681 100//100
f 98//98 1249//1249 97//97
f 684//684 99//99 96//96
f 1243//1243 1245//1245 95//95 97//97
f 1249//1249 1243//1243 97//97
f 96//96 94//94 685//685 683//683
f 684//684 96//96 683//683
f 94//94 92//92 687//687 443//443
f 685//685 94//94 443//443
f 91//91 689//689 687//687 92//92
f 977//977 975//975 1264//1264 89//89
f 90//90 1262//1262 977//977 89//89
f 88//88 747//747 744//744 438//438
f 689//689 91//91 88//88 438//438
f 1264//1264 87//87 89//89
f 86//86 747//747 88//88
f 1264//1264 1265//1265 85//85 87//87
f 84//84 746//746 747//747 86//86
f 83//83 749//749 746//746 84//84
f 82//82 1266//1266 81//81
f 749//749 83//83 80//80
f 971//971 969//969 79//79 81//81
f 1266//1266 971//971 81//81
f 80//80 78//78 750//750 748//748
f 749//749 80//80 748//748
f 78//78 76//76 751//751 750//750
f 967//967 965//965 74//74 77//77
f 76//76 75//75 752//752 751//751
f 965//965 963//963 1267//1267 73//73
f 74//74 965//965 73//73
f 72//72 1359//1359 753//753 752//752
f 75//75 72//72 752//752
f 1359//1359 1360//1360 754//754 753//753
f 1267//1267 71//71 73//73
f 70//70 1359//1359 72//72
f 69//69 1360//1360 1359//1359 70//70
f 68//68 1268//1268 67//67
f 1360//1360 69//69 66//66
f 961//961 947//947 65//65 67//67
f 1268//1268 961//961 67//67
f 66//66 64//64 755//755 754//754
f 1360//1360 66//66 754//754
f 64//64 62//62 1361//1361 755//755
f 62//62 61//61 765//765 1361//1361
f 949//949 951//951 959//959 59//59
f 60//60 949//949 59//59
f 58//58 769//769 766//766 765//765
f 61//61 58//58 765//765
f 959//959 57//57 59//59
f 56//56 769//769 58//58
f 959//959 960//960 54//54 57//57
f 55//55 768//768 769//769 56//56
f 768//768 55//55 52//52
f 953//953 955//955 50//50 53//53
f 960//960 953//953 53//53
f 52//52 51//51 771//771 767//767
f 768//768 52//52 767//767
f 50//50 955//955 957//957 49//49
f 771//771 51//51 48//48 770//770
f 46//46 920//920 45//45
f 773//773 47//47 44//44
f 920//920 921//921 43//43 45//45
f 42//42 772//772 773//773 44//44
f 41//41 772//772 42//42
f 921//921 919//919 1362//1362 39//39
f 40//40 921//921 39//39
f 1363//1363 907//907 908//908 35//35
f 36//36 1363//1363 35//35
f 33//33 775//775 34//34
f 32//32 908//908 906//906 30//30
f 774//774 775//775 33//33 31//31
f 906//906 900//900 901//901 29//29
f 30//30 906//906 29//29
f 384//384 774//774 31//31 28//28
f 383//383 384//384 28//28
f 902//902 1283//1283 27//27 29//29
f 901//901 902//902 29//29
f 383//383 28//28 26//26 358//358
f 357//357 383//383 358//358
f 26//26 24//24 360//360 358//358
f 22//22 380//380 366//366 360//360
f 24//24 22//22 360//360
f 1364//1364 20//20 23//23
f 21//21 380//380 22//22
f 19//19 302//302 18//18
f 15//15 1365//1365 12//12
f 19//19 16//16 13//13 298//298
f 9//9 1320//1320 1315//1315 1318//1318
f 8//8 9//9 1318//1318
f 9//9 10//10 1293//1293 1291//1291
f 14//14 11//11 7//7
f 14//14 7//7 6//6 295//295
f 296//296 14//14 295//295
f 6//6 5//5 292//292 295//295
f 2//2 828//828 1//1
f 834//834 2//2 3//3 1332//1332
f 1331//1331 834//834 1332//1332
f 3//3 1319//1319 1332//1332
f 836//836 833//833 1330//1330 1328//1328
f 839//839 836//836 1328//1328
f 3//3 4//4 8//8 1318//1318
f 1319//1319 3//3 1318//1318
f 1316//1316 1317//1317 1329//1329 1332//1332
f 1319//1319 1316//1316 1332//1332
f 842//842 839//839 1328//1328 1325//1325
f 1289//1289 1292//1292 1277//1277 1287//1287
f 1339//1339 1321//1321 1311//1311 1314//1314
f 1320//1320 1339//1339 1314//1314
f 829//829 284//284 287//287
f 278//278 835//835 837//837 277//277
f 1343//1343 840//840 843//843 271//271
f 272//272 1343//1343 271//271
f 810//810 293//293 290//290 809//809
f 806//806 807//807 813//813 817//817
f 819//819 818//818 824//824
f 812//812 811//811 306//306 303//303
f 793//793 825//825 822//822 823//823
f 795//795 793//793 823//823
f 381//381 377//377 378//378 352//352
f 362//362 381//381 352//352
f 324//324 325//325 328//328 332//332
f 782//782 324//324 332//332
f 1367//1367 1365//1365 1366//1366
f 1294//1294 1293//1293 10//10 12//12
f 1365//1365 1367//1367 1294//1294 12//12
f 1367//1367 1279//1279 1294//1294
f 1320//1320 9//9 1291//1291 1290//1290
f 1339//1339 1320//1320 1290//1290
f 1278//1278 1279//1279 1367//1367 1366//1366
f 1285//1285 1282//1282 1278//1278 1366//1366
f 1364//1364 1285//1285 1366//1366
f 1276//1276 1277//1277 1292//1292 1294//1294
f 1279//1279 1276//1276 1294//1294
f 1295//1295 1339//1339 1290//1290 1288//1288
f 1280//1280 1281//1281 902//902 898//898
f 897//897 1280//1280 898//898
f 897//897 894//894 1271//1271 1274//1274
f 1280//1280 897//897 1274//1274
f 892//892 889//889 1296//1296 1286//1286
f 1270//1270 892//892 1286//1286
f 1366//1366 1365//1365 15//15 17//17
f 20//20 1364//1364 1366//1366 17//17
f 14//14 296//296 13//13
f 1285//1285 1364//1364 23//23 25//25
f 1284//1284 1285//1285 25//25
f 18//18 302//302 369//369 365//365
f 380//380 21//21 18//18 365//365
f 301//301 304//304 300//300
f 826//826 804//804 801//801 799//799
f 366//366 359//359 360//360
f 377//377 381//381 363//363 367//367
f 370//370 377//377 367//367
f 379//379 311//311 312//312 776//776
f 383//383 357//357 355//355
f 710//710 346//346 344//344 709//709
f 915//915 1363//1363 1362//1362
f 1363//1363 915//915 910//910 907//907
f 905//905 909//909 1269//1269 904//904
f 914//914 915//915 1362//1362 919//919
f 922//922 912//912 913//913
f 1269//1269 909//909 911//911 927//927
f 929//929 1269//1269 927//927
f 956//956 917//917 918//918 957//957
f 956//956 954//954 958//958 916//916
f 917//917 956//956 916//916
f 952//952 950//950 930//930 926//926
f 928//928 952//952 926//926
f 1362//1362 1363//1363 36//36 39//39
f 908//908 32//32 35//35
f 921//921 40//40 43//43
f 918//918 920//920 46//46 49//49
f 957//957 918//918 49//49
f 54//54 960//960 53//53
f 948//948 949//949 60//60 63//63
f 38//38 37//37 397//397 399//399
f 37//37 34//34 775//775 395//395
f 397//397 37//37 395//395
f 393//393 774//774 384//384 391//391
f 41//41 38//38 399//399 400//400
f 772//772 41//41 400//400
f 764//764 761//761 405//405
f 757//757 392//392 388//388 756//756
f 47//47 773//773 402//402 770//770
f 48//48 47//47 770//770
f 771//771 406//406 407//407 767//767
f 765//765 412//412 414//414 1361//1361
f 891//891 893//893 944//944 885//885
f 888//888 891//891 885//885 882//882
f 887//887 883//883 871//871 872//872
f 885//885 944//944 934//934 936//936
f 884//884 885//885 936//936
f 884//884 937//937 940//940 881//881
f 871//871 883//883 878//878 874//874
f 945//945 962//962 942//942 935//935
f 933//933 945//945 935//935
f 942//942 962//962 964//964 941//941
f 876//876 877//877 966//966 968//968
f 1283//1283 1284//1284 25//25 27//27
f 947//947 948//948 63//63 65//65
f 1267//1267 1268//1268 68//68 71//71
f 354//354 351//351 390//390 386//386
f 382//382 354//354 386//386
f 712//712 349//349 346//346 710//710
f 707//707 724//724 726//726 705//705
f 756//756 388//388 389//389 717//717
f 721//721 718//718 715//715 714//714
f 1361//1361 414//414 416//416 755//755
f 754//754 419//419 422//422 753//753
f 1326//1326 1317//1317 1312//1312 1313//1313
f 849//849 846//846 1323//1323
f 847//847 845//845 850//850 1368//1368
f 1307//1307 1300//1300 1302//1302
f 854//854 1309//1309 1303//1303 853//853
f 855//855 857//857 1342//1342 1368//1368
f 850//850 851//851 855//855 1368//1368
f 1342//1342 1345//1345 1368//1368
f 1301//1301 1299//1299 1333//1333 869//869
f 867//867 1306//1306 1301//1301 869//869
f 1306//1306 867//867 862//862 863//863
f 858//858 859//859 861//861 1000//1000
f 1002//1002 858//858 1000//1000
f 292//292 5//5 1//1 291//291
f 838//838 1343//1343 274//274 277//277
f 837//837 838//838 277//277
f 1368//1368 1345//1345 264//264 267//267
f 847//847 1368//1368 267//267
f 1345//1345 1342//1342 1341//1341 260//260
f 262//262 1345//1345 260//260
f 256//256 1001//1001 999//999 255//255
f 826//826 827//827 814//814 805//805
f 804//804 826//826 805//805
f 825//825 793//793 794//794 320//320
f 797//797 825//825 320//320
f 266//266 265//265 796//796 787//787
f 789//789 266//266 787//787
f 777//777 776//776 312//312 314//314
f 779//779 777//777 314//314
f 781//781 318//318 321//321 324//324
f 331//331 786//786 784//784
f 727//727 340//340 341//341
f 703//703 337//337 334//334 702//702
f 785//785 740//740 738//738
f 865//865 866//866 870//870 996//996
f 864//864 865//865 996//996 994//994
f 998//998 995//995 1259//1259
f 996//996 870//870 873//873 985//985
f 987//987 996//996 985//985
f 987//987 986//986 988//988 993//993
f 991//991 1003//1003 1257//1257 1259//1259
f 995//995 992//992 991//991 1259//1259
f 970//970 972//972 982//982 984//984
f 875//875 970//970 984//984
f 982//982 972//972 974//974 979//979
f 989//989 978//978 976//976 977//977
f 1263//1263 1004//1004 989//989 977//977
f 1259//1259 1258//1258 252//252 255//255
f 999//999 998//998 1259//1259 255//255
f 969//969 967//967 77//77 79//79
f 1265//1265 1266//1266 82//82 85//85
f 1261//1261 1262//1262 90//90 93//93
f 341//341 337//337 703//703 704//704
f 702//702 334//334 335//335 735//735
f 254//254 253//253 741//741 692//692
f 737//737 739//739 254//254 692//692
f 728//728 706//706 700//700 701//701
f 732//732 729//729 698//698 696//696
f 686//686 688//688 691//691 742//742
f 751//751 426//426 428//428 750//750
f 748//748 431//431 434//434 745//745
f 439//439 689//689 438//438
f 1255//1255 1253//1253 1231//1231 1236//1236
f 1236//1236 1231//1231 1228//1228 1233//1233
f 1232//1232 1229//1229 1220//1220
f 1231//1231 1253//1253 1008//1008 1010//1010
f 1230//1230 1231//1231 1010//1010
f 1230//1230 1011//1011 1014//1014 1227//1227
f 1018//1018 1021//1021 1217//1217 1220//1220
f 1229//1229 1019//1019 1018//1018 1220//1220
f 1246//1246 1244//1244 1251//1251 1009//1009
f 1007//1007 1246//1246 1009//1009
f 1251//1251 1244//1244 1240//1240 1238//1238
f 1017//1017 1020//1020 1239//1239 1226//1226
f 1223//1223 1022//1022 1017//1017 1226//1226
f 1255//1255 1236//1236 1237//1237 247//247
f 248//248 1255//1255 247//247
f 244//244 1237//1237 1234//1234 242//242
f 1220//1220 1218//1218 236//236 239//239
f 1235//1235 1232//1232 1220//1220 239//239
f 1247//1247 1261//1261 93//93 95//95
f 1245//1245 1247//1247 95//95
f 1248//1248 1249//1249 98//98 101//101
f 249//249 246//246 1346//1346 645//645
f 646//646 249//249 645//645
f 645//645 1346//1346 657//657 654//654
f 238//238 237//237 631//631 633//633
f 655//655 656//656 238//238 633//633
f 644//644 686//686 742//742 647//647
f 643//643 644//644 647//647
f 651//651 648//648 641//641 639//639
f 444//444 685//685 443//443
f 683//683 447//447 450//450 680//680
f 455//455 677//677 454//454
f 1208//1208 1213//1213 1221//1221
f 1213//1213 1208//1208 1205//1205 1210//1210
f 1209//1209 1206//1206 1189//1189 1190//1190
f 1026//1026 1207//1207 1208//1208 1221//1221
f 1216//1216 1024//1024 1026//1026 1221//1221
f 1207//1207 1027//1027 1030//1030 1204//1204
f 1189//1189 1206//1206 1035//1035 1034//1034
f 1037//1037 1189//1189 1034//1034
f 1025//1025 1023//1023 1222//1222 1199//1199
f 1198//1198 1215//1215 1025//1025 1199//1199
f 1215//1215 1198//1198 1196//1196 1202//1202
f 1194//1194 1191//1191 1038//1038 1033//1033
f 1036//1036 1194//1194 1033//1033
f 1221//1221 1213//1213 1214//1214 233//233
f 234//234 1219//1219 1221//1221 233//233
f 230//230 1214//1214 1211//1211 228//228
f 1209//1209 1190//1190 222//222 225//225
f 1212//1212 1209//1209 225//225
f 1224//1224 1225//1225 106//106 109//109
f 1200//1200 1201//1201 112//112 115//115
f 1188//1188 1192//1192 120//120 123//123
f 1187//1187 1188//1188 123//123
f 232//232 1347//1347 629//629 626//626
f 630//630 235//235 232//232 626//626
f 629//629 1347//1347 667//667 664//664
f 666//666 224//224 223//223 668//668
f 665//665 666//666 668//668
f 628//628 635//635 632//632 627//627
f 661//661 658//658 624//624 622//622
f 614//614 616//616 618//618 669//669
f 1349//1349 614//614 669//669
f 678//678 457//457 460//460
f 675//675 461//461 464//464 672//672
f 670//670 468//468 470//470
f 1183//1183 1181//1181 1056//1056 1354//1354
f 1354//1354 1056//1056 1052//1052 1058//1058
f 1057//1057 1053//1053 1176//1176
f 1056//1056 1181//1181 1042//1042 1044//1044
f 1055//1055 1056//1056 1044//1044
f 1055//1055 1045//1045 1048//1048 1051//1051
f 1054//1054 1074//1074 1173//1173 1176//1176
f 1053//1053 1054//1054 1176//1176
f 1068//1068 1066//1066 1179//1179 1043//1043
f 1041//1041 1068//1068 1043//1043
f 1179//1179 1066//1066 1062//1062 1059//1059
f 1073//1073 1060//1060 1061//1061 1072//1072
f 1177//1177 1073//1073 1072//1072
f 1183//1183 1354//1354 1350//1350 217//217
f 218//218 1183//1183 217//217
f 214//214 1350//1350 1353//1353 212//212
f 1057//1057 1176//1176 1175//1175 206//206
f 208//208 1057//1057 206//206
f 1069//1069 1187//1187 123//123 125//125
f 1067//1067 1069//1069 125//125
f 1070//1070 1071//1071 128//128 131//131
f 219//219 216//216 1351//1351 600//600
f 601//601 219//219 600//600
f 600//600 1351//1351 1352//1352 607//607
f 209//209 207//207 609//609 589//589
f 608//608 209//209 589//589
f 599//599 614//614 1349//1349 602//602
f 598//598 599//599 602//602
f 606//606 603//603 596//596 594//594
f 474//474 613//613 473//473
f 612//612 477//477 480//480 611//611
f 485//485 587//587 484//484
f 1174//1174 1172//1172 1163//1163 1168//1168
f 1168//1168 1163//1163 1160//1160 1165//1165
f 1164//1164 1161//1161 1137//1137 1138//1138
f 1163//1163 1172//1172 1076//1076 1078//1078
f 1162//1162 1163//1163 1078//1078
f 1162//1162 1079//1079 1082//1082 1159//1159
f 1137//1137 1161//1161 1087//1087 1086//1086
f 1089//1089 1137//1137 1086//1086
f 1152//1152 1150//1150 1170//1170 1077//1077
f 1075//1075 1152//1152 1077//1077
f 1170//1170 1150//1150 1148//1148 1156//1156
f 1146//1146 1142//1142 1090//1090 1085//1085
f 1088//1088 1146//1146 1085//1085
f 1174//1174 1168//1168 1169//1169 203//203
f 204//204 1174//1174 203//203
f 200//200 1169//1169 1166//1166 198//198
f 1164//1164 1138//1138 192//192 195//195
f 1167//1167 1164//1164 195//195
f 1153//1153 1178//1178 137//137 139//139
f 1151//1151 1153//1153 139//139
f 1154//1154 1155//1155 142//142 145//145
f 205//205 202//202 1355//1355 564//564
f 565//565 205//205 564//564
f 564//564 1355//1355 576//576 573//573
f 575//575 194//194 193//193 577//577
f 574//574 575//575 577//577
f 563//563 586//586 591//591 566//566
f 562//562 563//563 566//566
f 570//570 567//567 560//560 558//558
f 488//488 585//585 487//487
f 583//583 491//491 494//494 580//580
f 578//578 498//498 500//500
f 1097//1097 1356//1356 1140//1140
f 1356//1356 1097//1097 1098//1098 1103//1103
f 1102//1102 1101//1101 1128//1128 1130//1130
f 1092//1092 1094//1094 1097//1097 1140//1140
f 1136//1136 1092//1092 1140//1140
f 1107//1107 1099//1099 1096//1096
f 1128//1128 1101//1101 1100//1100 1108//1108
f 1126//1126 1128//1128 1108//1108
f 1093//1093 1091//1091 1143//1143 1120//1120
f 1119//1119 1093//1093 1120//1120
f 1119//1119 1115//1115 1112//1112 1095//1095
f 1093//1093 1119//1119 1095//1095
f 1114//1114 1122//1122 1124//1124 1109//1109
f 1111//1111 1114//1114 1109//1109
f 1139//1139 1140//1140 1356//1356 188//188
f 190//190 1139//1139 188//188
f 1104//1104 184//184 187//187
f 1102//1102 1130//1130 178//178 181//181
f 1105//1105 1102//1102 181//181
f 174//174 1131//1131 172//172
f 1141//1141 1144//1144 150//150 153//153
f 1158//1158 1141//1141 153//153
f 158//158 1134//1134 157//157
f 1123//1123 1121//1121 164//164 167//167
f 191//191 189//189 532//532 529//529
f 533//533 191//191 529//529
f 189//189 186//186 538//538 535//535
f 532//532 189//189 535//535
f 537//537 180//180 179//179 543//543
f 536//536 537//537 543//543
f 531//531 551//551 554//554 534//534
f 530//530 531//531 534//534
f 525//525 539//539 526//526
f 517//517 521//521 544//544 516//516
f 552//552 501//501 503//503
f 550//550 504//504 507//507 547//547
f 545//545 512//512 514//514
