# Blender 4.3.2
# www.blender.org
mtllib axe5.mtl
o Cube
v -0.078227 -0.061098 0.078725
v -0.078227 2.044487 0.078725
v -0.078227 -0.061098 -0.078725
v -0.078227 2.044487 -0.078725
v 0.078227 -0.061098 0.078725
v 0.078227 2.044487 0.078725
v 0.078227 -0.061098 -0.078725
v 0.078227 2.044487 -0.078725
v 0.250000 0.000000 0.000000
v 0.243301 0.025000 0.000000
v 0.225000 0.043301 0.000000
v 0.200000 0.050000 0.000000
v 0.175000 0.043301 0.000000
v 0.156699 0.025000 0.000000
v 0.150000 0.000000 0.000000
v 0.156699 -0.025000 0.000000
v 0.175000 -0.043301 0.000000
v 0.200000 -0.050000 0.000000
v 0.225000 -0.043301 0.000000
v 0.243301 -0.025000 0.000000
v 0.247861 0.000000 -0.032632
v 0.241220 0.025000 -0.031757
v 0.223075 0.043301 -0.029368
v 0.198289 0.050000 -0.026105
v 0.173503 0.043301 -0.022842
v 0.155358 0.025000 -0.020453
v 0.148717 0.000000 -0.019579
v 0.155358 -0.025000 -0.020453
v 0.173503 -0.043301 -0.022842
v 0.198289 -0.050000 -0.026105
v 0.223075 -0.043301 -0.029368
v 0.241220 -0.025000 -0.031757
v 0.241481 0.000000 -0.064705
v 0.235011 0.025000 -0.062971
v 0.217333 0.043301 -0.058234
v 0.193185 0.050000 -0.051764
v 0.169037 0.043301 -0.045293
v 0.151359 0.025000 -0.040557
v 0.144889 0.000000 -0.038823
v 0.151359 -0.025000 -0.040557
v 0.169037 -0.043301 -0.045293
v 0.193185 -0.050000 -0.051764
v 0.217333 -0.043301 -0.058234
v 0.235011 -0.025000 -0.062971
v 0.230970 0.000000 -0.095671
v 0.224781 0.025000 -0.093107
v 0.207873 0.043301 -0.086104
v 0.184776 0.050000 -0.076537
v 0.161679 0.043301 -0.066970
v 0.144771 0.025000 -0.059966
v 0.138582 0.000000 -0.057403
v 0.144771 -0.025000 -0.059966
v 0.161679 -0.043301 -0.066970
v 0.184776 -0.050000 -0.076537
v 0.207873 -0.043301 -0.086104
v 0.224781 -0.025000 -0.093107
v 0.216506 0.000000 -0.125000
v 0.210705 0.025000 -0.121651
v 0.194856 0.043301 -0.112500
v 0.173205 0.050000 -0.100000
v 0.151554 0.043301 -0.087500
v 0.135705 0.025000 -0.078349
v 0.129904 0.000000 -0.075000
v 0.135705 -0.025000 -0.078349
v 0.151554 -0.043301 -0.087500
v 0.173205 -0.050000 -0.100000
v 0.194856 -0.043301 -0.112500
v 0.210705 -0.025000 -0.121651
v 0.198338 0.000000 -0.152190
v 0.193024 0.025000 -0.148112
v 0.178505 0.043301 -0.136971
v 0.158671 0.050000 -0.121752
v 0.138837 0.043301 -0.106533
v 0.124317 0.025000 -0.095392
v 0.119003 0.000000 -0.091314
v 0.124317 -0.025000 -0.095392
v 0.138837 -0.043301 -0.106533
v 0.158671 -0.050000 -0.121752
v 0.178505 -0.043301 -0.136971
v 0.193024 -0.025000 -0.148112
v 0.176777 0.000000 -0.176777
v 0.172040 0.025000 -0.172040
v 0.159099 0.043301 -0.159099
v 0.141421 0.050000 -0.141421
v 0.123744 0.043301 -0.123744
v 0.110803 0.025000 -0.110803
v 0.106066 0.000000 -0.106066
v 0.110803 -0.025000 -0.110803
v 0.123744 -0.043301 -0.123744
v 0.141421 -0.050000 -0.141421
v 0.159099 -0.043301 -0.159099
v 0.172040 -0.025000 -0.172040
v 0.152190 0.000000 -0.198338
v 0.148112 0.025000 -0.193024
v 0.136971 0.043301 -0.178504
v 0.121752 0.050000 -0.158671
v 0.106533 0.043301 -0.138837
v 0.095392 0.025000 -0.124317
v 0.091314 0.000000 -0.119003
v 0.095392 -0.025000 -0.124317
v 0.106533 -0.043301 -0.138837
v 0.121752 -0.050000 -0.158671
v 0.136971 -0.043301 -0.178504
v 0.148112 -0.025000 -0.193024
v 0.125000 0.000000 -0.216506
v 0.121651 0.025000 -0.210705
v 0.112500 0.043301 -0.194856
v 0.100000 0.050000 -0.173205
v 0.087500 0.043301 -0.151554
v 0.078349 0.025000 -0.135705
v 0.075000 0.000000 -0.129904
v 0.078349 -0.025000 -0.135705
v 0.087500 -0.043301 -0.151554
v 0.100000 -0.050000 -0.173205
v 0.112500 -0.043301 -0.194856
v 0.121651 -0.025000 -0.210705
v 0.095671 0.000000 -0.230970
v 0.093107 0.025000 -0.224781
v 0.086104 0.043301 -0.207873
v 0.076537 0.050000 -0.184776
v 0.066970 0.043301 -0.161679
v 0.059966 0.025000 -0.144771
v 0.057403 0.000000 -0.138582
v 0.059966 -0.025000 -0.144771
v 0.066970 -0.043301 -0.161679
v 0.076537 -0.050000 -0.184776
v 0.086104 -0.043301 -0.207873
v 0.093107 -0.025000 -0.224781
v 0.064705 0.000000 -0.241481
v 0.062971 0.025000 -0.235011
v 0.058234 0.043301 -0.217333
v 0.051764 0.050000 -0.193185
v 0.045293 0.043301 -0.169037
v 0.040557 0.025000 -0.151359
v 0.038823 0.000000 -0.144889
v 0.040557 -0.025000 -0.151359
v 0.045293 -0.043301 -0.169037
v 0.051764 -0.050000 -0.193185
v 0.058234 -0.043301 -0.217333
v 0.062971 -0.025000 -0.235011
v 0.032632 0.000000 -0.247861
v 0.031757 0.025000 -0.241220
v 0.029368 0.043301 -0.223075
v 0.026105 0.050000 -0.198289
v 0.022842 0.043301 -0.173503
v 0.020453 0.025000 -0.155358
v 0.019579 0.000000 -0.148717
v 0.020453 -0.025000 -0.155358
v 0.022842 -0.043301 -0.173503
v 0.026105 -0.050000 -0.198289
v 0.029368 -0.043301 -0.223075
v 0.031757 -0.025000 -0.241220
v 0.000000 0.000000 -0.250000
v 0.000000 0.025000 -0.243301
v 0.000000 0.043301 -0.225000
v 0.000000 0.050000 -0.200000
v 0.000000 0.043301 -0.175000
v 0.000000 0.025000 -0.156699
v 0.000000 0.000000 -0.150000
v 0.000000 -0.025000 -0.156699
v 0.000000 -0.043301 -0.175000
v 0.000000 -0.050000 -0.200000
v 0.000000 -0.043301 -0.225000
v 0.000000 -0.025000 -0.243301
v -0.032632 0.000000 -0.247861
v -0.031757 0.025000 -0.241220
v -0.029368 0.043301 -0.223075
v -0.026105 0.050000 -0.198289
v -0.022842 0.043301 -0.173503
v -0.020453 0.025000 -0.155358
v -0.019579 0.000000 -0.148717
v -0.020453 -0.025000 -0.155358
v -0.022842 -0.043301 -0.173503
v -0.026105 -0.050000 -0.198289
v -0.029368 -0.043301 -0.223075
v -0.031757 -0.025000 -0.241220
v -0.064705 0.000000 -0.241481
v -0.062971 0.025000 -0.235011
v -0.058234 0.043301 -0.217333
v -0.051764 0.050000 -0.193185
v -0.045293 0.043301 -0.169037
v -0.040557 0.025000 -0.151359
v -0.038823 0.000000 -0.144889
v -0.040557 -0.025000 -0.151359
v -0.045293 -0.043301 -0.169037
v -0.051764 -0.050000 -0.193185
v -0.058234 -0.043301 -0.217333
v -0.062971 -0.025000 -0.235011
v -0.095671 0.000000 -0.230970
v -0.093107 0.025000 -0.224781
v -0.086104 0.043301 -0.207873
v -0.076537 0.050000 -0.184776
v -0.066970 0.043301 -0.161679
v -0.059966 0.025000 -0.144771
v -0.057403 0.000000 -0.138582
v -0.059966 -0.025000 -0.144771
v -0.066970 -0.043301 -0.161679
v -0.076537 -0.050000 -0.184776
v -0.086104 -0.043301 -0.207873
v -0.093107 -0.025000 -0.224781
v -0.125000 0.000000 -0.216506
v -0.121651 0.025000 -0.210705
v -0.112500 0.043301 -0.194856
v -0.100000 0.050000 -0.173205
v -0.087500 0.043301 -0.151554
v -0.078349 0.025000 -0.135705
v -0.075000 0.000000 -0.129904
v -0.078349 -0.025000 -0.135705
v -0.087500 -0.043301 -0.151554
v -0.100000 -0.050000 -0.173205
v -0.112500 -0.043301 -0.194856
v -0.121651 -0.025000 -0.210705
v -0.152190 0.000000 -0.198338
v -0.148112 0.025000 -0.193024
v -0.136971 0.043301 -0.178504
v -0.121752 0.050000 -0.158671
v -0.106533 0.043301 -0.138837
v -0.095392 0.025000 -0.124317
v -0.091314 0.000000 -0.119003
v -0.095392 -0.025000 -0.124317
v -0.106533 -0.043301 -0.138837
v -0.121752 -0.050000 -0.158671
v -0.136971 -0.043301 -0.178504
v -0.148112 -0.025000 -0.193024
v -0.176777 0.000000 -0.176777
v -0.172040 0.025000 -0.172040
v -0.159099 0.043301 -0.159099
v -0.141421 0.050000 -0.141421
v -0.123744 0.043301 -0.123744
v -0.110803 0.025000 -0.110803
v -0.106066 0.000000 -0.106066
v -0.110803 -0.025000 -0.110803
v -0.123744 -0.043301 -0.123744
v -0.141421 -0.050000 -0.141421
v -0.159099 -0.043301 -0.159099
v -0.172040 -0.025000 -0.172040
v -0.198338 0.000000 -0.152190
v -0.193024 0.025000 -0.148112
v -0.178504 0.043301 -0.136971
v -0.158671 0.050000 -0.121752
v -0.138837 0.043301 -0.106533
v -0.124317 0.025000 -0.095392
v -0.119003 0.000000 -0.091314
v -0.124317 -0.025000 -0.095392
v -0.138837 -0.043301 -0.106533
v -0.158671 -0.050000 -0.121752
v -0.178504 -0.043301 -0.136971
v -0.193024 -0.025000 -0.148112
v -0.216506 0.000000 -0.125000
v -0.210705 0.025000 -0.121651
v -0.194856 0.043301 -0.112500
v -0.173205 0.050000 -0.100000
v -0.151554 0.043301 -0.087500
v -0.135705 0.025000 -0.078349
v -0.129904 0.000000 -0.075000
v -0.135705 -0.025000 -0.078349
v -0.151554 -0.043301 -0.087500
v -0.173205 -0.050000 -0.100000
v -0.194856 -0.043301 -0.112500
v -0.210705 -0.025000 -0.121651
v -0.230970 0.000000 -0.095671
v -0.224781 0.025000 -0.093107
v -0.207873 0.043301 -0.086104
v -0.184776 0.050000 -0.076537
v -0.161679 0.043301 -0.066970
v -0.144771 0.025000 -0.059966
v -0.138582 0.000000 -0.057403
v -0.144771 -0.025000 -0.059966
v -0.161679 -0.043301 -0.066970
v -0.184776 -0.050000 -0.076537
v -0.207873 -0.043301 -0.086104
v -0.224781 -0.025000 -0.093107
v -0.241481 0.000000 -0.064705
v -0.235011 0.025000 -0.062971
v -0.217333 0.043301 -0.058234
v -0.193185 0.050000 -0.051764
v -0.169037 0.043301 -0.045293
v -0.151359 0.025000 -0.040557
v -0.144889 0.000000 -0.038823
v -0.151359 -0.025000 -0.040557
v -0.169037 -0.043301 -0.045293
v -0.193185 -0.050000 -0.051764
v -0.217333 -0.043301 -0.058234
v -0.235011 -0.025000 -0.062971
v -0.247861 0.000000 -0.032632
v -0.241220 0.025000 -0.031757
v -0.223075 0.043301 -0.029368
v -0.198289 0.050000 -0.026105
v -0.173503 0.043301 -0.022842
v -0.155358 0.025000 -0.020453
v -0.148717 0.000000 -0.019579
v -0.155358 -0.025000 -0.020453
v -0.173503 -0.043301 -0.022842
v -0.198289 -0.050000 -0.026105
v -0.223075 -0.043301 -0.029368
v -0.241220 -0.025000 -0.031757
v -0.250000 0.000000 -0.000000
v -0.243301 0.025000 -0.000000
v -0.225000 0.043301 -0.000000
v -0.200000 0.050000 -0.000000
v -0.175000 0.043301 -0.000000
v -0.156699 0.025000 -0.000000
v -0.150000 0.000000 -0.000000
v -0.156699 -0.025000 -0.000000
v -0.175000 -0.043301 -0.000000
v -0.200000 -0.050000 -0.000000
v -0.225000 -0.043301 -0.000000
v -0.243301 -0.025000 -0.000000
v -0.247861 0.000000 0.032632
v -0.241220 0.025000 0.031757
v -0.223075 0.043301 0.029368
v -0.198289 0.050000 0.026105
v -0.173503 0.043301 0.022842
v -0.155358 0.025000 0.020453
v -0.148717 0.000000 0.019579
v -0.155358 -0.025000 0.020453
v -0.173503 -0.043301 0.022842
v -0.198289 -0.050000 0.026105
v -0.223075 -0.043301 0.029368
v -0.241220 -0.025000 0.031757
v -0.241481 0.000000 0.064705
v -0.235011 0.025000 0.062971
v -0.217333 0.043301 0.058234
v -0.193185 0.050000 0.051764
v -0.169037 0.043301 0.045293
v -0.151359 0.025000 0.040557
v -0.144889 0.000000 0.038823
v -0.151359 -0.025000 0.040557
v -0.169037 -0.043301 0.045293
v -0.193185 -0.050000 0.051764
v -0.217333 -0.043301 0.058234
v -0.235011 -0.025000 0.062971
v -0.230970 0.000000 0.095671
v -0.224781 0.025000 0.093107
v -0.207873 0.043301 0.086104
v -0.184776 0.050000 0.076537
v -0.161679 0.043301 0.066970
v -0.144771 0.025000 0.059966
v -0.138582 0.000000 0.057402
v -0.144771 -0.025000 0.059966
v -0.161679 -0.043301 0.066970
v -0.184776 -0.050000 0.076537
v -0.207873 -0.043301 0.086104
v -0.224781 -0.025000 0.093107
v -0.216506 0.000000 0.125000
v -0.210705 0.025000 0.121651
v -0.194856 0.043301 0.112500
v -0.173205 0.050000 0.100000
v -0.151554 0.043301 0.087500
v -0.135705 0.025000 0.078349
v -0.129904 0.000000 0.075000
v -0.135705 -0.025000 0.078349
v -0.151554 -0.043301 0.087500
v -0.173205 -0.050000 0.100000
v -0.194856 -0.043301 0.112500
v -0.210705 -0.025000 0.121651
v -0.198338 0.000000 0.152190
v -0.193024 0.025000 0.148112
v -0.178504 0.043301 0.136971
v -0.158671 0.050000 0.121752
v -0.138837 0.043301 0.106533
v -0.124317 0.025000 0.095392
v -0.119003 0.000000 0.091314
v -0.124317 -0.025000 0.095392
v -0.138837 -0.043301 0.106533
v -0.158671 -0.050000 0.121752
v -0.178504 -0.043301 0.136971
v -0.193024 -0.025000 0.148112
v -0.176777 0.000000 0.176777
v -0.172040 0.025000 0.172040
v -0.159099 0.043301 0.159099
v -0.141421 0.050000 0.141421
v -0.123744 0.043301 0.123744
v -0.110803 0.025000 0.110803
v -0.106066 0.000000 0.106066
v -0.110803 -0.025000 0.110803
v -0.123744 -0.043301 0.123744
v -0.141421 -0.050000 0.141421
v -0.159099 -0.043301 0.159099
v -0.172040 -0.025000 0.172040
v -0.152190 0.000000 0.198338
v -0.148113 0.025000 0.193024
v -0.136971 0.043301 0.178504
v -0.121752 0.050000 0.158671
v -0.106533 0.043301 0.138837
v -0.095392 0.025000 0.124317
v -0.091314 0.000000 0.119003
v -0.095392 -0.025000 0.124317
v -0.106533 -0.043301 0.138837
v -0.121752 -0.050000 0.158671
v -0.136971 -0.043301 0.178504
v -0.148113 -0.025000 0.193024
v -0.125000 0.000000 0.216506
v -0.121651 0.025000 0.210705
v -0.112500 0.043301 0.194856
v -0.100000 0.050000 0.173205
v -0.087500 0.043301 0.151554
v -0.078349 0.025000 0.135705
v -0.075000 0.000000 0.129904
v -0.078349 -0.025000 0.135705
v -0.087500 -0.043301 0.151554
v -0.100000 -0.050000 0.173205
v -0.112500 -0.043301 0.194856
v -0.121651 -0.025000 0.210705
v -0.095671 0.000000 0.230970
v -0.093107 0.025000 0.224781
v -0.086104 0.043301 0.207873
v -0.076537 0.050000 0.184776
v -0.066970 0.043301 0.161679
v -0.059966 0.025000 0.144771
v -0.057403 0.000000 0.138582
v -0.059966 -0.025000 0.144771
v -0.066970 -0.043301 0.161679
v -0.076537 -0.050000 0.184776
v -0.086104 -0.043301 0.207873
v -0.093107 -0.025000 0.224781
v -0.064705 0.000000 0.241481
v -0.062971 0.025000 0.235011
v -0.058234 0.043301 0.217333
v -0.051764 0.050000 0.193185
v -0.045293 0.043301 0.169037
v -0.040557 0.025000 0.151359
v -0.038823 0.000000 0.144889
v -0.040557 -0.025000 0.151359
v -0.045293 -0.043301 0.169037
v -0.051764 -0.050000 0.193185
v -0.058234 -0.043301 0.217333
v -0.062971 -0.025000 0.235011
v -0.032632 0.000000 0.247861
v -0.031757 0.025000 0.241220
v -0.029369 0.043301 0.223075
v -0.026105 0.050000 0.198289
v -0.022842 0.043301 0.173503
v -0.020453 0.025000 0.155358
v -0.019579 0.000000 0.148717
v -0.020453 -0.025000 0.155358
v -0.022842 -0.043301 0.173503
v -0.026105 -0.050000 0.198289
v -0.029369 -0.043301 0.223075
v -0.031757 -0.025000 0.241220
v 0.000000 0.000000 0.250000
v 0.000000 0.025000 0.243301
v 0.000000 0.043301 0.225000
v 0.000000 0.050000 0.200000
v 0.000000 0.043301 0.175000
v 0.000000 0.025000 0.156699
v 0.000000 0.000000 0.150000
v 0.000000 -0.025000 0.156699
v 0.000000 -0.043301 0.175000
v 0.000000 -0.050000 0.200000
v 0.000000 -0.043301 0.225000
v 0.000000 -0.025000 0.243301
v 0.032632 0.000000 0.247861
v 0.031757 0.025000 0.241220
v 0.029368 0.043301 0.223075
v 0.026105 0.050000 0.198289
v 0.022842 0.043301 0.173503
v 0.020453 0.025000 0.155358
v 0.019579 0.000000 0.148717
v 0.020453 -0.025000 0.155358
v 0.022842 -0.043301 0.173503
v 0.026105 -0.050000 0.198289
v 0.029368 -0.043301 0.223075
v 0.031757 -0.025000 0.241220
v 0.064705 0.000000 0.241481
v 0.062971 0.025000 0.235011
v 0.058234 0.043301 0.217333
v 0.051764 0.050000 0.193185
v 0.045293 0.043301 0.169037
v 0.040557 0.025000 0.151359
v 0.038823 0.000000 0.144889
v 0.040557 -0.025000 0.151359
v 0.045293 -0.043301 0.169037
v 0.051764 -0.050000 0.193185
v 0.058234 -0.043301 0.217333
v 0.062971 -0.025000 0.235011
v 0.095671 0.000000 0.230970
v 0.093107 0.025000 0.224781
v 0.086104 0.043301 0.207873
v 0.076537 0.050000 0.184776
v 0.066970 0.043301 0.161679
v 0.059966 0.025000 0.144771
v 0.057403 0.000000 0.138582
v 0.059966 -0.025000 0.144771
v 0.066970 -0.043301 0.161679
v 0.076537 -0.050000 0.184776
v 0.086104 -0.043301 0.207873
v 0.093107 -0.025000 0.224781
v 0.125000 0.000000 0.216506
v 0.121651 0.025000 0.210705
v 0.112500 0.043301 0.194856
v 0.100000 0.050000 0.173205
v 0.087500 0.043301 0.151554
v 0.078349 0.025000 0.135705
v 0.075000 0.000000 0.129904
v 0.078349 -0.025000 0.135705
v 0.087500 -0.043301 0.151554
v 0.100000 -0.050000 0.173205
v 0.112500 -0.043301 0.194856
v 0.121651 -0.025000 0.210705
v 0.152190 0.000000 0.198338
v 0.148112 0.025000 0.193024
v 0.136971 0.043301 0.178505
v 0.121752 0.050000 0.158671
v 0.106533 0.043301 0.138837
v 0.095392 0.025000 0.124317
v 0.091314 0.000000 0.119003
v 0.095392 -0.025000 0.124317
v 0.106533 -0.043301 0.138837
v 0.121752 -0.050000 0.158671
v 0.136971 -0.043301 0.178505
v 0.148112 -0.025000 0.193024
v 0.176777 0.000000 0.176777
v 0.172040 0.025000 0.172040
v 0.159099 0.043301 0.159099
v 0.141421 0.050000 0.141421
v 0.123744 0.043301 0.123744
v 0.110803 0.025000 0.110803
v 0.106066 0.000000 0.106066
v 0.110803 -0.025000 0.110803
v 0.123744 -0.043301 0.123744
v 0.141421 -0.050000 0.141421
v 0.159099 -0.043301 0.159099
v 0.172040 -0.025000 0.172040
v 0.198338 0.000000 0.152190
v 0.193024 0.025000 0.148112
v 0.178505 0.043301 0.136971
v 0.158671 0.050000 0.121752
v 0.138837 0.043301 0.106533
v 0.124317 0.025000 0.095392
v 0.119003 0.000000 0.091314
v 0.124317 -0.025000 0.095392
v 0.138837 -0.043301 0.106533
v 0.158671 -0.050000 0.121752
v 0.178505 -0.043301 0.136971
v 0.193024 -0.025000 0.148112
v 0.216506 0.000000 0.125000
v 0.210705 0.025000 0.121651
v 0.194856 0.043301 0.112500
v 0.173205 0.050000 0.100000
v 0.151554 0.043301 0.087500
v 0.135705 0.025000 0.078349
v 0.129904 0.000000 0.075000
v 0.135705 -0.025000 0.078349
v 0.151554 -0.043301 0.087500
v 0.173205 -0.050000 0.100000
v 0.194856 -0.043301 0.112500
v 0.210705 -0.025000 0.121651
v 0.230970 0.000000 0.095671
v 0.224781 0.025000 0.093107
v 0.207873 0.043301 0.086104
v 0.184776 0.050000 0.076537
v 0.161679 0.043301 0.066970
v 0.144771 0.025000 0.059966
v 0.138582 0.000000 0.057403
v 0.144771 -0.025000 0.059966
v 0.161679 -0.043301 0.066970
v 0.184776 -0.050000 0.076537
v 0.207873 -0.043301 0.086104
v 0.224781 -0.025000 0.093107
v 0.241481 0.000000 0.064705
v 0.235011 0.025000 0.062971
v 0.217333 0.043301 0.058234
v 0.193185 0.050000 0.051764
v 0.169037 0.043301 0.045293
v 0.151359 0.025000 0.040557
v 0.144889 0.000000 0.038823
v 0.151359 -0.025000 0.040557
v 0.169037 -0.043301 0.045293
v 0.193185 -0.050000 0.051764
v 0.217333 -0.043301 0.058234
v 0.235011 -0.025000 0.062971
v 0.247861 0.000000 0.032632
v 0.241220 0.025000 0.031757
v 0.223075 0.043301 0.029368
v 0.198289 0.050000 0.026105
v 0.173503 0.043301 0.022842
v 0.155358 0.025000 0.020453
v 0.148717 0.000000 0.019579
v 0.155358 -0.025000 0.020453
v 0.173503 -0.043301 0.022842
v 0.198289 -0.050000 0.026105
v 0.223075 -0.043301 0.029368
v 0.241220 -0.025000 0.031757
v 0.250000 0.253106 0.000000
v 0.243301 0.278106 0.000000
v 0.225000 0.296407 0.000000
v 0.200000 0.303106 0.000000
v 0.175000 0.296407 0.000000
v 0.156699 0.278106 0.000000
v 0.150000 0.253106 0.000000
v 0.156699 0.228106 0.000000
v 0.175000 0.209805 0.000000
v 0.200000 0.203106 0.000000
v 0.225000 0.209805 0.000000
v 0.243301 0.228106 0.000000
v 0.247861 0.253106 -0.032632
v 0.241220 0.278106 -0.031757
v 0.223075 0.296407 -0.029368
v 0.198289 0.303106 -0.026105
v 0.173503 0.296407 -0.022842
v 0.155358 0.278106 -0.020453
v 0.148717 0.253106 -0.019579
v 0.155358 0.228106 -0.020453
v 0.173503 0.209805 -0.022842
v 0.198289 0.203106 -0.026105
v 0.223075 0.209805 -0.029368
v 0.241220 0.228106 -0.031757
v 0.241481 0.253106 -0.064705
v 0.235011 0.278106 -0.062971
v 0.217333 0.296407 -0.058234
v 0.193185 0.303106 -0.051764
v 0.169037 0.296407 -0.045293
v 0.151359 0.278106 -0.040557
v 0.144889 0.253106 -0.038823
v 0.151359 0.228106 -0.040557
v 0.169037 0.209805 -0.045293
v 0.193185 0.203106 -0.051764
v 0.217333 0.209805 -0.058234
v 0.235011 0.228106 -0.062971
v 0.230970 0.253106 -0.095671
v 0.224781 0.278106 -0.093107
v 0.207873 0.296407 -0.086104
v 0.184776 0.303106 -0.076537
v 0.161679 0.296407 -0.066970
v 0.144771 0.278106 -0.059966
v 0.138582 0.253106 -0.057403
v 0.144771 0.228106 -0.059966
v 0.161679 0.209805 -0.066970
v 0.184776 0.203106 -0.076537
v 0.207873 0.209805 -0.086104
v 0.224781 0.228106 -0.093107
v 0.216506 0.253106 -0.125000
v 0.210705 0.278106 -0.121651
v 0.194856 0.296407 -0.112500
v 0.173205 0.303106 -0.100000
v 0.151554 0.296407 -0.087500
v 0.135705 0.278106 -0.078349
v 0.129904 0.253106 -0.075000
v 0.135705 0.228106 -0.078349
v 0.151554 0.209805 -0.087500
v 0.173205 0.203106 -0.100000
v 0.194856 0.209805 -0.112500
v 0.210705 0.228106 -0.121651
v 0.198338 0.253106 -0.152190
v 0.193024 0.278106 -0.148112
v 0.178505 0.296407 -0.136971
v 0.158671 0.303106 -0.121752
v 0.138837 0.296407 -0.106533
v 0.124317 0.278106 -0.095392
v 0.119003 0.253106 -0.091314
v 0.124317 0.228106 -0.095392
v 0.138837 0.209805 -0.106533
v 0.158671 0.203106 -0.121752
v 0.178505 0.209805 -0.136971
v 0.193024 0.228106 -0.148112
v 0.176777 0.253106 -0.176777
v 0.172040 0.278106 -0.172040
v 0.159099 0.296407 -0.159099
v 0.141421 0.303106 -0.141421
v 0.123744 0.296407 -0.123744
v 0.110803 0.278106 -0.110803
v 0.106066 0.253106 -0.106066
v 0.110803 0.228106 -0.110803
v 0.123744 0.209805 -0.123744
v 0.141421 0.203106 -0.141421
v 0.159099 0.209805 -0.159099
v 0.172040 0.228106 -0.172040
v 0.152190 0.253106 -0.198338
v 0.148112 0.278106 -0.193024
v 0.136971 0.296407 -0.178504
v 0.121752 0.303106 -0.158671
v 0.106533 0.296407 -0.138837
v 0.095392 0.278106 -0.124317
v 0.091314 0.253106 -0.119003
v 0.095392 0.228106 -0.124317
v 0.106533 0.209805 -0.138837
v 0.121752 0.203106 -0.158671
v 0.136971 0.209805 -0.178504
v 0.148112 0.228106 -0.193024
v 0.125000 0.253106 -0.216506
v 0.121651 0.278106 -0.210705
v 0.112500 0.296407 -0.194856
v 0.100000 0.303106 -0.173205
v 0.087500 0.296407 -0.151554
v 0.078349 0.278106 -0.135705
v 0.075000 0.253106 -0.129904
v 0.078349 0.228106 -0.135705
v 0.087500 0.209805 -0.151554
v 0.100000 0.203106 -0.173205
v 0.112500 0.209805 -0.194856
v 0.121651 0.228106 -0.210705
v 0.095671 0.253106 -0.230970
v 0.093107 0.278106 -0.224781
v 0.086104 0.296407 -0.207873
v 0.076537 0.303106 -0.184776
v 0.066970 0.296407 -0.161679
v 0.059966 0.278106 -0.144771
v 0.057403 0.253106 -0.138582
v 0.059966 0.228106 -0.144771
v 0.066970 0.209805 -0.161679
v 0.076537 0.203106 -0.184776
v 0.086104 0.209805 -0.207873
v 0.093107 0.228106 -0.224781
v 0.064705 0.253106 -0.241481
v 0.062971 0.278106 -0.235011
v 0.058234 0.296407 -0.217333
v 0.051764 0.303106 -0.193185
v 0.045293 0.296407 -0.169037
v 0.040557 0.278106 -0.151359
v 0.038823 0.253106 -0.144889
v 0.040557 0.228106 -0.151359
v 0.045293 0.209805 -0.169037
v 0.051764 0.203106 -0.193185
v 0.058234 0.209805 -0.217333
v 0.062971 0.228106 -0.235011
v 0.032632 0.253106 -0.247861
v 0.031757 0.278106 -0.241220
v 0.029368 0.296407 -0.223075
v 0.026105 0.303106 -0.198289
v 0.022842 0.296407 -0.173503
v 0.020453 0.278106 -0.155358
v 0.019579 0.253106 -0.148717
v 0.020453 0.228106 -0.155358
v 0.022842 0.209805 -0.173503
v 0.026105 0.203106 -0.198289
v 0.029368 0.209805 -0.223075
v 0.031757 0.228106 -0.241220
v 0.000000 0.253106 -0.250000
v 0.000000 0.278106 -0.243301
v 0.000000 0.296407 -0.225000
v 0.000000 0.303106 -0.200000
v 0.000000 0.296407 -0.175000
v 0.000000 0.278106 -0.156699
v 0.000000 0.253106 -0.150000
v 0.000000 0.228106 -0.156699
v 0.000000 0.209805 -0.175000
v 0.000000 0.203106 -0.200000
v 0.000000 0.209805 -0.225000
v 0.000000 0.228106 -0.243301
v -0.032632 0.253106 -0.247861
v -0.031757 0.278106 -0.241220
v -0.029368 0.296407 -0.223075
v -0.026105 0.303106 -0.198289
v -0.022842 0.296407 -0.173503
v -0.020453 0.278106 -0.155358
v -0.019579 0.253106 -0.148717
v -0.020453 0.228106 -0.155358
v -0.022842 0.209805 -0.173503
v -0.026105 0.203106 -0.198289
v -0.029368 0.209805 -0.223075
v -0.031757 0.228106 -0.241220
v -0.064705 0.253106 -0.241481
v -0.062971 0.278106 -0.235011
v -0.058234 0.296407 -0.217333
v -0.051764 0.303106 -0.193185
v -0.045293 0.296407 -0.169037
v -0.040557 0.278106 -0.151359
v -0.038823 0.253106 -0.144889
v -0.040557 0.228106 -0.151359
v -0.045293 0.209805 -0.169037
v -0.051764 0.203106 -0.193185
v -0.058234 0.209805 -0.217333
v -0.062971 0.228106 -0.235011
v -0.095671 0.253106 -0.230970
v -0.093107 0.278106 -0.224781
v -0.086104 0.296407 -0.207873
v -0.076537 0.303106 -0.184776
v -0.066970 0.296407 -0.161679
v -0.059966 0.278106 -0.144771
v -0.057403 0.253106 -0.138582
v -0.059966 0.228106 -0.144771
v -0.066970 0.209805 -0.161679
v -0.076537 0.203106 -0.184776
v -0.086104 0.209805 -0.207873
v -0.093107 0.228106 -0.224781
v -0.125000 0.253106 -0.216506
v -0.121651 0.278106 -0.210705
v -0.112500 0.296407 -0.194856
v -0.100000 0.303106 -0.173205
v -0.087500 0.296407 -0.151554
v -0.078349 0.278106 -0.135705
v -0.075000 0.253106 -0.129904
v -0.078349 0.228106 -0.135705
v -0.087500 0.209805 -0.151554
v -0.100000 0.203106 -0.173205
v -0.112500 0.209805 -0.194856
v -0.121651 0.228106 -0.210705
v -0.152190 0.253106 -0.198338
v -0.148112 0.278106 -0.193024
v -0.136971 0.296407 -0.178504
v -0.121752 0.303106 -0.158671
v -0.106533 0.296407 -0.138837
v -0.095392 0.278106 -0.124317
v -0.091314 0.253106 -0.119003
v -0.095392 0.228106 -0.124317
v -0.106533 0.209805 -0.138837
v -0.121752 0.203106 -0.158671
v -0.136971 0.209805 -0.178504
v -0.148112 0.228106 -0.193024
v -0.176777 0.253106 -0.176777
v -0.172040 0.278106 -0.172040
v -0.159099 0.296407 -0.159099
v -0.141421 0.303106 -0.141421
v -0.123744 0.296407 -0.123744
v -0.110803 0.278106 -0.110803
v -0.106066 0.253106 -0.106066
v -0.110803 0.228106 -0.110803
v -0.123744 0.209805 -0.123744
v -0.141421 0.203106 -0.141421
v -0.159099 0.209805 -0.159099
v -0.172040 0.228106 -0.172040
v -0.198338 0.253106 -0.152190
v -0.193024 0.278106 -0.148112
v -0.178504 0.296407 -0.136971
v -0.158671 0.303106 -0.121752
v -0.138837 0.296407 -0.106533
v -0.124317 0.278106 -0.095392
v -0.119003 0.253106 -0.091314
v -0.124317 0.228106 -0.095392
v -0.138837 0.209805 -0.106533
v -0.158671 0.203106 -0.121752
v -0.178504 0.209805 -0.136971
v -0.193024 0.228106 -0.148112
v -0.216506 0.253106 -0.125000
v -0.210705 0.278106 -0.121651
v -0.194856 0.296407 -0.112500
v -0.173205 0.303106 -0.100000
v -0.151554 0.296407 -0.087500
v -0.135705 0.278106 -0.078349
v -0.129904 0.253106 -0.075000
v -0.135705 0.228106 -0.078349
v -0.151554 0.209805 -0.087500
v -0.173205 0.203106 -0.100000
v -0.194856 0.209805 -0.112500
v -0.210705 0.228106 -0.121651
v -0.230970 0.253106 -0.095671
v -0.224781 0.278106 -0.093107
v -0.207873 0.296407 -0.086104
v -0.184776 0.303106 -0.076537
v -0.161679 0.296407 -0.066970
v -0.144771 0.278106 -0.059966
v -0.138582 0.253106 -0.057403
v -0.144771 0.228106 -0.059966
v -0.161679 0.209805 -0.066970
v -0.184776 0.203106 -0.076537
v -0.207873 0.209805 -0.086104
v -0.224781 0.228106 -0.093107
v -0.241481 0.253106 -0.064705
v -0.235011 0.278106 -0.062971
v -0.217333 0.296407 -0.058234
v -0.193185 0.303106 -0.051764
v -0.169037 0.296407 -0.045293
v -0.151359 0.278106 -0.040557
v -0.144889 0.253106 -0.038823
v -0.151359 0.228106 -0.040557
v -0.169037 0.209805 -0.045293
v -0.193185 0.203106 -0.051764
v -0.217333 0.209805 -0.058234
v -0.235011 0.228106 -0.062971
v -0.247861 0.253106 -0.032632
v -0.241220 0.278106 -0.031757
v -0.223075 0.296407 -0.029368
v -0.198289 0.303106 -0.026105
v -0.173503 0.296407 -0.022842
v -0.155358 0.278106 -0.020453
v -0.148717 0.253106 -0.019579
v -0.155358 0.228106 -0.020453
v -0.173503 0.209805 -0.022842
v -0.198289 0.203106 -0.026105
v -0.223075 0.209805 -0.029368
v -0.241220 0.228106 -0.031757
v -0.250000 0.253106 -0.000000
v -0.243301 0.278106 -0.000000
v -0.225000 0.296407 -0.000000
v -0.200000 0.303106 -0.000000
v -0.175000 0.296407 -0.000000
v -0.156699 0.278106 -0.000000
v -0.150000 0.253106 -0.000000
v -0.156699 0.228106 -0.000000
v -0.175000 0.209805 -0.000000
v -0.200000 0.203106 -0.000000
v -0.225000 0.209805 -0.000000
v -0.243301 0.228106 -0.000000
v -0.247861 0.253106 0.032632
v -0.241220 0.278106 0.031757
v -0.223075 0.296407 0.029368
v -0.198289 0.303106 0.026105
v -0.173503 0.296407 0.022842
v -0.155358 0.278106 0.020453
v -0.148717 0.253106 0.019579
v -0.155358 0.228106 0.020453
v -0.173503 0.209805 0.022842
v -0.198289 0.203106 0.026105
v -0.223075 0.209805 0.029368
v -0.241220 0.228106 0.031757
v -0.241481 0.253106 0.064705
v -0.235011 0.278106 0.062971
v -0.217333 0.296407 0.058234
v -0.193185 0.303106 0.051764
v -0.169037 0.296407 0.045293
v -0.151359 0.278106 0.040557
v -0.144889 0.253106 0.038823
v -0.151359 0.228106 0.040557
v -0.169037 0.209805 0.045293
v -0.193185 0.203106 0.051764
v -0.217333 0.209805 0.058234
v -0.235011 0.228106 0.062971
v -0.230970 0.253106 0.095671
v -0.224781 0.278106 0.093107
v -0.207873 0.296407 0.086104
v -0.184776 0.303106 0.076537
v -0.161679 0.296407 0.066970
v -0.144771 0.278106 0.059966
v -0.138582 0.253106 0.057402
v -0.144771 0.228106 0.059966
v -0.161679 0.209805 0.066970
v -0.184776 0.203106 0.076537
v -0.207873 0.209805 0.086104
v -0.224781 0.228106 0.093107
v -0.216506 0.253106 0.125000
v -0.210705 0.278106 0.121651
v -0.194856 0.296407 0.112500
v -0.173205 0.303106 0.100000
v -0.151554 0.296407 0.087500
v -0.135705 0.278106 0.078349
v -0.129904 0.253106 0.075000
v -0.135705 0.228106 0.078349
v -0.151554 0.209805 0.087500
v -0.173205 0.203106 0.100000
v -0.194856 0.209805 0.112500
v -0.210705 0.228106 0.121651
v -0.198338 0.253106 0.152190
v -0.193024 0.278106 0.148112
v -0.178504 0.296407 0.136971
v -0.158671 0.303106 0.121752
v -0.138837 0.296407 0.106533
v -0.124317 0.278106 0.095392
v -0.119003 0.253106 0.091314
v -0.124317 0.228106 0.095392
v -0.138837 0.209805 0.106533
v -0.158671 0.203106 0.121752
v -0.178504 0.209805 0.136971
v -0.193024 0.228106 0.148112
v -0.176777 0.253106 0.176777
v -0.172040 0.278106 0.172040
v -0.159099 0.296407 0.159099
v -0.141421 0.303106 0.141421
v -0.123744 0.296407 0.123744
v -0.110803 0.278106 0.110803
v -0.106066 0.253106 0.106066
v -0.110803 0.228106 0.110803
v -0.123744 0.209805 0.123744
v -0.141421 0.203106 0.141421
v -0.159099 0.209805 0.159099
v -0.172040 0.228106 0.172040
v -0.152190 0.253106 0.198338
v -0.148113 0.278106 0.193024
v -0.136971 0.296407 0.178504
v -0.121752 0.303106 0.158671
v -0.106533 0.296407 0.138837
v -0.095392 0.278106 0.124317
v -0.091314 0.253106 0.119003
v -0.095392 0.228106 0.124317
v -0.106533 0.209805 0.138837
v -0.121752 0.203106 0.158671
v -0.136971 0.209805 0.178504
v -0.148113 0.228106 0.193024
v -0.125000 0.253106 0.216506
v -0.121651 0.278106 0.210705
v -0.112500 0.296407 0.194856
v -0.100000 0.303106 0.173205
v -0.087500 0.296407 0.151554
v -0.078349 0.278106 0.135705
v -0.075000 0.253106 0.129904
v -0.078349 0.228106 0.135705
v -0.087500 0.209805 0.151554
v -0.100000 0.203106 0.173205
v -0.112500 0.209805 0.194856
v -0.121651 0.228106 0.210705
v -0.095671 0.253106 0.230970
v -0.093107 0.278106 0.224781
v -0.086104 0.296407 0.207873
v -0.076537 0.303106 0.184776
v -0.066970 0.296407 0.161679
v -0.059966 0.278106 0.144771
v -0.057403 0.253106 0.138582
v -0.059966 0.228106 0.144771
v -0.066970 0.209805 0.161679
v -0.076537 0.203106 0.184776
v -0.086104 0.209805 0.207873
v -0.093107 0.228106 0.224781
v -0.064705 0.253106 0.241481
v -0.062971 0.278106 0.235011
v -0.058234 0.296407 0.217333
v -0.051764 0.303106 0.193185
v -0.045293 0.296407 0.169037
v -0.040557 0.278106 0.151359
v -0.038823 0.253106 0.144889
v -0.040557 0.228106 0.151359
v -0.045293 0.209805 0.169037
v -0.051764 0.203106 0.193185
v -0.058234 0.209805 0.217333
v -0.062971 0.228106 0.235011
v -0.032632 0.253106 0.247861
v -0.031757 0.278106 0.241220
v -0.029369 0.296407 0.223075
v -0.026105 0.303106 0.198289
v -0.022842 0.296407 0.173503
v -0.020453 0.278106 0.155358
v -0.019579 0.253106 0.148717
v -0.020453 0.228106 0.155358
v -0.022842 0.209805 0.173503
v -0.026105 0.203106 0.198289
v -0.029369 0.209805 0.223075
v -0.031757 0.228106 0.241220
v 0.000000 0.253106 0.250000
v 0.000000 0.278106 0.243301
v 0.000000 0.296407 0.225000
v 0.000000 0.303106 0.200000
v 0.000000 0.296407 0.175000
v 0.000000 0.278106 0.156699
v 0.000000 0.253106 0.150000
v 0.000000 0.228106 0.156699
v 0.000000 0.209805 0.175000
v 0.000000 0.203106 0.200000
v 0.000000 0.209805 0.225000
v 0.000000 0.228106 0.243301
v 0.032632 0.253106 0.247861
v 0.031757 0.278106 0.241220
v 0.029368 0.296407 0.223075
v 0.026105 0.303106 0.198289
v 0.022842 0.296407 0.173503
v 0.020453 0.278106 0.155358
v 0.019579 0.253106 0.148717
v 0.020453 0.228106 0.155358
v 0.022842 0.209805 0.173503
v 0.026105 0.203106 0.198289
v 0.029368 0.209805 0.223075
v 0.031757 0.228106 0.241220
v 0.064705 0.253106 0.241481
v 0.062971 0.278106 0.235011
v 0.058234 0.296407 0.217333
v 0.051764 0.303106 0.193185
v 0.045293 0.296407 0.169037
v 0.040557 0.278106 0.151359
v 0.038823 0.253106 0.144889
v 0.040557 0.228106 0.151359
v 0.045293 0.209805 0.169037
v 0.051764 0.203106 0.193185
v 0.058234 0.209805 0.217333
v 0.062971 0.228106 0.235011
v 0.095671 0.253106 0.230970
v 0.093107 0.278106 0.224781
v 0.086104 0.296407 0.207873
v 0.076537 0.303106 0.184776
v 0.066970 0.296407 0.161679
v 0.059966 0.278106 0.144771
v 0.057403 0.253106 0.138582
v 0.059966 0.228106 0.144771
v 0.066970 0.209805 0.161679
v 0.076537 0.203106 0.184776
v 0.086104 0.209805 0.207873
v 0.093107 0.228106 0.224781
v 0.125000 0.253106 0.216506
v 0.121651 0.278106 0.210705
v 0.112500 0.296407 0.194856
v 0.100000 0.303106 0.173205
v 0.087500 0.296407 0.151554
v 0.078349 0.278106 0.135705
v 0.075000 0.253106 0.129904
v 0.078349 0.228106 0.135705
v 0.087500 0.209805 0.151554
v 0.100000 0.203106 0.173205
v 0.112500 0.209805 0.194856
v 0.121651 0.228106 0.210705
v 0.152190 0.253106 0.198338
v 0.148112 0.278106 0.193024
v 0.136971 0.296407 0.178505
v 0.121752 0.303106 0.158671
v 0.106533 0.296407 0.138837
v 0.095392 0.278106 0.124317
v 0.091314 0.253106 0.119003
v 0.095392 0.228106 0.124317
v 0.106533 0.209805 0.138837
v 0.121752 0.203106 0.158671
v 0.136971 0.209805 0.178505
v 0.148112 0.228106 0.193024
v 0.176777 0.253106 0.176777
v 0.172040 0.278106 0.172040
v 0.159099 0.296407 0.159099
v 0.141421 0.303106 0.141421
v 0.123744 0.296407 0.123744
v 0.110803 0.278106 0.110803
v 0.106066 0.253106 0.106066
v 0.110803 0.228106 0.110803
v 0.123744 0.209805 0.123744
v 0.141421 0.203106 0.141421
v 0.159099 0.209805 0.159099
v 0.172040 0.228106 0.172040
v 0.198338 0.253106 0.152190
v 0.193024 0.278106 0.148112
v 0.178505 0.296407 0.136971
v 0.158671 0.303106 0.121752
v 0.138837 0.296407 0.106533
v 0.124317 0.278106 0.095392
v 0.119003 0.253106 0.091314
v 0.124317 0.228106 0.095392
v 0.138837 0.209805 0.106533
v 0.158671 0.203106 0.121752
v 0.178505 0.209805 0.136971
v 0.193024 0.228106 0.148112
v 0.216506 0.253106 0.125000
v 0.210705 0.278106 0.121651
v 0.194856 0.296407 0.112500
v 0.173205 0.303106 0.100000
v 0.151554 0.296407 0.087500
v 0.135705 0.278106 0.078349
v 0.129904 0.253106 0.075000
v 0.135705 0.228106 0.078349
v 0.151554 0.209805 0.087500
v 0.173205 0.203106 0.100000
v 0.194856 0.209805 0.112500
v 0.210705 0.228106 0.121651
v 0.230970 0.253106 0.095671
v 0.224781 0.278106 0.093107
v 0.207873 0.296407 0.086104
v 0.184776 0.303106 0.076537
v 0.161679 0.296407 0.066970
v 0.144771 0.278106 0.059966
v 0.138582 0.253106 0.057403
v 0.144771 0.228106 0.059966
v 0.161679 0.209805 0.066970
v 0.184776 0.203106 0.076537
v 0.207873 0.209805 0.086104
v 0.224781 0.228106 0.093107
v 0.241481 0.253106 0.064705
v 0.235011 0.278106 0.062971
v 0.217333 0.296407 0.058234
v 0.193185 0.303106 0.051764
v 0.169037 0.296407 0.045293
v 0.151359 0.278106 0.040557
v 0.144889 0.253106 0.038823
v 0.151359 0.228106 0.040557
v 0.169037 0.209805 0.045293
v 0.193185 0.203106 0.051764
v 0.217333 0.209805 0.058234
v 0.235011 0.228106 0.062971
v 0.247861 0.253106 0.032632
v 0.241220 0.278106 0.031757
v 0.223075 0.296407 0.029368
v 0.198289 0.303106 0.026105
v 0.173503 0.296407 0.022842
v 0.155358 0.278106 0.020453
v 0.148717 0.253106 0.019579
v 0.155358 0.228106 0.020453
v 0.173503 0.209805 0.022842
v 0.198289 0.203106 0.026105
v 0.223075 0.209805 0.029368
v 0.241220 0.228106 0.031757
v 0.250000 0.571430 0.000000
v 0.243301 0.596430 0.000000
v 0.225000 0.614731 0.000000
v 0.200000 0.621430 0.000000
v 0.175000 0.614731 0.000000
v 0.156699 0.596430 0.000000
v 0.150000 0.571430 0.000000
v 0.156699 0.546430 0.000000
v 0.175000 0.528129 0.000000
v 0.200000 0.521430 0.000000
v 0.225000 0.528129 0.000000
v 0.243301 0.546430 0.000000
v 0.247861 0.571430 -0.032632
v 0.241220 0.596430 -0.031757
v 0.223075 0.614731 -0.029368
v 0.198289 0.621430 -0.026105
v 0.173503 0.614731 -0.022842
v 0.155358 0.596430 -0.020453
v 0.148717 0.571430 -0.019579
v 0.155358 0.546430 -0.020453
v 0.173503 0.528129 -0.022842
v 0.198289 0.521430 -0.026105
v 0.223075 0.528129 -0.029368
v 0.241220 0.546430 -0.031757
v 0.241481 0.571430 -0.064705
v 0.235011 0.596430 -0.062971
v 0.217333 0.614731 -0.058234
v 0.193185 0.621430 -0.051764
v 0.169037 0.614731 -0.045293
v 0.151359 0.596430 -0.040557
v 0.144889 0.571430 -0.038823
v 0.151359 0.546430 -0.040557
v 0.169037 0.528129 -0.045293
v 0.193185 0.521430 -0.051764
v 0.217333 0.528129 -0.058234
v 0.235011 0.546430 -0.062971
v 0.230970 0.571430 -0.095671
v 0.224781 0.596430 -0.093107
v 0.207873 0.614731 -0.086104
v 0.184776 0.621430 -0.076537
v 0.161679 0.614731 -0.066970
v 0.144771 0.596430 -0.059966
v 0.138582 0.571430 -0.057403
v 0.144771 0.546430 -0.059966
v 0.161679 0.528129 -0.066970
v 0.184776 0.521430 -0.076537
v 0.207873 0.528129 -0.086104
v 0.224781 0.546430 -0.093107
v 0.216506 0.571430 -0.125000
v 0.210705 0.596430 -0.121651
v 0.194856 0.614731 -0.112500
v 0.173205 0.621430 -0.100000
v 0.151554 0.614731 -0.087500
v 0.135705 0.596430 -0.078349
v 0.129904 0.571430 -0.075000
v 0.135705 0.546430 -0.078349
v 0.151554 0.528129 -0.087500
v 0.173205 0.521430 -0.100000
v 0.194856 0.528129 -0.112500
v 0.210705 0.546430 -0.121651
v 0.198338 0.571430 -0.152190
v 0.193024 0.596430 -0.148112
v 0.178505 0.614731 -0.136971
v 0.158671 0.621430 -0.121752
v 0.138837 0.614731 -0.106533
v 0.124317 0.596430 -0.095392
v 0.119003 0.571430 -0.091314
v 0.124317 0.546430 -0.095392
v 0.138837 0.528129 -0.106533
v 0.158671 0.521430 -0.121752
v 0.178505 0.528129 -0.136971
v 0.193024 0.546430 -0.148112
v 0.176777 0.571430 -0.176777
v 0.172040 0.596430 -0.172040
v 0.159099 0.614731 -0.159099
v 0.141421 0.621430 -0.141421
v 0.123744 0.614731 -0.123744
v 0.110803 0.596430 -0.110803
v 0.106066 0.571430 -0.106066
v 0.110803 0.546430 -0.110803
v 0.123744 0.528129 -0.123744
v 0.141421 0.521430 -0.141421
v 0.159099 0.528129 -0.159099
v 0.172040 0.546430 -0.172040
v 0.152190 0.571430 -0.198338
v 0.148112 0.596430 -0.193024
v 0.136971 0.614731 -0.178504
v 0.121752 0.621430 -0.158671
v 0.106533 0.614731 -0.138837
v 0.095392 0.596430 -0.124317
v 0.091314 0.571430 -0.119003
v 0.095392 0.546430 -0.124317
v 0.106533 0.528129 -0.138837
v 0.121752 0.521430 -0.158671
v 0.136971 0.528129 -0.178504
v 0.148112 0.546430 -0.193024
v 0.125000 0.571430 -0.216506
v 0.121651 0.596430 -0.210705
v 0.112500 0.614731 -0.194856
v 0.100000 0.621430 -0.173205
v 0.087500 0.614731 -0.151554
v 0.078349 0.596430 -0.135705
v 0.075000 0.571430 -0.129904
v 0.078349 0.546430 -0.135705
v 0.087500 0.528129 -0.151554
v 0.100000 0.521430 -0.173205
v 0.112500 0.528129 -0.194856
v 0.121651 0.546430 -0.210705
v 0.095671 0.571430 -0.230970
v 0.093107 0.596430 -0.224781
v 0.086104 0.614731 -0.207873
v 0.076537 0.621430 -0.184776
v 0.066970 0.614731 -0.161679
v 0.059966 0.596430 -0.144771
v 0.057403 0.571430 -0.138582
v 0.059966 0.546430 -0.144771
v 0.066970 0.528129 -0.161679
v 0.076537 0.521430 -0.184776
v 0.086104 0.528129 -0.207873
v 0.093107 0.546430 -0.224781
v 0.064705 0.571430 -0.241481
v 0.062971 0.596430 -0.235011
v 0.058234 0.614731 -0.217333
v 0.051764 0.621430 -0.193185
v 0.045293 0.614731 -0.169037
v 0.040557 0.596430 -0.151359
v 0.038823 0.571430 -0.144889
v 0.040557 0.546430 -0.151359
v 0.045293 0.528129 -0.169037
v 0.051764 0.521430 -0.193185
v 0.058234 0.528129 -0.217333
v 0.062971 0.546430 -0.235011
v 0.032632 0.571430 -0.247861
v 0.031757 0.596430 -0.241220
v 0.029368 0.614731 -0.223075
v 0.026105 0.621430 -0.198289
v 0.022842 0.614731 -0.173503
v 0.020453 0.596430 -0.155358
v 0.019579 0.571430 -0.148717
v 0.020453 0.546430 -0.155358
v 0.022842 0.528129 -0.173503
v 0.026105 0.521430 -0.198289
v 0.029368 0.528129 -0.223075
v 0.031757 0.546430 -0.241220
v 0.000000 0.571430 -0.250000
v 0.000000 0.596430 -0.243301
v 0.000000 0.614731 -0.225000
v 0.000000 0.621430 -0.200000
v 0.000000 0.614731 -0.175000
v 0.000000 0.596430 -0.156699
v 0.000000 0.571430 -0.150000
v 0.000000 0.546430 -0.156699
v 0.000000 0.528129 -0.175000
v 0.000000 0.521430 -0.200000
v 0.000000 0.528129 -0.225000
v 0.000000 0.546430 -0.243301
v -0.032632 0.571430 -0.247861
v -0.031757 0.596430 -0.241220
v -0.029368 0.614731 -0.223075
v -0.026105 0.621430 -0.198289
v -0.022842 0.614731 -0.173503
v -0.020453 0.596430 -0.155358
v -0.019579 0.571430 -0.148717
v -0.020453 0.546430 -0.155358
v -0.022842 0.528129 -0.173503
v -0.026105 0.521430 -0.198289
v -0.029368 0.528129 -0.223075
v -0.031757 0.546430 -0.241220
v -0.064705 0.571430 -0.241481
v -0.062971 0.596430 -0.235011
v -0.058234 0.614731 -0.217333
v -0.051764 0.621430 -0.193185
v -0.045293 0.614731 -0.169037
v -0.040557 0.596430 -0.151359
v -0.038823 0.571430 -0.144889
v -0.040557 0.546430 -0.151359
v -0.045293 0.528129 -0.169037
v -0.051764 0.521430 -0.193185
v -0.058234 0.528129 -0.217333
v -0.062971 0.546430 -0.235011
v -0.095671 0.571430 -0.230970
v -0.093107 0.596430 -0.224781
v -0.086104 0.614731 -0.207873
v -0.076537 0.621430 -0.184776
v -0.066970 0.614731 -0.161679
v -0.059966 0.596430 -0.144771
v -0.057403 0.571430 -0.138582
v -0.059966 0.546430 -0.144771
v -0.066970 0.528129 -0.161679
v -0.076537 0.521430 -0.184776
v -0.086104 0.528129 -0.207873
v -0.093107 0.546430 -0.224781
v -0.125000 0.571430 -0.216506
v -0.121651 0.596430 -0.210705
v -0.112500 0.614731 -0.194856
v -0.100000 0.621430 -0.173205
v -0.087500 0.614731 -0.151554
v -0.078349 0.596430 -0.135705
v -0.075000 0.571430 -0.129904
v -0.078349 0.546430 -0.135705
v -0.087500 0.528129 -0.151554
v -0.100000 0.521430 -0.173205
v -0.112500 0.528129 -0.194856
v -0.121651 0.546430 -0.210705
v -0.152190 0.571430 -0.198338
v -0.148112 0.596430 -0.193024
v -0.136971 0.614731 -0.178504
v -0.121752 0.621430 -0.158671
v -0.106533 0.614731 -0.138837
v -0.095392 0.596430 -0.124317
v -0.091314 0.571430 -0.119003
v -0.095392 0.546430 -0.124317
v -0.106533 0.528129 -0.138837
v -0.121752 0.521430 -0.158671
v -0.136971 0.528129 -0.178504
v -0.148112 0.546430 -0.193024
v -0.176777 0.571430 -0.176777
v -0.172040 0.596430 -0.172040
v -0.159099 0.614731 -0.159099
v -0.141421 0.621430 -0.141421
v -0.123744 0.614731 -0.123744
v -0.110803 0.596430 -0.110803
v -0.106066 0.571430 -0.106066
v -0.110803 0.546430 -0.110803
v -0.123744 0.528129 -0.123744
v -0.141421 0.521430 -0.141421
v -0.159099 0.528129 -0.159099
v -0.172040 0.546430 -0.172040
v -0.198338 0.571430 -0.152190
v -0.193024 0.596430 -0.148112
v -0.178504 0.614731 -0.136971
v -0.158671 0.621430 -0.121752
v -0.138837 0.614731 -0.106533
v -0.124317 0.596430 -0.095392
v -0.119003 0.571430 -0.091314
v -0.124317 0.546430 -0.095392
v -0.138837 0.528129 -0.106533
v -0.158671 0.521430 -0.121752
v -0.178504 0.528129 -0.136971
v -0.193024 0.546430 -0.148112
v -0.216506 0.571430 -0.125000
v -0.210705 0.596430 -0.121651
v -0.194856 0.614731 -0.112500
v -0.173205 0.621430 -0.100000
v -0.151554 0.614731 -0.087500
v -0.135705 0.596430 -0.078349
v -0.129904 0.571430 -0.075000
v -0.135705 0.546430 -0.078349
v -0.151554 0.528129 -0.087500
v -0.173205 0.521430 -0.100000
v -0.194856 0.528129 -0.112500
v -0.210705 0.546430 -0.121651
v -0.230970 0.571430 -0.095671
v -0.224781 0.596430 -0.093107
v -0.207873 0.614731 -0.086104
v -0.184776 0.621430 -0.076537
v -0.161679 0.614731 -0.066970
v -0.144771 0.596430 -0.059966
v -0.138582 0.571430 -0.057403
v -0.144771 0.546430 -0.059966
v -0.161679 0.528129 -0.066970
v -0.184776 0.521430 -0.076537
v -0.207873 0.528129 -0.086104
v -0.224781 0.546430 -0.093107
v -0.241481 0.571430 -0.064705
v -0.235011 0.596430 -0.062971
v -0.217333 0.614731 -0.058234
v -0.193185 0.621430 -0.051764
v -0.169037 0.614731 -0.045293
v -0.151359 0.596430 -0.040557
v -0.144889 0.571430 -0.038823
v -0.151359 0.546430 -0.040557
v -0.169037 0.528129 -0.045293
v -0.193185 0.521430 -0.051764
v -0.217333 0.528129 -0.058234
v -0.235011 0.546430 -0.062971
v -0.247861 0.571430 -0.032632
v -0.241220 0.596430 -0.031757
v -0.223075 0.614731 -0.029368
v -0.198289 0.621430 -0.026105
v -0.173503 0.614731 -0.022842
v -0.155358 0.596430 -0.020453
v -0.148717 0.571430 -0.019579
v -0.155358 0.546430 -0.020453
v -0.173503 0.528129 -0.022842
v -0.198289 0.521430 -0.026105
v -0.223075 0.528129 -0.029368
v -0.241220 0.546430 -0.031757
v -0.250000 0.571430 -0.000000
v -0.243301 0.596430 -0.000000
v -0.225000 0.614731 -0.000000
v -0.200000 0.621430 -0.000000
v -0.175000 0.614731 -0.000000
v -0.156699 0.596430 -0.000000
v -0.150000 0.571430 -0.000000
v -0.156699 0.546430 -0.000000
v -0.175000 0.528129 -0.000000
v -0.200000 0.521430 -0.000000
v -0.225000 0.528129 -0.000000
v -0.243301 0.546430 -0.000000
v -0.247861 0.571430 0.032632
v -0.241220 0.596430 0.031757
v -0.223075 0.614731 0.029368
v -0.198289 0.621430 0.026105
v -0.173503 0.614731 0.022842
v -0.155358 0.596430 0.020453
v -0.148717 0.571430 0.019579
v -0.155358 0.546430 0.020453
v -0.173503 0.528129 0.022842
v -0.198289 0.521430 0.026105
v -0.223075 0.528129 0.029368
v -0.241220 0.546430 0.031757
v -0.241481 0.571430 0.064705
v -0.235011 0.596430 0.062971
v -0.217333 0.614731 0.058234
v -0.193185 0.621430 0.051764
v -0.169037 0.614731 0.045293
v -0.151359 0.596430 0.040557
v -0.144889 0.571430 0.038823
v -0.151359 0.546430 0.040557
v -0.169037 0.528129 0.045293
v -0.193185 0.521430 0.051764
v -0.217333 0.528129 0.058234
v -0.235011 0.546430 0.062971
v -0.230970 0.571430 0.095671
v -0.224781 0.596430 0.093107
v -0.207873 0.614731 0.086104
v -0.184776 0.621430 0.076537
v -0.161679 0.614731 0.066970
v -0.144771 0.596430 0.059966
v -0.138582 0.571430 0.057402
v -0.144771 0.546430 0.059966
v -0.161679 0.528129 0.066970
v -0.184776 0.521430 0.076537
v -0.207873 0.528129 0.086104
v -0.224781 0.546430 0.093107
v -0.216506 0.571430 0.125000
v -0.210705 0.596430 0.121651
v -0.194856 0.614731 0.112500
v -0.173205 0.621430 0.100000
v -0.151554 0.614731 0.087500
v -0.135705 0.596430 0.078349
v -0.129904 0.571430 0.075000
v -0.135705 0.546430 0.078349
v -0.151554 0.528129 0.087500
v -0.173205 0.521430 0.100000
v -0.194856 0.528129 0.112500
v -0.210705 0.546430 0.121651
v -0.198338 0.571430 0.152190
v -0.193024 0.596430 0.148112
v -0.178504 0.614731 0.136971
v -0.158671 0.621430 0.121752
v -0.138837 0.614731 0.106533
v -0.124317 0.596430 0.095392
v -0.119003 0.571430 0.091314
v -0.124317 0.546430 0.095392
v -0.138837 0.528129 0.106533
v -0.158671 0.521430 0.121752
v -0.178504 0.528129 0.136971
v -0.193024 0.546430 0.148112
v -0.176777 0.571430 0.176777
v -0.172040 0.596430 0.172040
v -0.159099 0.614731 0.159099
v -0.141421 0.621430 0.141421
v -0.123744 0.614731 0.123744
v -0.110803 0.596430 0.110803
v -0.106066 0.571430 0.106066
v -0.110803 0.546430 0.110803
v -0.123744 0.528129 0.123744
v -0.141421 0.521430 0.141421
v -0.159099 0.528129 0.159099
v -0.172040 0.546430 0.172040
v -0.152190 0.571430 0.198338
v -0.148113 0.596430 0.193024
v -0.136971 0.614731 0.178504
v -0.121752 0.621430 0.158671
v -0.106533 0.614731 0.138837
v -0.095392 0.596430 0.124317
v -0.091314 0.571430 0.119003
v -0.095392 0.546430 0.124317
v -0.106533 0.528129 0.138837
v -0.121752 0.521430 0.158671
v -0.136971 0.528129 0.178504
v -0.148113 0.546430 0.193024
v -0.125000 0.571430 0.216506
v -0.121651 0.596430 0.210705
v -0.112500 0.614731 0.194856
v -0.100000 0.621430 0.173205
v -0.087500 0.614731 0.151554
v -0.078349 0.596430 0.135705
v -0.075000 0.571430 0.129904
v -0.078349 0.546430 0.135705
v -0.087500 0.528129 0.151554
v -0.100000 0.521430 0.173205
v -0.112500 0.528129 0.194856
v -0.121651 0.546430 0.210705
v -0.095671 0.571430 0.230970
v -0.093107 0.596430 0.224781
v -0.086104 0.614731 0.207873
v -0.076537 0.621430 0.184776
v -0.066970 0.614731 0.161679
v -0.059966 0.596430 0.144771
v -0.057403 0.571430 0.138582
v -0.059966 0.546430 0.144771
v -0.066970 0.528129 0.161679
v -0.076537 0.521430 0.184776
v -0.086104 0.528129 0.207873
v -0.093107 0.546430 0.224781
v -0.064705 0.571430 0.241481
v -0.062971 0.596430 0.235011
v -0.058234 0.614731 0.217333
v -0.051764 0.621430 0.193185
v -0.045293 0.614731 0.169037
v -0.040557 0.596430 0.151359
v -0.038823 0.571430 0.144889
v -0.040557 0.546430 0.151359
v -0.045293 0.528129 0.169037
v -0.051764 0.521430 0.193185
v -0.058234 0.528129 0.217333
v -0.062971 0.546430 0.235011
v -0.032632 0.571430 0.247861
v -0.031757 0.596430 0.241220
v -0.029369 0.614731 0.223075
v -0.026105 0.621430 0.198289
v -0.022842 0.614731 0.173503
v -0.020453 0.596430 0.155358
v -0.019579 0.571430 0.148717
v -0.020453 0.546430 0.155358
v -0.022842 0.528129 0.173503
v -0.026105 0.521430 0.198289
v -0.029369 0.528129 0.223075
v -0.031757 0.546430 0.241220
v 0.000000 0.571430 0.250000
v 0.000000 0.596430 0.243301
v 0.000000 0.614731 0.225000
v 0.000000 0.621430 0.200000
v 0.000000 0.614731 0.175000
v 0.000000 0.596430 0.156699
v 0.000000 0.571430 0.150000
v 0.000000 0.546430 0.156699
v 0.000000 0.528129 0.175000
v 0.000000 0.521430 0.200000
v 0.000000 0.528129 0.225000
v 0.000000 0.546430 0.243301
v 0.032632 0.571430 0.247861
v 0.031757 0.596430 0.241220
v 0.029368 0.614731 0.223075
v 0.026105 0.621430 0.198289
v 0.022842 0.614731 0.173503
v 0.020453 0.596430 0.155358
v 0.019579 0.571430 0.148717
v 0.020453 0.546430 0.155358
v 0.022842 0.528129 0.173503
v 0.026105 0.521430 0.198289
v 0.029368 0.528129 0.223075
v 0.031757 0.546430 0.241220
v 0.064705 0.571430 0.241481
v 0.062971 0.596430 0.235011
v 0.058234 0.614731 0.217333
v 0.051764 0.621430 0.193185
v 0.045293 0.614731 0.169037
v 0.040557 0.596430 0.151359
v 0.038823 0.571430 0.144889
v 0.040557 0.546430 0.151359
v 0.045293 0.528129 0.169037
v 0.051764 0.521430 0.193185
v 0.058234 0.528129 0.217333
v 0.062971 0.546430 0.235011
v 0.095671 0.571430 0.230970
v 0.093107 0.596430 0.224781
v 0.086104 0.614731 0.207873
v 0.076537 0.621430 0.184776
v 0.066970 0.614731 0.161679
v 0.059966 0.596430 0.144771
v 0.057403 0.571430 0.138582
v 0.059966 0.546430 0.144771
v 0.066970 0.528129 0.161679
v 0.076537 0.521430 0.184776
v 0.086104 0.528129 0.207873
v 0.093107 0.546430 0.224781
v 0.125000 0.571430 0.216506
v 0.121651 0.596430 0.210705
v 0.112500 0.614731 0.194856
v 0.100000 0.621430 0.173205
v 0.087500 0.614731 0.151554
v 0.078349 0.596430 0.135705
v 0.075000 0.571430 0.129904
v 0.078349 0.546430 0.135705
v 0.087500 0.528129 0.151554
v 0.100000 0.521430 0.173205
v 0.112500 0.528129 0.194856
v 0.121651 0.546430 0.210705
v 0.152190 0.571430 0.198338
v 0.148112 0.596430 0.193024
v 0.136971 0.614731 0.178505
v 0.121752 0.621430 0.158671
v 0.106533 0.614731 0.138837
v 0.095392 0.596430 0.124317
v 0.091314 0.571430 0.119003
v 0.095392 0.546430 0.124317
v 0.106533 0.528129 0.138837
v 0.121752 0.521430 0.158671
v 0.136971 0.528129 0.178505
v 0.148112 0.546430 0.193024
v 0.176777 0.571430 0.176777
v 0.172040 0.596430 0.172040
v 0.159099 0.614731 0.159099
v 0.141421 0.621430 0.141421
v 0.123744 0.614731 0.123744
v 0.110803 0.596430 0.110803
v 0.106066 0.571430 0.106066
v 0.110803 0.546430 0.110803
v 0.123744 0.528129 0.123744
v 0.141421 0.521430 0.141421
v 0.159099 0.528129 0.159099
v 0.172040 0.546430 0.172040
v 0.198338 0.571430 0.152190
v 0.193024 0.596430 0.148112
v 0.178505 0.614731 0.136971
v 0.158671 0.621430 0.121752
v 0.138837 0.614731 0.106533
v 0.124317 0.596430 0.095392
v 0.119003 0.571430 0.091314
v 0.124317 0.546430 0.095392
v 0.138837 0.528129 0.106533
v 0.158671 0.521430 0.121752
v 0.178505 0.528129 0.136971
v 0.193024 0.546430 0.148112
v 0.216506 0.571430 0.125000
v 0.210705 0.596430 0.121651
v 0.194856 0.614731 0.112500
v 0.173205 0.621430 0.100000
v 0.151554 0.614731 0.087500
v 0.135705 0.596430 0.078349
v 0.129904 0.571430 0.075000
v 0.135705 0.546430 0.078349
v 0.151554 0.528129 0.087500
v 0.173205 0.521430 0.100000
v 0.194856 0.528129 0.112500
v 0.210705 0.546430 0.121651
v 0.230970 0.571430 0.095671
v 0.224781 0.596430 0.093107
v 0.207873 0.614731 0.086104
v 0.184776 0.621430 0.076537
v 0.161679 0.614731 0.066970
v 0.144771 0.596430 0.059966
v 0.138582 0.571430 0.057403
v 0.144771 0.546430 0.059966
v 0.161679 0.528129 0.066970
v 0.184776 0.521430 0.076537
v 0.207873 0.528129 0.086104
v 0.224781 0.546430 0.093107
v 0.241481 0.571430 0.064705
v 0.235011 0.596430 0.062971
v 0.217333 0.614731 0.058234
v 0.193185 0.621430 0.051764
v 0.169037 0.614731 0.045293
v 0.151359 0.596430 0.040557
v 0.144889 0.571430 0.038823
v 0.151359 0.546430 0.040557
v 0.169037 0.528129 0.045293
v 0.193185 0.521430 0.051764
v 0.217333 0.528129 0.058234
v 0.235011 0.546430 0.062971
v 0.247861 0.571430 0.032632
v 0.241220 0.596430 0.031757
v 0.223075 0.614731 0.029368
v 0.198289 0.621430 0.026105
v 0.173503 0.614731 0.022842
v 0.155358 0.596430 0.020453
v 0.148717 0.571430 0.019579
v 0.155358 0.546430 0.020453
v 0.173503 0.528129 0.022842
v 0.198289 0.521430 0.026105
v 0.223075 0.528129 0.029368
v 0.241220 0.546430 0.031757
v 0.250000 0.951638 0.000000
v 0.243301 0.976638 0.000000
v 0.225000 0.994940 0.000000
v 0.200000 1.001638 0.000000
v 0.175000 0.994940 0.000000
v 0.156699 0.976638 0.000000
v 0.150000 0.951638 0.000000
v 0.156699 0.926638 0.000000
v 0.175000 0.908337 0.000000
v 0.200000 0.901638 0.000000
v 0.225000 0.908337 0.000000
v 0.243301 0.926638 0.000000
v 0.247861 0.951638 -0.032632
v 0.241220 0.976638 -0.031757
v 0.223075 0.994940 -0.029368
v 0.198289 1.001638 -0.026105
v 0.173503 0.994940 -0.022842
v 0.155358 0.976638 -0.020453
v 0.148717 0.951638 -0.019579
v 0.155358 0.926638 -0.020453
v 0.173503 0.908337 -0.022842
v 0.198289 0.901638 -0.026105
v 0.223075 0.908337 -0.029368
v 0.241220 0.926638 -0.031757
v 0.241481 0.951638 -0.064705
v 0.235011 0.976638 -0.062971
v 0.217333 0.994940 -0.058234
v 0.193185 1.001638 -0.051764
v 0.169037 0.994940 -0.045293
v 0.151359 0.976638 -0.040557
v 0.144889 0.951638 -0.038823
v 0.151359 0.926638 -0.040557
v 0.169037 0.908337 -0.045293
v 0.193185 0.901638 -0.051764
v 0.217333 0.908337 -0.058234
v 0.235011 0.926638 -0.062971
v 0.230970 0.951638 -0.095671
v 0.224781 0.976638 -0.093107
v 0.207873 0.994940 -0.086104
v 0.184776 1.001638 -0.076537
v 0.161679 0.994940 -0.066970
v 0.144771 0.976638 -0.059966
v 0.138582 0.951638 -0.057403
v 0.144771 0.926638 -0.059966
v 0.161679 0.908337 -0.066970
v 0.184776 0.901638 -0.076537
v 0.207873 0.908337 -0.086104
v 0.224781 0.926638 -0.093107
v 0.216506 0.951638 -0.125000
v 0.210705 0.976638 -0.121651
v 0.194856 0.994940 -0.112500
v 0.173205 1.001638 -0.100000
v 0.151554 0.994940 -0.087500
v 0.135705 0.976638 -0.078349
v 0.129904 0.951638 -0.075000
v 0.135705 0.926638 -0.078349
v 0.151554 0.908337 -0.087500
v 0.173205 0.901638 -0.100000
v 0.194856 0.908337 -0.112500
v 0.210705 0.926638 -0.121651
v 0.198338 0.951638 -0.152190
v 0.193024 0.976638 -0.148112
v 0.178505 0.994940 -0.136971
v 0.158671 1.001638 -0.121752
v 0.138837 0.994940 -0.106533
v 0.124317 0.976638 -0.095392
v 0.119003 0.951638 -0.091314
v 0.124317 0.926638 -0.095392
v 0.138837 0.908337 -0.106533
v 0.158671 0.901638 -0.121752
v 0.178505 0.908337 -0.136971
v 0.193024 0.926638 -0.148112
v 0.176777 0.951638 -0.176777
v 0.172040 0.976638 -0.172040
v 0.159099 0.994940 -0.159099
v 0.141421 1.001638 -0.141421
v 0.123744 0.994940 -0.123744
v 0.110803 0.976638 -0.110803
v 0.106066 0.951638 -0.106066
v 0.110803 0.926638 -0.110803
v 0.123744 0.908337 -0.123744
v 0.141421 0.901638 -0.141421
v 0.159099 0.908337 -0.159099
v 0.172040 0.926638 -0.172040
v 0.152190 0.951638 -0.198338
v 0.148112 0.976638 -0.193024
v 0.136971 0.994940 -0.178504
v 0.121752 1.001638 -0.158671
v 0.106533 0.994940 -0.138837
v 0.095392 0.976638 -0.124317
v 0.091314 0.951638 -0.119003
v 0.095392 0.926638 -0.124317
v 0.106533 0.908337 -0.138837
v 0.121752 0.901638 -0.158671
v 0.136971 0.908337 -0.178504
v 0.148112 0.926638 -0.193024
v 0.125000 0.951638 -0.216506
v 0.121651 0.976638 -0.210705
v 0.112500 0.994940 -0.194856
v 0.100000 1.001638 -0.173205
v 0.087500 0.994940 -0.151554
v 0.078349 0.976638 -0.135705
v 0.075000 0.951638 -0.129904
v 0.078349 0.926638 -0.135705
v 0.087500 0.908337 -0.151554
v 0.100000 0.901638 -0.173205
v 0.112500 0.908337 -0.194856
v 0.121651 0.926638 -0.210705
v 0.095671 0.951638 -0.230970
v 0.093107 0.976638 -0.224781
v 0.086104 0.994940 -0.207873
v 0.076537 1.001638 -0.184776
v 0.066970 0.994940 -0.161679
v 0.059966 0.976638 -0.144771
v 0.057403 0.951638 -0.138582
v 0.059966 0.926638 -0.144771
v 0.066970 0.908337 -0.161679
v 0.076537 0.901638 -0.184776
v 0.086104 0.908337 -0.207873
v 0.093107 0.926638 -0.224781
v 0.064705 0.951638 -0.241481
v 0.062971 0.976638 -0.235011
v 0.058234 0.994940 -0.217333
v 0.051764 1.001638 -0.193185
v 0.045293 0.994940 -0.169037
v 0.040557 0.976638 -0.151359
v 0.038823 0.951638 -0.144889
v 0.040557 0.926638 -0.151359
v 0.045293 0.908337 -0.169037
v 0.051764 0.901638 -0.193185
v 0.058234 0.908337 -0.217333
v 0.062971 0.926638 -0.235011
v 0.032632 0.951638 -0.247861
v 0.031757 0.976638 -0.241220
v 0.029368 0.994940 -0.223075
v 0.026105 1.001638 -0.198289
v 0.022842 0.994940 -0.173503
v 0.020453 0.976638 -0.155358
v 0.019579 0.951638 -0.148717
v 0.020453 0.926638 -0.155358
v 0.022842 0.908337 -0.173503
v 0.026105 0.901638 -0.198289
v 0.029368 0.908337 -0.223075
v 0.031757 0.926638 -0.241220
v 0.000000 0.951638 -0.250000
v 0.000000 0.976638 -0.243301
v 0.000000 0.994940 -0.225000
v 0.000000 1.001638 -0.200000
v 0.000000 0.994940 -0.175000
v 0.000000 0.976638 -0.156699
v 0.000000 0.951638 -0.150000
v 0.000000 0.926638 -0.156699
v 0.000000 0.908337 -0.175000
v 0.000000 0.901638 -0.200000
v 0.000000 0.908337 -0.225000
v 0.000000 0.926638 -0.243301
v -0.032632 0.951638 -0.247861
v -0.031757 0.976638 -0.241220
v -0.029368 0.994940 -0.223075
v -0.026105 1.001638 -0.198289
v -0.022842 0.994940 -0.173503
v -0.020453 0.976638 -0.155358
v -0.019579 0.951638 -0.148717
v -0.020453 0.926638 -0.155358
v -0.022842 0.908337 -0.173503
v -0.026105 0.901638 -0.198289
v -0.029368 0.908337 -0.223075
v -0.031757 0.926638 -0.241220
v -0.064705 0.951638 -0.241481
v -0.062971 0.976638 -0.235011
v -0.058234 0.994940 -0.217333
v -0.051764 1.001638 -0.193185
v -0.045293 0.994940 -0.169037
v -0.040557 0.976638 -0.151359
v -0.038823 0.951638 -0.144889
v -0.040557 0.926638 -0.151359
v -0.045293 0.908337 -0.169037
v -0.051764 0.901638 -0.193185
v -0.058234 0.908337 -0.217333
v -0.062971 0.926638 -0.235011
v -0.095671 0.951638 -0.230970
v -0.093107 0.976638 -0.224781
v -0.086104 0.994940 -0.207873
v -0.076537 1.001638 -0.184776
v -0.066970 0.994940 -0.161679
v -0.059966 0.976638 -0.144771
v -0.057403 0.951638 -0.138582
v -0.059966 0.926638 -0.144771
v -0.066970 0.908337 -0.161679
v -0.076537 0.901638 -0.184776
v -0.086104 0.908337 -0.207873
v -0.093107 0.926638 -0.224781
v -0.125000 0.951638 -0.216506
v -0.121651 0.976638 -0.210705
v -0.112500 0.994940 -0.194856
v -0.100000 1.001638 -0.173205
v -0.087500 0.994940 -0.151554
v -0.078349 0.976638 -0.135705
v -0.075000 0.951638 -0.129904
v -0.078349 0.926638 -0.135705
v -0.087500 0.908337 -0.151554
v -0.100000 0.901638 -0.173205
v -0.112500 0.908337 -0.194856
v -0.121651 0.926638 -0.210705
v -0.152190 0.951638 -0.198338
v -0.148112 0.976638 -0.193024
v -0.136971 0.994940 -0.178504
v -0.121752 1.001638 -0.158671
v -0.106533 0.994940 -0.138837
v -0.095392 0.976638 -0.124317
v -0.091314 0.951638 -0.119003
v -0.095392 0.926638 -0.124317
v -0.106533 0.908337 -0.138837
v -0.121752 0.901638 -0.158671
v -0.136971 0.908337 -0.178504
v -0.148112 0.926638 -0.193024
v -0.176777 0.951638 -0.176777
v -0.172040 0.976638 -0.172040
v -0.159099 0.994940 -0.159099
v -0.141421 1.001638 -0.141421
v -0.123744 0.994940 -0.123744
v -0.110803 0.976638 -0.110803
v -0.106066 0.951638 -0.106066
v -0.110803 0.926638 -0.110803
v -0.123744 0.908337 -0.123744
v -0.141421 0.901638 -0.141421
v -0.159099 0.908337 -0.159099
v -0.172040 0.926638 -0.172040
v -0.198338 0.951638 -0.152190
v -0.193024 0.976638 -0.148112
v -0.178504 0.994940 -0.136971
v -0.158671 1.001638 -0.121752
v -0.138837 0.994940 -0.106533
v -0.124317 0.976638 -0.095392
v -0.119003 0.951638 -0.091314
v -0.124317 0.926638 -0.095392
v -0.138837 0.908337 -0.106533
v -0.158671 0.901638 -0.121752
v -0.178504 0.908337 -0.136971
v -0.193024 0.926638 -0.148112
v -0.216506 0.951638 -0.125000
v -0.210705 0.976638 -0.121651
v -0.194856 0.994940 -0.112500
v -0.173205 1.001638 -0.100000
v -0.151554 0.994940 -0.087500
v -0.135705 0.976638 -0.078349
v -0.129904 0.951638 -0.075000
v -0.135705 0.926638 -0.078349
v -0.151554 0.908337 -0.087500
v -0.173205 0.901638 -0.100000
v -0.194856 0.908337 -0.112500
v -0.210705 0.926638 -0.121651
v -0.230970 0.951638 -0.095671
v -0.224781 0.976638 -0.093107
v -0.207873 0.994940 -0.086104
v -0.184776 1.001638 -0.076537
v -0.161679 0.994940 -0.066970
v -0.144771 0.976638 -0.059966
v -0.138582 0.951638 -0.057403
v -0.144771 0.926638 -0.059966
v -0.161679 0.908337 -0.066970
v -0.184776 0.901638 -0.076537
v -0.207873 0.908337 -0.086104
v -0.224781 0.926638 -0.093107
v -0.241481 0.951638 -0.064705
v -0.235011 0.976638 -0.062971
v -0.217333 0.994940 -0.058234
v -0.193185 1.001638 -0.051764
v -0.169037 0.994940 -0.045293
v -0.151359 0.976638 -0.040557
v -0.144889 0.951638 -0.038823
v -0.151359 0.926638 -0.040557
v -0.169037 0.908337 -0.045293
v -0.193185 0.901638 -0.051764
v -0.217333 0.908337 -0.058234
v -0.235011 0.926638 -0.062971
v -0.247861 0.951638 -0.032632
v -0.241220 0.976638 -0.031757
v -0.223075 0.994940 -0.029368
v -0.198289 1.001638 -0.026105
v -0.173503 0.994940 -0.022842
v -0.155358 0.976638 -0.020453
v -0.148717 0.951638 -0.019579
v -0.155358 0.926638 -0.020453
v -0.173503 0.908337 -0.022842
v -0.198289 0.901638 -0.026105
v -0.223075 0.908337 -0.029368
v -0.241220 0.926638 -0.031757
v -0.250000 0.951638 -0.000000
v -0.243301 0.976638 -0.000000
v -0.225000 0.994940 -0.000000
v -0.200000 1.001638 -0.000000
v -0.175000 0.994940 -0.000000
v -0.156699 0.976638 -0.000000
v -0.150000 0.951638 -0.000000
v -0.156699 0.926638 -0.000000
v -0.175000 0.908337 -0.000000
v -0.200000 0.901638 -0.000000
v -0.225000 0.908337 -0.000000
v -0.243301 0.926638 -0.000000
v -0.247861 0.951638 0.032632
v -0.241220 0.976638 0.031757
v -0.223075 0.994940 0.029368
v -0.198289 1.001638 0.026105
v -0.173503 0.994940 0.022842
v -0.155358 0.976638 0.020453
v -0.148717 0.951638 0.019579
v -0.155358 0.926638 0.020453
v -0.173503 0.908337 0.022842
v -0.198289 0.901638 0.026105
v -0.223075 0.908337 0.029368
v -0.241220 0.926638 0.031757
v -0.241481 0.951638 0.064705
v -0.235011 0.976638 0.062971
v -0.217333 0.994940 0.058234
v -0.193185 1.001638 0.051764
v -0.169037 0.994940 0.045293
v -0.151359 0.976638 0.040557
v -0.144889 0.951638 0.038823
v -0.151359 0.926638 0.040557
v -0.169037 0.908337 0.045293
v -0.193185 0.901638 0.051764
v -0.217333 0.908337 0.058234
v -0.235011 0.926638 0.062971
v -0.230970 0.951638 0.095671
v -0.224781 0.976638 0.093107
v -0.207873 0.994940 0.086104
v -0.184776 1.001638 0.076537
v -0.161679 0.994940 0.066970
v -0.144771 0.976638 0.059966
v -0.138582 0.951638 0.057402
v -0.144771 0.926638 0.059966
v -0.161679 0.908337 0.066970
v -0.184776 0.901638 0.076537
v -0.207873 0.908337 0.086104
v -0.224781 0.926638 0.093107
v -0.216506 0.951638 0.125000
v -0.210705 0.976638 0.121651
v -0.194856 0.994940 0.112500
v -0.173205 1.001638 0.100000
v -0.151554 0.994940 0.087500
v -0.135705 0.976638 0.078349
v -0.129904 0.951638 0.075000
v -0.135705 0.926638 0.078349
v -0.151554 0.908337 0.087500
v -0.173205 0.901638 0.100000
v -0.194856 0.908337 0.112500
v -0.210705 0.926638 0.121651
v -0.198338 0.951638 0.152190
v -0.193024 0.976638 0.148112
v -0.178504 0.994940 0.136971
v -0.158671 1.001638 0.121752
v -0.138837 0.994940 0.106533
v -0.124317 0.976638 0.095392
v -0.119003 0.951638 0.091314
v -0.124317 0.926638 0.095392
v -0.138837 0.908337 0.106533
v -0.158671 0.901638 0.121752
v -0.178504 0.908337 0.136971
v -0.193024 0.926638 0.148112
v -0.176777 0.951638 0.176777
v -0.172040 0.976638 0.172040
v -0.159099 0.994940 0.159099
v -0.141421 1.001638 0.141421
v -0.123744 0.994940 0.123744
v -0.110803 0.976638 0.110803
v -0.106066 0.951638 0.106066
v -0.110803 0.926638 0.110803
v -0.123744 0.908337 0.123744
v -0.141421 0.901638 0.141421
v -0.159099 0.908337 0.159099
v -0.172040 0.926638 0.172040
v -0.152190 0.951638 0.198338
v -0.148113 0.976638 0.193024
v -0.136971 0.994940 0.178504
v -0.121752 1.001638 0.158671
v -0.106533 0.994940 0.138837
v -0.095392 0.976638 0.124317
v -0.091314 0.951638 0.119003
v -0.095392 0.926638 0.124317
v -0.106533 0.908337 0.138837
v -0.121752 0.901638 0.158671
v -0.136971 0.908337 0.178504
v -0.148113 0.926638 0.193024
v -0.125000 0.951638 0.216506
v -0.121651 0.976638 0.210705
v -0.112500 0.994940 0.194856
v -0.100000 1.001638 0.173205
v -0.087500 0.994940 0.151554
v -0.078349 0.976638 0.135705
v -0.075000 0.951638 0.129904
v -0.078349 0.926638 0.135705
v -0.087500 0.908337 0.151554
v -0.100000 0.901638 0.173205
v -0.112500 0.908337 0.194856
v -0.121651 0.926638 0.210705
v -0.095671 0.951638 0.230970
v -0.093107 0.976638 0.224781
v -0.086104 0.994940 0.207873
v -0.076537 1.001638 0.184776
v -0.066970 0.994940 0.161679
v -0.059966 0.976638 0.144771
v -0.057403 0.951638 0.138582
v -0.059966 0.926638 0.144771
v -0.066970 0.908337 0.161679
v -0.076537 0.901638 0.184776
v -0.086104 0.908337 0.207873
v -0.093107 0.926638 0.224781
v -0.064705 0.951638 0.241481
v -0.062971 0.976638 0.235011
v -0.058234 0.994940 0.217333
v -0.051764 1.001638 0.193185
v -0.045293 0.994940 0.169037
v -0.040557 0.976638 0.151359
v -0.038823 0.951638 0.144889
v -0.040557 0.926638 0.151359
v -0.045293 0.908337 0.169037
v -0.051764 0.901638 0.193185
v -0.058234 0.908337 0.217333
v -0.062971 0.926638 0.235011
v -0.032632 0.951638 0.247861
v -0.031757 0.976638 0.241220
v -0.029369 0.994940 0.223075
v -0.026105 1.001638 0.198289
v -0.022842 0.994940 0.173503
v -0.020453 0.976638 0.155358
v -0.019579 0.951638 0.148717
v -0.020453 0.926638 0.155358
v -0.022842 0.908337 0.173503
v -0.026105 0.901638 0.198289
v -0.029369 0.908337 0.223075
v -0.031757 0.926638 0.241220
v 0.000000 0.951638 0.250000
v 0.000000 0.976638 0.243301
v 0.000000 0.994940 0.225000
v 0.000000 1.001638 0.200000
v 0.000000 0.994940 0.175000
v 0.000000 0.976638 0.156699
v 0.000000 0.951638 0.150000
v 0.000000 0.926638 0.156699
v 0.000000 0.908337 0.175000
v 0.000000 0.901638 0.200000
v 0.000000 0.908337 0.225000
v 0.000000 0.926638 0.243301
v 0.032632 0.951638 0.247861
v 0.031757 0.976638 0.241220
v 0.029368 0.994940 0.223075
v 0.026105 1.001638 0.198289
v 0.022842 0.994940 0.173503
v 0.020453 0.976638 0.155358
v 0.019579 0.951638 0.148717
v 0.020453 0.926638 0.155358
v 0.022842 0.908337 0.173503
v 0.026105 0.901638 0.198289
v 0.029368 0.908337 0.223075
v 0.031757 0.926638 0.241220
v 0.064705 0.951638 0.241481
v 0.062971 0.976638 0.235011
v 0.058234 0.994940 0.217333
v 0.051764 1.001638 0.193185
v 0.045293 0.994940 0.169037
v 0.040557 0.976638 0.151359
v 0.038823 0.951638 0.144889
v 0.040557 0.926638 0.151359
v 0.045293 0.908337 0.169037
v 0.051764 0.901638 0.193185
v 0.058234 0.908337 0.217333
v 0.062971 0.926638 0.235011
v 0.095671 0.951638 0.230970
v 0.093107 0.976638 0.224781
v 0.086104 0.994940 0.207873
v 0.076537 1.001638 0.184776
v 0.066970 0.994940 0.161679
v 0.059966 0.976638 0.144771
v 0.057403 0.951638 0.138582
v 0.059966 0.926638 0.144771
v 0.066970 0.908337 0.161679
v 0.076537 0.901638 0.184776
v 0.086104 0.908337 0.207873
v 0.093107 0.926638 0.224781
v 0.125000 0.951638 0.216506
v 0.121651 0.976638 0.210705
v 0.112500 0.994940 0.194856
v 0.100000 1.001638 0.173205
v 0.087500 0.994940 0.151554
v 0.078349 0.976638 0.135705
v 0.075000 0.951638 0.129904
v 0.078349 0.926638 0.135705
v 0.087500 0.908337 0.151554
v 0.100000 0.901638 0.173205
v 0.112500 0.908337 0.194856
v 0.121651 0.926638 0.210705
v 0.152190 0.951638 0.198338
v 0.148112 0.976638 0.193024
v 0.136971 0.994940 0.178505
v 0.121752 1.001638 0.158671
v 0.106533 0.994940 0.138837
v 0.095392 0.976638 0.124317
v 0.091314 0.951638 0.119003
v 0.095392 0.926638 0.124317
v 0.106533 0.908337 0.138837
v 0.121752 0.901638 0.158671
v 0.136971 0.908337 0.178505
v 0.148112 0.926638 0.193024
v 0.176777 0.951638 0.176777
v 0.172040 0.976638 0.172040
v 0.159099 0.994940 0.159099
v 0.141421 1.001638 0.141421
v 0.123744 0.994940 0.123744
v 0.110803 0.976638 0.110803
v 0.106066 0.951638 0.106066
v 0.110803 0.926638 0.110803
v 0.123744 0.908337 0.123744
v 0.141421 0.901638 0.141421
v 0.159099 0.908337 0.159099
v 0.172040 0.926638 0.172040
v 0.198338 0.951638 0.152190
v 0.193024 0.976638 0.148112
v 0.178505 0.994940 0.136971
v 0.158671 1.001638 0.121752
v 0.138837 0.994940 0.106533
v 0.124317 0.976638 0.095392
v 0.119003 0.951638 0.091314
v 0.124317 0.926638 0.095392
v 0.138837 0.908337 0.106533
v 0.158671 0.901638 0.121752
v 0.178505 0.908337 0.136971
v 0.193024 0.926638 0.148112
v 0.216506 0.951638 0.125000
v 0.210705 0.976638 0.121651
v 0.194856 0.994940 0.112500
v 0.173205 1.001638 0.100000
v 0.151554 0.994940 0.087500
v 0.135705 0.976638 0.078349
v 0.129904 0.951638 0.075000
v 0.135705 0.926638 0.078349
v 0.151554 0.908337 0.087500
v 0.173205 0.901638 0.100000
v 0.194856 0.908337 0.112500
v 0.210705 0.926638 0.121651
v 0.230970 0.951638 0.095671
v 0.224781 0.976638 0.093107
v 0.207873 0.994940 0.086104
v 0.184776 1.001638 0.076537
v 0.161679 0.994940 0.066970
v 0.144771 0.976638 0.059966
v 0.138582 0.951638 0.057403
v 0.144771 0.926638 0.059966
v 0.161679 0.908337 0.066970
v 0.184776 0.901638 0.076537
v 0.207873 0.908337 0.086104
v 0.224781 0.926638 0.093107
v 0.241481 0.951638 0.064705
v 0.235011 0.976638 0.062971
v 0.217333 0.994940 0.058234
v 0.193185 1.001638 0.051764
v 0.169037 0.994940 0.045293
v 0.151359 0.976638 0.040557
v 0.144889 0.951638 0.038823
v 0.151359 0.926638 0.040557
v 0.169037 0.908337 0.045293
v 0.193185 0.901638 0.051764
v 0.217333 0.908337 0.058234
v 0.235011 0.926638 0.062971
v 0.247861 0.951638 0.032632
v 0.241220 0.976638 0.031757
v 0.223075 0.994940 0.029368
v 0.198289 1.001638 0.026105
v 0.173503 0.994940 0.022842
v 0.155358 0.976638 0.020453
v 0.148717 0.951638 0.019579
v 0.155358 0.926638 0.020453
v 0.173503 0.908337 0.022842
v 0.198289 0.901638 0.026105
v 0.223075 0.908337 0.029368
v 0.241220 0.926638 0.031757
v 0.250000 1.364786 0.000000
v 0.243301 1.389786 0.000000
v 0.225000 1.408087 0.000000
v 0.200000 1.414786 0.000000
v 0.175000 1.408087 0.000000
v 0.156699 1.389786 0.000000
v 0.150000 1.364786 0.000000
v 0.156699 1.339786 0.000000
v 0.175000 1.321485 0.000000
v 0.200000 1.314786 0.000000
v 0.225000 1.321485 0.000000
v 0.243301 1.339786 0.000000
v 0.247861 1.364786 -0.032632
v 0.241220 1.389786 -0.031757
v 0.223075 1.408087 -0.029368
v 0.198289 1.414786 -0.026105
v 0.173503 1.408087 -0.022842
v 0.155358 1.389786 -0.020453
v 0.148717 1.364786 -0.019579
v 0.155358 1.339786 -0.020453
v 0.173503 1.321485 -0.022842
v 0.198289 1.314786 -0.026105
v 0.223075 1.321485 -0.029368
v 0.241220 1.339786 -0.031757
v 0.241481 1.364786 -0.064705
v 0.235011 1.389786 -0.062971
v 0.217333 1.408087 -0.058234
v 0.193185 1.414786 -0.051764
v 0.169037 1.408087 -0.045293
v 0.151359 1.389786 -0.040557
v 0.144889 1.364786 -0.038823
v 0.151359 1.339786 -0.040557
v 0.169037 1.321485 -0.045293
v 0.193185 1.314786 -0.051764
v 0.217333 1.321485 -0.058234
v 0.235011 1.339786 -0.062971
v 0.230970 1.364786 -0.095671
v 0.224781 1.389786 -0.093107
v 0.207873 1.408087 -0.086104
v 0.184776 1.414786 -0.076537
v 0.161679 1.408087 -0.066970
v 0.144771 1.389786 -0.059966
v 0.138582 1.364786 -0.057403
v 0.144771 1.339786 -0.059966
v 0.161679 1.321485 -0.066970
v 0.184776 1.314786 -0.076537
v 0.207873 1.321485 -0.086104
v 0.224781 1.339786 -0.093107
v 0.216506 1.364786 -0.125000
v 0.210705 1.389786 -0.121651
v 0.194856 1.408087 -0.112500
v 0.173205 1.414786 -0.100000
v 0.151554 1.408087 -0.087500
v 0.135705 1.389786 -0.078349
v 0.129904 1.364786 -0.075000
v 0.135705 1.339786 -0.078349
v 0.151554 1.321485 -0.087500
v 0.173205 1.314786 -0.100000
v 0.194856 1.321485 -0.112500
v 0.210705 1.339786 -0.121651
v 0.198338 1.364786 -0.152190
v 0.193024 1.389786 -0.148112
v 0.178505 1.408087 -0.136971
v 0.158671 1.414786 -0.121752
v 0.138837 1.408087 -0.106533
v 0.124317 1.389786 -0.095392
v 0.119003 1.364786 -0.091314
v 0.124317 1.339786 -0.095392
v 0.138837 1.321485 -0.106533
v 0.158671 1.314786 -0.121752
v 0.178505 1.321485 -0.136971
v 0.193024 1.339786 -0.148112
v 0.176777 1.364786 -0.176777
v 0.172040 1.389786 -0.172040
v 0.159099 1.408087 -0.159099
v 0.141421 1.414786 -0.141421
v 0.123744 1.408087 -0.123744
v 0.110803 1.389786 -0.110803
v 0.106066 1.364786 -0.106066
v 0.110803 1.339786 -0.110803
v 0.123744 1.321485 -0.123744
v 0.141421 1.314786 -0.141421
v 0.159099 1.321485 -0.159099
v 0.172040 1.339786 -0.172040
v 0.152190 1.364786 -0.198338
v 0.148112 1.389786 -0.193024
v 0.136971 1.408087 -0.178504
v 0.121752 1.414786 -0.158671
v 0.106533 1.408087 -0.138837
v 0.095392 1.389786 -0.124317
v 0.091314 1.364786 -0.119003
v 0.095392 1.339786 -0.124317
v 0.106533 1.321485 -0.138837
v 0.121752 1.314786 -0.158671
v 0.136971 1.321485 -0.178504
v 0.148112 1.339786 -0.193024
v 0.125000 1.364786 -0.216506
v 0.121651 1.389786 -0.210705
v 0.112500 1.408087 -0.194856
v 0.100000 1.414786 -0.173205
v 0.087500 1.408087 -0.151554
v 0.078349 1.389786 -0.135705
v 0.075000 1.364786 -0.129904
v 0.078349 1.339786 -0.135705
v 0.087500 1.321485 -0.151554
v 0.100000 1.314786 -0.173205
v 0.112500 1.321485 -0.194856
v 0.121651 1.339786 -0.210705
v 0.095671 1.364786 -0.230970
v 0.093107 1.389786 -0.224781
v 0.086104 1.408087 -0.207873
v 0.076537 1.414786 -0.184776
v 0.066970 1.408087 -0.161679
v 0.059966 1.389786 -0.144771
v 0.057403 1.364786 -0.138582
v 0.059966 1.339786 -0.144771
v 0.066970 1.321485 -0.161679
v 0.076537 1.314786 -0.184776
v 0.086104 1.321485 -0.207873
v 0.093107 1.339786 -0.224781
v 0.064705 1.364786 -0.241481
v 0.062971 1.389786 -0.235011
v 0.058234 1.408087 -0.217333
v 0.051764 1.414786 -0.193185
v 0.045293 1.408087 -0.169037
v 0.040557 1.389786 -0.151359
v 0.038823 1.364786 -0.144889
v 0.040557 1.339786 -0.151359
v 0.045293 1.321485 -0.169037
v 0.051764 1.314786 -0.193185
v 0.058234 1.321485 -0.217333
v 0.062971 1.339786 -0.235011
v 0.032632 1.364786 -0.247861
v 0.031757 1.389786 -0.241220
v 0.029368 1.408087 -0.223075
v 0.026105 1.414786 -0.198289
v 0.022842 1.408087 -0.173503
v 0.020453 1.389786 -0.155358
v 0.019579 1.364786 -0.148717
v 0.020453 1.339786 -0.155358
v 0.022842 1.321485 -0.173503
v 0.026105 1.314786 -0.198289
v 0.029368 1.321485 -0.223075
v 0.031757 1.339786 -0.241220
v 0.000000 1.364786 -0.250000
v 0.000000 1.389786 -0.243301
v 0.000000 1.408087 -0.225000
v 0.000000 1.414786 -0.200000
v 0.000000 1.408087 -0.175000
v 0.000000 1.389786 -0.156699
v 0.000000 1.364786 -0.150000
v 0.000000 1.339786 -0.156699
v 0.000000 1.321485 -0.175000
v 0.000000 1.314786 -0.200000
v 0.000000 1.321485 -0.225000
v 0.000000 1.339786 -0.243301
v -0.032632 1.364786 -0.247861
v -0.031757 1.389786 -0.241220
v -0.029368 1.408087 -0.223075
v -0.026105 1.414786 -0.198289
v -0.022842 1.408087 -0.173503
v -0.020453 1.389786 -0.155358
v -0.019579 1.364786 -0.148717
v -0.020453 1.339786 -0.155358
v -0.022842 1.321485 -0.173503
v -0.026105 1.314786 -0.198289
v -0.029368 1.321485 -0.223075
v -0.031757 1.339786 -0.241220
v -0.064705 1.364786 -0.241481
v -0.062971 1.389786 -0.235011
v -0.058234 1.408087 -0.217333
v -0.051764 1.414786 -0.193185
v -0.045293 1.408087 -0.169037
v -0.040557 1.389786 -0.151359
v -0.038823 1.364786 -0.144889
v -0.040557 1.339786 -0.151359
v -0.045293 1.321485 -0.169037
v -0.051764 1.314786 -0.193185
v -0.058234 1.321485 -0.217333
v -0.062971 1.339786 -0.235011
v -0.095671 1.364786 -0.230970
v -0.093107 1.389786 -0.224781
v -0.086104 1.408087 -0.207873
v -0.076537 1.414786 -0.184776
v -0.066970 1.408087 -0.161679
v -0.059966 1.389786 -0.144771
v -0.057403 1.364786 -0.138582
v -0.059966 1.339786 -0.144771
v -0.066970 1.321485 -0.161679
v -0.076537 1.314786 -0.184776
v -0.086104 1.321485 -0.207873
v -0.093107 1.339786 -0.224781
v -0.125000 1.364786 -0.216506
v -0.121651 1.389786 -0.210705
v -0.112500 1.408087 -0.194856
v -0.100000 1.414786 -0.173205
v -0.087500 1.408087 -0.151554
v -0.078349 1.389786 -0.135705
v -0.075000 1.364786 -0.129904
v -0.078349 1.339786 -0.135705
v -0.087500 1.321485 -0.151554
v -0.100000 1.314786 -0.173205
v -0.112500 1.321485 -0.194856
v -0.121651 1.339786 -0.210705
v -0.152190 1.364786 -0.198338
v -0.148112 1.389786 -0.193024
v -0.136971 1.408087 -0.178504
v -0.121752 1.414786 -0.158671
v -0.106533 1.408087 -0.138837
v -0.095392 1.389786 -0.124317
v -0.091314 1.364786 -0.119003
v -0.095392 1.339786 -0.124317
v -0.106533 1.321485 -0.138837
v -0.121752 1.314786 -0.158671
v -0.136971 1.321485 -0.178504
v -0.148112 1.339786 -0.193024
v -0.176777 1.364786 -0.176777
v -0.172040 1.389786 -0.172040
v -0.159099 1.408087 -0.159099
v -0.141421 1.414786 -0.141421
v -0.123744 1.408087 -0.123744
v -0.110803 1.389786 -0.110803
v -0.106066 1.364786 -0.106066
v -0.110803 1.339786 -0.110803
v -0.123744 1.321485 -0.123744
v -0.141421 1.314786 -0.141421
v -0.159099 1.321485 -0.159099
v -0.172040 1.339786 -0.172040
v -0.198338 1.364786 -0.152190
v -0.193024 1.389786 -0.148112
v -0.178504 1.408087 -0.136971
v -0.158671 1.414786 -0.121752
v -0.138837 1.408087 -0.106533
v -0.124317 1.389786 -0.095392
v -0.119003 1.364786 -0.091314
v -0.124317 1.339786 -0.095392
v -0.138837 1.321485 -0.106533
v -0.158671 1.314786 -0.121752
v -0.178504 1.321485 -0.136971
v -0.193024 1.339786 -0.148112
v -0.216506 1.364786 -0.125000
v -0.210705 1.389786 -0.121651
v -0.194856 1.408087 -0.112500
v -0.173205 1.414786 -0.100000
v -0.151554 1.408087 -0.087500
v -0.135705 1.389786 -0.078349
v -0.129904 1.364786 -0.075000
v -0.135705 1.339786 -0.078349
v -0.151554 1.321485 -0.087500
v -0.173205 1.314786 -0.100000
v -0.194856 1.321485 -0.112500
v -0.210705 1.339786 -0.121651
v -0.230970 1.364786 -0.095671
v -0.224781 1.389786 -0.093107
v -0.207873 1.408087 -0.086104
v -0.184776 1.414786 -0.076537
v -0.161679 1.408087 -0.066970
v -0.144771 1.389786 -0.059966
v -0.138582 1.364786 -0.057403
v -0.144771 1.339786 -0.059966
v -0.161679 1.321485 -0.066970
v -0.184776 1.314786 -0.076537
v -0.207873 1.321485 -0.086104
v -0.224781 1.339786 -0.093107
v -0.241481 1.364786 -0.064705
v -0.235011 1.389786 -0.062971
v -0.217333 1.408087 -0.058234
v -0.193185 1.414786 -0.051764
v -0.169037 1.408087 -0.045293
v -0.151359 1.389786 -0.040557
v -0.144889 1.364786 -0.038823
v -0.151359 1.339786 -0.040557
v -0.169037 1.321485 -0.045293
v -0.193185 1.314786 -0.051764
v -0.217333 1.321485 -0.058234
v -0.235011 1.339786 -0.062971
v -0.247861 1.364786 -0.032632
v -0.241220 1.389786 -0.031757
v -0.223075 1.408087 -0.029368
v -0.198289 1.414786 -0.026105
v -0.173503 1.408087 -0.022842
v -0.155358 1.389786 -0.020453
v -0.148717 1.364786 -0.019579
v -0.155358 1.339786 -0.020453
v -0.173503 1.321485 -0.022842
v -0.198289 1.314786 -0.026105
v -0.223075 1.321485 -0.029368
v -0.241220 1.339786 -0.031757
v -0.250000 1.364786 -0.000000
v -0.243301 1.389786 -0.000000
v -0.225000 1.408087 -0.000000
v -0.200000 1.414786 -0.000000
v -0.175000 1.408087 -0.000000
v -0.156699 1.389786 -0.000000
v -0.150000 1.364786 -0.000000
v -0.156699 1.339786 -0.000000
v -0.175000 1.321485 -0.000000
v -0.200000 1.314786 -0.000000
v -0.225000 1.321485 -0.000000
v -0.243301 1.339786 -0.000000
v -0.247861 1.364786 0.032632
v -0.241220 1.389786 0.031757
v -0.223075 1.408087 0.029368
v -0.198289 1.414786 0.026105
v -0.173503 1.408087 0.022842
v -0.155358 1.389786 0.020453
v -0.148717 1.364786 0.019579
v -0.155358 1.339786 0.020453
v -0.173503 1.321485 0.022842
v -0.198289 1.314786 0.026105
v -0.223075 1.321485 0.029368
v -0.241220 1.339786 0.031757
v -0.241481 1.364786 0.064705
v -0.235011 1.389786 0.062971
v -0.217333 1.408087 0.058234
v -0.193185 1.414786 0.051764
v -0.169037 1.408087 0.045293
v -0.151359 1.389786 0.040557
v -0.144889 1.364786 0.038823
v -0.151359 1.339786 0.040557
v -0.169037 1.321485 0.045293
v -0.193185 1.314786 0.051764
v -0.217333 1.321485 0.058234
v -0.235011 1.339786 0.062971
v -0.230970 1.364786 0.095671
v -0.224781 1.389786 0.093107
v -0.207873 1.408087 0.086104
v -0.184776 1.414786 0.076537
v -0.161679 1.408087 0.066970
v -0.144771 1.389786 0.059966
v -0.138582 1.364786 0.057402
v -0.144771 1.339786 0.059966
v -0.161679 1.321485 0.066970
v -0.184776 1.314786 0.076537
v -0.207873 1.321485 0.086104
v -0.224781 1.339786 0.093107
v -0.216506 1.364786 0.125000
v -0.210705 1.389786 0.121651
v -0.194856 1.408087 0.112500
v -0.173205 1.414786 0.100000
v -0.151554 1.408087 0.087500
v -0.135705 1.389786 0.078349
v -0.129904 1.364786 0.075000
v -0.135705 1.339786 0.078349
v -0.151554 1.321485 0.087500
v -0.173205 1.314786 0.100000
v -0.194856 1.321485 0.112500
v -0.210705 1.339786 0.121651
v -0.198338 1.364786 0.152190
v -0.193024 1.389786 0.148112
v -0.178504 1.408087 0.136971
v -0.158671 1.414786 0.121752
v -0.138837 1.408087 0.106533
v -0.124317 1.389786 0.095392
v -0.119003 1.364786 0.091314
v -0.124317 1.339786 0.095392
v -0.138837 1.321485 0.106533
v -0.158671 1.314786 0.121752
v -0.178504 1.321485 0.136971
v -0.193024 1.339786 0.148112
v -0.176777 1.364786 0.176777
v -0.172040 1.389786 0.172040
v -0.159099 1.408087 0.159099
v -0.141421 1.414786 0.141421
v -0.123744 1.408087 0.123744
v -0.110803 1.389786 0.110803
v -0.106066 1.364786 0.106066
v -0.110803 1.339786 0.110803
v -0.123744 1.321485 0.123744
v -0.141421 1.314786 0.141421
v -0.159099 1.321485 0.159099
v -0.172040 1.339786 0.172040
v -0.152190 1.364786 0.198338
v -0.148113 1.389786 0.193024
v -0.136971 1.408087 0.178504
v -0.121752 1.414786 0.158671
v -0.106533 1.408087 0.138837
v -0.095392 1.389786 0.124317
v -0.091314 1.364786 0.119003
v -0.095392 1.339786 0.124317
v -0.106533 1.321485 0.138837
v -0.121752 1.314786 0.158671
v -0.136971 1.321485 0.178504
v -0.148113 1.339786 0.193024
v -0.125000 1.364786 0.216506
v -0.121651 1.389786 0.210705
v -0.112500 1.408087 0.194856
v -0.100000 1.414786 0.173205
v -0.087500 1.408087 0.151554
v -0.078349 1.389786 0.135705
v -0.075000 1.364786 0.129904
v -0.078349 1.339786 0.135705
v -0.087500 1.321485 0.151554
v -0.100000 1.314786 0.173205
v -0.112500 1.321485 0.194856
v -0.121651 1.339786 0.210705
v -0.095671 1.364786 0.230970
v -0.093107 1.389786 0.224781
v -0.086104 1.408087 0.207873
v -0.076537 1.414786 0.184776
v -0.066970 1.408087 0.161679
v -0.059966 1.389786 0.144771
v -0.057403 1.364786 0.138582
v -0.059966 1.339786 0.144771
v -0.066970 1.321485 0.161679
v -0.076537 1.314786 0.184776
v -0.086104 1.321485 0.207873
v -0.093107 1.339786 0.224781
v -0.064705 1.364786 0.241481
v -0.062971 1.389786 0.235011
v -0.058234 1.408087 0.217333
v -0.051764 1.414786 0.193185
v -0.045293 1.408087 0.169037
v -0.040557 1.389786 0.151359
v -0.038823 1.364786 0.144889
v -0.040557 1.339786 0.151359
v -0.045293 1.321485 0.169037
v -0.051764 1.314786 0.193185
v -0.058234 1.321485 0.217333
v -0.062971 1.339786 0.235011
v -0.032632 1.364786 0.247861
v -0.031757 1.389786 0.241220
v -0.029369 1.408087 0.223075
v -0.026105 1.414786 0.198289
v -0.022842 1.408087 0.173503
v -0.020453 1.389786 0.155358
v -0.019579 1.364786 0.148717
v -0.020453 1.339786 0.155358
v -0.022842 1.321485 0.173503
v -0.026105 1.314786 0.198289
v -0.029369 1.321485 0.223075
v -0.031757 1.339786 0.241220
v 0.000000 1.364786 0.250000
v 0.000000 1.389786 0.243301
v 0.000000 1.408087 0.225000
v 0.000000 1.414786 0.200000
v 0.000000 1.408087 0.175000
v 0.000000 1.389786 0.156699
v 0.000000 1.364786 0.150000
v 0.000000 1.339786 0.156699
v 0.000000 1.321485 0.175000
v 0.000000 1.314786 0.200000
v 0.000000 1.321485 0.225000
v 0.000000 1.339786 0.243301
v 0.032632 1.364786 0.247861
v 0.031757 1.389786 0.241220
v 0.029368 1.408087 0.223075
v 0.026105 1.414786 0.198289
v 0.022842 1.408087 0.173503
v 0.020453 1.389786 0.155358
v 0.019579 1.364786 0.148717
v 0.020453 1.339786 0.155358
v 0.022842 1.321485 0.173503
v 0.026105 1.314786 0.198289
v 0.029368 1.321485 0.223075
v 0.031757 1.339786 0.241220
v 0.064705 1.364786 0.241481
v 0.062971 1.389786 0.235011
v 0.058234 1.408087 0.217333
v 0.051764 1.414786 0.193185
v 0.045293 1.408087 0.169037
v 0.040557 1.389786 0.151359
v 0.038823 1.364786 0.144889
v 0.040557 1.339786 0.151359
v 0.045293 1.321485 0.169037
v 0.051764 1.314786 0.193185
v 0.058234 1.321485 0.217333
v 0.062971 1.339786 0.235011
v 0.095671 1.364786 0.230970
v 0.093107 1.389786 0.224781
v 0.086104 1.408087 0.207873
v 0.076537 1.414786 0.184776
v 0.066970 1.408087 0.161679
v 0.059966 1.389786 0.144771
v 0.057403 1.364786 0.138582
v 0.059966 1.339786 0.144771
v 0.066970 1.321485 0.161679
v 0.076537 1.314786 0.184776
v 0.086104 1.321485 0.207873
v 0.093107 1.339786 0.224781
v 0.125000 1.364786 0.216506
v 0.121651 1.389786 0.210705
v 0.112500 1.408087 0.194856
v 0.100000 1.414786 0.173205
v 0.087500 1.408087 0.151554
v 0.078349 1.389786 0.135705
v 0.075000 1.364786 0.129904
v 0.078349 1.339786 0.135705
v 0.087500 1.321485 0.151554
v 0.100000 1.314786 0.173205
v 0.112500 1.321485 0.194856
v 0.121651 1.339786 0.210705
v 0.152190 1.364786 0.198338
v 0.148112 1.389786 0.193024
v 0.136971 1.408087 0.178505
v 0.121752 1.414786 0.158671
v 0.106533 1.408087 0.138837
v 0.095392 1.389786 0.124317
v 0.091314 1.364786 0.119003
v 0.095392 1.339786 0.124317
v 0.106533 1.321485 0.138837
v 0.121752 1.314786 0.158671
v 0.136971 1.321485 0.178505
v 0.148112 1.339786 0.193024
v 0.176777 1.364786 0.176777
v 0.172040 1.389786 0.172040
v 0.159099 1.408087 0.159099
v 0.141421 1.414786 0.141421
v 0.123744 1.408087 0.123744
v 0.110803 1.389786 0.110803
v 0.106066 1.364786 0.106066
v 0.110803 1.339786 0.110803
v 0.123744 1.321485 0.123744
v 0.141421 1.314786 0.141421
v 0.159099 1.321485 0.159099
v 0.172040 1.339786 0.172040
v 0.198338 1.364786 0.152190
v 0.193024 1.389786 0.148112
v 0.178505 1.408087 0.136971
v 0.158671 1.414786 0.121752
v 0.138837 1.408087 0.106533
v 0.124317 1.389786 0.095392
v 0.119003 1.364786 0.091314
v 0.124317 1.339786 0.095392
v 0.138837 1.321485 0.106533
v 0.158671 1.314786 0.121752
v 0.178505 1.321485 0.136971
v 0.193024 1.339786 0.148112
v 0.216506 1.364786 0.125000
v 0.210705 1.389786 0.121651
v 0.194856 1.408087 0.112500
v 0.173205 1.414786 0.100000
v 0.151554 1.408087 0.087500
v 0.135705 1.389786 0.078349
v 0.129904 1.364786 0.075000
v 0.135705 1.339786 0.078349
v 0.151554 1.321485 0.087500
v 0.173205 1.314786 0.100000
v 0.194856 1.321485 0.112500
v 0.210705 1.339786 0.121651
v 0.230970 1.364786 0.095671
v 0.224781 1.389786 0.093107
v 0.207873 1.408087 0.086104
v 0.184776 1.414786 0.076537
v 0.161679 1.408087 0.066970
v 0.144771 1.389786 0.059966
v 0.138582 1.364786 0.057403
v 0.144771 1.339786 0.059966
v 0.161679 1.321485 0.066970
v 0.184776 1.314786 0.076537
v 0.207873 1.321485 0.086104
v 0.224781 1.339786 0.093107
v 0.241481 1.364786 0.064705
v 0.235011 1.389786 0.062971
v 0.217333 1.408087 0.058234
v 0.193185 1.414786 0.051764
v 0.169037 1.408087 0.045293
v 0.151359 1.389786 0.040557
v 0.144889 1.364786 0.038823
v 0.151359 1.339786 0.040557
v 0.169037 1.321485 0.045293
v 0.193185 1.314786 0.051764
v 0.217333 1.321485 0.058234
v 0.235011 1.339786 0.062971
v 0.247861 1.364786 0.032632
v 0.241220 1.389786 0.031757
v 0.223075 1.408087 0.029368
v 0.198289 1.414786 0.026105
v 0.173503 1.408087 0.022842
v 0.155358 1.389786 0.020453
v 0.148717 1.364786 0.019579
v 0.155358 1.339786 0.020453
v 0.173503 1.321485 0.022842
v 0.198289 1.314786 0.026105
v 0.223075 1.321485 0.029368
v 0.241220 1.339786 0.031757
v 0.250000 1.804373 0.000000
v 0.243301 1.829373 0.000000
v 0.225000 1.847675 0.000000
v 0.200000 1.854373 0.000000
v 0.175000 1.847675 0.000000
v 0.156699 1.829373 0.000000
v 0.150000 1.804373 0.000000
v 0.156699 1.779373 0.000000
v 0.175000 1.761072 0.000000
v 0.200000 1.754373 0.000000
v 0.225000 1.761072 0.000000
v 0.243301 1.779373 0.000000
v 0.247861 1.804373 -0.032632
v 0.241220 1.829373 -0.031757
v 0.223075 1.847675 -0.029368
v 0.198289 1.854373 -0.026105
v 0.173503 1.847675 -0.022842
v 0.155358 1.829373 -0.020453
v 0.148717 1.804373 -0.019579
v 0.155358 1.779373 -0.020453
v 0.173503 1.761072 -0.022842
v 0.198289 1.754373 -0.026105
v 0.223075 1.761072 -0.029368
v 0.241220 1.779373 -0.031757
v 0.241481 1.804373 -0.064705
v 0.235011 1.829373 -0.062971
v 0.217333 1.847675 -0.058234
v 0.193185 1.854373 -0.051764
v 0.169037 1.847675 -0.045293
v 0.151359 1.829373 -0.040557
v 0.144889 1.804373 -0.038823
v 0.151359 1.779373 -0.040557
v 0.169037 1.761072 -0.045293
v 0.193185 1.754373 -0.051764
v 0.217333 1.761072 -0.058234
v 0.235011 1.779373 -0.062971
v 0.230970 1.804373 -0.095671
v 0.224781 1.829373 -0.093107
v 0.207873 1.847675 -0.086104
v 0.184776 1.854373 -0.076537
v 0.161679 1.847675 -0.066970
v 0.144771 1.829373 -0.059966
v 0.138582 1.804373 -0.057403
v 0.144771 1.779373 -0.059966
v 0.161679 1.761072 -0.066970
v 0.184776 1.754373 -0.076537
v 0.207873 1.761072 -0.086104
v 0.224781 1.779373 -0.093107
v 0.216506 1.804373 -0.125000
v 0.210705 1.829373 -0.121651
v 0.194856 1.847675 -0.112500
v 0.173205 1.854373 -0.100000
v 0.151554 1.847675 -0.087500
v 0.135705 1.829373 -0.078349
v 0.129904 1.804373 -0.075000
v 0.135705 1.779373 -0.078349
v 0.151554 1.761072 -0.087500
v 0.173205 1.754373 -0.100000
v 0.194856 1.761072 -0.112500
v 0.210705 1.779373 -0.121651
v 0.198338 1.804373 -0.152190
v 0.193024 1.829373 -0.148112
v 0.178505 1.847675 -0.136971
v 0.158671 1.854373 -0.121752
v 0.138837 1.847675 -0.106533
v 0.124317 1.829373 -0.095392
v 0.119003 1.804373 -0.091314
v 0.124317 1.779373 -0.095392
v 0.138837 1.761072 -0.106533
v 0.158671 1.754373 -0.121752
v 0.178505 1.761072 -0.136971
v 0.193024 1.779373 -0.148112
v 0.176777 1.804373 -0.176777
v 0.172040 1.829373 -0.172040
v 0.159099 1.847675 -0.159099
v 0.141421 1.854373 -0.141421
v 0.123744 1.847675 -0.123744
v 0.110803 1.829373 -0.110803
v 0.106066 1.804373 -0.106066
v 0.110803 1.779373 -0.110803
v 0.123744 1.761072 -0.123744
v 0.141421 1.754373 -0.141421
v 0.159099 1.761072 -0.159099
v 0.172040 1.779373 -0.172040
v 0.152190 1.804373 -0.198338
v 0.148112 1.829373 -0.193024
v 0.136971 1.847675 -0.178504
v 0.121752 1.854373 -0.158671
v 0.106533 1.847675 -0.138837
v 0.095392 1.829373 -0.124317
v 0.091314 1.804373 -0.119003
v 0.095392 1.779373 -0.124317
v 0.106533 1.761072 -0.138837
v 0.121752 1.754373 -0.158671
v 0.136971 1.761072 -0.178504
v 0.148112 1.779373 -0.193024
v 0.125000 1.804373 -0.216506
v 0.121651 1.829373 -0.210705
v 0.112500 1.847675 -0.194856
v 0.100000 1.854373 -0.173205
v 0.087500 1.847675 -0.151554
v 0.078349 1.829373 -0.135705
v 0.075000 1.804373 -0.129904
v 0.078349 1.779373 -0.135705
v 0.087500 1.761072 -0.151554
v 0.100000 1.754373 -0.173205
v 0.112500 1.761072 -0.194856
v 0.121651 1.779373 -0.210705
v 0.095671 1.804373 -0.230970
v 0.093107 1.829373 -0.224781
v 0.086104 1.847675 -0.207873
v 0.076537 1.854373 -0.184776
v 0.066970 1.847675 -0.161679
v 0.059966 1.829373 -0.144771
v 0.057403 1.804373 -0.138582
v 0.059966 1.779373 -0.144771
v 0.066970 1.761072 -0.161679
v 0.076537 1.754373 -0.184776
v 0.086104 1.761072 -0.207873
v 0.093107 1.779373 -0.224781
v 0.064705 1.804373 -0.241481
v 0.062971 1.829373 -0.235011
v 0.058234 1.847675 -0.217333
v 0.051764 1.854373 -0.193185
v 0.045293 1.847675 -0.169037
v 0.040557 1.829373 -0.151359
v 0.038823 1.804373 -0.144889
v 0.040557 1.779373 -0.151359
v 0.045293 1.761072 -0.169037
v 0.051764 1.754373 -0.193185
v 0.058234 1.761072 -0.217333
v 0.062971 1.779373 -0.235011
v 0.032632 1.804373 -0.247861
v 0.031757 1.829373 -0.241220
v 0.029368 1.847675 -0.223075
v 0.026105 1.854373 -0.198289
v 0.022842 1.847675 -0.173503
v 0.020453 1.829373 -0.155358
v 0.019579 1.804373 -0.148717
v 0.020453 1.779373 -0.155358
v 0.022842 1.761072 -0.173503
v 0.026105 1.754373 -0.198289
v 0.029368 1.761072 -0.223075
v 0.031757 1.779373 -0.241220
v 0.000000 1.804373 -0.250000
v 0.000000 1.829373 -0.243301
v 0.000000 1.847675 -0.225000
v 0.000000 1.854373 -0.200000
v 0.000000 1.847675 -0.175000
v 0.000000 1.829373 -0.156699
v 0.000000 1.804373 -0.150000
v 0.000000 1.779373 -0.156699
v 0.000000 1.761072 -0.175000
v 0.000000 1.754373 -0.200000
v 0.000000 1.761072 -0.225000
v 0.000000 1.779373 -0.243301
v -0.032632 1.804373 -0.247861
v -0.031757 1.829373 -0.241220
v -0.029368 1.847675 -0.223075
v -0.026105 1.854373 -0.198289
v -0.022842 1.847675 -0.173503
v -0.020453 1.829373 -0.155358
v -0.019579 1.804373 -0.148717
v -0.020453 1.779373 -0.155358
v -0.022842 1.761072 -0.173503
v -0.026105 1.754373 -0.198289
v -0.029368 1.761072 -0.223075
v -0.031757 1.779373 -0.241220
v -0.064705 1.804373 -0.241481
v -0.062971 1.829373 -0.235011
v -0.058234 1.847675 -0.217333
v -0.051764 1.854373 -0.193185
v -0.045293 1.847675 -0.169037
v -0.040557 1.829373 -0.151359
v -0.038823 1.804373 -0.144889
v -0.040557 1.779373 -0.151359
v -0.045293 1.761072 -0.169037
v -0.051764 1.754373 -0.193185
v -0.058234 1.761072 -0.217333
v -0.062971 1.779373 -0.235011
v -0.095671 1.804373 -0.230970
v -0.093107 1.829373 -0.224781
v -0.086104 1.847675 -0.207873
v -0.076537 1.854373 -0.184776
v -0.066970 1.847675 -0.161679
v -0.059966 1.829373 -0.144771
v -0.057403 1.804373 -0.138582
v -0.059966 1.779373 -0.144771
v -0.066970 1.761072 -0.161679
v -0.076537 1.754373 -0.184776
v -0.086104 1.761072 -0.207873
v -0.093107 1.779373 -0.224781
v -0.125000 1.804373 -0.216506
v -0.121651 1.829373 -0.210705
v -0.112500 1.847675 -0.194856
v -0.100000 1.854373 -0.173205
v -0.087500 1.847675 -0.151554
v -0.078349 1.829373 -0.135705
v -0.075000 1.804373 -0.129904
v -0.078349 1.779373 -0.135705
v -0.087500 1.761072 -0.151554
v -0.100000 1.754373 -0.173205
v -0.112500 1.761072 -0.194856
v -0.121651 1.779373 -0.210705
v -0.152190 1.804373 -0.198338
v -0.148112 1.829373 -0.193024
v -0.136971 1.847675 -0.178504
v -0.121752 1.854373 -0.158671
v -0.106533 1.847675 -0.138837
v -0.095392 1.829373 -0.124317
v -0.091314 1.804373 -0.119003
v -0.095392 1.779373 -0.124317
v -0.106533 1.761072 -0.138837
v -0.121752 1.754373 -0.158671
v -0.136971 1.761072 -0.178504
v -0.148112 1.779373 -0.193024
v -0.176777 1.804373 -0.176777
v -0.172040 1.829373 -0.172040
v -0.159099 1.847675 -0.159099
v -0.141421 1.854373 -0.141421
v -0.123744 1.847675 -0.123744
v -0.110803 1.829373 -0.110803
v -0.106066 1.804373 -0.106066
v -0.110803 1.779373 -0.110803
v -0.123744 1.761072 -0.123744
v -0.141421 1.754373 -0.141421
v -0.159099 1.761072 -0.159099
v -0.172040 1.779373 -0.172040
v -0.198338 1.804373 -0.152190
v -0.193024 1.829373 -0.148112
v -0.178504 1.847675 -0.136971
v -0.158671 1.854373 -0.121752
v -0.138837 1.847675 -0.106533
v -0.124317 1.829373 -0.095392
v -0.119003 1.804373 -0.091314
v -0.124317 1.779373 -0.095392
v -0.138837 1.761072 -0.106533
v -0.158671 1.754373 -0.121752
v -0.178504 1.761072 -0.136971
v -0.193024 1.779373 -0.148112
v -0.216506 1.804373 -0.125000
v -0.210705 1.829373 -0.121651
v -0.194856 1.847675 -0.112500
v -0.173205 1.854373 -0.100000
v -0.151554 1.847675 -0.087500
v -0.135705 1.829373 -0.078349
v -0.129904 1.804373 -0.075000
v -0.135705 1.779373 -0.078349
v -0.151554 1.761072 -0.087500
v -0.173205 1.754373 -0.100000
v -0.194856 1.761072 -0.112500
v -0.210705 1.779373 -0.121651
v -0.230970 1.804373 -0.095671
v -0.224781 1.829373 -0.093107
v -0.207873 1.847675 -0.086104
v -0.184776 1.854373 -0.076537
v -0.161679 1.847675 -0.066970
v -0.144771 1.829373 -0.059966
v -0.138582 1.804373 -0.057403
v -0.144771 1.779373 -0.059966
v -0.161679 1.761072 -0.066970
v -0.184776 1.754373 -0.076537
v -0.207873 1.761072 -0.086104
v -0.224781 1.779373 -0.093107
v -0.241481 1.804373 -0.064705
v -0.235011 1.829373 -0.062971
v -0.217333 1.847675 -0.058234
v -0.193185 1.854373 -0.051764
v -0.169037 1.847675 -0.045293
v -0.151359 1.829373 -0.040557
v -0.144889 1.804373 -0.038823
v -0.151359 1.779373 -0.040557
v -0.169037 1.761072 -0.045293
v -0.193185 1.754373 -0.051764
v -0.217333 1.761072 -0.058234
v -0.235011 1.779373 -0.062971
v -0.247861 1.804373 -0.032632
v -0.241220 1.829373 -0.031757
v -0.223075 1.847675 -0.029368
v -0.198289 1.854373 -0.026105
v -0.173503 1.847675 -0.022842
v -0.155358 1.829373 -0.020453
v -0.148717 1.804373 -0.019579
v -0.155358 1.779373 -0.020453
v -0.173503 1.761072 -0.022842
v -0.198289 1.754373 -0.026105
v -0.223075 1.761072 -0.029368
v -0.241220 1.779373 -0.031757
v -0.250000 1.804373 -0.000000
v -0.243301 1.829373 -0.000000
v -0.225000 1.847675 -0.000000
v -0.200000 1.854373 -0.000000
v -0.175000 1.847675 -0.000000
v -0.156699 1.829373 -0.000000
v -0.150000 1.804373 -0.000000
v -0.156699 1.779373 -0.000000
v -0.175000 1.761072 -0.000000
v -0.200000 1.754373 -0.000000
v -0.225000 1.761072 -0.000000
v -0.243301 1.779373 -0.000000
v -0.247861 1.804373 0.032632
v -0.241220 1.829373 0.031757
v -0.223075 1.847675 0.029368
v -0.198289 1.854373 0.026105
v -0.173503 1.847675 0.022842
v -0.155358 1.829373 0.020453
v -0.148717 1.804373 0.019579
v -0.155358 1.779373 0.020453
v -0.173503 1.761072 0.022842
v -0.198289 1.754373 0.026105
v -0.223075 1.761072 0.029368
v -0.241220 1.779373 0.031757
v -0.241481 1.804373 0.064705
v -0.235011 1.829373 0.062971
v -0.217333 1.847675 0.058234
v -0.193185 1.854373 0.051764
v -0.169037 1.847675 0.045293
v -0.151359 1.829373 0.040557
v -0.144889 1.804373 0.038823
v -0.151359 1.779373 0.040557
v -0.169037 1.761072 0.045293
v -0.193185 1.754373 0.051764
v -0.217333 1.761072 0.058234
v -0.235011 1.779373 0.062971
v -0.230970 1.804373 0.095671
v -0.224781 1.829373 0.093107
v -0.207873 1.847675 0.086104
v -0.184776 1.854373 0.076537
v -0.161679 1.847675 0.066970
v -0.144771 1.829373 0.059966
v -0.138582 1.804373 0.057402
v -0.144771 1.779373 0.059966
v -0.161679 1.761072 0.066970
v -0.184776 1.754373 0.076537
v -0.207873 1.761072 0.086104
v -0.224781 1.779373 0.093107
v -0.216506 1.804373 0.125000
v -0.210705 1.829373 0.121651
v -0.194856 1.847675 0.112500
v -0.173205 1.854373 0.100000
v -0.151554 1.847675 0.087500
v -0.135705 1.829373 0.078349
v -0.129904 1.804373 0.075000
v -0.135705 1.779373 0.078349
v -0.151554 1.761072 0.087500
v -0.173205 1.754373 0.100000
v -0.194856 1.761072 0.112500
v -0.210705 1.779373 0.121651
v -0.198338 1.804373 0.152190
v -0.193024 1.829373 0.148112
v -0.178504 1.847675 0.136971
v -0.158671 1.854373 0.121752
v -0.138837 1.847675 0.106533
v -0.124317 1.829373 0.095392
v -0.119003 1.804373 0.091314
v -0.124317 1.779373 0.095392
v -0.138837 1.761072 0.106533
v -0.158671 1.754373 0.121752
v -0.178504 1.761072 0.136971
v -0.193024 1.779373 0.148112
v -0.176777 1.804373 0.176777
v -0.172040 1.829373 0.172040
v -0.159099 1.847675 0.159099
v -0.141421 1.854373 0.141421
v -0.123744 1.847675 0.123744
v -0.110803 1.829373 0.110803
v -0.106066 1.804373 0.106066
v -0.110803 1.779373 0.110803
v -0.123744 1.761072 0.123744
v -0.141421 1.754373 0.141421
v -0.159099 1.761072 0.159099
v -0.172040 1.779373 0.172040
v -0.152190 1.804373 0.198338
v -0.148113 1.829373 0.193024
v -0.136971 1.847675 0.178504
v -0.121752 1.854373 0.158671
v -0.106533 1.847675 0.138837
v -0.095392 1.829373 0.124317
v -0.091314 1.804373 0.119003
v -0.095392 1.779373 0.124317
v -0.106533 1.761072 0.138837
v -0.121752 1.754373 0.158671
v -0.136971 1.761072 0.178504
v -0.148113 1.779373 0.193024
v -0.125000 1.804373 0.216506
v -0.121651 1.829373 0.210705
v -0.112500 1.847675 0.194856
v -0.100000 1.854373 0.173205
v -0.087500 1.847675 0.151554
v -0.078349 1.829373 0.135705
v -0.075000 1.804373 0.129904
v -0.078349 1.779373 0.135705
v -0.087500 1.761072 0.151554
v -0.100000 1.754373 0.173205
v -0.112500 1.761072 0.194856
v -0.121651 1.779373 0.210705
v -0.095671 1.804373 0.230970
v -0.093107 1.829373 0.224781
v -0.086104 1.847675 0.207873
v -0.076537 1.854373 0.184776
v -0.066970 1.847675 0.161679
v -0.059966 1.829373 0.144771
v -0.057403 1.804373 0.138582
v -0.059966 1.779373 0.144771
v -0.066970 1.761072 0.161679
v -0.076537 1.754373 0.184776
v -0.086104 1.761072 0.207873
v -0.093107 1.779373 0.224781
v -0.064705 1.804373 0.241481
v -0.062971 1.829373 0.235011
v -0.058234 1.847675 0.217333
v -0.051764 1.854373 0.193185
v -0.045293 1.847675 0.169037
v -0.040557 1.829373 0.151359
v -0.038823 1.804373 0.144889
v -0.040557 1.779373 0.151359
v -0.045293 1.761072 0.169037
v -0.051764 1.754373 0.193185
v -0.058234 1.761072 0.217333
v -0.062971 1.779373 0.235011
v -0.032632 1.804373 0.247861
v -0.031757 1.829373 0.241220
v -0.029369 1.847675 0.223075
v -0.026105 1.854373 0.198289
v -0.022842 1.847675 0.173503
v -0.020453 1.829373 0.155358
v -0.019579 1.804373 0.148717
v -0.020453 1.779373 0.155358
v -0.022842 1.761072 0.173503
v -0.026105 1.754373 0.198289
v -0.029369 1.761072 0.223075
v -0.031757 1.779373 0.241220
v 0.000000 1.804373 0.250000
v 0.000000 1.829373 0.243301
v 0.000000 1.847675 0.225000
v 0.000000 1.854373 0.200000
v 0.000000 1.847675 0.175000
v 0.000000 1.829373 0.156699
v 0.000000 1.804373 0.150000
v 0.000000 1.779373 0.156699
v 0.000000 1.761072 0.175000
v 0.000000 1.754373 0.200000
v 0.000000 1.761072 0.225000
v 0.000000 1.779373 0.243301
v 0.032632 1.804373 0.247861
v 0.031757 1.829373 0.241220
v 0.029368 1.847675 0.223075
v 0.026105 1.854373 0.198289
v 0.022842 1.847675 0.173503
v 0.020453 1.829373 0.155358
v 0.019579 1.804373 0.148717
v 0.020453 1.779373 0.155358
v 0.022842 1.761072 0.173503
v 0.026105 1.754373 0.198289
v 0.029368 1.761072 0.223075
v 0.031757 1.779373 0.241220
v 0.064705 1.804373 0.241481
v 0.062971 1.829373 0.235011
v 0.058234 1.847675 0.217333
v 0.051764 1.854373 0.193185
v 0.045293 1.847675 0.169037
v 0.040557 1.829373 0.151359
v 0.038823 1.804373 0.144889
v 0.040557 1.779373 0.151359
v 0.045293 1.761072 0.169037
v 0.051764 1.754373 0.193185
v 0.058234 1.761072 0.217333
v 0.062971 1.779373 0.235011
v 0.095671 1.804373 0.230970
v 0.093107 1.829373 0.224781
v 0.086104 1.847675 0.207873
v 0.076537 1.854373 0.184776
v 0.066970 1.847675 0.161679
v 0.059966 1.829373 0.144771
v 0.057403 1.804373 0.138582
v 0.059966 1.779373 0.144771
v 0.066970 1.761072 0.161679
v 0.076537 1.754373 0.184776
v 0.086104 1.761072 0.207873
v 0.093107 1.779373 0.224781
v 0.125000 1.804373 0.216506
v 0.121651 1.829373 0.210705
v 0.112500 1.847675 0.194856
v 0.100000 1.854373 0.173205
v 0.087500 1.847675 0.151554
v 0.078349 1.829373 0.135705
v 0.075000 1.804373 0.129904
v 0.078349 1.779373 0.135705
v 0.087500 1.761072 0.151554
v 0.100000 1.754373 0.173205
v 0.112500 1.761072 0.194856
v 0.121651 1.779373 0.210705
v 0.152190 1.804373 0.198338
v 0.148112 1.829373 0.193024
v 0.136971 1.847675 0.178505
v 0.121752 1.854373 0.158671
v 0.106533 1.847675 0.138837
v 0.095392 1.829373 0.124317
v 0.091314 1.804373 0.119003
v 0.095392 1.779373 0.124317
v 0.106533 1.761072 0.138837
v 0.121752 1.754373 0.158671
v 0.136971 1.761072 0.178505
v 0.148112 1.779373 0.193024
v 0.176777 1.804373 0.176777
v 0.172040 1.829373 0.172040
v 0.159099 1.847675 0.159099
v 0.141421 1.854373 0.141421
v 0.123744 1.847675 0.123744
v 0.110803 1.829373 0.110803
v 0.106066 1.804373 0.106066
v 0.110803 1.779373 0.110803
v 0.123744 1.761072 0.123744
v 0.141421 1.754373 0.141421
v 0.159099 1.761072 0.159099
v 0.172040 1.779373 0.172040
v 0.198338 1.804373 0.152190
v 0.193024 1.829373 0.148112
v 0.178505 1.847675 0.136971
v 0.158671 1.854373 0.121752
v 0.138837 1.847675 0.106533
v 0.124317 1.829373 0.095392
v 0.119003 1.804373 0.091314
v 0.124317 1.779373 0.095392
v 0.138837 1.761072 0.106533
v 0.158671 1.754373 0.121752
v 0.178505 1.761072 0.136971
v 0.193024 1.779373 0.148112
v 0.216506 1.804373 0.125000
v 0.210705 1.829373 0.121651
v 0.194856 1.847675 0.112500
v 0.173205 1.854373 0.100000
v 0.151554 1.847675 0.087500
v 0.135705 1.829373 0.078349
v 0.129904 1.804373 0.075000
v 0.135705 1.779373 0.078349
v 0.151554 1.761072 0.087500
v 0.173205 1.754373 0.100000
v 0.194856 1.761072 0.112500
v 0.210705 1.779373 0.121651
v 0.230970 1.804373 0.095671
v 0.224781 1.829373 0.093107
v 0.207873 1.847675 0.086104
v 0.184776 1.854373 0.076537
v 0.161679 1.847675 0.066970
v 0.144771 1.829373 0.059966
v 0.138582 1.804373 0.057403
v 0.144771 1.779373 0.059966
v 0.161679 1.761072 0.066970
v 0.184776 1.754373 0.076537
v 0.207873 1.761072 0.086104
v 0.224781 1.779373 0.093107
v 0.241481 1.804373 0.064705
v 0.235011 1.829373 0.062971
v 0.217333 1.847675 0.058234
v 0.193185 1.854373 0.051764
v 0.169037 1.847675 0.045293
v 0.151359 1.829373 0.040557
v 0.144889 1.804373 0.038823
v 0.151359 1.779373 0.040557
v 0.169037 1.761072 0.045293
v 0.193185 1.754373 0.051764
v 0.217333 1.761072 0.058234
v 0.235011 1.779373 0.062971
v 0.247861 1.804373 0.032632
v 0.241220 1.829373 0.031757
v 0.223075 1.847675 0.029368
v 0.198289 1.854373 0.026105
v 0.173503 1.847675 0.022842
v 0.155358 1.829373 0.020453
v 0.148717 1.804373 0.019579
v 0.155358 1.779373 0.020453
v 0.173503 1.761072 0.022842
v 0.198289 1.754373 0.026105
v 0.223075 1.761072 0.029368
v 0.241220 1.779373 0.031757
v 0.250000 1.610795 -0.261887
v 0.243301 1.635795 -0.261887
v 0.225000 1.654096 -0.261887
v 0.200000 1.660795 -0.261887
v 0.175000 1.654096 -0.261887
v 0.156699 1.635795 -0.261887
v 0.150000 1.610795 -0.261887
v 0.156699 1.585795 -0.261887
v 0.175000 1.567493 -0.261887
v 0.200000 1.560795 -0.261887
v 0.225000 1.567493 -0.261887
v 0.243301 1.585795 -0.261887
v 0.247861 1.610795 -0.294519
v 0.241220 1.635795 -0.293644
v 0.223075 1.654096 -0.291255
v 0.198289 1.660795 -0.287992
v 0.173503 1.654096 -0.284729
v 0.155358 1.635795 -0.282340
v 0.148717 1.610795 -0.281466
v 0.155358 1.585795 -0.282340
v 0.173503 1.567493 -0.284729
v 0.198289 1.560795 -0.287992
v 0.223075 1.567493 -0.291255
v 0.241220 1.585795 -0.293644
v 0.241481 1.610795 -0.326592
v 0.235011 1.635795 -0.324858
v 0.217333 1.654096 -0.320121
v 0.193185 1.660795 -0.313651
v 0.169037 1.654096 -0.307180
v 0.151359 1.635795 -0.302444
v 0.144889 1.610795 -0.300710
v 0.151359 1.585795 -0.302444
v 0.169037 1.567493 -0.307180
v 0.193185 1.560795 -0.313651
v 0.217333 1.567493 -0.320121
v 0.235011 1.585795 -0.324858
v 0.230970 1.610795 -0.357558
v 0.224781 1.635795 -0.354994
v 0.207873 1.654096 -0.347991
v 0.184776 1.660795 -0.338424
v 0.161679 1.654096 -0.328857
v 0.144771 1.635795 -0.321853
v 0.138582 1.610795 -0.319289
v 0.144771 1.585795 -0.321853
v 0.161679 1.567493 -0.328857
v 0.184776 1.560795 -0.338424
v 0.207873 1.567493 -0.347991
v 0.224781 1.585795 -0.354994
v 0.216506 1.610795 -0.386887
v 0.210705 1.635795 -0.383538
v 0.194856 1.654096 -0.374387
v 0.173205 1.660795 -0.361887
v 0.151554 1.654096 -0.349387
v 0.135705 1.635795 -0.340236
v 0.129904 1.610795 -0.336887
v 0.135705 1.585795 -0.340236
v 0.151554 1.567493 -0.349387
v 0.173205 1.560795 -0.361887
v 0.194856 1.567493 -0.374387
v 0.210705 1.585795 -0.383538
v 0.198338 1.610795 -0.414077
v 0.193024 1.635795 -0.409999
v 0.178505 1.654096 -0.398858
v 0.158671 1.660795 -0.383639
v 0.138837 1.654096 -0.368420
v 0.124317 1.635795 -0.357279
v 0.119003 1.610795 -0.353201
v 0.124317 1.585795 -0.357279
v 0.138837 1.567493 -0.368420
v 0.158671 1.560795 -0.383639
v 0.178505 1.567493 -0.398858
v 0.193024 1.585795 -0.409999
v 0.176777 1.610795 -0.438664
v 0.172040 1.635795 -0.433927
v 0.159099 1.654096 -0.420986
v 0.141421 1.660795 -0.403308
v 0.123744 1.654096 -0.385631
v 0.110803 1.635795 -0.372690
v 0.106066 1.610795 -0.367953
v 0.110803 1.585795 -0.372690
v 0.123744 1.567493 -0.385631
v 0.141421 1.560795 -0.403308
v 0.159099 1.567493 -0.420986
v 0.172040 1.585795 -0.433927
v 0.152190 1.610795 -0.460225
v 0.148112 1.635795 -0.454911
v 0.136971 1.654096 -0.440391
v 0.121752 1.660795 -0.420558
v 0.106533 1.654096 -0.400724
v 0.095392 1.635795 -0.386204
v 0.091314 1.610795 -0.380890
v 0.095392 1.585795 -0.386204
v 0.106533 1.567493 -0.400724
v 0.121752 1.560795 -0.420558
v 0.136971 1.567493 -0.440391
v 0.148112 1.585795 -0.454911
v 0.125000 1.610795 -0.478393
v 0.121651 1.635795 -0.472592
v 0.112500 1.654096 -0.456743
v 0.100000 1.660795 -0.435092
v 0.087500 1.654096 -0.413441
v 0.078349 1.635795 -0.397592
v 0.075000 1.610795 -0.391791
v 0.078349 1.585795 -0.397592
v 0.087500 1.567493 -0.413441
v 0.100000 1.560795 -0.435092
v 0.112500 1.567493 -0.456743
v 0.121651 1.585795 -0.472592
v 0.095671 1.610795 -0.492857
v 0.093107 1.635795 -0.486668
v 0.086104 1.654096 -0.469760
v 0.076537 1.660795 -0.446663
v 0.066970 1.654096 -0.423566
v 0.059966 1.635795 -0.406658
v 0.057403 1.610795 -0.400469
v 0.059966 1.585795 -0.406658
v 0.066970 1.567493 -0.423566
v 0.076537 1.560795 -0.446663
v 0.086104 1.567493 -0.469760
v 0.093107 1.585795 -0.486668
v 0.064705 1.610795 -0.503368
v 0.062971 1.635795 -0.496898
v 0.058234 1.654096 -0.479220
v 0.051764 1.660795 -0.455072
v 0.045293 1.654096 -0.430924
v 0.040557 1.635795 -0.413246
v 0.038823 1.610795 -0.406776
v 0.040557 1.585795 -0.413246
v 0.045293 1.567493 -0.430924
v 0.051764 1.560795 -0.455072
v 0.058234 1.567493 -0.479220
v 0.062971 1.585795 -0.496898
v 0.032632 1.610795 -0.509748
v 0.031757 1.635795 -0.503107
v 0.029368 1.654096 -0.484962
v 0.026105 1.660795 -0.460176
v 0.022842 1.654096 -0.435390
v 0.020453 1.635795 -0.417245
v 0.019579 1.610795 -0.410604
v 0.020453 1.585795 -0.417245
v 0.022842 1.567493 -0.435390
v 0.026105 1.560795 -0.460176
v 0.029368 1.567493 -0.484962
v 0.031757 1.585795 -0.503107
v 0.000000 1.610795 -0.511887
v 0.000000 1.635795 -0.505188
v 0.000000 1.654096 -0.486887
v 0.000000 1.660795 -0.461887
v 0.000000 1.654096 -0.436887
v 0.000000 1.635795 -0.418586
v 0.000000 1.610795 -0.411887
v 0.000000 1.585795 -0.418586
v 0.000000 1.567493 -0.436887
v 0.000000 1.560795 -0.461887
v 0.000000 1.567493 -0.486887
v 0.000000 1.585795 -0.505188
v -0.032632 1.610795 -0.509748
v -0.031757 1.635795 -0.503107
v -0.029368 1.654096 -0.484962
v -0.026105 1.660795 -0.460176
v -0.022842 1.654096 -0.435390
v -0.020453 1.635795 -0.417245
v -0.019579 1.610795 -0.410604
v -0.020453 1.585795 -0.417245
v -0.022842 1.567493 -0.435390
v -0.026105 1.560795 -0.460176
v -0.029368 1.567493 -0.484962
v -0.031757 1.585795 -0.503107
v -0.064705 1.610795 -0.503368
v -0.062971 1.635795 -0.496898
v -0.058234 1.654096 -0.479220
v -0.051764 1.660795 -0.455072
v -0.045293 1.654096 -0.430924
v -0.040557 1.635795 -0.413246
v -0.038823 1.610795 -0.406776
v -0.040557 1.585795 -0.413246
v -0.045293 1.567493 -0.430924
v -0.051764 1.560795 -0.455072
v -0.058234 1.567493 -0.479220
v -0.062971 1.585795 -0.496898
v -0.095671 1.610795 -0.492857
v -0.093107 1.635795 -0.486668
v -0.086104 1.654096 -0.469760
v -0.076537 1.660795 -0.446663
v -0.066970 1.654096 -0.423566
v -0.059966 1.635795 -0.406658
v -0.057403 1.610795 -0.400469
v -0.059966 1.585795 -0.406658
v -0.066970 1.567493 -0.423566
v -0.076537 1.560795 -0.446663
v -0.086104 1.567493 -0.469760
v -0.093107 1.585795 -0.486668
v -0.125000 1.610795 -0.478393
v -0.121651 1.635795 -0.472592
v -0.112500 1.654096 -0.456743
v -0.100000 1.660795 -0.435092
v -0.087500 1.654096 -0.413441
v -0.078349 1.635795 -0.397592
v -0.075000 1.610795 -0.391791
v -0.078349 1.585795 -0.397592
v -0.087500 1.567493 -0.413441
v -0.100000 1.560795 -0.435092
v -0.112500 1.567493 -0.456743
v -0.121651 1.585795 -0.472592
v -0.152190 1.610795 -0.460225
v -0.148112 1.635795 -0.454911
v -0.136971 1.654096 -0.440391
v -0.121752 1.660795 -0.420558
v -0.106533 1.654096 -0.400724
v -0.095392 1.635795 -0.386204
v -0.091314 1.610795 -0.380890
v -0.095392 1.585795 -0.386204
v -0.106533 1.567493 -0.400724
v -0.121752 1.560795 -0.420558
v -0.136971 1.567493 -0.440391
v -0.148112 1.585795 -0.454911
v -0.176777 1.610795 -0.438664
v -0.172040 1.635795 -0.433927
v -0.159099 1.654096 -0.420986
v -0.141421 1.660795 -0.403308
v -0.123744 1.654096 -0.385631
v -0.110803 1.635795 -0.372690
v -0.106066 1.610795 -0.367953
v -0.110803 1.585795 -0.372690
v -0.123744 1.567493 -0.385631
v -0.141421 1.560795 -0.403308
v -0.159099 1.567493 -0.420986
v -0.172040 1.585795 -0.433927
v -0.198338 1.610795 -0.414077
v -0.193024 1.635795 -0.409999
v -0.178504 1.654096 -0.398858
v -0.158671 1.660795 -0.383639
v -0.138837 1.654096 -0.368420
v -0.124317 1.635795 -0.357279
v -0.119003 1.610795 -0.353201
v -0.124317 1.585795 -0.357279
v -0.138837 1.567493 -0.368420
v -0.158671 1.560795 -0.383639
v -0.178504 1.567493 -0.398858
v -0.193024 1.585795 -0.409999
v -0.216506 1.610795 -0.386887
v -0.210705 1.635795 -0.383538
v -0.194856 1.654096 -0.374387
v -0.173205 1.660795 -0.361887
v -0.151554 1.654096 -0.349387
v -0.135705 1.635795 -0.340236
v -0.129904 1.610795 -0.336887
v -0.135705 1.585795 -0.340236
v -0.151554 1.567493 -0.349387
v -0.173205 1.560795 -0.361887
v -0.194856 1.567493 -0.374387
v -0.210705 1.585795 -0.383538
v -0.230970 1.610795 -0.357558
v -0.224781 1.635795 -0.354994
v -0.207873 1.654096 -0.347991
v -0.184776 1.660795 -0.338424
v -0.161679 1.654096 -0.328857
v -0.144771 1.635795 -0.321853
v -0.138582 1.610795 -0.319289
v -0.144771 1.585795 -0.321853
v -0.161679 1.567493 -0.328857
v -0.184776 1.560795 -0.338424
v -0.207873 1.567493 -0.347991
v -0.224781 1.585795 -0.354994
v -0.241481 1.610795 -0.326592
v -0.235011 1.635795 -0.324858
v -0.217333 1.654096 -0.320121
v -0.193185 1.660795 -0.313651
v -0.169037 1.654096 -0.307180
v -0.151359 1.635795 -0.302444
v -0.144889 1.610795 -0.300710
v -0.151359 1.585795 -0.302444
v -0.169037 1.567493 -0.307180
v -0.193185 1.560795 -0.313651
v -0.217333 1.567493 -0.320121
v -0.235011 1.585795 -0.324858
v -0.247861 1.610795 -0.294519
v -0.241220 1.635795 -0.293644
v -0.223075 1.654096 -0.291255
v -0.198289 1.660795 -0.287992
v -0.173503 1.654096 -0.284729
v -0.155358 1.635795 -0.282340
v -0.148717 1.610795 -0.281466
v -0.155358 1.585795 -0.282340
v -0.173503 1.567493 -0.284729
v -0.198289 1.560795 -0.287992
v -0.223075 1.567493 -0.291255
v -0.241220 1.585795 -0.293644
v -0.250000 1.610795 -0.261887
v -0.243301 1.635795 -0.261887
v -0.225000 1.654096 -0.261887
v -0.200000 1.660795 -0.261887
v -0.175000 1.654096 -0.261887
v -0.156699 1.635795 -0.261887
v -0.150000 1.610795 -0.261887
v -0.156699 1.585795 -0.261887
v -0.175000 1.567493 -0.261887
v -0.200000 1.560795 -0.261887
v -0.225000 1.567493 -0.261887
v -0.243301 1.585795 -0.261887
v -0.247861 1.610795 -0.229255
v -0.241220 1.635795 -0.230130
v -0.223075 1.654096 -0.232519
v -0.198289 1.660795 -0.235782
v -0.173503 1.654096 -0.239045
v -0.155358 1.635795 -0.241434
v -0.148717 1.610795 -0.242308
v -0.155358 1.585795 -0.241434
v -0.173503 1.567493 -0.239045
v -0.198289 1.560795 -0.235782
v -0.223075 1.567493 -0.232519
v -0.241220 1.585795 -0.230130
v -0.241481 1.610795 -0.197182
v -0.235011 1.635795 -0.198916
v -0.217333 1.654096 -0.203653
v -0.193185 1.660795 -0.210123
v -0.169037 1.654096 -0.216594
v -0.151359 1.635795 -0.221330
v -0.144889 1.610795 -0.223064
v -0.151359 1.585795 -0.221330
v -0.169037 1.567493 -0.216594
v -0.193185 1.560795 -0.210123
v -0.217333 1.567493 -0.203653
v -0.235011 1.585795 -0.198916
v -0.230970 1.610795 -0.166216
v -0.224781 1.635795 -0.168780
v -0.207873 1.654096 -0.175783
v -0.184776 1.660795 -0.185350
v -0.161679 1.654096 -0.194917
v -0.144771 1.635795 -0.201921
v -0.138582 1.610795 -0.204485
v -0.144771 1.585795 -0.201921
v -0.161679 1.567493 -0.194917
v -0.184776 1.560795 -0.185350
v -0.207873 1.567493 -0.175783
v -0.224781 1.585795 -0.168780
v -0.216506 1.610795 -0.136887
v -0.210705 1.635795 -0.140236
v -0.194856 1.654096 -0.149387
v -0.173205 1.660795 -0.161887
v -0.151554 1.654096 -0.174387
v -0.135705 1.635795 -0.183538
v -0.129904 1.610795 -0.186887
v -0.135705 1.585795 -0.183538
v -0.151554 1.567493 -0.174387
v -0.173205 1.560795 -0.161887
v -0.194856 1.567493 -0.149387
v -0.210705 1.585795 -0.140236
v -0.198338 1.610795 -0.109697
v -0.193024 1.635795 -0.113775
v -0.178504 1.654096 -0.124916
v -0.158671 1.660795 -0.140135
v -0.138837 1.654096 -0.155354
v -0.124317 1.635795 -0.166495
v -0.119003 1.610795 -0.170573
v -0.124317 1.585795 -0.166495
v -0.138837 1.567493 -0.155354
v -0.158671 1.560795 -0.140135
v -0.178504 1.567493 -0.124916
v -0.193024 1.585795 -0.113775
v -0.176777 1.610795 -0.085110
v -0.172040 1.635795 -0.089847
v -0.159099 1.654096 -0.102788
v -0.141421 1.660795 -0.120466
v -0.123744 1.654096 -0.138143
v -0.110803 1.635795 -0.151084
v -0.106066 1.610795 -0.155821
v -0.110803 1.585795 -0.151084
v -0.123744 1.567493 -0.138143
v -0.141421 1.560795 -0.120466
v -0.159099 1.567493 -0.102788
v -0.172040 1.585795 -0.089847
v -0.152190 1.610795 -0.063549
v -0.148113 1.635795 -0.068863
v -0.136971 1.654096 -0.083383
v -0.121752 1.660795 -0.103216
v -0.106533 1.654096 -0.123050
v -0.095392 1.635795 -0.137570
v -0.091314 1.610795 -0.142884
v -0.095392 1.585795 -0.137570
v -0.106533 1.567493 -0.123050
v -0.121752 1.560795 -0.103216
v -0.136971 1.567493 -0.083383
v -0.148113 1.585795 -0.068863
v -0.125000 1.610795 -0.045381
v -0.121651 1.635795 -0.051182
v -0.112500 1.654096 -0.067031
v -0.100000 1.660795 -0.088682
v -0.087500 1.654096 -0.110332
v -0.078349 1.635795 -0.126182
v -0.075000 1.610795 -0.131983
v -0.078349 1.585795 -0.126182
v -0.087500 1.567493 -0.110332
v -0.100000 1.560795 -0.088682
v -0.112500 1.567493 -0.067031
v -0.121651 1.585795 -0.051182
v -0.095671 1.610795 -0.030917
v -0.093107 1.635795 -0.037106
v -0.086104 1.654096 -0.054014
v -0.076537 1.660795 -0.077111
v -0.066970 1.654096 -0.100208
v -0.059966 1.635795 -0.117116
v -0.057403 1.610795 -0.123305
v -0.059966 1.585795 -0.117116
v -0.066970 1.567493 -0.100208
v -0.076537 1.560795 -0.077111
v -0.086104 1.567493 -0.054014
v -0.093107 1.585795 -0.037106
v -0.064705 1.610795 -0.020406
v -0.062971 1.635795 -0.026876
v -0.058234 1.654096 -0.044554
v -0.051764 1.660795 -0.068702
v -0.045293 1.654096 -0.092850
v -0.040557 1.635795 -0.110528
v -0.038823 1.610795 -0.116998
v -0.040557 1.585795 -0.110528
v -0.045293 1.567493 -0.092850
v -0.051764 1.560795 -0.068702
v -0.058234 1.567493 -0.044554
v -0.062971 1.585795 -0.026876
v -0.032632 1.610795 -0.014026
v -0.031757 1.635795 -0.020667
v -0.029369 1.654096 -0.038812
v -0.026105 1.660795 -0.063598
v -0.022842 1.654096 -0.088384
v -0.020453 1.635795 -0.106529
v -0.019579 1.610795 -0.113170
v -0.020453 1.585795 -0.106529
v -0.022842 1.567493 -0.088384
v -0.026105 1.560795 -0.063598
v -0.029369 1.567493 -0.038812
v -0.031757 1.585795 -0.020667
v 0.000000 1.610795 -0.011887
v 0.000000 1.635795 -0.018586
v 0.000000 1.654096 -0.036887
v 0.000000 1.660795 -0.061887
v 0.000000 1.654096 -0.086887
v 0.000000 1.635795 -0.105188
v 0.000000 1.610795 -0.111887
v 0.000000 1.585795 -0.105188
v 0.000000 1.567493 -0.086887
v 0.000000 1.560795 -0.061887
v 0.000000 1.567493 -0.036887
v 0.000000 1.585795 -0.018586
v 0.032632 1.610795 -0.014026
v 0.031757 1.635795 -0.020667
v 0.029368 1.654096 -0.038812
v 0.026105 1.660795 -0.063598
v 0.022842 1.654096 -0.088384
v 0.020453 1.635795 -0.106529
v 0.019579 1.610795 -0.113170
v 0.020453 1.585795 -0.106529
v 0.022842 1.567493 -0.088384
v 0.026105 1.560795 -0.063598
v 0.029368 1.567493 -0.038812
v 0.031757 1.585795 -0.020667
v 0.064705 1.610795 -0.020405
v 0.062971 1.635795 -0.026876
v 0.058234 1.654096 -0.044554
v 0.051764 1.660795 -0.068702
v 0.045293 1.654096 -0.092850
v 0.040557 1.635795 -0.110528
v 0.038823 1.610795 -0.116998
v 0.040557 1.585795 -0.110528
v 0.045293 1.567493 -0.092850
v 0.051764 1.560795 -0.068702
v 0.058234 1.567493 -0.044554
v 0.062971 1.585795 -0.026876
v 0.095671 1.610795 -0.030917
v 0.093107 1.635795 -0.037106
v 0.086104 1.654096 -0.054014
v 0.076537 1.660795 -0.077111
v 0.066970 1.654096 -0.100208
v 0.059966 1.635795 -0.117116
v 0.057403 1.610795 -0.123305
v 0.059966 1.585795 -0.117116
v 0.066970 1.567493 -0.100208
v 0.076537 1.560795 -0.077111
v 0.086104 1.567493 -0.054014
v 0.093107 1.585795 -0.037106
v 0.125000 1.610795 -0.045381
v 0.121651 1.635795 -0.051182
v 0.112500 1.654096 -0.067031
v 0.100000 1.660795 -0.088682
v 0.087500 1.654096 -0.110332
v 0.078349 1.635795 -0.126182
v 0.075000 1.610795 -0.131983
v 0.078349 1.585795 -0.126182
v 0.087500 1.567493 -0.110332
v 0.100000 1.560795 -0.088682
v 0.112500 1.567493 -0.067031
v 0.121651 1.585795 -0.051182
v 0.152190 1.610795 -0.063549
v 0.148112 1.635795 -0.068863
v 0.136971 1.654096 -0.083382
v 0.121752 1.660795 -0.103216
v 0.106533 1.654096 -0.123050
v 0.095392 1.635795 -0.137569
v 0.091314 1.610795 -0.142884
v 0.095392 1.585795 -0.137569
v 0.106533 1.567493 -0.123050
v 0.121752 1.560795 -0.103216
v 0.136971 1.567493 -0.083382
v 0.148112 1.585795 -0.068863
v 0.176777 1.610795 -0.085110
v 0.172040 1.635795 -0.089847
v 0.159099 1.654096 -0.102788
v 0.141421 1.660795 -0.120466
v 0.123744 1.654096 -0.138143
v 0.110803 1.635795 -0.151084
v 0.106066 1.610795 -0.155821
v 0.110803 1.585795 -0.151084
v 0.123744 1.567493 -0.138143
v 0.141421 1.560795 -0.120466
v 0.159099 1.567493 -0.102788
v 0.172040 1.585795 -0.089847
v 0.198338 1.610795 -0.109697
v 0.193024 1.635795 -0.113775
v 0.178505 1.654096 -0.124916
v 0.158671 1.660795 -0.140135
v 0.138837 1.654096 -0.155354
v 0.124317 1.635795 -0.166495
v 0.119003 1.610795 -0.170573
v 0.124317 1.585795 -0.166495
v 0.138837 1.567493 -0.155354
v 0.158671 1.560795 -0.140135
v 0.178505 1.567493 -0.124916
v 0.193024 1.585795 -0.113775
v 0.216506 1.610795 -0.136887
v 0.210705 1.635795 -0.140236
v 0.194856 1.654096 -0.149387
v 0.173205 1.660795 -0.161887
v 0.151554 1.654096 -0.174387
v 0.135705 1.635795 -0.183538
v 0.129904 1.610795 -0.186887
v 0.135705 1.585795 -0.183538
v 0.151554 1.567493 -0.174387
v 0.173205 1.560795 -0.161887
v 0.194856 1.567493 -0.149387
v 0.210705 1.585795 -0.140236
v 0.230970 1.610795 -0.166216
v 0.224781 1.635795 -0.168780
v 0.207873 1.654096 -0.175783
v 0.184776 1.660795 -0.185350
v 0.161679 1.654096 -0.194917
v 0.144771 1.635795 -0.201921
v 0.138582 1.610795 -0.204484
v 0.144771 1.585795 -0.201921
v 0.161679 1.567493 -0.194917
v 0.184776 1.560795 -0.185350
v 0.207873 1.567493 -0.175783
v 0.224781 1.585795 -0.168780
v 0.241481 1.610795 -0.197182
v 0.235011 1.635795 -0.198916
v 0.217333 1.654096 -0.203653
v 0.193185 1.660795 -0.210123
v 0.169037 1.654096 -0.216594
v 0.151359 1.635795 -0.221330
v 0.144889 1.610795 -0.223064
v 0.151359 1.585795 -0.221330
v 0.169037 1.567493 -0.216594
v 0.193185 1.560795 -0.210123
v 0.217333 1.567493 -0.203653
v 0.235011 1.585795 -0.198916
v 0.247861 1.610795 -0.229255
v 0.241220 1.635795 -0.230130
v 0.223075 1.654096 -0.232519
v 0.198289 1.660795 -0.235782
v 0.173503 1.654096 -0.239045
v 0.155358 1.635795 -0.241434
v 0.148717 1.610795 -0.242308
v 0.155358 1.585795 -0.241434
v 0.173503 1.567493 -0.239045
v 0.198289 1.560795 -0.235782
v 0.223075 1.567493 -0.232519
v 0.241220 1.585795 -0.230130
v 0.250000 1.610795 -0.696428
v 0.243301 1.635795 -0.696428
v 0.225000 1.654096 -0.696428
v 0.200000 1.660795 -0.696428
v 0.175000 1.654096 -0.696428
v 0.156699 1.635795 -0.696428
v 0.150000 1.610795 -0.696428
v 0.156699 1.585795 -0.696428
v 0.175000 1.567493 -0.696428
v 0.200000 1.560795 -0.696428
v 0.225000 1.567493 -0.696428
v 0.243301 1.585795 -0.696428
v 0.247861 1.610795 -0.729059
v 0.241220 1.635795 -0.728185
v 0.223075 1.654096 -0.725796
v 0.198289 1.660795 -0.722533
v 0.173503 1.654096 -0.719270
v 0.155358 1.635795 -0.716881
v 0.148717 1.610795 -0.716007
v 0.155358 1.585795 -0.716881
v 0.173503 1.567493 -0.719270
v 0.198289 1.560795 -0.722533
v 0.223075 1.567493 -0.725796
v 0.241220 1.585795 -0.728185
v 0.241481 1.610795 -0.761133
v 0.235011 1.635795 -0.759399
v 0.217333 1.654096 -0.754662
v 0.193185 1.660795 -0.748192
v 0.169037 1.654096 -0.741721
v 0.151359 1.635795 -0.736985
v 0.144889 1.610795 -0.735251
v 0.151359 1.585795 -0.736985
v 0.169037 1.567493 -0.741721
v 0.193185 1.560795 -0.748192
v 0.217333 1.567493 -0.754662
v 0.235011 1.585795 -0.759399
v 0.230970 1.610795 -0.792099
v 0.224781 1.635795 -0.789535
v 0.207873 1.654096 -0.782532
v 0.184776 1.660795 -0.772965
v 0.161679 1.654096 -0.763398
v 0.144771 1.635795 -0.756394
v 0.138582 1.610795 -0.753830
v 0.144771 1.585795 -0.756394
v 0.161679 1.567493 -0.763398
v 0.184776 1.560795 -0.772965
v 0.207873 1.567493 -0.782532
v 0.224781 1.585795 -0.789535
v 0.216506 1.610795 -0.821428
v 0.210705 1.635795 -0.818079
v 0.194856 1.654096 -0.808928
v 0.173205 1.660795 -0.796428
v 0.151554 1.654096 -0.783928
v 0.135705 1.635795 -0.774777
v 0.129904 1.610795 -0.771428
v 0.135705 1.585795 -0.774777
v 0.151554 1.567493 -0.783928
v 0.173205 1.560795 -0.796428
v 0.194856 1.567493 -0.808928
v 0.210705 1.585795 -0.818079
v 0.198338 1.610795 -0.848618
v 0.193024 1.635795 -0.844540
v 0.178505 1.654096 -0.833399
v 0.158671 1.660795 -0.818180
v 0.138837 1.654096 -0.802961
v 0.124317 1.635795 -0.791820
v 0.119003 1.610795 -0.787742
v 0.124317 1.585795 -0.791820
v 0.138837 1.567493 -0.802961
v 0.158671 1.560795 -0.818180
v 0.178505 1.567493 -0.833399
v 0.193024 1.585795 -0.844540
v 0.176777 1.610795 -0.873205
v 0.172040 1.635795 -0.868468
v 0.159099 1.654096 -0.855527
v 0.141421 1.660795 -0.837849
v 0.123744 1.654096 -0.820172
v 0.110803 1.635795 -0.807231
v 0.106066 1.610795 -0.802494
v 0.110803 1.585795 -0.807231
v 0.123744 1.567493 -0.820172
v 0.141421 1.560795 -0.837849
v 0.159099 1.567493 -0.855527
v 0.172040 1.585795 -0.868468
v 0.152190 1.610795 -0.894766
v 0.148112 1.635795 -0.889452
v 0.136971 1.654096 -0.874932
v 0.121752 1.660795 -0.855099
v 0.106533 1.654096 -0.835265
v 0.095392 1.635795 -0.820745
v 0.091314 1.610795 -0.815431
v 0.095392 1.585795 -0.820745
v 0.106533 1.567493 -0.835265
v 0.121752 1.560795 -0.855099
v 0.136971 1.567493 -0.874932
v 0.148112 1.585795 -0.889452
v 0.125000 1.610795 -0.912934
v 0.121651 1.635795 -0.907133
v 0.112500 1.654096 -0.891284
v 0.100000 1.660795 -0.869633
v 0.087500 1.654096 -0.847982
v 0.078349 1.635795 -0.832133
v 0.075000 1.610795 -0.826332
v 0.078349 1.585795 -0.832133
v 0.087500 1.567493 -0.847982
v 0.100000 1.560795 -0.869633
v 0.112500 1.567493 -0.891284
v 0.121651 1.585795 -0.907133
v 0.095671 1.610795 -0.927398
v 0.093107 1.635795 -0.921209
v 0.086104 1.654096 -0.904301
v 0.076537 1.660795 -0.881204
v 0.066970 1.654096 -0.858107
v 0.059966 1.635795 -0.841199
v 0.057403 1.610795 -0.835010
v 0.059966 1.585795 -0.841199
v 0.066970 1.567493 -0.858107
v 0.076537 1.560795 -0.881204
v 0.086104 1.567493 -0.904301
v 0.093107 1.585795 -0.921209
v 0.064705 1.610795 -0.937909
v 0.062971 1.635795 -0.931439
v 0.058234 1.654096 -0.913761
v 0.051764 1.660795 -0.889613
v 0.045293 1.654096 -0.865465
v 0.040557 1.635795 -0.847787
v 0.038823 1.610795 -0.841317
v 0.040557 1.585795 -0.847787
v 0.045293 1.567493 -0.865465
v 0.051764 1.560795 -0.889613
v 0.058234 1.567493 -0.913761
v 0.062971 1.585795 -0.931439
v 0.032632 1.610795 -0.944289
v 0.031757 1.635795 -0.937648
v 0.029368 1.654096 -0.919503
v 0.026105 1.660795 -0.894717
v 0.022842 1.654096 -0.869931
v 0.020453 1.635795 -0.851786
v 0.019579 1.610795 -0.845145
v 0.020453 1.585795 -0.851786
v 0.022842 1.567493 -0.869931
v 0.026105 1.560795 -0.894717
v 0.029368 1.567493 -0.919503
v 0.031757 1.585795 -0.937648
v 0.000000 1.610795 -0.946428
v 0.000000 1.635795 -0.939729
v 0.000000 1.654096 -0.921428
v 0.000000 1.660795 -0.896428
v 0.000000 1.654096 -0.871428
v 0.000000 1.635795 -0.853127
v 0.000000 1.610795 -0.846428
v 0.000000 1.585795 -0.853127
v 0.000000 1.567493 -0.871428
v 0.000000 1.560795 -0.896428
v 0.000000 1.567493 -0.921428
v 0.000000 1.585795 -0.939729
v -0.032632 1.610795 -0.944289
v -0.031757 1.635795 -0.937648
v -0.029368 1.654096 -0.919503
v -0.026105 1.660795 -0.894717
v -0.022842 1.654096 -0.869931
v -0.020453 1.635795 -0.851786
v -0.019579 1.610795 -0.845145
v -0.020453 1.585795 -0.851786
v -0.022842 1.567493 -0.869931
v -0.026105 1.560795 -0.894717
v -0.029368 1.567493 -0.919503
v -0.031757 1.585795 -0.937648
v -0.064705 1.610795 -0.937909
v -0.062971 1.635795 -0.931439
v -0.058234 1.654096 -0.913761
v -0.051764 1.660795 -0.889613
v -0.045293 1.654096 -0.865465
v -0.040557 1.635795 -0.847787
v -0.038823 1.610795 -0.841317
v -0.040557 1.585795 -0.847787
v -0.045293 1.567493 -0.865465
v -0.051764 1.560795 -0.889613
v -0.058234 1.567493 -0.913761
v -0.062971 1.585795 -0.931439
v -0.095671 1.610795 -0.927398
v -0.093107 1.635795 -0.921209
v -0.086104 1.654096 -0.904301
v -0.076537 1.660795 -0.881204
v -0.066970 1.654096 -0.858107
v -0.059966 1.635795 -0.841199
v -0.057403 1.610795 -0.835010
v -0.059966 1.585795 -0.841199
v -0.066970 1.567493 -0.858107
v -0.076537 1.560795 -0.881204
v -0.086104 1.567493 -0.904301
v -0.093107 1.585795 -0.921209
v -0.125000 1.610795 -0.912934
v -0.121651 1.635795 -0.907133
v -0.112500 1.654096 -0.891284
v -0.100000 1.660795 -0.869633
v -0.087500 1.654096 -0.847982
v -0.078349 1.635795 -0.832133
v -0.075000 1.610795 -0.826332
v -0.078349 1.585795 -0.832133
v -0.087500 1.567493 -0.847982
v -0.100000 1.560795 -0.869633
v -0.112500 1.567493 -0.891284
v -0.121651 1.585795 -0.907133
v -0.152190 1.610795 -0.894766
v -0.148112 1.635795 -0.889452
v -0.136971 1.654096 -0.874932
v -0.121752 1.660795 -0.855099
v -0.106533 1.654096 -0.835265
v -0.095392 1.635795 -0.820745
v -0.091314 1.610795 -0.815431
v -0.095392 1.585795 -0.820745
v -0.106533 1.567493 -0.835265
v -0.121752 1.560795 -0.855099
v -0.136971 1.567493 -0.874932
v -0.148112 1.585795 -0.889452
v -0.176777 1.610795 -0.873205
v -0.172040 1.635795 -0.868468
v -0.159099 1.654096 -0.855527
v -0.141421 1.660795 -0.837849
v -0.123744 1.654096 -0.820172
v -0.110803 1.635795 -0.807231
v -0.106066 1.610795 -0.802494
v -0.110803 1.585795 -0.807231
v -0.123744 1.567493 -0.820172
v -0.141421 1.560795 -0.837849
v -0.159099 1.567493 -0.855527
v -0.172040 1.585795 -0.868468
v -0.198338 1.610795 -0.848618
v -0.193024 1.635795 -0.844540
v -0.178504 1.654096 -0.833399
v -0.158671 1.660795 -0.818180
v -0.138837 1.654096 -0.802961
v -0.124317 1.635795 -0.791820
v -0.119003 1.610795 -0.787742
v -0.124317 1.585795 -0.791820
v -0.138837 1.567493 -0.802961
v -0.158671 1.560795 -0.818180
v -0.178504 1.567493 -0.833399
v -0.193024 1.585795 -0.844540
v -0.216506 1.610795 -0.821428
v -0.210705 1.635795 -0.818079
v -0.194856 1.654096 -0.808928
v -0.173205 1.660795 -0.796428
v -0.151554 1.654096 -0.783928
v -0.135705 1.635795 -0.774777
v -0.129904 1.610795 -0.771428
v -0.135705 1.585795 -0.774777
v -0.151554 1.567493 -0.783928
v -0.173205 1.560795 -0.796428
v -0.194856 1.567493 -0.808928
v -0.210705 1.585795 -0.818079
v -0.230970 1.610795 -0.792099
v -0.224781 1.635795 -0.789535
v -0.207873 1.654096 -0.782532
v -0.184776 1.660795 -0.772965
v -0.161679 1.654096 -0.763398
v -0.144771 1.635795 -0.756394
v -0.138582 1.610795 -0.753830
v -0.144771 1.585795 -0.756394
v -0.161679 1.567493 -0.763398
v -0.184776 1.560795 -0.772965
v -0.207873 1.567493 -0.782532
v -0.224781 1.585795 -0.789535
v -0.241481 1.610795 -0.761133
v -0.235011 1.635795 -0.759399
v -0.217333 1.654096 -0.754662
v -0.193185 1.660795 -0.748192
v -0.169037 1.654096 -0.741721
v -0.151359 1.635795 -0.736985
v -0.144889 1.610795 -0.735251
v -0.151359 1.585795 -0.736985
v -0.169037 1.567493 -0.741721
v -0.193185 1.560795 -0.748192
v -0.217333 1.567493 -0.754662
v -0.235011 1.585795 -0.759399
v -0.247861 1.610795 -0.729060
v -0.241220 1.635795 -0.728185
v -0.223075 1.654096 -0.725796
v -0.198289 1.660795 -0.722533
v -0.173503 1.654096 -0.719270
v -0.155358 1.635795 -0.716881
v -0.148717 1.610795 -0.716007
v -0.155358 1.585795 -0.716881
v -0.173503 1.567493 -0.719270
v -0.198289 1.560795 -0.722533
v -0.223075 1.567493 -0.725796
v -0.241220 1.585795 -0.728185
v -0.250000 1.610795 -0.696428
v -0.243301 1.635795 -0.696428
v -0.225000 1.654096 -0.696428
v -0.200000 1.660795 -0.696428
v -0.175000 1.654096 -0.696428
v -0.156699 1.635795 -0.696428
v -0.150000 1.610795 -0.696428
v -0.156699 1.585795 -0.696428
v -0.175000 1.567493 -0.696428
v -0.200000 1.560795 -0.696428
v -0.225000 1.567493 -0.696428
v -0.243301 1.585795 -0.696428
v -0.247861 1.610795 -0.663796
v -0.241220 1.635795 -0.664671
v -0.223075 1.654096 -0.667060
v -0.198289 1.660795 -0.670323
v -0.173503 1.654096 -0.673586
v -0.155358 1.635795 -0.675975
v -0.148717 1.610795 -0.676849
v -0.155358 1.585795 -0.675975
v -0.173503 1.567493 -0.673586
v -0.198289 1.560795 -0.670323
v -0.223075 1.567493 -0.667060
v -0.241220 1.585795 -0.664671
v -0.241481 1.610795 -0.631723
v -0.235011 1.635795 -0.633457
v -0.217333 1.654096 -0.638194
v -0.193185 1.660795 -0.644664
v -0.169037 1.654096 -0.651135
v -0.151359 1.635795 -0.655871
v -0.144889 1.610795 -0.657605
v -0.151359 1.585795 -0.655871
v -0.169037 1.567493 -0.651135
v -0.193185 1.560795 -0.644664
v -0.217333 1.567493 -0.638194
v -0.235011 1.585795 -0.633457
v -0.230970 1.610795 -0.600757
v -0.224781 1.635795 -0.603321
v -0.207873 1.654096 -0.610324
v -0.184776 1.660795 -0.619891
v -0.161679 1.654096 -0.629458
v -0.144771 1.635795 -0.636462
v -0.138582 1.610795 -0.639025
v -0.144771 1.585795 -0.636462
v -0.161679 1.567493 -0.629458
v -0.184776 1.560795 -0.619891
v -0.207873 1.567493 -0.610324
v -0.224781 1.585795 -0.603321
v -0.216506 1.610795 -0.571428
v -0.210705 1.635795 -0.574777
v -0.194856 1.654096 -0.583928
v -0.173205 1.660795 -0.596428
v -0.151554 1.654096 -0.608928
v -0.135705 1.635795 -0.618079
v -0.129904 1.610795 -0.621428
v -0.135705 1.585795 -0.618079
v -0.151554 1.567493 -0.608928
v -0.173205 1.560795 -0.596428
v -0.194856 1.567493 -0.583928
v -0.210705 1.585795 -0.574777
v -0.198338 1.610795 -0.544238
v -0.193024 1.635795 -0.548315
v -0.178504 1.654096 -0.559457
v -0.158671 1.660795 -0.574676
v -0.138837 1.654096 -0.589895
v -0.124317 1.635795 -0.601036
v -0.119003 1.610795 -0.605114
v -0.124317 1.585795 -0.601036
v -0.138837 1.567493 -0.589895
v -0.158671 1.560795 -0.574676
v -0.178504 1.567493 -0.559457
v -0.193024 1.585795 -0.548315
v -0.176777 1.610795 -0.519651
v -0.172040 1.635795 -0.524388
v -0.159099 1.654096 -0.537329
v -0.141421 1.660795 -0.555007
v -0.123744 1.654096 -0.572684
v -0.110803 1.635795 -0.585625
v -0.106066 1.610795 -0.590362
v -0.110803 1.585795 -0.585625
v -0.123744 1.567493 -0.572684
v -0.141421 1.560795 -0.555007
v -0.159099 1.567493 -0.537329
v -0.172040 1.585795 -0.524388
v -0.152190 1.610795 -0.498090
v -0.148113 1.635795 -0.503404
v -0.136971 1.654096 -0.517923
v -0.121752 1.660795 -0.537757
v -0.106533 1.654096 -0.557591
v -0.095392 1.635795 -0.572111
v -0.091314 1.610795 -0.577425
v -0.095392 1.585795 -0.572111
v -0.106533 1.567493 -0.557591
v -0.121752 1.560795 -0.537757
v -0.136971 1.567493 -0.517923
v -0.148113 1.585795 -0.503404
v -0.125000 1.610795 -0.479922
v -0.121651 1.635795 -0.485723
v -0.112500 1.654096 -0.501572
v -0.100000 1.660795 -0.523223
v -0.087500 1.654096 -0.544873
v -0.078349 1.635795 -0.560723
v -0.075000 1.610795 -0.566524
v -0.078349 1.585795 -0.560723
v -0.087500 1.567493 -0.544873
v -0.100000 1.560795 -0.523223
v -0.112500 1.567493 -0.501572
v -0.121651 1.585795 -0.485723
v -0.095671 1.610795 -0.465458
v -0.093107 1.635795 -0.471647
v -0.086104 1.654096 -0.488555
v -0.076537 1.660795 -0.511652
v -0.066970 1.654096 -0.534749
v -0.059966 1.635795 -0.551657
v -0.057403 1.610795 -0.557846
v -0.059966 1.585795 -0.551657
v -0.066970 1.567493 -0.534749
v -0.076537 1.560795 -0.511652
v -0.086104 1.567493 -0.488555
v -0.093107 1.585795 -0.471647
v -0.064705 1.610795 -0.454946
v -0.062971 1.635795 -0.461417
v -0.058234 1.654096 -0.479095
v -0.051764 1.660795 -0.503243
v -0.045293 1.654096 -0.527391
v -0.040557 1.635795 -0.545069
v -0.038823 1.610795 -0.551539
v -0.040557 1.585795 -0.545069
v -0.045293 1.567493 -0.527391
v -0.051764 1.560795 -0.503243
v -0.058234 1.567493 -0.479095
v -0.062971 1.585795 -0.461417
v -0.032632 1.610795 -0.448567
v -0.031757 1.635795 -0.455208
v -0.029369 1.654096 -0.473353
v -0.026105 1.660795 -0.498139
v -0.022842 1.654096 -0.522925
v -0.020453 1.635795 -0.541070
v -0.019579 1.610795 -0.547711
v -0.020453 1.585795 -0.541070
v -0.022842 1.567493 -0.522925
v -0.026105 1.560795 -0.498139
v -0.029369 1.567493 -0.473353
v -0.031757 1.585795 -0.455208
v 0.000000 1.610795 -0.446428
v 0.000000 1.635795 -0.453127
v 0.000000 1.654096 -0.471428
v 0.000000 1.660795 -0.496428
v 0.000000 1.654096 -0.521428
v 0.000000 1.635795 -0.539729
v 0.000000 1.610795 -0.546428
v 0.000000 1.585795 -0.539729
v 0.000000 1.567493 -0.521428
v 0.000000 1.560795 -0.496428
v 0.000000 1.567493 -0.471428
v 0.000000 1.585795 -0.453127
v 0.032632 1.610795 -0.448567
v 0.031757 1.635795 -0.455208
v 0.029368 1.654096 -0.473353
v 0.026105 1.660795 -0.498139
v 0.022842 1.654096 -0.522925
v 0.020453 1.635795 -0.541070
v 0.019579 1.610795 -0.547711
v 0.020453 1.585795 -0.541070
v 0.022842 1.567493 -0.522925
v 0.026105 1.560795 -0.498139
v 0.029368 1.567493 -0.473353
v 0.031757 1.585795 -0.455208
v 0.064705 1.610795 -0.454946
v 0.062971 1.635795 -0.461417
v 0.058234 1.654096 -0.479095
v 0.051764 1.660795 -0.503243
v 0.045293 1.654096 -0.527391
v 0.040557 1.635795 -0.545069
v 0.038823 1.610795 -0.551539
v 0.040557 1.585795 -0.545069
v 0.045293 1.567493 -0.527391
v 0.051764 1.560795 -0.503243
v 0.058234 1.567493 -0.479095
v 0.062971 1.585795 -0.461417
v 0.095671 1.610795 -0.465458
v 0.093107 1.635795 -0.471647
v 0.086104 1.654096 -0.488555
v 0.076537 1.660795 -0.511652
v 0.066970 1.654096 -0.534749
v 0.059966 1.635795 -0.551657
v 0.057403 1.610795 -0.557846
v 0.059966 1.585795 -0.551657
v 0.066970 1.567493 -0.534749
v 0.076537 1.560795 -0.511652
v 0.086104 1.567493 -0.488555
v 0.093107 1.585795 -0.471647
v 0.125000 1.610795 -0.479922
v 0.121651 1.635795 -0.485723
v 0.112500 1.654096 -0.501572
v 0.100000 1.660795 -0.523223
v 0.087500 1.654096 -0.544873
v 0.078349 1.635795 -0.560723
v 0.075000 1.610795 -0.566524
v 0.078349 1.585795 -0.560723
v 0.087500 1.567493 -0.544873
v 0.100000 1.560795 -0.523223
v 0.112500 1.567493 -0.501572
v 0.121651 1.585795 -0.485723
v 0.152190 1.610795 -0.498090
v 0.148112 1.635795 -0.503404
v 0.136971 1.654096 -0.517923
v 0.121752 1.660795 -0.537757
v 0.106533 1.654096 -0.557591
v 0.095392 1.635795 -0.572110
v 0.091314 1.610795 -0.577425
v 0.095392 1.585795 -0.572110
v 0.106533 1.567493 -0.557591
v 0.121752 1.560795 -0.537757
v 0.136971 1.567493 -0.517923
v 0.148112 1.585795 -0.503404
v 0.176777 1.610795 -0.519651
v 0.172040 1.635795 -0.524388
v 0.159099 1.654096 -0.537329
v 0.141421 1.660795 -0.555007
v 0.123744 1.654096 -0.572684
v 0.110803 1.635795 -0.585625
v 0.106066 1.610795 -0.590362
v 0.110803 1.585795 -0.585625
v 0.123744 1.567493 -0.572684
v 0.141421 1.560795 -0.555007
v 0.159099 1.567493 -0.537329
v 0.172040 1.585795 -0.524388
v 0.198338 1.610795 -0.544238
v 0.193024 1.635795 -0.548316
v 0.178505 1.654096 -0.559457
v 0.158671 1.660795 -0.574676
v 0.138837 1.654096 -0.589895
v 0.124317 1.635795 -0.601036
v 0.119003 1.610795 -0.605114
v 0.124317 1.585795 -0.601036
v 0.138837 1.567493 -0.589895
v 0.158671 1.560795 -0.574676
v 0.178505 1.567493 -0.559457
v 0.193024 1.585795 -0.548316
v 0.216506 1.610795 -0.571428
v 0.210705 1.635795 -0.574777
v 0.194856 1.654096 -0.583928
v 0.173205 1.660795 -0.596428
v 0.151554 1.654096 -0.608928
v 0.135705 1.635795 -0.618079
v 0.129904 1.610795 -0.621428
v 0.135705 1.585795 -0.618079
v 0.151554 1.567493 -0.608928
v 0.173205 1.560795 -0.596428
v 0.194856 1.567493 -0.583928
v 0.210705 1.585795 -0.574777
v 0.230970 1.610795 -0.600757
v 0.224781 1.635795 -0.603320
v 0.207873 1.654096 -0.610324
v 0.184776 1.660795 -0.619891
v 0.161679 1.654096 -0.629458
v 0.144771 1.635795 -0.636462
v 0.138582 1.610795 -0.639025
v 0.144771 1.585795 -0.636462
v 0.161679 1.567493 -0.629458
v 0.184776 1.560795 -0.619891
v 0.207873 1.567493 -0.610324
v 0.224781 1.585795 -0.603320
v 0.241481 1.610795 -0.631723
v 0.235011 1.635795 -0.633457
v 0.217333 1.654096 -0.638194
v 0.193185 1.660795 -0.644664
v 0.169037 1.654096 -0.651135
v 0.151359 1.635795 -0.655871
v 0.144889 1.610795 -0.657605
v 0.151359 1.585795 -0.655871
v 0.169037 1.567493 -0.651135
v 0.193185 1.560795 -0.644664
v 0.217333 1.567493 -0.638194
v 0.235011 1.585795 -0.633457
v 0.247861 1.610795 -0.663796
v 0.241220 1.635795 -0.664671
v 0.223075 1.654096 -0.667060
v 0.198289 1.660795 -0.670323
v 0.173503 1.654096 -0.673586
v 0.155358 1.635795 -0.675975
v 0.148717 1.610795 -0.676849
v 0.155358 1.585795 -0.675975
v 0.173503 1.567493 -0.673586
v 0.198289 1.560795 -0.670323
v 0.223075 1.567493 -0.667060
v 0.241220 1.585795 -0.664671
vn -1.0000 -0.0000 -0.0000
vn -0.0000 -0.0000 -1.0000
vn 1.0000 -0.0000 -0.0000
vn -0.0000 -0.0000 1.0000
vn -0.0000 -1.0000 -0.0000
vn -0.0000 1.0000 -0.0000
vn 0.9640 0.2583 -0.0632
vn 0.7064 0.7063 -0.0463
vn 0.2588 0.9658 -0.0170
vn -0.2588 0.9658 0.0170
vn -0.7064 0.7063 0.0463
vn -0.9640 0.2583 0.0632
vn -0.9640 -0.2583 0.0632
vn -0.7063 -0.7064 0.0463
vn -0.2588 -0.9658 0.0170
vn 0.2588 -0.9658 -0.0170
vn 0.7064 -0.7063 -0.0463
vn 0.9640 -0.2583 -0.0632
vn 0.9475 0.2583 -0.1885
vn 0.6943 0.7063 -0.1381
vn 0.2544 0.9658 -0.0506
vn -0.2544 0.9658 0.0506
vn -0.6943 0.7063 0.1381
vn -0.9475 0.2583 0.1885
vn -0.9475 -0.2583 0.1885
vn -0.6943 -0.7063 0.1381
vn -0.2544 -0.9658 0.0506
vn 0.2544 -0.9658 -0.0506
vn 0.6943 -0.7063 -0.1381
vn 0.9475 -0.2583 -0.1885
vn 0.9148 0.2583 -0.3105
vn 0.6703 0.7063 -0.2275
vn 0.2456 0.9658 -0.0834
vn -0.2456 0.9658 0.0834
vn -0.6703 0.7063 0.2275
vn -0.9148 0.2583 0.3105
vn -0.9148 -0.2583 0.3105
vn -0.6703 -0.7063 0.2275
vn -0.2456 -0.9658 0.0834
vn 0.2456 -0.9658 -0.0834
vn 0.6703 -0.7063 -0.2275
vn 0.9148 -0.2583 -0.3105
vn 0.8664 0.2583 -0.4273
vn 0.6349 0.7063 -0.3131
vn 0.2326 0.9658 -0.1147
vn -0.2326 0.9658 0.1147
vn -0.6349 0.7063 0.3131
vn -0.8664 0.2583 0.4273
vn -0.8664 -0.2583 0.4273
vn -0.6349 -0.7063 0.3131
vn -0.2326 -0.9658 0.1147
vn 0.2326 -0.9658 -0.1147
vn 0.6349 -0.7063 -0.3131
vn 0.8664 -0.2583 -0.4273
vn 0.8033 0.2583 -0.5367
vn 0.5886 0.7063 -0.3933
vn 0.2156 0.9658 -0.1441
vn -0.2156 0.9658 0.1441
vn -0.5886 0.7063 0.3933
vn -0.8033 0.2583 0.5367
vn -0.8033 -0.2583 0.5367
vn -0.5886 -0.7063 0.3933
vn -0.2156 -0.9658 0.1441
vn 0.2156 -0.9658 -0.1441
vn 0.5886 -0.7063 -0.3933
vn 0.8033 -0.2583 -0.5367
vn 0.7263 0.2583 -0.6370
vn 0.5322 0.7063 -0.4667
vn 0.1950 0.9658 -0.1710
vn -0.1950 0.9658 0.1710
vn -0.5322 0.7063 0.4667
vn -0.7263 0.2583 0.6370
vn -0.7263 -0.2583 0.6370
vn -0.5322 -0.7063 0.4667
vn -0.1950 -0.9658 0.1710
vn 0.1950 -0.9658 -0.1710
vn 0.5322 -0.7063 -0.4667
vn 0.7263 -0.2583 -0.6370
vn 0.6370 0.2583 -0.7263
vn 0.4667 0.7063 -0.5322
vn 0.1710 0.9658 -0.1950
vn -0.1710 0.9658 0.1950
vn -0.4667 0.7063 0.5322
vn -0.6370 0.2583 0.7263
vn -0.6370 -0.2583 0.7263
vn -0.4667 -0.7063 0.5322
vn -0.1710 -0.9658 0.1950
vn 0.1710 -0.9658 -0.1950
vn 0.4667 -0.7063 -0.5322
vn 0.6370 -0.2583 -0.7263
vn 0.5367 0.2583 -0.8033
vn 0.3933 0.7063 -0.5886
vn 0.1441 0.9658 -0.2156
vn -0.1441 0.9658 0.2156
vn -0.3933 0.7063 0.5886
vn -0.5367 0.2583 0.8033
vn -0.5367 -0.2583 0.8033
vn -0.3933 -0.7063 0.5886
vn -0.1441 -0.9658 0.2156
vn 0.1441 -0.9658 -0.2156
vn 0.3933 -0.7063 -0.5886
vn 0.5367 -0.2583 -0.8033
vn 0.4273 0.2583 -0.8664
vn 0.3131 0.7063 -0.6349
vn 0.1147 0.9658 -0.2326
vn -0.1147 0.9658 0.2326
vn -0.3131 0.7063 0.6349
vn -0.4273 0.2583 0.8664
vn -0.4273 -0.2583 0.8664
vn -0.3131 -0.7063 0.6349
vn -0.1147 -0.9658 0.2326
vn 0.1147 -0.9658 -0.2326
vn 0.3131 -0.7063 -0.6349
vn 0.4273 -0.2583 -0.8664
vn 0.3105 0.2583 -0.9148
vn 0.2275 0.7063 -0.6703
vn 0.0834 0.9658 -0.2456
vn -0.0834 0.9658 0.2456
vn -0.2275 0.7063 0.6703
vn -0.3105 0.2583 0.9148
vn -0.3105 -0.2583 0.9148
vn -0.2275 -0.7063 0.6703
vn -0.0834 -0.9658 0.2456
vn 0.0834 -0.9658 -0.2456
vn 0.2275 -0.7063 -0.6703
vn 0.3105 -0.2583 -0.9148
vn 0.1885 0.2583 -0.9475
vn 0.1381 0.7063 -0.6943
vn 0.0506 0.9658 -0.2544
vn -0.0506 0.9658 0.2544
vn -0.1381 0.7063 0.6943
vn -0.1885 0.2583 0.9475
vn -0.1885 -0.2583 0.9475
vn -0.1381 -0.7063 0.6943
vn -0.0506 -0.9658 0.2544
vn 0.0506 -0.9658 -0.2544
vn 0.1381 -0.7063 -0.6943
vn 0.1885 -0.2583 -0.9475
vn 0.0632 0.2583 -0.9640
vn 0.0463 0.7063 -0.7064
vn 0.0170 0.9658 -0.2588
vn -0.0170 0.9658 0.2588
vn -0.0463 0.7063 0.7063
vn -0.0632 0.2583 0.9640
vn -0.0632 -0.2583 0.9640
vn -0.0463 -0.7063 0.7063
vn -0.0170 -0.9658 0.2588
vn 0.0170 -0.9658 -0.2588
vn 0.0463 -0.7063 -0.7064
vn 0.0632 -0.2583 -0.9640
vn -0.0632 0.2583 -0.9640
vn -0.0463 0.7063 -0.7063
vn -0.0170 0.9658 -0.2588
vn 0.0170 0.9658 0.2588
vn 0.0463 0.7063 0.7063
vn 0.0632 0.2583 0.9640
vn 0.0632 -0.2583 0.9640
vn 0.0463 -0.7063 0.7063
vn 0.0170 -0.9658 0.2588
vn -0.0170 -0.9658 -0.2588
vn -0.0463 -0.7063 -0.7063
vn -0.0632 -0.2583 -0.9640
vn -0.1885 0.2583 -0.9475
vn -0.1381 0.7063 -0.6943
vn -0.0506 0.9658 -0.2544
vn 0.0506 0.9658 0.2544
vn 0.1381 0.7063 0.6943
vn 0.1885 0.2583 0.9475
vn 0.1885 -0.2583 0.9475
vn 0.1381 -0.7063 0.6943
vn 0.0506 -0.9658 0.2544
vn -0.0506 -0.9658 -0.2544
vn -0.1381 -0.7063 -0.6943
vn -0.1885 -0.2583 -0.9475
vn -0.3105 0.2583 -0.9148
vn -0.2275 0.7063 -0.6703
vn -0.0834 0.9658 -0.2456
vn 0.0834 0.9658 0.2456
vn 0.2275 0.7063 0.6703
vn 0.3105 0.2583 0.9148
vn 0.3105 -0.2583 0.9148
vn 0.2275 -0.7063 0.6703
vn 0.0834 -0.9658 0.2456
vn -0.0834 -0.9658 -0.2456
vn -0.2275 -0.7063 -0.6703
vn -0.3105 -0.2583 -0.9148
vn -0.4273 0.2583 -0.8664
vn -0.3131 0.7063 -0.6349
vn -0.1147 0.9658 -0.2326
vn 0.1147 0.9658 0.2326
vn 0.3131 0.7063 0.6349
vn 0.4273 0.2583 0.8664
vn 0.4273 -0.2583 0.8664
vn 0.3131 -0.7063 0.6349
vn 0.1147 -0.9658 0.2326
vn -0.1147 -0.9658 -0.2326
vn -0.3131 -0.7063 -0.6349
vn -0.4273 -0.2583 -0.8664
vn -0.5367 0.2583 -0.8033
vn -0.3933 0.7063 -0.5886
vn -0.1441 0.9658 -0.2156
vn 0.1441 0.9658 0.2156
vn 0.3933 0.7063 0.5886
vn 0.5367 0.2583 0.8033
vn 0.5367 -0.2583 0.8033
vn 0.3933 -0.7063 0.5886
vn 0.1441 -0.9658 0.2156
vn -0.1441 -0.9658 -0.2156
vn -0.3933 -0.7063 -0.5886
vn -0.5367 -0.2583 -0.8033
vn -0.6370 0.2583 -0.7263
vn -0.4667 0.7063 -0.5322
vn -0.1710 0.9658 -0.1950
vn 0.1710 0.9658 0.1950
vn 0.4667 0.7063 0.5322
vn 0.6370 0.2583 0.7263
vn 0.6370 -0.2583 0.7263
vn 0.4667 -0.7063 0.5322
vn 0.1710 -0.9658 0.1950
vn -0.1710 -0.9658 -0.1950
vn -0.4667 -0.7063 -0.5322
vn -0.6370 -0.2583 -0.7263
vn -0.7263 0.2583 -0.6370
vn -0.5322 0.7063 -0.4667
vn -0.1950 0.9658 -0.1710
vn 0.1950 0.9658 0.1710
vn 0.5322 0.7063 0.4667
vn 0.7263 0.2583 0.6370
vn 0.7263 -0.2583 0.6370
vn 0.5322 -0.7063 0.4667
vn 0.1950 -0.9658 0.1710
vn -0.1950 -0.9658 -0.1710
vn -0.5322 -0.7063 -0.4667
vn -0.7263 -0.2583 -0.6370
vn -0.8033 0.2583 -0.5367
vn -0.5886 0.7063 -0.3933
vn -0.2156 0.9658 -0.1441
vn 0.2156 0.9658 0.1441
vn 0.5886 0.7063 0.3933
vn 0.8033 0.2583 0.5367
vn 0.8033 -0.2583 0.5367
vn 0.5886 -0.7063 0.3933
vn 0.2156 -0.9658 0.1441
vn -0.2156 -0.9658 -0.1441
vn -0.5886 -0.7063 -0.3933
vn -0.8033 -0.2583 -0.5367
vn -0.8664 0.2583 -0.4273
vn -0.6349 0.7063 -0.3131
vn -0.2326 0.9658 -0.1147
vn 0.2326 0.9658 0.1147
vn 0.6349 0.7063 0.3131
vn 0.8664 0.2583 0.4273
vn 0.8664 -0.2583 0.4273
vn 0.6349 -0.7063 0.3131
vn 0.2326 -0.9658 0.1147
vn -0.2326 -0.9658 -0.1147
vn -0.6349 -0.7063 -0.3131
vn -0.8664 -0.2583 -0.4273
vn -0.9148 0.2583 -0.3105
vn -0.6703 0.7063 -0.2275
vn -0.2456 0.9658 -0.0834
vn 0.2456 0.9658 0.0834
vn 0.6703 0.7063 0.2275
vn 0.9148 0.2583 0.3105
vn 0.9148 -0.2583 0.3105
vn 0.6703 -0.7063 0.2275
vn 0.2456 -0.9658 0.0834
vn -0.2456 -0.9658 -0.0834
vn -0.6703 -0.7063 -0.2275
vn -0.9148 -0.2583 -0.3105
vn -0.9475 0.2583 -0.1885
vn -0.6943 0.7063 -0.1381
vn -0.2544 0.9658 -0.0506
vn 0.2544 0.9658 0.0506
vn 0.6943 0.7063 0.1381
vn 0.9475 0.2583 0.1885
vn 0.9475 -0.2583 0.1885
vn 0.6943 -0.7063 0.1381
vn 0.2544 -0.9658 0.0506
vn -0.2544 -0.9658 -0.0506
vn -0.6943 -0.7063 -0.1381
vn -0.9475 -0.2583 -0.1885
vn -0.9640 0.2583 -0.0632
vn -0.7063 0.7063 -0.0463
vn -0.2588 0.9658 -0.0170
vn 0.2588 0.9658 0.0170
vn 0.7064 0.7063 0.0463
vn 0.9640 0.2583 0.0632
vn 0.9640 -0.2583 0.0632
vn 0.7063 -0.7064 0.0463
vn 0.2588 -0.9658 0.0170
vn -0.2588 -0.9658 -0.0170
vn -0.7063 -0.7063 -0.0463
vn -0.9640 -0.2583 -0.0632
vn -0.7063 0.7063 0.0463
vn 0.7063 0.7063 -0.0463
vn 0.7063 -0.7063 -0.0463
vn -0.7063 -0.7063 0.0463
vn 0.0463 0.7063 -0.7063
vn 0.0463 -0.7063 -0.7063
vn 0.0463 0.7063 0.7064
vn 0.0463 -0.7063 0.7064
vn -0.2543 -0.9658 -0.0506
vn -0.7064 0.7063 -0.0463
vn -0.7063 -0.7064 -0.0463
vn 0.7064 -0.7063 0.0463
vn 0.7063 0.7063 0.0463
vn 0.7063 -0.7063 0.0463
vn 0.6703 0.7064 0.2275
vn 0.6349 0.7064 -0.3131
vn -0.6349 0.7064 0.3131
vt 0.375000 0.000000
vt 0.625000 0.000000
vt 0.625000 0.250000
vt 0.375000 0.250000
vt 0.625000 0.500000
vt 0.375000 0.500000
vt 0.625000 0.750000
vt 0.375000 0.750000
vt 0.625000 1.000000
vt 0.375000 1.000000
vt 0.125000 0.500000
vt 0.125000 0.750000
vt 0.875000 0.500000
vt 0.875000 0.750000
vt 0.500000 0.500000
vt 0.520833 0.500000
vt 0.520833 0.583333
vt 0.500000 0.583333
vt 0.520833 0.666667
vt 0.500000 0.666667
vt 0.520833 0.750000
vt 0.500000 0.750000
vt 0.520833 0.833333
vt 0.500000 0.833333
vt 0.520833 0.916667
vt 0.500000 0.916667
vt 0.520833 1.000000
vt 0.500000 1.000000
vt 0.500000 0.000000
vt 0.520833 0.000000
vt 0.520833 0.083333
vt 0.500000 0.083333
vt 0.520833 0.166667
vt 0.500000 0.166667
vt 0.520833 0.250000
vt 0.500000 0.250000
vt 0.520833 0.333333
vt 0.500000 0.333333
vt 0.520833 0.416667
vt 0.500000 0.416667
vt 0.541667 0.500000
vt 0.541667 0.583333
vt 0.541667 0.666667
vt 0.541667 0.750000
vt 0.541667 0.833333
vt 0.541667 0.916667
vt 0.541667 1.000000
vt 0.541667 0.000000
vt 0.541667 0.083333
vt 0.541667 0.166667
vt 0.541667 0.250000
vt 0.541667 0.333333
vt 0.541667 0.416667
vt 0.562500 0.500000
vt 0.562500 0.583333
vt 0.562500 0.666667
vt 0.562500 0.750000
vt 0.562500 0.833333
vt 0.562500 0.916667
vt 0.562500 1.000000
vt 0.562500 0.000000
vt 0.562500 0.083333
vt 0.562500 0.166667
vt 0.562500 0.250000
vt 0.562500 0.333333
vt 0.562500 0.416667
vt 0.583333 0.500000
vt 0.583333 0.583333
vt 0.583333 0.666667
vt 0.583333 0.750000
vt 0.583333 0.833333
vt 0.583333 0.916667
vt 0.583333 1.000000
vt 0.583333 0.000000
vt 0.583333 0.083333
vt 0.583333 0.166667
vt 0.583333 0.250000
vt 0.583333 0.333333
vt 0.583333 0.416667
vt 0.604167 0.500000
vt 0.604167 0.583333
vt 0.604167 0.666667
vt 0.604167 0.750000
vt 0.604167 0.833333
vt 0.604167 0.916667
vt 0.604167 1.000000
vt 0.604167 0.000000
vt 0.604167 0.083333
vt 0.604167 0.166667
vt 0.604167 0.250000
vt 0.604167 0.333333
vt 0.604167 0.416667
vt 0.625000 0.583333
vt 0.625000 0.666667
vt 0.625000 0.833333
vt 0.625000 0.916667
vt 0.625000 0.000000
vt 0.625000 0.083333
vt 0.625000 0.166667
vt 0.625000 0.333333
vt 0.625000 0.416667
vt 0.645833 0.500000
vt 0.645833 0.583333
vt 0.645833 0.666667
vt 0.645833 0.750000
vt 0.645833 0.833333
vt 0.645833 0.916667
vt 0.645833 1.000000
vt 0.645833 0.000000
vt 0.645833 0.083333
vt 0.645833 0.166667
vt 0.645833 0.250000
vt 0.645833 0.333333
vt 0.645833 0.416667
vt 0.666667 0.500000
vt 0.666667 0.583333
vt 0.666667 0.666667
vt 0.666667 0.750000
vt 0.666667 0.833333
vt 0.666667 0.916667
vt 0.666667 1.000000
vt 0.666667 0.000000
vt 0.666667 0.083333
vt 0.666667 0.166667
vt 0.666667 0.250000
vt 0.666667 0.333333
vt 0.666667 0.416667
vt 0.687500 0.500000
vt 0.687500 0.583333
vt 0.687500 0.666667
vt 0.687500 0.750000
vt 0.687500 0.833333
vt 0.687500 0.916667
vt 0.687500 1.000000
vt 0.687500 0.000000
vt 0.687500 0.083333
vt 0.687500 0.166667
vt 0.687500 0.250000
vt 0.687500 0.333333
vt 0.687500 0.416667
vt 0.708333 0.500000
vt 0.708333 0.583333
vt 0.708333 0.666667
vt 0.708333 0.750000
vt 0.708333 0.833333
vt 0.708333 0.916667
vt 0.708333 1.000000
vt 0.708333 0.000000
vt 0.708333 0.083333
vt 0.708333 0.166667
vt 0.708333 0.250000
vt 0.708333 0.333333
vt 0.708333 0.416667
vt 0.729167 0.500000
vt 0.729167 0.583333
vt 0.729167 0.666667
vt 0.729167 0.750000
vt 0.729167 0.833333
vt 0.729167 0.916667
vt 0.729167 1.000000
vt 0.729167 0.000000
vt 0.729167 0.083333
vt 0.729167 0.166667
vt 0.729167 0.250000
vt 0.729167 0.333333
vt 0.729167 0.416667
vt 0.750000 0.500000
vt 0.750000 0.583333
vt 0.750000 0.666667
vt 0.750000 0.750000
vt 0.750000 0.833333
vt 0.750000 0.916667
vt 0.750000 1.000000
vt 0.750000 0.000000
vt 0.750000 0.083333
vt 0.750000 0.166667
vt 0.750000 0.250000
vt 0.750000 0.333333
vt 0.750000 0.416667
vt 0.770833 0.500000
vt 0.770833 0.583333
vt 0.770833 0.666667
vt 0.770833 0.750000
vt 0.770833 0.833333
vt 0.770833 0.916667
vt 0.770833 1.000000
vt 0.770833 0.000000
vt 0.770833 0.083333
vt 0.770833 0.166667
vt 0.770833 0.250000
vt 0.770833 0.333333
vt 0.770833 0.416667
vt 0.791667 0.500000
vt 0.791667 0.583333
vt 0.791667 0.666667
vt 0.791667 0.750000
vt 0.791667 0.833333
vt 0.791667 0.916667
vt 0.791667 1.000000
vt 0.791667 0.000000
vt 0.791667 0.083333
vt 0.791667 0.166667
vt 0.791667 0.250000
vt 0.791667 0.333333
vt 0.791667 0.416667
vt 0.812500 0.500000
vt 0.812500 0.583333
vt 0.812500 0.666667
vt 0.812500 0.750000
vt 0.812500 0.833333
vt 0.812500 0.916667
vt 0.812500 1.000000
vt 0.812500 0.000000
vt 0.812500 0.083333
vt 0.812500 0.166667
vt 0.812500 0.250000
vt 0.812500 0.333333
vt 0.812500 0.416667
vt 0.833333 0.500000
vt 0.833333 0.583333
vt 0.833333 0.666667
vt 0.833333 0.750000
vt 0.833333 0.833333
vt 0.833333 0.916667
vt 0.833333 1.000000
vt 0.833333 0.000000
vt 0.833333 0.083333
vt 0.833333 0.166667
vt 0.833333 0.250000
vt 0.833333 0.333333
vt 0.833333 0.416667
vt 0.854167 0.500000
vt 0.854167 0.583333
vt 0.854167 0.666667
vt 0.854167 0.750000
vt 0.854167 0.833333
vt 0.854167 0.916667
vt 0.854167 1.000000
vt 0.854167 0.000000
vt 0.854167 0.083333
vt 0.854167 0.166667
vt 0.854167 0.250000
vt 0.854167 0.333333
vt 0.854167 0.416667
vt 0.875000 0.583333
vt 0.875000 0.666667
vt 0.875000 0.833333
vt 0.875000 0.916667
vt 0.875000 1.000000
vt 0.875000 0.000000
vt 0.875000 0.083333
vt 0.875000 0.166667
vt 0.875000 0.250000
vt 0.875000 0.333333
vt 0.875000 0.416667
vt 0.895833 0.500000
vt 0.895833 0.583333
vt 0.895833 0.666667
vt 0.895833 0.750000
vt 0.895833 0.833333
vt 0.895833 0.916667
vt 0.895833 1.000000
vt 0.895833 0.000000
vt 0.895833 0.083333
vt 0.895833 0.166667
vt 0.895833 0.250000
vt 0.895833 0.333333
vt 0.895833 0.416667
vt 0.916667 0.500000
vt 0.916667 0.583333
vt 0.916667 0.666667
vt 0.916667 0.750000
vt 0.916667 0.833333
vt 0.916667 0.916667
vt 0.916667 1.000000
vt 0.916667 0.000000
vt 0.916667 0.083333
vt 0.916667 0.166667
vt 0.916667 0.250000
vt 0.916667 0.333333
vt 0.916667 0.416667
vt 0.937500 0.500000
vt 0.937500 0.583333
vt 0.937500 0.666667
vt 0.937500 0.750000
vt 0.937500 0.833333
vt 0.937500 0.916667
vt 0.937500 1.000000
vt 0.937500 0.000000
vt 0.937500 0.083333
vt 0.937500 0.166667
vt 0.937500 0.250000
vt 0.937500 0.333333
vt 0.937500 0.416667
vt 0.958333 0.500000
vt 0.958333 0.583333
vt 0.958333 0.666667
vt 0.958333 0.750000
vt 0.958333 0.833333
vt 0.958333 0.916667
vt 0.958333 1.000000
vt 0.958333 0.000000
vt 0.958333 0.083333
vt 0.958333 0.166667
vt 0.958333 0.250000
vt 0.958333 0.333333
vt 0.958333 0.416667
vt 0.979167 0.500000
vt 0.979167 0.583333
vt 0.979167 0.666667
vt 0.979167 0.750000
vt 0.979167 0.833333
vt 0.979167 0.916667
vt 0.979167 1.000000
vt 0.979167 0.000000
vt 0.979167 0.083333
vt 0.979167 0.166667
vt 0.979167 0.250000
vt 0.979167 0.333333
vt 0.979167 0.416667
vt 1.000000 0.500000
vt 1.000000 0.583333
vt 1.000000 0.666667
vt 1.000000 0.750000
vt 1.000000 0.833333
vt 1.000000 0.916667
vt 1.000000 1.000000
vt 1.000000 0.000000
vt 1.000000 0.083333
vt 1.000000 0.166667
vt 1.000000 0.250000
vt 1.000000 0.333333
vt 1.000000 0.416667
vt 0.000000 0.500000
vt 0.020833 0.500000
vt 0.020833 0.583333
vt 0.000000 0.583333
vt 0.020833 0.666667
vt 0.000000 0.666667
vt 0.020833 0.750000
vt 0.000000 0.750000
vt 0.020833 0.833333
vt 0.000000 0.833333
vt 0.020833 0.916667
vt 0.000000 0.916667
vt 0.020833 1.000000
vt 0.000000 1.000000
vt 0.000000 0.000000
vt 0.020833 0.000000
vt 0.020833 0.083333
vt 0.000000 0.083333
vt 0.020833 0.166667
vt 0.000000 0.166667
vt 0.020833 0.250000
vt 0.000000 0.250000
vt 0.020833 0.333333
vt 0.000000 0.333333
vt 0.020833 0.416667
vt 0.000000 0.416667
vt 0.041667 0.500000
vt 0.041667 0.583333
vt 0.041667 0.666667
vt 0.041667 0.750000
vt 0.041667 0.833333
vt 0.041667 0.916667
vt 0.041667 1.000000
vt 0.041667 0.000000
vt 0.041667 0.083333
vt 0.041667 0.166667
vt 0.041667 0.250000
vt 0.041667 0.333333
vt 0.041667 0.416667
vt 0.062500 0.500000
vt 0.062500 0.583333
vt 0.062500 0.666667
vt 0.062500 0.750000
vt 0.062500 0.833333
vt 0.062500 0.916667
vt 0.062500 1.000000
vt 0.062500 0.000000
vt 0.062500 0.083333
vt 0.062500 0.166667
vt 0.062500 0.250000
vt 0.062500 0.333333
vt 0.062500 0.416667
vt 0.083333 0.500000
vt 0.083333 0.583333
vt 0.083333 0.666667
vt 0.083333 0.750000
vt 0.083333 0.833333
vt 0.083333 0.916667
vt 0.083333 1.000000
vt 0.083333 0.000000
vt 0.083333 0.083333
vt 0.083333 0.166667
vt 0.083333 0.250000
vt 0.083333 0.333333
vt 0.083333 0.416667
vt 0.104167 0.500000
vt 0.104167 0.583333
vt 0.104167 0.666667
vt 0.104167 0.750000
vt 0.104167 0.833333
vt 0.104167 0.916667
vt 0.104167 1.000000
vt 0.104167 0.000000
vt 0.104167 0.083333
vt 0.104167 0.166667
vt 0.104167 0.250000
vt 0.104167 0.333333
vt 0.104167 0.416667
vt 0.125000 0.583333
vt 0.125000 0.666667
vt 0.125000 0.833333
vt 0.125000 0.916667
vt 0.125000 1.000000
vt 0.125000 0.000000
vt 0.125000 0.083333
vt 0.125000 0.166667
vt 0.125000 0.250000
vt 0.125000 0.333333
vt 0.125000 0.416667
vt 0.145833 0.500000
vt 0.145833 0.583333
vt 0.145833 0.666667
vt 0.145833 0.750000
vt 0.145833 0.833333
vt 0.145833 0.916667
vt 0.145833 1.000000
vt 0.145833 0.000000
vt 0.145833 0.083333
vt 0.145833 0.166667
vt 0.145833 0.250000
vt 0.145833 0.333333
vt 0.145833 0.416667
vt 0.166667 0.500000
vt 0.166667 0.583333
vt 0.166667 0.666667
vt 0.166667 0.750000
vt 0.166667 0.833333
vt 0.166667 0.916667
vt 0.166667 1.000000
vt 0.166667 0.000000
vt 0.166667 0.083333
vt 0.166667 0.166667
vt 0.166667 0.250000
vt 0.166667 0.333333
vt 0.166667 0.416667
vt 0.187500 0.500000
vt 0.187500 0.583333
vt 0.187500 0.666667
vt 0.187500 0.750000
vt 0.187500 0.833333
vt 0.187500 0.916667
vt 0.187500 1.000000
vt 0.187500 0.000000
vt 0.187500 0.083333
vt 0.187500 0.166667
vt 0.187500 0.250000
vt 0.187500 0.333333
vt 0.187500 0.416667
vt 0.208333 0.500000
vt 0.208333 0.583333
vt 0.208333 0.666667
vt 0.208333 0.750000
vt 0.208333 0.833333
vt 0.208333 0.916667
vt 0.208333 1.000000
vt 0.208333 0.000000
vt 0.208333 0.083333
vt 0.208333 0.166667
vt 0.208333 0.250000
vt 0.208333 0.333333
vt 0.208333 0.416667
vt 0.229167 0.500000
vt 0.229167 0.583333
vt 0.229167 0.666667
vt 0.229167 0.750000
vt 0.229167 0.833333
vt 0.229167 0.916667
vt 0.229167 1.000000
vt 0.229167 0.000000
vt 0.229167 0.083333
vt 0.229167 0.166667
vt 0.229167 0.250000
vt 0.229167 0.333333
vt 0.229167 0.416667
vt 0.250000 0.500000
vt 0.250000 0.583333
vt 0.250000 0.666667
vt 0.250000 0.750000
vt 0.250000 0.833333
vt 0.250000 0.916667
vt 0.250000 1.000000
vt 0.250000 0.000000
vt 0.250000 0.083333
vt 0.250000 0.166667
vt 0.250000 0.250000
vt 0.250000 0.333333
vt 0.250000 0.416667
vt 0.270833 0.500000
vt 0.270833 0.583333
vt 0.270833 0.666667
vt 0.270833 0.750000
vt 0.270833 0.833333
vt 0.270833 0.916667
vt 0.270833 1.000000
vt 0.270833 0.000000
vt 0.270833 0.083333
vt 0.270833 0.166667
vt 0.270833 0.250000
vt 0.270833 0.333333
vt 0.270833 0.416667
vt 0.291667 0.500000
vt 0.291667 0.583333
vt 0.291667 0.666667
vt 0.291667 0.750000
vt 0.291667 0.833333
vt 0.291667 0.916667
vt 0.291667 1.000000
vt 0.291667 0.000000
vt 0.291667 0.083333
vt 0.291667 0.166667
vt 0.291667 0.250000
vt 0.291667 0.333333
vt 0.291667 0.416667
vt 0.312500 0.500000
vt 0.312500 0.583333
vt 0.312500 0.666667
vt 0.312500 0.750000
vt 0.312500 0.833333
vt 0.312500 0.916667
vt 0.312500 1.000000
vt 0.312500 0.000000
vt 0.312500 0.083333
vt 0.312500 0.166667
vt 0.312500 0.250000
vt 0.312500 0.333333
vt 0.312500 0.416667
vt 0.333333 0.500000
vt 0.333333 0.583333
vt 0.333333 0.666667
vt 0.333333 0.750000
vt 0.333333 0.833333
vt 0.333333 0.916667
vt 0.333333 1.000000
vt 0.333333 0.000000
vt 0.333333 0.083333
vt 0.333333 0.166667
vt 0.333333 0.250000
vt 0.333333 0.333333
vt 0.333333 0.416667
vt 0.354167 0.500000
vt 0.354167 0.583333
vt 0.354167 0.666667
vt 0.354167 0.750000
vt 0.354167 0.833333
vt 0.354167 0.916667
vt 0.354167 1.000000
vt 0.354167 0.000000
vt 0.354167 0.083333
vt 0.354167 0.166667
vt 0.354167 0.250000
vt 0.354167 0.333333
vt 0.354167 0.416667
vt 0.375000 0.583333
vt 0.375000 0.666667
vt 0.375000 0.833333
vt 0.375000 0.916667
vt 0.375000 0.000000
vt 0.375000 0.083333
vt 0.375000 0.166667
vt 0.375000 0.333333
vt 0.375000 0.416667
vt 0.395833 0.500000
vt 0.395833 0.583333
vt 0.395833 0.666667
vt 0.395833 0.750000
vt 0.395833 0.833333
vt 0.395833 0.916667
vt 0.395833 1.000000
vt 0.395833 0.000000
vt 0.395833 0.083333
vt 0.395833 0.166667
vt 0.395833 0.250000
vt 0.395833 0.333333
vt 0.395833 0.416667
vt 0.416667 0.500000
vt 0.416667 0.583333
vt 0.416667 0.666667
vt 0.416667 0.750000
vt 0.416667 0.833333
vt 0.416667 0.916667
vt 0.416667 1.000000
vt 0.416667 0.000000
vt 0.416667 0.083333
vt 0.416667 0.166667
vt 0.416667 0.250000
vt 0.416667 0.333333
vt 0.416667 0.416667
vt 0.437500 0.500000
vt 0.437500 0.583333
vt 0.437500 0.666667
vt 0.437500 0.750000
vt 0.437500 0.833333
vt 0.437500 0.916667
vt 0.437500 1.000000
vt 0.437500 0.000000
vt 0.437500 0.083333
vt 0.437500 0.166667
vt 0.437500 0.250000
vt 0.437500 0.333333
vt 0.437500 0.416667
vt 0.458333 0.500000
vt 0.458333 0.583333
vt 0.458333 0.666667
vt 0.458333 0.750000
vt 0.458333 0.833333
vt 0.458333 0.916667
vt 0.458333 1.000000
vt 0.458333 0.000000
vt 0.458333 0.083333
vt 0.458333 0.166667
vt 0.458333 0.250000
vt 0.458333 0.333333
vt 0.458333 0.416667
vt 0.479167 0.500000
vt 0.479167 0.583333
vt 0.479167 0.666667
vt 0.479167 0.750000
vt 0.479167 0.833333
vt 0.479167 0.916667
vt 0.479167 1.000000
vt 0.479167 0.000000
vt 0.479167 0.083333
vt 0.479167 0.166667
vt 0.479167 0.250000
vt 0.479167 0.333333
vt 0.479167 0.416667
s 0
f 1/1/1 2/2/1 4/3/1 3/4/1
f 3/4/2 4/3/2 8/5/2 7/6/2
f 7/6/3 8/5/3 6/7/3 5/8/3
f 5/8/4 6/7/4 2/9/4 1/10/4
f 3/11/5 7/6/5 5/8/5 1/12/5
f 8/5/6 4/13/6 2/14/6 6/7/6
f 9/15/7 21/16/7 22/17/7 10/18/7
f 10/18/8 22/17/8 23/19/8 11/20/8
f 11/20/9 23/19/9 24/21/9 12/22/9
f 12/22/10 24/21/10 25/23/10 13/24/10
f 13/24/11 25/23/11 26/25/11 14/26/11
f 14/26/12 26/25/12 27/27/12 15/28/12
f 15/29/13 27/30/13 28/31/13 16/32/13
f 16/32/14 28/31/14 29/33/14 17/34/14
f 17/34/15 29/33/15 30/35/15 18/36/15
f 18/36/16 30/35/16 31/37/16 19/38/16
f 19/38/17 31/37/17 32/39/17 20/40/17
f 20/40/18 32/39/18 21/16/18 9/15/18
f 21/16/19 33/41/19 34/42/19 22/17/19
f 22/17/20 34/42/20 35/43/20 23/19/20
f 23/19/21 35/43/21 36/44/21 24/21/21
f 24/21/22 36/44/22 37/45/22 25/23/22
f 25/23/23 37/45/23 38/46/23 26/25/23
f 26/25/24 38/46/24 39/47/24 27/27/24
f 27/30/25 39/48/25 40/49/25 28/31/25
f 28/31/26 40/49/26 41/50/26 29/33/26
f 29/33/27 41/50/27 42/51/27 30/35/27
f 30/35/28 42/51/28 43/52/28 31/37/28
f 31/37/29 43/52/29 44/53/29 32/39/29
f 32/39/30 44/53/30 33/41/30 21/16/30
f 33/41/31 45/54/31 46/55/31 34/42/31
f 34/42/32 46/55/32 47/56/32 35/43/32
f 35/43/33 47/56/33 48/57/33 36/44/33
f 36/44/34 48/57/34 49/58/34 37/45/34
f 37/45/35 49/58/35 50/59/35 38/46/35
f 38/46/36 50/59/36 51/60/36 39/47/36
f 39/48/37 51/61/37 52/62/37 40/49/37
f 40/49/38 52/62/38 53/63/38 41/50/38
f 41/50/39 53/63/39 54/64/39 42/51/39
f 42/51/40 54/64/40 55/65/40 43/52/40
f 43/52/41 55/65/41 56/66/41 44/53/41
f 44/53/42 56/66/42 45/54/42 33/41/42
f 45/54/43 57/67/43 58/68/43 46/55/43
f 46/55/44 58/68/44 59/69/44 47/56/44
f 47/56/45 59/69/45 60/70/45 48/57/45
f 48/57/46 60/70/46 61/71/46 49/58/46
f 49/58/47 61/71/47 62/72/47 50/59/47
f 50/59/48 62/72/48 63/73/48 51/60/48
f 51/61/49 63/74/49 64/75/49 52/62/49
f 52/62/50 64/75/50 65/76/50 53/63/50
f 53/63/51 65/76/51 66/77/51 54/64/51
f 54/64/52 66/77/52 67/78/52 55/65/52
f 55/65/53 67/78/53 68/79/53 56/66/53
f 56/66/54 68/79/54 57/67/54 45/54/54
f 57/67/55 69/80/55 70/81/55 58/68/55
f 58/68/56 70/81/56 71/82/56 59/69/56
f 59/69/57 71/82/57 72/83/57 60/70/57
f 60/70/58 72/83/58 73/84/58 61/71/58
f 61/71/59 73/84/59 74/85/59 62/72/59
f 62/72/60 74/85/60 75/86/60 63/73/60
f 63/74/61 75/87/61 76/88/61 64/75/61
f 64/75/62 76/88/62 77/89/62 65/76/62
f 65/76/63 77/89/63 78/90/63 66/77/63
f 66/77/64 78/90/64 79/91/64 67/78/64
f 67/78/65 79/91/65 80/92/65 68/79/65
f 68/79/66 80/92/66 69/80/66 57/67/66
f 69/80/67 81/5/67 82/93/67 70/81/67
f 70/81/68 82/93/68 83/94/68 71/82/68
f 71/82/69 83/94/69 84/7/69 72/83/69
f 72/83/70 84/7/70 85/95/70 73/84/70
f 73/84/71 85/95/71 86/96/71 74/85/71
f 74/85/72 86/96/72 87/9/72 75/86/72
f 75/87/73 87/97/73 88/98/73 76/88/73
f 76/88/74 88/98/74 89/99/74 77/89/74
f 77/89/75 89/99/75 90/3/75 78/90/75
f 78/90/76 90/3/76 91/100/76 79/91/76
f 79/91/77 91/100/77 92/101/77 80/92/77
f 80/92/78 92/101/78 81/5/78 69/80/78
f 81/5/79 93/102/79 94/103/79 82/93/79
f 82/93/80 94/103/80 95/104/80 83/94/80
f 83/94/81 95/104/81 96/105/81 84/7/81
f 84/7/82 96/105/82 97/106/82 85/95/82
f 85/95/83 97/106/83 98/107/83 86/96/83
f 86/96/84 98/107/84 99/108/84 87/9/84
f 87/97/85 99/109/85 100/110/85 88/98/85
f 88/98/86 100/110/86 101/111/86 89/99/86
f 89/99/87 101/111/87 102/112/87 90/3/87
f 90/3/88 102/112/88 103/113/88 91/100/88
f 91/100/89 103/113/89 104/114/89 92/101/89
f 92/101/90 104/114/90 93/102/90 81/5/90
f 93/102/91 105/115/91 106/116/91 94/103/91
f 94/103/92 106/116/92 107/117/92 95/104/92
f 95/104/93 107/117/93 108/118/93 96/105/93
f 96/105/94 108/118/94 109/119/94 97/106/94
f 97/106/95 109/119/95 110/120/95 98/107/95
f 98/107/96 110/120/96 111/121/96 99/108/96
f 99/109/97 111/122/97 112/123/97 100/110/97
f 100/110/98 112/123/98 113/124/98 101/111/98
f 101/111/99 113/124/99 114/125/99 102/112/99
f 102/112/100 114/125/100 115/126/100 103/113/100
f 103/113/101 115/126/101 116/127/101 104/114/101
f 104/114/102 116/127/102 105/115/102 93/102/102
f 105/115/103 117/128/103 118/129/103 106/116/103
f 106/116/104 118/129/104 119/130/104 107/117/104
f 107/117/105 119/130/105 120/131/105 108/118/105
f 108/118/106 120/131/106 121/132/106 109/119/106
f 109/119/107 121/132/107 122/133/107 110/120/107
f 110/120/108 122/133/108 123/134/108 111/121/108
f 111/122/109 123/135/109 124/136/109 112/123/109
f 112/123/110 124/136/110 125/137/110 113/124/110
f 113/124/111 125/137/111 126/138/111 114/125/111
f 114/125/112 126/138/112 127/139/112 115/126/112
f 115/126/113 127/139/113 128/140/113 116/127/113
f 116/127/114 128/140/114 117/128/114 105/115/114
f 117/128/115 129/141/115 130/142/115 118/129/115
f 118/129/116 130/142/116 131/143/116 119/130/116
f 119/130/117 131/143/117 132/144/117 120/131/117
f 120/131/118 132/144/118 133/145/118 121/132/118
f 121/132/119 133/145/119 134/146/119 122/133/119
f 122/133/120 134/146/120 135/147/120 123/134/120
f 123/135/121 135/148/121 136/149/121 124/136/121
f 124/136/122 136/149/122 137/150/122 125/137/122
f 125/137/123 137/150/123 138/151/123 126/138/123
f 126/138/124 138/151/124 139/152/124 127/139/124
f 127/139/125 139/152/125 140/153/125 128/140/125
f 128/140/126 140/153/126 129/141/126 117/128/126
f 129/141/127 141/154/127 142/155/127 130/142/127
f 130/142/128 142/155/128 143/156/128 131/143/128
f 131/143/129 143/156/129 144/157/129 132/144/129
f 132/144/130 144/157/130 145/158/130 133/145/130
f 133/145/131 145/158/131 146/159/131 134/146/131
f 134/146/132 146/159/132 147/160/132 135/147/132
f 135/148/133 147/161/133 148/162/133 136/149/133
f 136/149/134 148/162/134 149/163/134 137/150/134
f 137/150/135 149/163/135 150/164/135 138/151/135
f 138/151/136 150/164/136 151/165/136 139/152/136
f 139/152/137 151/165/137 152/166/137 140/153/137
f 140/153/138 152/166/138 141/154/138 129/141/138
f 141/154/139 153/167/139 154/168/139 142/155/139
f 142/155/140 154/168/140 155/169/140 143/156/140
f 143/156/141 155/169/141 156/170/141 144/157/141
f 144/157/142 156/170/142 157/171/142 145/158/142
f 145/158/143 157/171/143 158/172/143 146/159/143
f 146/159/144 158/172/144 159/173/144 147/160/144
f 147/161/145 159/174/145 160/175/145 148/162/145
f 148/162/146 160/175/146 161/176/146 149/163/146
f 149/163/147 161/176/147 162/177/147 150/164/147
f 150/164/148 162/177/148 163/178/148 151/165/148
f 151/165/149 163/178/149 164/179/149 152/166/149
f 152/166/150 164/179/150 153/167/150 141/154/150
f 153/167/151 165/180/151 166/181/151 154/168/151
f 154/168/152 166/181/152 167/182/152 155/169/152
f 155/169/153 167/182/153 168/183/153 156/170/153
f 156/170/154 168/183/154 169/184/154 157/171/154
f 157/171/155 169/184/155 170/185/155 158/172/155
f 158/172/156 170/185/156 171/186/156 159/173/156
f 159/174/157 171/187/157 172/188/157 160/175/157
f 160/175/158 172/188/158 173/189/158 161/176/158
f 161/176/159 173/189/159 174/190/159 162/177/159
f 162/177/160 174/190/160 175/191/160 163/178/160
f 163/178/161 175/191/161 176/192/161 164/179/161
f 164/179/162 176/192/162 165/180/162 153/167/162
f 165/180/163 177/193/163 178/194/163 166/181/163
f 166/181/164 178/194/164 179/195/164 167/182/164
f 167/182/165 179/195/165 180/196/165 168/183/165
f 168/183/166 180/196/166 181/197/166 169/184/166
f 169/184/167 181/197/167 182/198/167 170/185/167
f 170/185/168 182/198/168 183/199/168 171/186/168
f 171/187/169 183/200/169 184/201/169 172/188/169
f 172/188/170 184/201/170 185/202/170 173/189/170
f 173/189/171 185/202/171 186/203/171 174/190/171
f 174/190/172 186/203/172 187/204/172 175/191/172
f 175/191/173 187/204/173 188/205/173 176/192/173
f 176/192/174 188/205/174 177/193/174 165/180/174
f 177/193/175 189/206/175 190/207/175 178/194/175
f 178/194/176 190/207/176 191/208/176 179/195/176
f 179/195/177 191/208/177 192/209/177 180/196/177
f 180/196/178 192/209/178 193/210/178 181/197/178
f 181/197/179 193/210/179 194/211/179 182/198/179
f 182/198/180 194/211/180 195/212/180 183/199/180
f 183/200/181 195/213/181 196/214/181 184/201/181
f 184/201/182 196/214/182 197/215/182 185/202/182
f 185/202/183 197/215/183 198/216/183 186/203/183
f 186/203/184 198/216/184 199/217/184 187/204/184
f 187/204/185 199/217/185 200/218/185 188/205/185
f 188/205/186 200/218/186 189/206/186 177/193/186
f 189/206/187 201/219/187 202/220/187 190/207/187
f 190/207/188 202/220/188 203/221/188 191/208/188
f 191/208/189 203/221/189 204/222/189 192/209/189
f 192/209/190 204/222/190 205/223/190 193/210/190
f 193/210/191 205/223/191 206/224/191 194/211/191
f 194/211/192 206/224/192 207/225/192 195/212/192
f 195/213/193 207/226/193 208/227/193 196/214/193
f 196/214/194 208/227/194 209/228/194 197/215/194
f 197/215/195 209/228/195 210/229/195 198/216/195
f 198/216/196 210/229/196 211/230/196 199/217/196
f 199/217/197 211/230/197 212/231/197 200/218/197
f 200/218/198 212/231/198 201/219/198 189/206/198
f 201/219/199 213/232/199 214/233/199 202/220/199
f 202/220/200 214/233/200 215/234/200 203/221/200
f 203/221/201 215/234/201 216/235/201 204/222/201
f 204/222/202 216/235/202 217/236/202 205/223/202
f 205/223/203 217/236/203 218/237/203 206/224/203
f 206/224/204 218/237/204 219/238/204 207/225/204
f 207/226/205 219/239/205 220/240/205 208/227/205
f 208/227/206 220/240/206 221/241/206 209/228/206
f 209/228/207 221/241/207 222/242/207 210/229/207
f 210/229/208 222/242/208 223/243/208 211/230/208
f 211/230/209 223/243/209 224/244/209 212/231/209
f 212/231/210 224/244/210 213/232/210 201/219/210
f 213/232/211 225/13/211 226/245/211 214/233/211
f 214/233/212 226/245/212 227/246/212 215/234/212
f 215/234/213 227/246/213 228/14/213 216/235/213
f 216/235/214 228/14/214 229/247/214 217/236/214
f 217/236/215 229/247/215 230/248/215 218/237/215
f 218/237/216 230/248/216 231/249/216 219/238/216
f 219/239/217 231/250/217 232/251/217 220/240/217
f 220/240/218 232/251/218 233/252/218 221/241/218
f 221/241/219 233/252/219 234/253/219 222/242/219
f 222/242/220 234/253/220 235/254/220 223/243/220
f 223/243/221 235/254/221 236/255/221 224/244/221
f 224/244/222 236/255/222 225/13/222 213/232/222
f 225/13/223 237/256/223 238/257/223 226/245/223
f 226/245/224 238/257/224 239/258/224 227/246/224
f 227/246/225 239/258/225 240/259/225 228/14/225
f 228/14/226 240/259/226 241/260/226 229/247/226
f 229/247/227 241/260/227 242/261/227 230/248/227
f 230/248/228 242/261/228 243/262/228 231/249/228
f 231/250/229 243/263/229 244/264/229 232/251/229
f 232/251/230 244/264/230 245/265/230 233/252/230
f 233/252/231 245/265/231 246/266/231 234/253/231
f 234/253/232 246/266/232 247/267/232 235/254/232
f 235/254/233 247/267/233 248/268/233 236/255/233
f 236/255/234 248/268/234 237/256/234 225/13/234
f 237/256/235 249/269/235 250/270/235 238/257/235
f 238/257/236 250/270/236 251/271/236 239/258/236
f 239/258/237 251/271/237 252/272/237 240/259/237
f 240/259/238 252/272/238 253/273/238 241/260/238
f 241/260/239 253/273/239 254/274/239 242/261/239
f 242/261/240 254/274/240 255/275/240 243/262/240
f 243/263/241 255/276/241 256/277/241 244/264/241
f 244/264/242 256/277/242 257/278/242 245/265/242
f 245/265/243 257/278/243 258/279/243 246/266/243
f 246/266/244 258/279/244 259/280/244 247/267/244
f 247/267/245 259/280/245 260/281/245 248/268/245
f 248/268/246 260/281/246 249/269/246 237/256/246
f 249/269/247 261/282/247 262/283/247 250/270/247
f 250/270/248 262/283/248 263/284/248 251/271/248
f 251/271/249 263/284/249 264/285/249 252/272/249
f 252/272/250 264/285/250 265/286/250 253/273/250
f 253/273/251 265/286/251 266/287/251 254/274/251
f 254/274/252 266/287/252 267/288/252 255/275/252
f 255/276/253 267/289/253 268/290/253 256/277/253
f 256/277/254 268/290/254 269/291/254 257/278/254
f 257/278/255 269/291/255 270/292/255 258/279/255
f 258/279/256 270/292/256 271/293/256 259/280/256
f 259/280/257 271/293/257 272/294/257 260/281/257
f 260/281/258 272/294/258 261/282/258 249/269/258
f 261/282/259 273/295/259 274/296/259 262/283/259
f 262/283/260 274/296/260 275/297/260 263/284/260
f 263/284/261 275/297/261 276/298/261 264/285/261
f 264/285/262 276/298/262 277/299/262 265/286/262
f 265/286/263 277/299/263 278/300/263 266/287/263
f 266/287/264 278/300/264 279/301/264 267/288/264
f 267/289/265 279/302/265 280/303/265 268/290/265
f 268/290/266 280/303/266 281/304/266 269/291/266
f 269/291/267 281/304/267 282/305/267 270/292/267
f 270/292/268 282/305/268 283/306/268 271/293/268
f 271/293/269 283/306/269 284/307/269 272/294/269
f 272/294/270 284/307/270 273/295/270 261/282/270
f 273/295/271 285/308/271 286/309/271 274/296/271
f 274/296/272 286/309/272 287/310/272 275/297/272
f 275/297/273 287/310/273 288/311/273 276/298/273
f 276/298/274 288/311/274 289/312/274 277/299/274
f 277/299/275 289/312/275 290/313/275 278/300/275
f 278/300/276 290/313/276 291/314/276 279/301/276
f 279/302/277 291/315/277 292/316/277 280/303/277
f 280/303/278 292/316/278 293/317/278 281/304/278
f 281/304/279 293/317/279 294/318/279 282/305/279
f 282/305/280 294/318/280 295/319/280 283/306/280
f 283/306/281 295/319/281 296/320/281 284/307/281
f 284/307/282 296/320/282 285/308/282 273/295/282
f 285/308/283 297/321/283 298/322/283 286/309/283
f 286/309/284 298/322/284 299/323/284 287/310/284
f 287/310/285 299/323/285 300/324/285 288/311/285
f 288/311/286 300/324/286 301/325/286 289/312/286
f 289/312/287 301/325/287 302/326/287 290/313/287
f 290/313/288 302/326/288 303/327/288 291/314/288
f 291/315/289 303/328/289 304/329/289 292/316/289
f 292/316/290 304/329/290 305/330/290 293/317/290
f 293/317/291 305/330/291 306/331/291 294/318/291
f 294/318/292 306/331/292 307/332/292 295/319/292
f 295/319/293 307/332/293 308/333/293 296/320/293
f 296/320/294 308/333/294 297/321/294 285/308/294
f 297/334/12 309/335/12 310/336/12 298/337/12
f 298/337/295 310/336/295 311/338/295 299/339/295
f 299/339/10 311/338/10 312/340/10 300/341/10
f 300/341/9 312/340/9 313/342/9 301/343/9
f 301/343/296 313/342/296 314/344/296 302/345/296
f 302/345/7 314/344/7 315/346/7 303/347/7
f 303/348/18 315/349/18 316/350/18 304/351/18
f 304/351/297 316/350/297 317/352/297 305/353/297
f 305/353/16 317/352/16 318/354/16 306/355/16
f 306/355/15 318/354/15 319/356/15 307/357/15
f 307/357/298 319/356/298 320/358/298 308/359/298
f 308/359/13 320/358/13 309/335/13 297/334/13
f 309/335/24 321/360/24 322/361/24 310/336/24
f 310/336/23 322/361/23 323/362/23 311/338/23
f 311/338/22 323/362/22 324/363/22 312/340/22
f 312/340/21 324/363/21 325/364/21 313/342/21
f 313/342/20 325/364/20 326/365/20 314/344/20
f 314/344/19 326/365/19 327/366/19 315/346/19
f 315/349/30 327/367/30 328/368/30 316/350/30
f 316/350/29 328/368/29 329/369/29 317/352/29
f 317/352/28 329/369/28 330/370/28 318/354/28
f 318/354/27 330/370/27 331/371/27 319/356/27
f 319/356/26 331/371/26 332/372/26 320/358/26
f 320/358/25 332/372/25 321/360/25 309/335/25
f 321/360/36 333/373/36 334/374/36 322/361/36
f 322/361/35 334/374/35 335/375/35 323/362/35
f 323/362/34 335/375/34 336/376/34 324/363/34
f 324/363/33 336/376/33 337/377/33 325/364/33
f 325/364/32 337/377/32 338/378/32 326/365/32
f 326/365/31 338/378/31 339/379/31 327/366/31
f 327/367/42 339/380/42 340/381/42 328/368/42
f 328/368/41 340/381/41 341/382/41 329/369/41
f 329/369/40 341/382/40 342/383/40 330/370/40
f 330/370/39 342/383/39 343/384/39 331/371/39
f 331/371/38 343/384/38 344/385/38 332/372/38
f 332/372/37 344/385/37 333/373/37 321/360/37
f 333/373/48 345/386/48 346/387/48 334/374/48
f 334/374/47 346/387/47 347/388/47 335/375/47
f 335/375/46 347/388/46 348/389/46 336/376/46
f 336/376/45 348/389/45 349/390/45 337/377/45
f 337/377/44 349/390/44 350/391/44 338/378/44
f 338/378/43 350/391/43 351/392/43 339/379/43
f 339/380/54 351/393/54 352/394/54 340/381/54
f 340/381/53 352/394/53 353/395/53 341/382/53
f 341/382/52 353/395/52 354/396/52 342/383/52
f 342/383/51 354/396/51 355/397/51 343/384/51
f 343/384/50 355/397/50 356/398/50 344/385/50
f 344/385/49 356/398/49 345/386/49 333/373/49
f 345/386/60 357/399/60 358/400/60 346/387/60
f 346/387/59 358/400/59 359/401/59 347/388/59
f 347/388/58 359/401/58 360/402/58 348/389/58
f 348/389/57 360/402/57 361/403/57 349/390/57
f 349/390/56 361/403/56 362/404/56 350/391/56
f 350/391/55 362/404/55 363/405/55 351/392/55
f 351/393/66 363/406/66 364/407/66 352/394/66
f 352/394/65 364/407/65 365/408/65 353/395/65
f 353/395/64 365/408/64 366/409/64 354/396/64
f 354/396/63 366/409/63 367/410/63 355/397/63
f 355/397/62 367/410/62 368/411/62 356/398/62
f 356/398/61 368/411/61 357/399/61 345/386/61
f 357/399/72 369/11/72 370/412/72 358/400/72
f 358/400/71 370/412/71 371/413/71 359/401/71
f 359/401/70 371/413/70 372/12/70 360/402/70
f 360/402/69 372/12/69 373/414/69 361/403/69
f 361/403/68 373/414/68 374/415/68 362/404/68
f 362/404/67 374/415/67 375/416/67 363/405/67
f 363/406/78 375/417/78 376/418/78 364/407/78
f 364/407/77 376/418/77 377/419/77 365/408/77
f 365/408/76 377/419/76 378/420/76 366/409/76
f 366/409/75 378/420/75 379/421/75 367/410/75
f 367/410/74 379/421/74 380/422/74 368/411/74
f 368/411/73 380/422/73 369/11/73 357/399/73
f 369/11/84 381/423/84 382/424/84 370/412/84
f 370/412/83 382/424/83 383/425/83 371/413/83
f 371/413/82 383/425/82 384/426/82 372/12/82
f 372/12/81 384/426/81 385/427/81 373/414/81
f 373/414/80 385/427/80 386/428/80 374/415/80
f 374/415/79 386/428/79 387/429/79 375/416/79
f 375/417/90 387/430/90 388/431/90 376/418/90
f 376/418/89 388/431/89 389/432/89 377/419/89
f 377/419/88 389/432/88 390/433/88 378/420/88
f 378/420/87 390/433/87 391/434/87 379/421/87
f 379/421/86 391/434/86 392/435/86 380/422/86
f 380/422/85 392/435/85 381/423/85 369/11/85
f 381/423/96 393/436/96 394/437/96 382/424/96
f 382/424/95 394/437/95 395/438/95 383/425/95
f 383/425/94 395/438/94 396/439/94 384/426/94
f 384/426/93 396/439/93 397/440/93 385/427/93
f 385/427/92 397/440/92 398/441/92 386/428/92
f 386/428/91 398/441/91 399/442/91 387/429/91
f 387/430/102 399/443/102 400/444/102 388/431/102
f 388/431/101 400/444/101 401/445/101 389/432/101
f 389/432/100 401/445/100 402/446/100 390/433/100
f 390/433/99 402/446/99 403/447/99 391/434/99
f 391/434/98 403/447/98 404/448/98 392/435/98
f 392/435/97 404/448/97 393/436/97 381/423/97
f 393/436/108 405/449/108 406/450/108 394/437/108
f 394/437/107 406/450/107 407/451/107 395/438/107
f 395/438/106 407/451/106 408/452/106 396/439/106
f 396/439/105 408/452/105 409/453/105 397/440/105
f 397/440/104 409/453/104 410/454/104 398/441/104
f 398/441/103 410/454/103 411/455/103 399/442/103
f 399/443/114 411/456/114 412/457/114 400/444/114
f 400/444/113 412/457/113 413/458/113 401/445/113
f 401/445/112 413/458/112 414/459/112 402/446/112
f 402/446/111 414/459/111 415/460/111 403/447/111
f 403/447/110 415/460/110 416/461/110 404/448/110
f 404/448/109 416/461/109 405/449/109 393/436/109
f 405/449/120 417/462/120 418/463/120 406/450/120
f 406/450/119 418/463/119 419/464/119 407/451/119
f 407/451/118 419/464/118 420/465/118 408/452/118
f 408/452/117 420/465/117 421/466/117 409/453/117
f 409/453/116 421/466/116 422/467/116 410/454/116
f 410/454/115 422/467/115 423/468/115 411/455/115
f 411/456/126 423/469/126 424/470/126 412/457/126
f 412/457/125 424/470/125 425/471/125 413/458/125
f 413/458/124 425/471/124 426/472/124 414/459/124
f 414/459/123 426/472/123 427/473/123 415/460/123
f 415/460/122 427/473/122 428/474/122 416/461/122
f 416/461/121 428/474/121 417/462/121 405/449/121
f 417/462/132 429/475/132 430/476/132 418/463/132
f 418/463/131 430/476/131 431/477/131 419/464/131
f 419/464/130 431/477/130 432/478/130 420/465/130
f 420/465/129 432/478/129 433/479/129 421/466/129
f 421/466/128 433/479/128 434/480/128 422/467/128
f 422/467/127 434/480/127 435/481/127 423/468/127
f 423/469/138 435/482/138 436/483/138 424/470/138
f 424/470/137 436/483/137 437/484/137 425/471/137
f 425/471/136 437/484/136 438/485/136 426/472/136
f 426/472/135 438/485/135 439/486/135 427/473/135
f 427/473/134 439/486/134 440/487/134 428/474/134
f 428/474/133 440/487/133 429/475/133 417/462/133
f 429/475/144 441/488/144 442/489/144 430/476/144
f 430/476/143 442/489/143 443/490/143 431/477/143
f 431/477/142 443/490/142 444/491/142 432/478/142
f 432/478/141 444/491/141 445/492/141 433/479/141
f 433/479/299 445/492/299 446/493/299 434/480/299
f 434/480/139 446/493/139 447/494/139 435/481/139
f 435/482/150 447/495/150 448/496/150 436/483/150
f 436/483/300 448/496/300 449/497/300 437/484/300
f 437/484/148 449/497/148 450/498/148 438/485/148
f 438/485/147 450/498/147 451/499/147 439/486/147
f 439/486/146 451/499/146 452/500/146 440/487/146
f 440/487/145 452/500/145 441/488/145 429/475/145
f 441/488/156 453/501/156 454/502/156 442/489/156
f 442/489/301 454/502/301 455/503/301 443/490/301
f 443/490/154 455/503/154 456/504/154 444/491/154
f 444/491/153 456/504/153 457/505/153 445/492/153
f 445/492/152 457/505/152 458/506/152 446/493/152
f 446/493/151 458/506/151 459/507/151 447/494/151
f 447/495/162 459/508/162 460/509/162 448/496/162
f 448/496/161 460/509/161 461/510/161 449/497/161
f 449/497/160 461/510/160 462/511/160 450/498/160
f 450/498/159 462/511/159 463/512/159 451/499/159
f 451/499/302 463/512/302 464/513/302 452/500/302
f 452/500/157 464/513/157 453/501/157 441/488/157
f 453/501/168 465/514/168 466/515/168 454/502/168
f 454/502/167 466/515/167 467/516/167 455/503/167
f 455/503/166 467/516/166 468/517/166 456/504/166
f 456/504/165 468/517/165 469/518/165 457/505/165
f 457/505/164 469/518/164 470/519/164 458/506/164
f 458/506/163 470/519/163 471/520/163 459/507/163
f 459/508/174 471/521/174 472/522/174 460/509/174
f 460/509/173 472/522/173 473/523/173 461/510/173
f 461/510/172 473/523/172 474/524/172 462/511/172
f 462/511/171 474/524/171 475/525/171 463/512/171
f 463/512/170 475/525/170 476/526/170 464/513/170
f 464/513/169 476/526/169 465/514/169 453/501/169
f 465/514/180 477/527/180 478/528/180 466/515/180
f 466/515/179 478/528/179 479/529/179 467/516/179
f 467/516/178 479/529/178 480/530/178 468/517/178
f 468/517/177 480/530/177 481/531/177 469/518/177
f 469/518/176 481/531/176 482/532/176 470/519/176
f 470/519/175 482/532/175 483/533/175 471/520/175
f 471/521/186 483/534/186 484/535/186 472/522/186
f 472/522/185 484/535/185 485/536/185 473/523/185
f 473/523/184 485/536/184 486/537/184 474/524/184
f 474/524/183 486/537/183 487/538/183 475/525/183
f 475/525/182 487/538/182 488/539/182 476/526/182
f 476/526/181 488/539/181 477/527/181 465/514/181
f 477/527/192 489/540/192 490/541/192 478/528/192
f 478/528/191 490/541/191 491/542/191 479/529/191
f 479/529/190 491/542/190 492/543/190 480/530/190
f 480/530/189 492/543/189 493/544/189 481/531/189
f 481/531/188 493/544/188 494/545/188 482/532/188
f 482/532/187 494/545/187 495/546/187 483/533/187
f 483/534/198 495/547/198 496/548/198 484/535/198
f 484/535/197 496/548/197 497/549/197 485/536/197
f 485/536/196 497/549/196 498/550/196 486/537/196
f 486/537/195 498/550/195 499/551/195 487/538/195
f 487/538/194 499/551/194 500/552/194 488/539/194
f 488/539/193 500/552/193 489/540/193 477/527/193
f 489/540/204 501/553/204 502/554/204 490/541/204
f 490/541/203 502/554/203 503/555/203 491/542/203
f 491/542/202 503/555/202 504/556/202 492/543/202
f 492/543/201 504/556/201 505/557/201 493/544/201
f 493/544/200 505/557/200 506/558/200 494/545/200
f 494/545/199 506/558/199 507/559/199 495/546/199
f 495/547/210 507/560/210 508/561/210 496/548/210
f 496/548/209 508/561/209 509/562/209 497/549/209
f 497/549/208 509/562/208 510/563/208 498/550/208
f 498/550/207 510/563/207 511/564/207 499/551/207
f 499/551/206 511/564/206 512/565/206 500/552/206
f 500/552/205 512/565/205 501/553/205 489/540/205
f 501/553/216 513/6/216 514/566/216 502/554/216
f 502/554/215 514/566/215 515/567/215 503/555/215
f 503/555/214 515/567/214 516/8/214 504/556/214
f 504/556/213 516/8/213 517/568/213 505/557/213
f 505/557/212 517/568/212 518/569/212 506/558/212
f 506/558/211 518/569/211 519/10/211 507/559/211
f 507/560/222 519/570/222 520/571/222 508/561/222
f 508/561/221 520/571/221 521/572/221 509/562/221
f 509/562/220 521/572/220 522/4/220 510/563/220
f 510/563/219 522/4/219 523/573/219 511/564/219
f 511/564/218 523/573/218 524/574/218 512/565/218
f 512/565/217 524/574/217 513/6/217 501/553/217
f 513/6/228 525/575/228 526/576/228 514/566/228
f 514/566/227 526/576/227 527/577/227 515/567/227
f 515/567/226 527/577/226 528/578/226 516/8/226
f 516/8/225 528/578/225 529/579/225 517/568/225
f 517/568/224 529/579/224 530/580/224 518/569/224
f 518/569/223 530/580/223 531/581/223 519/10/223
f 519/570/234 531/582/234 532/583/234 520/571/234
f 520/571/233 532/583/233 533/584/233 521/572/233
f 521/572/232 533/584/232 534/585/232 522/4/232
f 522/4/231 534/585/231 535/586/231 523/573/231
f 523/573/230 535/586/230 536/587/230 524/574/230
f 524/574/229 536/587/229 525/575/229 513/6/229
f 525/575/240 537/588/240 538/589/240 526/576/240
f 526/576/239 538/589/239 539/590/239 527/577/239
f 527/577/238 539/590/238 540/591/238 528/578/238
f 528/578/237 540/591/237 541/592/237 529/579/237
f 529/579/236 541/592/236 542/593/236 530/580/236
f 530/580/235 542/593/235 543/594/235 531/581/235
f 531/582/246 543/595/246 544/596/246 532/583/246
f 532/583/245 544/596/245 545/597/245 533/584/245
f 533/584/244 545/597/244 546/598/244 534/585/244
f 534/585/243 546/598/243 547/599/243 535/586/243
f 535/586/242 547/599/242 548/600/242 536/587/242
f 536/587/241 548/600/241 537/588/241 525/575/241
f 537/588/252 549/601/252 550/602/252 538/589/252
f 538/589/251 550/602/251 551/603/251 539/590/251
f 539/590/250 551/603/250 552/604/250 540/591/250
f 540/591/249 552/604/249 553/605/249 541/592/249
f 541/592/248 553/605/248 554/606/248 542/593/248
f 542/593/247 554/606/247 555/607/247 543/594/247
f 543/595/258 555/608/258 556/609/258 544/596/258
f 544/596/257 556/609/257 557/610/257 545/597/257
f 545/597/256 557/610/256 558/611/256 546/598/256
f 546/598/255 558/611/255 559/612/255 547/599/255
f 547/599/254 559/612/254 560/613/254 548/600/254
f 548/600/253 560/613/253 549/601/253 537/588/253
f 549/601/264 561/614/264 562/615/264 550/602/264
f 550/602/263 562/615/263 563/616/263 551/603/263
f 551/603/262 563/616/262 564/617/262 552/604/262
f 552/604/261 564/617/261 565/618/261 553/605/261
f 553/605/260 565/618/260 566/619/260 554/606/260
f 554/606/259 566/619/259 567/620/259 555/607/259
f 555/608/270 567/621/270 568/622/270 556/609/270
f 556/609/269 568/622/269 569/623/269 557/610/269
f 557/610/268 569/623/268 570/624/268 558/611/268
f 558/611/267 570/624/267 571/625/267 559/612/267
f 559/612/266 571/625/266 572/626/266 560/613/266
f 560/613/265 572/626/265 561/614/265 549/601/265
f 561/614/276 573/627/276 574/628/276 562/615/276
f 562/615/275 574/628/275 575/629/275 563/616/275
f 563/616/274 575/629/274 576/630/274 564/617/274
f 564/617/273 576/630/273 577/631/273 565/618/273
f 565/618/272 577/631/272 578/632/272 566/619/272
f 566/619/271 578/632/271 579/633/271 567/620/271
f 567/621/282 579/634/282 580/635/282 568/622/282
f 568/622/281 580/635/281 581/636/281 569/623/281
f 569/623/303 581/636/303 582/637/303 570/624/303
f 570/624/279 582/637/279 583/638/279 571/625/279
f 571/625/278 583/638/278 584/639/278 572/626/278
f 572/626/277 584/639/277 573/627/277 561/614/277
f 573/627/288 9/15/288 10/18/288 574/628/288
f 574/628/287 10/18/287 11/20/287 575/629/287
f 575/629/286 11/20/286 12/22/286 576/630/286
f 576/630/285 12/22/285 13/24/285 577/631/285
f 577/631/304 13/24/304 14/26/304 578/632/304
f 578/632/283 14/26/283 15/28/283 579/633/283
f 579/634/294 15/29/294 16/32/294 580/635/294
f 580/635/305 16/32/305 17/34/305 581/636/305
f 581/636/292 17/34/292 18/36/292 582/637/292
f 582/637/291 18/36/291 19/38/291 583/638/291
f 583/638/306 19/38/306 20/40/306 584/639/306
f 584/639/289 20/40/289 9/15/289 573/627/289
f 585/15/7 597/16/7 598/17/7 586/18/7
f 586/18/296 598/17/296 599/19/296 587/20/296
f 587/20/9 599/19/9 600/21/9 588/22/9
f 588/22/10 600/21/10 601/23/10 589/24/10
f 589/24/295 601/23/295 602/25/295 590/26/295
f 590/26/12 602/25/12 603/27/12 591/28/12
f 591/29/13 603/30/13 604/31/13 592/32/13
f 592/32/298 604/31/298 605/33/298 593/34/298
f 593/34/15 605/33/15 606/35/15 594/36/15
f 594/36/16 606/35/16 607/37/16 595/38/16
f 595/38/297 607/37/297 608/39/297 596/40/297
f 596/40/18 608/39/18 597/16/18 585/15/18
f 597/16/19 609/41/19 610/42/19 598/17/19
f 598/17/20 610/42/20 611/43/20 599/19/20
f 599/19/21 611/43/21 612/44/21 600/21/21
f 600/21/22 612/44/22 613/45/22 601/23/22
f 601/23/23 613/45/23 614/46/23 602/25/23
f 602/25/24 614/46/24 615/47/24 603/27/24
f 603/30/25 615/48/25 616/49/25 604/31/25
f 604/31/26 616/49/26 617/50/26 605/33/26
f 605/33/27 617/50/27 618/51/27 606/35/27
f 606/35/28 618/51/28 619/52/28 607/37/28
f 607/37/29 619/52/29 620/53/29 608/39/29
f 608/39/30 620/53/30 609/41/30 597/16/30
f 609/41/31 621/54/31 622/55/31 610/42/31
f 610/42/32 622/55/32 623/56/32 611/43/32
f 611/43/33 623/56/33 624/57/33 612/44/33
f 612/44/34 624/57/34 625/58/34 613/45/34
f 613/45/35 625/58/35 626/59/35 614/46/35
f 614/46/36 626/59/36 627/60/36 615/47/36
f 615/48/37 627/61/37 628/62/37 616/49/37
f 616/49/38 628/62/38 629/63/38 617/50/38
f 617/50/39 629/63/39 630/64/39 618/51/39
f 618/51/40 630/64/40 631/65/40 619/52/40
f 619/52/41 631/65/41 632/66/41 620/53/41
f 620/53/42 632/66/42 621/54/42 609/41/42
f 621/54/43 633/67/43 634/68/43 622/55/43
f 622/55/44 634/68/44 635/69/44 623/56/44
f 623/56/45 635/69/45 636/70/45 624/57/45
f 624/57/46 636/70/46 637/71/46 625/58/46
f 625/58/47 637/71/47 638/72/47 626/59/47
f 626/59/48 638/72/48 639/73/48 627/60/48
f 627/61/49 639/74/49 640/75/49 628/62/49
f 628/62/50 640/75/50 641/76/50 629/63/50
f 629/63/51 641/76/51 642/77/51 630/64/51
f 630/64/52 642/77/52 643/78/52 631/65/52
f 631/65/53 643/78/53 644/79/53 632/66/53
f 632/66/54 644/79/54 633/67/54 621/54/54
f 633/67/55 645/80/55 646/81/55 634/68/55
f 634/68/56 646/81/56 647/82/56 635/69/56
f 635/69/57 647/82/57 648/83/57 636/70/57
f 636/70/58 648/83/58 649/84/58 637/71/58
f 637/71/59 649/84/59 650/85/59 638/72/59
f 638/72/60 650/85/60 651/86/60 639/73/60
f 639/74/61 651/87/61 652/88/61 640/75/61
f 640/75/62 652/88/62 653/89/62 641/76/62
f 641/76/63 653/89/63 654/90/63 642/77/63
f 642/77/64 654/90/64 655/91/64 643/78/64
f 643/78/65 655/91/65 656/92/65 644/79/65
f 644/79/66 656/92/66 645/80/66 633/67/66
f 645/80/67 657/5/67 658/93/67 646/81/67
f 646/81/68 658/93/68 659/94/68 647/82/68
f 647/82/69 659/94/69 660/7/69 648/83/69
f 648/83/70 660/7/70 661/95/70 649/84/70
f 649/84/71 661/95/71 662/96/71 650/85/71
f 650/85/72 662/96/72 663/9/72 651/86/72
f 651/87/73 663/97/73 664/98/73 652/88/73
f 652/88/74 664/98/74 665/99/74 653/89/74
f 653/89/75 665/99/75 666/3/75 654/90/75
f 654/90/76 666/3/76 667/100/76 655/91/76
f 655/91/77 667/100/77 668/101/77 656/92/77
f 656/92/78 668/101/78 657/5/78 645/80/78
f 657/5/79 669/102/79 670/103/79 658/93/79
f 658/93/80 670/103/80 671/104/80 659/94/80
f 659/94/81 671/104/81 672/105/81 660/7/81
f 660/7/82 672/105/82 673/106/82 661/95/82
f 661/95/83 673/106/83 674/107/83 662/96/83
f 662/96/84 674/107/84 675/108/84 663/9/84
f 663/97/85 675/109/85 676/110/85 664/98/85
f 664/98/86 676/110/86 677/111/86 665/99/86
f 665/99/87 677/111/87 678/112/87 666/3/87
f 666/3/88 678/112/88 679/113/88 667/100/88
f 667/100/89 679/113/89 680/114/89 668/101/89
f 668/101/90 680/114/90 669/102/90 657/5/90
f 669/102/91 681/115/91 682/116/91 670/103/91
f 670/103/92 682/116/92 683/117/92 671/104/92
f 671/104/93 683/117/93 684/118/93 672/105/93
f 672/105/94 684/118/94 685/119/94 673/106/94
f 673/106/95 685/119/95 686/120/95 674/107/95
f 674/107/96 686/120/96 687/121/96 675/108/96
f 675/109/97 687/122/97 688/123/97 676/110/97
f 676/110/98 688/123/98 689/124/98 677/111/98
f 677/111/99 689/124/99 690/125/99 678/112/99
f 678/112/100 690/125/100 691/126/100 679/113/100
f 679/113/101 691/126/101 692/127/101 680/114/101
f 680/114/102 692/127/102 681/115/102 669/102/102
f 681/115/103 693/128/103 694/129/103 682/116/103
f 682/116/104 694/129/104 695/130/104 683/117/104
f 683/117/105 695/130/105 696/131/105 684/118/105
f 684/118/106 696/131/106 697/132/106 685/119/106
f 685/119/107 697/132/107 698/133/107 686/120/107
f 686/120/108 698/133/108 699/134/108 687/121/108
f 687/122/109 699/135/109 700/136/109 688/123/109
f 688/123/110 700/136/110 701/137/110 689/124/110
f 689/124/111 701/137/111 702/138/111 690/125/111
f 690/125/112 702/138/112 703/139/112 691/126/112
f 691/126/113 703/139/113 704/140/113 692/127/113
f 692/127/114 704/140/114 693/128/114 681/115/114
f 693/128/115 705/141/115 706/142/115 694/129/115
f 694/129/116 706/142/116 707/143/116 695/130/116
f 695/130/117 707/143/117 708/144/117 696/131/117
f 696/131/118 708/144/118 709/145/118 697/132/118
f 697/132/119 709/145/119 710/146/119 698/133/119
f 698/133/120 710/146/120 711/147/120 699/134/120
f 699/135/121 711/148/121 712/149/121 700/136/121
f 700/136/122 712/149/122 713/150/122 701/137/122
f 701/137/123 713/150/123 714/151/123 702/138/123
f 702/138/124 714/151/124 715/152/124 703/139/124
f 703/139/125 715/152/125 716/153/125 704/140/125
f 704/140/126 716/153/126 705/141/126 693/128/126
f 705/141/127 717/154/127 718/155/127 706/142/127
f 706/142/128 718/155/128 719/156/128 707/143/128
f 707/143/129 719/156/129 720/157/129 708/144/129
f 708/144/130 720/157/130 721/158/130 709/145/130
f 709/145/131 721/158/131 722/159/131 710/146/131
f 710/146/132 722/159/132 723/160/132 711/147/132
f 711/148/133 723/161/133 724/162/133 712/149/133
f 712/149/134 724/162/134 725/163/134 713/150/134
f 713/150/135 725/163/135 726/164/135 714/151/135
f 714/151/136 726/164/136 727/165/136 715/152/136
f 715/152/137 727/165/137 728/166/137 716/153/137
f 716/153/138 728/166/138 717/154/138 705/141/138
f 717/154/139 729/167/139 730/168/139 718/155/139
f 718/155/299 730/168/299 731/169/299 719/156/299
f 719/156/141 731/169/141 732/170/141 720/157/141
f 720/157/142 732/170/142 733/171/142 721/158/142
f 721/158/143 733/171/143 734/172/143 722/159/143
f 722/159/144 734/172/144 735/173/144 723/160/144
f 723/161/145 735/174/145 736/175/145 724/162/145
f 724/162/146 736/175/146 737/176/146 725/163/146
f 725/163/147 737/176/147 738/177/147 726/164/147
f 726/164/148 738/177/148 739/178/148 727/165/148
f 727/165/149 739/178/149 740/179/149 728/166/149
f 728/166/150 740/179/150 729/167/150 717/154/150
f 729/167/151 741/180/151 742/181/151 730/168/151
f 730/168/152 742/181/152 743/182/152 731/169/152
f 731/169/153 743/182/153 744/183/153 732/170/153
f 732/170/154 744/183/154 745/184/154 733/171/154
f 733/171/155 745/184/155 746/185/155 734/172/155
f 734/172/156 746/185/156 747/186/156 735/173/156
f 735/174/157 747/187/157 748/188/157 736/175/157
f 736/175/158 748/188/158 749/189/158 737/176/158
f 737/176/159 749/189/159 750/190/159 738/177/159
f 738/177/160 750/190/160 751/191/160 739/178/160
f 739/178/161 751/191/161 752/192/161 740/179/161
f 740/179/162 752/192/162 741/180/162 729/167/162
f 741/180/163 753/193/163 754/194/163 742/181/163
f 742/181/164 754/194/164 755/195/164 743/182/164
f 743/182/165 755/195/165 756/196/165 744/183/165
f 744/183/166 756/196/166 757/197/166 745/184/166
f 745/184/167 757/197/167 758/198/167 746/185/167
f 746/185/168 758/198/168 759/199/168 747/186/168
f 747/187/169 759/200/169 760/201/169 748/188/169
f 748/188/170 760/201/170 761/202/170 749/189/170
f 749/189/171 761/202/171 762/203/171 750/190/171
f 750/190/172 762/203/172 763/204/172 751/191/172
f 751/191/173 763/204/173 764/205/173 752/192/173
f 752/192/174 764/205/174 753/193/174 741/180/174
f 753/193/175 765/206/175 766/207/175 754/194/175
f 754/194/176 766/207/176 767/208/176 755/195/176
f 755/195/177 767/208/177 768/209/177 756/196/177
f 756/196/178 768/209/178 769/210/178 757/197/178
f 757/197/179 769/210/179 770/211/179 758/198/179
f 758/198/180 770/211/180 771/212/180 759/199/180
f 759/200/181 771/213/181 772/214/181 760/201/181
f 760/201/182 772/214/182 773/215/182 761/202/182
f 761/202/183 773/215/183 774/216/183 762/203/183
f 762/203/184 774/216/184 775/217/184 763/204/184
f 763/204/185 775/217/185 776/218/185 764/205/185
f 764/205/186 776/218/186 765/206/186 753/193/186
f 765/206/187 777/219/187 778/220/187 766/207/187
f 766/207/188 778/220/188 779/221/188 767/208/188
f 767/208/189 779/221/189 780/222/189 768/209/189
f 768/209/190 780/222/190 781/223/190 769/210/190
f 769/210/191 781/223/191 782/224/191 770/211/191
f 770/211/192 782/224/192 783/225/192 771/212/192
f 771/213/193 783/226/193 784/227/193 772/214/193
f 772/214/194 784/227/194 785/228/194 773/215/194
f 773/215/195 785/228/195 786/229/195 774/216/195
f 774/216/196 786/229/196 787/230/196 775/217/196
f 775/217/197 787/230/197 788/231/197 776/218/197
f 776/218/198 788/231/198 777/219/198 765/206/198
f 777/219/199 789/232/199 790/233/199 778/220/199
f 778/220/200 790/233/200 791/234/200 779/221/200
f 779/221/201 791/234/201 792/235/201 780/222/201
f 780/222/202 792/235/202 793/236/202 781/223/202
f 781/223/203 793/236/203 794/237/203 782/224/203
f 782/224/204 794/237/204 795/238/204 783/225/204
f 783/226/205 795/239/205 796/240/205 784/227/205
f 784/227/206 796/240/206 797/241/206 785/228/206
f 785/228/207 797/241/207 798/242/207 786/229/207
f 786/229/208 798/242/208 799/243/208 787/230/208
f 787/230/209 799/243/209 800/244/209 788/231/209
f 788/231/210 800/244/210 789/232/210 777/219/210
f 789/232/211 801/13/211 802/245/211 790/233/211
f 790/233/212 802/245/212 803/246/212 791/234/212
f 791/234/213 803/246/213 804/14/213 792/235/213
f 792/235/214 804/14/214 805/247/214 793/236/214
f 793/236/215 805/247/215 806/248/215 794/237/215
f 794/237/216 806/248/216 807/249/216 795/238/216
f 795/239/217 807/250/217 808/251/217 796/240/217
f 796/240/218 808/251/218 809/252/218 797/241/218
f 797/241/219 809/252/219 810/253/219 798/242/219
f 798/242/220 810/253/220 811/254/220 799/243/220
f 799/243/221 811/254/221 812/255/221 800/244/221
f 800/244/222 812/255/222 801/13/222 789/232/222
f 801/13/223 813/256/223 814/257/223 802/245/223
f 802/245/224 814/257/224 815/258/224 803/246/224
f 803/246/225 815/258/225 816/259/225 804/14/225
f 804/14/226 816/259/226 817/260/226 805/247/226
f 805/247/227 817/260/227 818/261/227 806/248/227
f 806/248/228 818/261/228 819/262/228 807/249/228
f 807/250/229 819/263/229 820/264/229 808/251/229
f 808/251/230 820/264/230 821/265/230 809/252/230
f 809/252/231 821/265/231 822/266/231 810/253/231
f 810/253/232 822/266/232 823/267/232 811/254/232
f 811/254/233 823/267/233 824/268/233 812/255/233
f 812/255/234 824/268/234 813/256/234 801/13/234
f 813/256/235 825/269/235 826/270/235 814/257/235
f 814/257/236 826/270/236 827/271/236 815/258/236
f 815/258/237 827/271/237 828/272/237 816/259/237
f 816/259/238 828/272/238 829/273/238 817/260/238
f 817/260/239 829/273/239 830/274/239 818/261/239
f 818/261/240 830/274/240 831/275/240 819/262/240
f 819/263/241 831/276/241 832/277/241 820/264/241
f 820/264/242 832/277/242 833/278/242 821/265/242
f 821/265/243 833/278/243 834/279/243 822/266/243
f 822/266/244 834/279/244 835/280/244 823/267/244
f 823/267/245 835/280/245 836/281/245 824/268/245
f 824/268/246 836/281/246 825/269/246 813/256/246
f 825/269/247 837/282/247 838/283/247 826/270/247
f 826/270/248 838/283/248 839/284/248 827/271/248
f 827/271/249 839/284/249 840/285/249 828/272/249
f 828/272/250 840/285/250 841/286/250 829/273/250
f 829/273/251 841/286/251 842/287/251 830/274/251
f 830/274/252 842/287/252 843/288/252 831/275/252
f 831/276/253 843/289/253 844/290/253 832/277/253
f 832/277/254 844/290/254 845/291/254 833/278/254
f 833/278/255 845/291/255 846/292/255 834/279/255
f 834/279/256 846/292/256 847/293/256 835/280/256
f 835/280/257 847/293/257 848/294/257 836/281/257
f 836/281/258 848/294/258 837/282/258 825/269/258
f 837/282/259 849/295/259 850/296/259 838/283/259
f 838/283/260 850/296/260 851/297/260 839/284/260
f 839/284/261 851/297/261 852/298/261 840/285/261
f 840/285/262 852/298/262 853/299/262 841/286/262
f 841/286/263 853/299/263 854/300/263 842/287/263
f 842/287/264 854/300/264 855/301/264 843/288/264
f 843/289/265 855/302/265 856/303/265 844/290/265
f 844/290/266 856/303/266 857/304/266 845/291/266
f 845/291/267 857/304/267 858/305/267 846/292/267
f 846/292/268 858/305/268 859/306/268 847/293/268
f 847/293/269 859/306/269 860/307/269 848/294/269
f 848/294/270 860/307/270 849/295/270 837/282/270
f 849/295/271 861/308/271 862/309/271 850/296/271
f 850/296/272 862/309/272 863/310/272 851/297/272
f 851/297/273 863/310/273 864/311/273 852/298/273
f 852/298/274 864/311/274 865/312/274 853/299/274
f 853/299/275 865/312/275 866/313/275 854/300/275
f 854/300/276 866/313/276 867/314/276 855/301/276
f 855/302/277 867/315/277 868/316/277 856/303/277
f 856/303/278 868/316/278 869/317/278 857/304/278
f 857/304/279 869/317/279 870/318/279 858/305/279
f 858/305/280 870/318/280 871/319/280 859/306/280
f 859/306/281 871/319/281 872/320/281 860/307/281
f 860/307/282 872/320/282 861/308/282 849/295/282
f 861/308/283 873/321/283 874/322/283 862/309/283
f 862/309/284 874/322/284 875/323/284 863/310/284
f 863/310/285 875/323/285 876/324/285 864/311/285
f 864/311/286 876/324/286 877/325/286 865/312/286
f 865/312/307 877/325/307 878/326/307 866/313/307
f 866/313/288 878/326/288 879/327/288 867/314/288
f 867/315/289 879/328/289 880/329/289 868/316/289
f 868/316/308 880/329/308 881/330/308 869/317/308
f 869/317/291 881/330/291 882/331/291 870/318/291
f 870/318/292 882/331/292 883/332/292 871/319/292
f 871/319/293 883/332/293 884/333/293 872/320/293
f 872/320/294 884/333/294 873/321/294 861/308/294
f 873/334/12 885/335/12 886/336/12 874/337/12
f 874/337/11 886/336/11 887/338/11 875/339/11
f 875/339/10 887/338/10 888/340/10 876/341/10
f 876/341/9 888/340/9 889/342/9 877/343/9
f 877/343/296 889/342/296 890/344/296 878/345/296
f 878/345/7 890/344/7 891/346/7 879/347/7
f 879/348/18 891/349/18 892/350/18 880/351/18
f 880/351/297 892/350/297 893/352/297 881/353/297
f 881/353/16 893/352/16 894/354/16 882/355/16
f 882/355/15 894/354/15 895/356/15 883/357/15
f 883/357/298 895/356/298 896/358/298 884/359/298
f 884/359/13 896/358/13 885/335/13 873/334/13
f 885/335/24 897/360/24 898/361/24 886/336/24
f 886/336/23 898/361/23 899/362/23 887/338/23
f 887/338/22 899/362/22 900/363/22 888/340/22
f 888/340/21 900/363/21 901/364/21 889/342/21
f 889/342/20 901/364/20 902/365/20 890/344/20
f 890/344/19 902/365/19 903/366/19 891/346/19
f 891/349/30 903/367/30 904/368/30 892/350/30
f 892/350/29 904/368/29 905/369/29 893/352/29
f 893/352/28 905/369/28 906/370/28 894/354/28
f 894/354/27 906/370/27 907/371/27 895/356/27
f 895/356/26 907/371/26 908/372/26 896/358/26
f 896/358/25 908/372/25 897/360/25 885/335/25
f 897/360/36 909/373/36 910/374/36 898/361/36
f 898/361/35 910/374/35 911/375/35 899/362/35
f 899/362/34 911/375/34 912/376/34 900/363/34
f 900/363/33 912/376/33 913/377/33 901/364/33
f 901/364/32 913/377/32 914/378/32 902/365/32
f 902/365/31 914/378/31 915/379/31 903/366/31
f 903/367/42 915/380/42 916/381/42 904/368/42
f 904/368/41 916/381/41 917/382/41 905/369/41
f 905/369/40 917/382/40 918/383/40 906/370/40
f 906/370/39 918/383/39 919/384/39 907/371/39
f 907/371/38 919/384/38 920/385/38 908/372/38
f 908/372/37 920/385/37 909/373/37 897/360/37
f 909/373/48 921/386/48 922/387/48 910/374/48
f 910/374/47 922/387/47 923/388/47 911/375/47
f 911/375/46 923/388/46 924/389/46 912/376/46
f 912/376/45 924/389/45 925/390/45 913/377/45
f 913/377/44 925/390/44 926/391/44 914/378/44
f 914/378/43 926/391/43 927/392/43 915/379/43
f 915/380/54 927/393/54 928/394/54 916/381/54
f 916/381/53 928/394/53 929/395/53 917/382/53
f 917/382/52 929/395/52 930/396/52 918/383/52
f 918/383/51 930/396/51 931/397/51 919/384/51
f 919/384/50 931/397/50 932/398/50 920/385/50
f 920/385/49 932/398/49 921/386/49 909/373/49
f 921/386/60 933/399/60 934/400/60 922/387/60
f 922/387/59 934/400/59 935/401/59 923/388/59
f 923/388/58 935/401/58 936/402/58 924/389/58
f 924/389/57 936/402/57 937/403/57 925/390/57
f 925/390/56 937/403/56 938/404/56 926/391/56
f 926/391/55 938/404/55 939/405/55 927/392/55
f 927/393/66 939/406/66 940/407/66 928/394/66
f 928/394/65 940/407/65 941/408/65 929/395/65
f 929/395/64 941/408/64 942/409/64 930/396/64
f 930/396/63 942/409/63 943/410/63 931/397/63
f 931/397/62 943/410/62 944/411/62 932/398/62
f 932/398/61 944/411/61 933/399/61 921/386/61
f 933/399/72 945/11/72 946/412/72 934/400/72
f 934/400/71 946/412/71 947/413/71 935/401/71
f 935/401/70 947/413/70 948/12/70 936/402/70
f 936/402/69 948/12/69 949/414/69 937/403/69
f 937/403/68 949/414/68 950/415/68 938/404/68
f 938/404/67 950/415/67 951/416/67 939/405/67
f 939/406/78 951/417/78 952/418/78 940/407/78
f 940/407/77 952/418/77 953/419/77 941/408/77
f 941/408/76 953/419/76 954/420/76 942/409/76
f 942/409/75 954/420/75 955/421/75 943/410/75
f 943/410/74 955/421/74 956/422/74 944/411/74
f 944/411/73 956/422/73 945/11/73 933/399/73
f 945/11/84 957/423/84 958/424/84 946/412/84
f 946/412/83 958/424/83 959/425/83 947/413/83
f 947/413/82 959/425/82 960/426/82 948/12/82
f 948/12/81 960/426/81 961/427/81 949/414/81
f 949/414/80 961/427/80 962/428/80 950/415/80
f 950/415/79 962/428/79 963/429/79 951/416/79
f 951/417/90 963/430/90 964/431/90 952/418/90
f 952/418/89 964/431/89 965/432/89 953/419/89
f 953/419/88 965/432/88 966/433/88 954/420/88
f 954/420/87 966/433/87 967/434/87 955/421/87
f 955/421/86 967/434/86 968/435/86 956/422/86
f 956/422/85 968/435/85 957/423/85 945/11/85
f 957/423/96 969/436/96 970/437/96 958/424/96
f 958/424/95 970/437/95 971/438/95 959/425/95
f 959/425/94 971/438/94 972/439/94 960/426/94
f 960/426/93 972/439/93 973/440/93 961/427/93
f 961/427/92 973/440/92 974/441/92 962/428/92
f 962/428/91 974/441/91 975/442/91 963/429/91
f 963/430/102 975/443/102 976/444/102 964/431/102
f 964/431/101 976/444/101 977/445/101 965/432/101
f 965/432/100 977/445/100 978/446/100 966/433/100
f 966/433/99 978/446/99 979/447/99 967/434/99
f 967/434/98 979/447/98 980/448/98 968/435/98
f 968/435/97 980/448/97 969/436/97 957/423/97
f 969/436/108 981/449/108 982/450/108 970/437/108
f 970/437/107 982/450/107 983/451/107 971/438/107
f 971/438/106 983/451/106 984/452/106 972/439/106
f 972/439/105 984/452/105 985/453/105 973/440/105
f 973/440/104 985/453/104 986/454/104 974/441/104
f 974/441/103 986/454/103 987/455/103 975/442/103
f 975/443/114 987/456/114 988/457/114 976/444/114
f 976/444/113 988/457/113 989/458/113 977/445/113
f 977/445/112 989/458/112 990/459/112 978/446/112
f 978/446/111 990/459/111 991/460/111 979/447/111
f 979/447/110 991/460/110 992/461/110 980/448/110
f 980/448/109 992/461/109 981/449/109 969/436/109
f 981/449/120 993/462/120 994/463/120 982/450/120
f 982/450/119 994/463/119 995/464/119 983/451/119
f 983/451/118 995/464/118 996/465/118 984/452/118
f 984/452/117 996/465/117 997/466/117 985/453/117
f 985/453/116 997/466/116 998/467/116 986/454/116
f 986/454/115 998/467/115 999/468/115 987/455/115
f 987/456/126 999/469/126 1000/470/126 988/457/126
f 988/457/125 1000/470/125 1001/471/125 989/458/125
f 989/458/124 1001/471/124 1002/472/124 990/459/124
f 990/459/123 1002/472/123 1003/473/123 991/460/123
f 991/460/122 1003/473/122 1004/474/122 992/461/122
f 992/461/121 1004/474/121 993/462/121 981/449/121
f 993/462/132 1005/475/132 1006/476/132 994/463/132
f 994/463/131 1006/476/131 1007/477/131 995/464/131
f 995/464/130 1007/477/130 1008/478/130 996/465/130
f 996/465/129 1008/478/129 1009/479/129 997/466/129
f 997/466/128 1009/479/128 1010/480/128 998/467/128
f 998/467/127 1010/480/127 1011/481/127 999/468/127
f 999/469/138 1011/482/138 1012/483/138 1000/470/138
f 1000/470/137 1012/483/137 1013/484/137 1001/471/137
f 1001/471/136 1013/484/136 1014/485/136 1002/472/136
f 1002/472/135 1014/485/135 1015/486/135 1003/473/135
f 1003/473/134 1015/486/134 1016/487/134 1004/474/134
f 1004/474/133 1016/487/133 1005/475/133 993/462/133
f 1005/475/144 1017/488/144 1018/489/144 1006/476/144
f 1006/476/143 1018/489/143 1019/490/143 1007/477/143
f 1007/477/142 1019/490/142 1020/491/142 1008/478/142
f 1008/478/141 1020/491/141 1021/492/141 1009/479/141
f 1009/479/299 1021/492/299 1022/493/299 1010/480/299
f 1010/480/139 1022/493/139 1023/494/139 1011/481/139
f 1011/482/150 1023/495/150 1024/496/150 1012/483/150
f 1012/483/300 1024/496/300 1025/497/300 1013/484/300
f 1013/484/148 1025/497/148 1026/498/148 1014/485/148
f 1014/485/147 1026/498/147 1027/499/147 1015/486/147
f 1015/486/146 1027/499/146 1028/500/146 1016/487/146
f 1016/487/145 1028/500/145 1017/488/145 1005/475/145
f 1017/488/156 1029/501/156 1030/502/156 1018/489/156
f 1018/489/155 1030/502/155 1031/503/155 1019/490/155
f 1019/490/154 1031/503/154 1032/504/154 1020/491/154
f 1020/491/153 1032/504/153 1033/505/153 1021/492/153
f 1021/492/152 1033/505/152 1034/506/152 1022/493/152
f 1022/493/151 1034/506/151 1035/507/151 1023/494/151
f 1023/495/162 1035/508/162 1036/509/162 1024/496/162
f 1024/496/161 1036/509/161 1037/510/161 1025/497/161
f 1025/497/160 1037/510/160 1038/511/160 1026/498/160
f 1026/498/159 1038/511/159 1039/512/159 1027/499/159
f 1027/499/302 1039/512/302 1040/513/302 1028/500/302
f 1028/500/157 1040/513/157 1029/501/157 1017/488/157
f 1029/501/168 1041/514/168 1042/515/168 1030/502/168
f 1030/502/167 1042/515/167 1043/516/167 1031/503/167
f 1031/503/166 1043/516/166 1044/517/166 1032/504/166
f 1032/504/165 1044/517/165 1045/518/165 1033/505/165
f 1033/505/164 1045/518/164 1046/519/164 1034/506/164
f 1034/506/163 1046/519/163 1047/520/163 1035/507/163
f 1035/508/174 1047/521/174 1048/522/174 1036/509/174
f 1036/509/173 1048/522/173 1049/523/173 1037/510/173
f 1037/510/172 1049/523/172 1050/524/172 1038/511/172
f 1038/511/171 1050/524/171 1051/525/171 1039/512/171
f 1039/512/170 1051/525/170 1052/526/170 1040/513/170
f 1040/513/169 1052/526/169 1041/514/169 1029/501/169
f 1041/514/180 1053/527/180 1054/528/180 1042/515/180
f 1042/515/179 1054/528/179 1055/529/179 1043/516/179
f 1043/516/178 1055/529/178 1056/530/178 1044/517/178
f 1044/517/177 1056/530/177 1057/531/177 1045/518/177
f 1045/518/176 1057/531/176 1058/532/176 1046/519/176
f 1046/519/175 1058/532/175 1059/533/175 1047/520/175
f 1047/521/186 1059/534/186 1060/535/186 1048/522/186
f 1048/522/185 1060/535/185 1061/536/185 1049/523/185
f 1049/523/184 1061/536/184 1062/537/184 1050/524/184
f 1050/524/183 1062/537/183 1063/538/183 1051/525/183
f 1051/525/182 1063/538/182 1064/539/182 1052/526/182
f 1052/526/181 1064/539/181 1053/527/181 1041/514/181
f 1053/527/192 1065/540/192 1066/541/192 1054/528/192
f 1054/528/191 1066/541/191 1067/542/191 1055/529/191
f 1055/529/190 1067/542/190 1068/543/190 1056/530/190
f 1056/530/189 1068/543/189 1069/544/189 1057/531/189
f 1057/531/188 1069/544/188 1070/545/188 1058/532/188
f 1058/532/187 1070/545/187 1071/546/187 1059/533/187
f 1059/534/198 1071/547/198 1072/548/198 1060/535/198
f 1060/535/197 1072/548/197 1073/549/197 1061/536/197
f 1061/536/196 1073/549/196 1074/550/196 1062/537/196
f 1062/537/195 1074/550/195 1075/551/195 1063/538/195
f 1063/538/194 1075/551/194 1076/552/194 1064/539/194
f 1064/539/193 1076/552/193 1065/540/193 1053/527/193
f 1065/540/204 1077/553/204 1078/554/204 1066/541/204
f 1066/541/203 1078/554/203 1079/555/203 1067/542/203
f 1067/542/202 1079/555/202 1080/556/202 1068/543/202
f 1068/543/201 1080/556/201 1081/557/201 1069/544/201
f 1069/544/200 1081/557/200 1082/558/200 1070/545/200
f 1070/545/199 1082/558/199 1083/559/199 1071/546/199
f 1071/547/210 1083/560/210 1084/561/210 1072/548/210
f 1072/548/209 1084/561/209 1085/562/209 1073/549/209
f 1073/549/208 1085/562/208 1086/563/208 1074/550/208
f 1074/550/207 1086/563/207 1087/564/207 1075/551/207
f 1075/551/206 1087/564/206 1088/565/206 1076/552/206
f 1076/552/205 1088/565/205 1077/553/205 1065/540/205
f 1077/553/216 1089/6/216 1090/566/216 1078/554/216
f 1078/554/215 1090/566/215 1091/567/215 1079/555/215
f 1079/555/214 1091/567/214 1092/8/214 1080/556/214
f 1080/556/213 1092/8/213 1093/568/213 1081/557/213
f 1081/557/212 1093/568/212 1094/569/212 1082/558/212
f 1082/558/211 1094/569/211 1095/10/211 1083/559/211
f 1083/560/222 1095/570/222 1096/571/222 1084/561/222
f 1084/561/221 1096/571/221 1097/572/221 1085/562/221
f 1085/562/220 1097/572/220 1098/4/220 1086/563/220
f 1086/563/219 1098/4/219 1099/573/219 1087/564/219
f 1087/564/218 1099/573/218 1100/574/218 1088/565/218
f 1088/565/217 1100/574/217 1089/6/217 1077/553/217
f 1089/6/228 1101/575/228 1102/576/228 1090/566/228
f 1090/566/227 1102/576/227 1103/577/227 1091/567/227
f 1091/567/226 1103/577/226 1104/578/226 1092/8/226
f 1092/8/225 1104/578/225 1105/579/225 1093/568/225
f 1093/568/224 1105/579/224 1106/580/224 1094/569/224
f 1094/569/223 1106/580/223 1107/581/223 1095/10/223
f 1095/570/234 1107/582/234 1108/583/234 1096/571/234
f 1096/571/233 1108/583/233 1109/584/233 1097/572/233
f 1097/572/232 1109/584/232 1110/585/232 1098/4/232
f 1098/4/231 1110/585/231 1111/586/231 1099/573/231
f 1099/573/230 1111/586/230 1112/587/230 1100/574/230
f 1100/574/229 1112/587/229 1101/575/229 1089/6/229
f 1101/575/240 1113/588/240 1114/589/240 1102/576/240
f 1102/576/239 1114/589/239 1115/590/239 1103/577/239
f 1103/577/238 1115/590/238 1116/591/238 1104/578/238
f 1104/578/237 1116/591/237 1117/592/237 1105/579/237
f 1105/579/236 1117/592/236 1118/593/236 1106/580/236
f 1106/580/235 1118/593/235 1119/594/235 1107/581/235
f 1107/582/246 1119/595/246 1120/596/246 1108/583/246
f 1108/583/245 1120/596/245 1121/597/245 1109/584/245
f 1109/584/244 1121/597/244 1122/598/244 1110/585/244
f 1110/585/243 1122/598/243 1123/599/243 1111/586/243
f 1111/586/242 1123/599/242 1124/600/242 1112/587/242
f 1112/587/241 1124/600/241 1113/588/241 1101/575/241
f 1113/588/252 1125/601/252 1126/602/252 1114/589/252
f 1114/589/251 1126/602/251 1127/603/251 1115/590/251
f 1115/590/250 1127/603/250 1128/604/250 1116/591/250
f 1116/591/249 1128/604/249 1129/605/249 1117/592/249
f 1117/592/248 1129/605/248 1130/606/248 1118/593/248
f 1118/593/247 1130/606/247 1131/607/247 1119/594/247
f 1119/595/258 1131/608/258 1132/609/258 1120/596/258
f 1120/596/257 1132/609/257 1133/610/257 1121/597/257
f 1121/597/256 1133/610/256 1134/611/256 1122/598/256
f 1122/598/255 1134/611/255 1135/612/255 1123/599/255
f 1123/599/254 1135/612/254 1136/613/254 1124/600/254
f 1124/600/253 1136/613/253 1125/601/253 1113/588/253
f 1125/601/264 1137/614/264 1138/615/264 1126/602/264
f 1126/602/263 1138/615/263 1139/616/263 1127/603/263
f 1127/603/262 1139/616/262 1140/617/262 1128/604/262
f 1128/604/261 1140/617/261 1141/618/261 1129/605/261
f 1129/605/260 1141/618/260 1142/619/260 1130/606/260
f 1130/606/259 1142/619/259 1143/620/259 1131/607/259
f 1131/608/270 1143/621/270 1144/622/270 1132/609/270
f 1132/609/269 1144/622/269 1145/623/269 1133/610/269
f 1133/610/268 1145/623/268 1146/624/268 1134/611/268
f 1134/611/267 1146/624/267 1147/625/267 1135/612/267
f 1135/612/266 1147/625/266 1148/626/266 1136/613/266
f 1136/613/265 1148/626/265 1137/614/265 1125/601/265
f 1137/614/276 1149/627/276 1150/628/276 1138/615/276
f 1138/615/275 1150/628/275 1151/629/275 1139/616/275
f 1139/616/274 1151/629/274 1152/630/274 1140/617/274
f 1140/617/273 1152/630/273 1153/631/273 1141/618/273
f 1141/618/272 1153/631/272 1154/632/272 1142/619/272
f 1142/619/271 1154/632/271 1155/633/271 1143/620/271
f 1143/621/282 1155/634/282 1156/635/282 1144/622/282
f 1144/622/281 1156/635/281 1157/636/281 1145/623/281
f 1145/623/280 1157/636/280 1158/637/280 1146/624/280
f 1146/624/279 1158/637/279 1159/638/279 1147/625/279
f 1147/625/278 1159/638/278 1160/639/278 1148/626/278
f 1148/626/277 1160/639/277 1149/627/277 1137/614/277
f 1149/627/288 585/15/288 586/18/288 1150/628/288
f 1150/628/307 586/18/307 587/20/307 1151/629/307
f 1151/629/286 587/20/286 588/22/286 1152/630/286
f 1152/630/285 588/22/285 589/24/285 1153/631/285
f 1153/631/284 589/24/284 590/26/284 1154/632/284
f 1154/632/283 590/26/283 591/28/283 1155/633/283
f 1155/634/294 591/29/294 592/32/294 1156/635/294
f 1156/635/293 592/32/293 593/34/293 1157/636/293
f 1157/636/292 593/34/292 594/36/292 1158/637/292
f 1158/637/291 594/36/291 595/38/291 1159/638/291
f 1159/638/308 595/38/308 596/40/308 1160/639/308
f 1160/639/289 596/40/289 585/15/289 1149/627/289
f 1161/15/7 1173/16/7 1174/17/7 1162/18/7
f 1162/18/296 1174/17/296 1175/19/296 1163/20/296
f 1163/20/9 1175/19/9 1176/21/9 1164/22/9
f 1164/22/10 1176/21/10 1177/23/10 1165/24/10
f 1165/24/295 1177/23/295 1178/25/295 1166/26/295
f 1166/26/12 1178/25/12 1179/27/12 1167/28/12
f 1167/29/13 1179/30/13 1180/31/13 1168/32/13
f 1168/32/298 1180/31/298 1181/33/298 1169/34/298
f 1169/34/15 1181/33/15 1182/35/15 1170/36/15
f 1170/36/16 1182/35/16 1183/37/16 1171/38/16
f 1171/38/297 1183/37/297 1184/39/297 1172/40/297
f 1172/40/18 1184/39/18 1173/16/18 1161/15/18
f 1173/16/19 1185/41/19 1186/42/19 1174/17/19
f 1174/17/20 1186/42/20 1187/43/20 1175/19/20
f 1175/19/21 1187/43/21 1188/44/21 1176/21/21
f 1176/21/22 1188/44/22 1189/45/22 1177/23/22
f 1177/23/23 1189/45/23 1190/46/23 1178/25/23
f 1178/25/24 1190/46/24 1191/47/24 1179/27/24
f 1179/30/25 1191/48/25 1192/49/25 1180/31/25
f 1180/31/26 1192/49/26 1193/50/26 1181/33/26
f 1181/33/27 1193/50/27 1194/51/27 1182/35/27
f 1182/35/28 1194/51/28 1195/52/28 1183/37/28
f 1183/37/29 1195/52/29 1196/53/29 1184/39/29
f 1184/39/30 1196/53/30 1185/41/30 1173/16/30
f 1185/41/31 1197/54/31 1198/55/31 1186/42/31
f 1186/42/32 1198/55/32 1199/56/32 1187/43/32
f 1187/43/33 1199/56/33 1200/57/33 1188/44/33
f 1188/44/34 1200/57/34 1201/58/34 1189/45/34
f 1189/45/35 1201/58/35 1202/59/35 1190/46/35
f 1190/46/36 1202/59/36 1203/60/36 1191/47/36
f 1191/48/37 1203/61/37 1204/62/37 1192/49/37
f 1192/49/38 1204/62/38 1205/63/38 1193/50/38
f 1193/50/39 1205/63/39 1206/64/39 1194/51/39
f 1194/51/40 1206/64/40 1207/65/40 1195/52/40
f 1195/52/41 1207/65/41 1208/66/41 1196/53/41
f 1196/53/42 1208/66/42 1197/54/42 1185/41/42
f 1197/54/43 1209/67/43 1210/68/43 1198/55/43
f 1198/55/44 1210/68/44 1211/69/44 1199/56/44
f 1199/56/45 1211/69/45 1212/70/45 1200/57/45
f 1200/57/46 1212/70/46 1213/71/46 1201/58/46
f 1201/58/47 1213/71/47 1214/72/47 1202/59/47
f 1202/59/48 1214/72/48 1215/73/48 1203/60/48
f 1203/61/49 1215/74/49 1216/75/49 1204/62/49
f 1204/62/50 1216/75/50 1217/76/50 1205/63/50
f 1205/63/51 1217/76/51 1218/77/51 1206/64/51
f 1206/64/52 1218/77/52 1219/78/52 1207/65/52
f 1207/65/53 1219/78/53 1220/79/53 1208/66/53
f 1208/66/54 1220/79/54 1209/67/54 1197/54/54
f 1209/67/55 1221/80/55 1222/81/55 1210/68/55
f 1210/68/56 1222/81/56 1223/82/56 1211/69/56
f 1211/69/57 1223/82/57 1224/83/57 1212/70/57
f 1212/70/58 1224/83/58 1225/84/58 1213/71/58
f 1213/71/59 1225/84/59 1226/85/59 1214/72/59
f 1214/72/60 1226/85/60 1227/86/60 1215/73/60
f 1215/74/61 1227/87/61 1228/88/61 1216/75/61
f 1216/75/62 1228/88/62 1229/89/62 1217/76/62
f 1217/76/63 1229/89/63 1230/90/63 1218/77/63
f 1218/77/64 1230/90/64 1231/91/64 1219/78/64
f 1219/78/65 1231/91/65 1232/92/65 1220/79/65
f 1220/79/66 1232/92/66 1221/80/66 1209/67/66
f 1221/80/67 1233/5/67 1234/93/67 1222/81/67
f 1222/81/68 1234/93/68 1235/94/68 1223/82/68
f 1223/82/69 1235/94/69 1236/7/69 1224/83/69
f 1224/83/70 1236/7/70 1237/95/70 1225/84/70
f 1225/84/71 1237/95/71 1238/96/71 1226/85/71
f 1226/85/72 1238/96/72 1239/9/72 1227/86/72
f 1227/87/73 1239/97/73 1240/98/73 1228/88/73
f 1228/88/74 1240/98/74 1241/99/74 1229/89/74
f 1229/89/75 1241/99/75 1242/3/75 1230/90/75
f 1230/90/76 1242/3/76 1243/100/76 1231/91/76
f 1231/91/77 1243/100/77 1244/101/77 1232/92/77
f 1232/92/78 1244/101/78 1233/5/78 1221/80/78
f 1233/5/79 1245/102/79 1246/103/79 1234/93/79
f 1234/93/80 1246/103/80 1247/104/80 1235/94/80
f 1235/94/81 1247/104/81 1248/105/81 1236/7/81
f 1236/7/82 1248/105/82 1249/106/82 1237/95/82
f 1237/95/83 1249/106/83 1250/107/83 1238/96/83
f 1238/96/84 1250/107/84 1251/108/84 1239/9/84
f 1239/97/85 1251/109/85 1252/110/85 1240/98/85
f 1240/98/86 1252/110/86 1253/111/86 1241/99/86
f 1241/99/87 1253/111/87 1254/112/87 1242/3/87
f 1242/3/88 1254/112/88 1255/113/88 1243/100/88
f 1243/100/89 1255/113/89 1256/114/89 1244/101/89
f 1244/101/90 1256/114/90 1245/102/90 1233/5/90
f 1245/102/91 1257/115/91 1258/116/91 1246/103/91
f 1246/103/92 1258/116/92 1259/117/92 1247/104/92
f 1247/104/93 1259/117/93 1260/118/93 1248/105/93
f 1248/105/94 1260/118/94 1261/119/94 1249/106/94
f 1249/106/95 1261/119/95 1262/120/95 1250/107/95
f 1250/107/96 1262/120/96 1263/121/96 1251/108/96
f 1251/109/97 1263/122/97 1264/123/97 1252/110/97
f 1252/110/98 1264/123/98 1265/124/98 1253/111/98
f 1253/111/99 1265/124/99 1266/125/99 1254/112/99
f 1254/112/100 1266/125/100 1267/126/100 1255/113/100
f 1255/113/101 1267/126/101 1268/127/101 1256/114/101
f 1256/114/102 1268/127/102 1257/115/102 1245/102/102
f 1257/115/103 1269/128/103 1270/129/103 1258/116/103
f 1258/116/104 1270/129/104 1271/130/104 1259/117/104
f 1259/117/105 1271/130/105 1272/131/105 1260/118/105
f 1260/118/106 1272/131/106 1273/132/106 1261/119/106
f 1261/119/107 1273/132/107 1274/133/107 1262/120/107
f 1262/120/108 1274/133/108 1275/134/108 1263/121/108
f 1263/122/109 1275/135/109 1276/136/109 1264/123/109
f 1264/123/110 1276/136/110 1277/137/110 1265/124/110
f 1265/124/111 1277/137/111 1278/138/111 1266/125/111
f 1266/125/112 1278/138/112 1279/139/112 1267/126/112
f 1267/126/113 1279/139/113 1280/140/113 1268/127/113
f 1268/127/114 1280/140/114 1269/128/114 1257/115/114
f 1269/128/115 1281/141/115 1282/142/115 1270/129/115
f 1270/129/116 1282/142/116 1283/143/116 1271/130/116
f 1271/130/117 1283/143/117 1284/144/117 1272/131/117
f 1272/131/118 1284/144/118 1285/145/118 1273/132/118
f 1273/132/119 1285/145/119 1286/146/119 1274/133/119
f 1274/133/120 1286/146/120 1287/147/120 1275/134/120
f 1275/135/121 1287/148/121 1288/149/121 1276/136/121
f 1276/136/122 1288/149/122 1289/150/122 1277/137/122
f 1277/137/123 1289/150/123 1290/151/123 1278/138/123
f 1278/138/124 1290/151/124 1291/152/124 1279/139/124
f 1279/139/125 1291/152/125 1292/153/125 1280/140/125
f 1280/140/126 1292/153/126 1281/141/126 1269/128/126
f 1281/141/127 1293/154/127 1294/155/127 1282/142/127
f 1282/142/128 1294/155/128 1295/156/128 1283/143/128
f 1283/143/129 1295/156/129 1296/157/129 1284/144/129
f 1284/144/130 1296/157/130 1297/158/130 1285/145/130
f 1285/145/131 1297/158/131 1298/159/131 1286/146/131
f 1286/146/132 1298/159/132 1299/160/132 1287/147/132
f 1287/148/133 1299/161/133 1300/162/133 1288/149/133
f 1288/149/134 1300/162/134 1301/163/134 1289/150/134
f 1289/150/135 1301/163/135 1302/164/135 1290/151/135
f 1290/151/136 1302/164/136 1303/165/136 1291/152/136
f 1291/152/137 1303/165/137 1304/166/137 1292/153/137
f 1292/153/138 1304/166/138 1293/154/138 1281/141/138
f 1293/154/139 1305/167/139 1306/168/139 1294/155/139
f 1294/155/299 1306/168/299 1307/169/299 1295/156/299
f 1295/156/141 1307/169/141 1308/170/141 1296/157/141
f 1296/157/142 1308/170/142 1309/171/142 1297/158/142
f 1297/158/143 1309/171/143 1310/172/143 1298/159/143
f 1298/159/144 1310/172/144 1311/173/144 1299/160/144
f 1299/161/145 1311/174/145 1312/175/145 1300/162/145
f 1300/162/146 1312/175/146 1313/176/146 1301/163/146
f 1301/163/147 1313/176/147 1314/177/147 1302/164/147
f 1302/164/148 1314/177/148 1315/178/148 1303/165/148
f 1303/165/300 1315/178/300 1316/179/300 1304/166/300
f 1304/166/150 1316/179/150 1305/167/150 1293/154/150
f 1305/167/151 1317/180/151 1318/181/151 1306/168/151
f 1306/168/152 1318/181/152 1319/182/152 1307/169/152
f 1307/169/153 1319/182/153 1320/183/153 1308/170/153
f 1308/170/154 1320/183/154 1321/184/154 1309/171/154
f 1309/171/155 1321/184/155 1322/185/155 1310/172/155
f 1310/172/156 1322/185/156 1323/186/156 1311/173/156
f 1311/174/157 1323/187/157 1324/188/157 1312/175/157
f 1312/175/158 1324/188/158 1325/189/158 1313/176/158
f 1313/176/159 1325/189/159 1326/190/159 1314/177/159
f 1314/177/160 1326/190/160 1327/191/160 1315/178/160
f 1315/178/161 1327/191/161 1328/192/161 1316/179/161
f 1316/179/162 1328/192/162 1317/180/162 1305/167/162
f 1317/180/163 1329/193/163 1330/194/163 1318/181/163
f 1318/181/164 1330/194/164 1331/195/164 1319/182/164
f 1319/182/165 1331/195/165 1332/196/165 1320/183/165
f 1320/183/166 1332/196/166 1333/197/166 1321/184/166
f 1321/184/167 1333/197/167 1334/198/167 1322/185/167
f 1322/185/168 1334/198/168 1335/199/168 1323/186/168
f 1323/187/169 1335/200/169 1336/201/169 1324/188/169
f 1324/188/170 1336/201/170 1337/202/170 1325/189/170
f 1325/189/171 1337/202/171 1338/203/171 1326/190/171
f 1326/190/172 1338/203/172 1339/204/172 1327/191/172
f 1327/191/173 1339/204/173 1340/205/173 1328/192/173
f 1328/192/174 1340/205/174 1329/193/174 1317/180/174
f 1329/193/175 1341/206/175 1342/207/175 1330/194/175
f 1330/194/176 1342/207/176 1343/208/176 1331/195/176
f 1331/195/177 1343/208/177 1344/209/177 1332/196/177
f 1332/196/178 1344/209/178 1345/210/178 1333/197/178
f 1333/197/179 1345/210/179 1346/211/179 1334/198/179
f 1334/198/180 1346/211/180 1347/212/180 1335/199/180
f 1335/200/181 1347/213/181 1348/214/181 1336/201/181
f 1336/201/182 1348/214/182 1349/215/182 1337/202/182
f 1337/202/183 1349/215/183 1350/216/183 1338/203/183
f 1338/203/184 1350/216/184 1351/217/184 1339/204/184
f 1339/204/185 1351/217/185 1352/218/185 1340/205/185
f 1340/205/186 1352/218/186 1341/206/186 1329/193/186
f 1341/206/187 1353/219/187 1354/220/187 1342/207/187
f 1342/207/188 1354/220/188 1355/221/188 1343/208/188
f 1343/208/189 1355/221/189 1356/222/189 1344/209/189
f 1344/209/190 1356/222/190 1357/223/190 1345/210/190
f 1345/210/191 1357/223/191 1358/224/191 1346/211/191
f 1346/211/192 1358/224/192 1359/225/192 1347/212/192
f 1347/213/193 1359/226/193 1360/227/193 1348/214/193
f 1348/214/194 1360/227/194 1361/228/194 1349/215/194
f 1349/215/195 1361/228/195 1362/229/195 1350/216/195
f 1350/216/196 1362/229/196 1363/230/196 1351/217/196
f 1351/217/197 1363/230/197 1364/231/197 1352/218/197
f 1352/218/198 1364/231/198 1353/219/198 1341/206/198
f 1353/219/199 1365/232/199 1366/233/199 1354/220/199
f 1354/220/200 1366/233/200 1367/234/200 1355/221/200
f 1355/221/201 1367/234/201 1368/235/201 1356/222/201
f 1356/222/202 1368/235/202 1369/236/202 1357/223/202
f 1357/223/203 1369/236/203 1370/237/203 1358/224/203
f 1358/224/204 1370/237/204 1371/238/204 1359/225/204
f 1359/226/205 1371/239/205 1372/240/205 1360/227/205
f 1360/227/206 1372/240/206 1373/241/206 1361/228/206
f 1361/228/207 1373/241/207 1374/242/207 1362/229/207
f 1362/229/208 1374/242/208 1375/243/208 1363/230/208
f 1363/230/209 1375/243/209 1376/244/209 1364/231/209
f 1364/231/210 1376/244/210 1365/232/210 1353/219/210
f 1365/232/211 1377/13/211 1378/245/211 1366/233/211
f 1366/233/212 1378/245/212 1379/246/212 1367/234/212
f 1367/234/213 1379/246/213 1380/14/213 1368/235/213
f 1368/235/214 1380/14/214 1381/247/214 1369/236/214
f 1369/236/215 1381/247/215 1382/248/215 1370/237/215
f 1370/237/216 1382/248/216 1383/249/216 1371/238/216
f 1371/239/217 1383/250/217 1384/251/217 1372/240/217
f 1372/240/218 1384/251/218 1385/252/218 1373/241/218
f 1373/241/219 1385/252/219 1386/253/219 1374/242/219
f 1374/242/220 1386/253/220 1387/254/220 1375/243/220
f 1375/243/221 1387/254/221 1388/255/221 1376/244/221
f 1376/244/222 1388/255/222 1377/13/222 1365/232/222
f 1377/13/223 1389/256/223 1390/257/223 1378/245/223
f 1378/245/224 1390/257/224 1391/258/224 1379/246/224
f 1379/246/225 1391/258/225 1392/259/225 1380/14/225
f 1380/14/226 1392/259/226 1393/260/226 1381/247/226
f 1381/247/227 1393/260/227 1394/261/227 1382/248/227
f 1382/248/228 1394/261/228 1395/262/228 1383/249/228
f 1383/250/229 1395/263/229 1396/264/229 1384/251/229
f 1384/251/230 1396/264/230 1397/265/230 1385/252/230
f 1385/252/231 1397/265/231 1398/266/231 1386/253/231
f 1386/253/232 1398/266/232 1399/267/232 1387/254/232
f 1387/254/233 1399/267/233 1400/268/233 1388/255/233
f 1388/255/234 1400/268/234 1389/256/234 1377/13/234
f 1389/256/235 1401/269/235 1402/270/235 1390/257/235
f 1390/257/236 1402/270/236 1403/271/236 1391/258/236
f 1391/258/237 1403/271/237 1404/272/237 1392/259/237
f 1392/259/238 1404/272/238 1405/273/238 1393/260/238
f 1393/260/239 1405/273/239 1406/274/239 1394/261/239
f 1394/261/240 1406/274/240 1407/275/240 1395/262/240
f 1395/263/241 1407/276/241 1408/277/241 1396/264/241
f 1396/264/242 1408/277/242 1409/278/242 1397/265/242
f 1397/265/243 1409/278/243 1410/279/243 1398/266/243
f 1398/266/244 1410/279/244 1411/280/244 1399/267/244
f 1399/267/245 1411/280/245 1412/281/245 1400/268/245
f 1400/268/246 1412/281/246 1401/269/246 1389/256/246
f 1401/269/247 1413/282/247 1414/283/247 1402/270/247
f 1402/270/248 1414/283/248 1415/284/248 1403/271/248
f 1403/271/249 1415/284/249 1416/285/249 1404/272/249
f 1404/272/250 1416/285/250 1417/286/250 1405/273/250
f 1405/273/251 1417/286/251 1418/287/251 1406/274/251
f 1406/274/252 1418/287/252 1419/288/252 1407/275/252
f 1407/276/253 1419/289/253 1420/290/253 1408/277/253
f 1408/277/254 1420/290/254 1421/291/254 1409/278/254
f 1409/278/255 1421/291/255 1422/292/255 1410/279/255
f 1410/279/256 1422/292/256 1423/293/256 1411/280/256
f 1411/280/257 1423/293/257 1424/294/257 1412/281/257
f 1412/281/258 1424/294/258 1413/282/258 1401/269/258
f 1413/282/259 1425/295/259 1426/296/259 1414/283/259
f 1414/283/260 1426/296/260 1427/297/260 1415/284/260
f 1415/284/261 1427/297/261 1428/298/261 1416/285/261
f 1416/285/262 1428/298/262 1429/299/262 1417/286/262
f 1417/286/263 1429/299/263 1430/300/263 1418/287/263
f 1418/287/264 1430/300/264 1431/301/264 1419/288/264
f 1419/289/265 1431/302/265 1432/303/265 1420/290/265
f 1420/290/266 1432/303/266 1433/304/266 1421/291/266
f 1421/291/267 1433/304/267 1434/305/267 1422/292/267
f 1422/292/268 1434/305/268 1435/306/268 1423/293/268
f 1423/293/269 1435/306/269 1436/307/269 1424/294/269
f 1424/294/270 1436/307/270 1425/295/270 1413/282/270
f 1425/295/271 1437/308/271 1438/309/271 1426/296/271
f 1426/296/272 1438/309/272 1439/310/272 1427/297/272
f 1427/297/273 1439/310/273 1440/311/273 1428/298/273
f 1428/298/274 1440/311/274 1441/312/274 1429/299/274
f 1429/299/275 1441/312/275 1442/313/275 1430/300/275
f 1430/300/276 1442/313/276 1443/314/276 1431/301/276
f 1431/302/277 1443/315/277 1444/316/277 1432/303/277
f 1432/303/278 1444/316/278 1445/317/278 1433/304/278
f 1433/304/279 1445/317/279 1446/318/279 1434/305/279
f 1434/305/280 1446/318/280 1447/319/280 1435/306/280
f 1435/306/281 1447/319/281 1448/320/281 1436/307/281
f 1436/307/282 1448/320/282 1437/308/282 1425/295/282
f 1437/308/283 1449/321/283 1450/322/283 1438/309/283
f 1438/309/284 1450/322/284 1451/323/284 1439/310/284
f 1439/310/285 1451/323/285 1452/324/285 1440/311/285
f 1440/311/286 1452/324/286 1453/325/286 1441/312/286
f 1441/312/307 1453/325/307 1454/326/307 1442/313/307
f 1442/313/288 1454/326/288 1455/327/288 1443/314/288
f 1443/315/289 1455/328/289 1456/329/289 1444/316/289
f 1444/316/308 1456/329/308 1457/330/308 1445/317/308
f 1445/317/291 1457/330/291 1458/331/291 1446/318/291
f 1446/318/292 1458/331/292 1459/332/292 1447/319/292
f 1447/319/293 1459/332/293 1460/333/293 1448/320/293
f 1448/320/294 1460/333/294 1449/321/294 1437/308/294
f 1449/334/12 1461/335/12 1462/336/12 1450/337/12
f 1450/337/295 1462/336/295 1463/338/295 1451/339/295
f 1451/339/10 1463/338/10 1464/340/10 1452/341/10
f 1452/341/9 1464/340/9 1465/342/9 1453/343/9
f 1453/343/296 1465/342/296 1466/344/296 1454/345/296
f 1454/345/7 1466/344/7 1467/346/7 1455/347/7
f 1455/348/18 1467/349/18 1468/350/18 1456/351/18
f 1456/351/297 1468/350/297 1469/352/297 1457/353/297
f 1457/353/16 1469/352/16 1470/354/16 1458/355/16
f 1458/355/15 1470/354/15 1471/356/15 1459/357/15
f 1459/357/298 1471/356/298 1472/358/298 1460/359/298
f 1460/359/13 1472/358/13 1461/335/13 1449/334/13
f 1461/335/24 1473/360/24 1474/361/24 1462/336/24
f 1462/336/23 1474/361/23 1475/362/23 1463/338/23
f 1463/338/22 1475/362/22 1476/363/22 1464/340/22
f 1464/340/21 1476/363/21 1477/364/21 1465/342/21
f 1465/342/20 1477/364/20 1478/365/20 1466/344/20
f 1466/344/19 1478/365/19 1479/366/19 1467/346/19
f 1467/349/30 1479/367/30 1480/368/30 1468/350/30
f 1468/350/29 1480/368/29 1481/369/29 1469/352/29
f 1469/352/28 1481/369/28 1482/370/28 1470/354/28
f 1470/354/27 1482/370/27 1483/371/27 1471/356/27
f 1471/356/26 1483/371/26 1484/372/26 1472/358/26
f 1472/358/25 1484/372/25 1473/360/25 1461/335/25
f 1473/360/36 1485/373/36 1486/374/36 1474/361/36
f 1474/361/35 1486/374/35 1487/375/35 1475/362/35
f 1475/362/34 1487/375/34 1488/376/34 1476/363/34
f 1476/363/33 1488/376/33 1489/377/33 1477/364/33
f 1477/364/32 1489/377/32 1490/378/32 1478/365/32
f 1478/365/31 1490/378/31 1491/379/31 1479/366/31
f 1479/367/42 1491/380/42 1492/381/42 1480/368/42
f 1480/368/41 1492/381/41 1493/382/41 1481/369/41
f 1481/369/40 1493/382/40 1494/383/40 1482/370/40
f 1482/370/39 1494/383/39 1495/384/39 1483/371/39
f 1483/371/38 1495/384/38 1496/385/38 1484/372/38
f 1484/372/37 1496/385/37 1485/373/37 1473/360/37
f 1485/373/48 1497/386/48 1498/387/48 1486/374/48
f 1486/374/47 1498/387/47 1499/388/47 1487/375/47
f 1487/375/46 1499/388/46 1500/389/46 1488/376/46
f 1488/376/45 1500/389/45 1501/390/45 1489/377/45
f 1489/377/44 1501/390/44 1502/391/44 1490/378/44
f 1490/378/43 1502/391/43 1503/392/43 1491/379/43
f 1491/380/54 1503/393/54 1504/394/54 1492/381/54
f 1492/381/53 1504/394/53 1505/395/53 1493/382/53
f 1493/382/52 1505/395/52 1506/396/52 1494/383/52
f 1494/383/51 1506/396/51 1507/397/51 1495/384/51
f 1495/384/50 1507/397/50 1508/398/50 1496/385/50
f 1496/385/49 1508/398/49 1497/386/49 1485/373/49
f 1497/386/60 1509/399/60 1510/400/60 1498/387/60
f 1498/387/59 1510/400/59 1511/401/59 1499/388/59
f 1499/388/58 1511/401/58 1512/402/58 1500/389/58
f 1500/389/57 1512/402/57 1513/403/57 1501/390/57
f 1501/390/56 1513/403/56 1514/404/56 1502/391/56
f 1502/391/55 1514/404/55 1515/405/55 1503/392/55
f 1503/393/66 1515/406/66 1516/407/66 1504/394/66
f 1504/394/65 1516/407/65 1517/408/65 1505/395/65
f 1505/395/64 1517/408/64 1518/409/64 1506/396/64
f 1506/396/63 1518/409/63 1519/410/63 1507/397/63
f 1507/397/62 1519/410/62 1520/411/62 1508/398/62
f 1508/398/61 1520/411/61 1509/399/61 1497/386/61
f 1509/399/72 1521/11/72 1522/412/72 1510/400/72
f 1510/400/71 1522/412/71 1523/413/71 1511/401/71
f 1511/401/70 1523/413/70 1524/12/70 1512/402/70
f 1512/402/69 1524/12/69 1525/414/69 1513/403/69
f 1513/403/68 1525/414/68 1526/415/68 1514/404/68
f 1514/404/67 1526/415/67 1527/416/67 1515/405/67
f 1515/406/78 1527/417/78 1528/418/78 1516/407/78
f 1516/407/77 1528/418/77 1529/419/77 1517/408/77
f 1517/408/76 1529/419/76 1530/420/76 1518/409/76
f 1518/409/75 1530/420/75 1531/421/75 1519/410/75
f 1519/410/74 1531/421/74 1532/422/74 1520/411/74
f 1520/411/73 1532/422/73 1521/11/73 1509/399/73
f 1521/11/84 1533/423/84 1534/424/84 1522/412/84
f 1522/412/83 1534/424/83 1535/425/83 1523/413/83
f 1523/413/82 1535/425/82 1536/426/82 1524/12/82
f 1524/12/81 1536/426/81 1537/427/81 1525/414/81
f 1525/414/80 1537/427/80 1538/428/80 1526/415/80
f 1526/415/79 1538/428/79 1539/429/79 1527/416/79
f 1527/417/90 1539/430/90 1540/431/90 1528/418/90
f 1528/418/89 1540/431/89 1541/432/89 1529/419/89
f 1529/419/88 1541/432/88 1542/433/88 1530/420/88
f 1530/420/87 1542/433/87 1543/434/87 1531/421/87
f 1531/421/86 1543/434/86 1544/435/86 1532/422/86
f 1532/422/85 1544/435/85 1533/423/85 1521/11/85
f 1533/423/96 1545/436/96 1546/437/96 1534/424/96
f 1534/424/95 1546/437/95 1547/438/95 1535/425/95
f 1535/425/94 1547/438/94 1548/439/94 1536/426/94
f 1536/426/93 1548/439/93 1549/440/93 1537/427/93
f 1537/427/92 1549/440/92 1550/441/92 1538/428/92
f 1538/428/91 1550/441/91 1551/442/91 1539/429/91
f 1539/430/102 1551/443/102 1552/444/102 1540/431/102
f 1540/431/101 1552/444/101 1553/445/101 1541/432/101
f 1541/432/100 1553/445/100 1554/446/100 1542/433/100
f 1542/433/99 1554/446/99 1555/447/99 1543/434/99
f 1543/434/98 1555/447/98 1556/448/98 1544/435/98
f 1544/435/97 1556/448/97 1545/436/97 1533/423/97
f 1545/436/108 1557/449/108 1558/450/108 1546/437/108
f 1546/437/107 1558/450/107 1559/451/107 1547/438/107
f 1547/438/106 1559/451/106 1560/452/106 1548/439/106
f 1548/439/105 1560/452/105 1561/453/105 1549/440/105
f 1549/440/104 1561/453/104 1562/454/104 1550/441/104
f 1550/441/103 1562/454/103 1563/455/103 1551/442/103
f 1551/443/114 1563/456/114 1564/457/114 1552/444/114
f 1552/444/113 1564/457/113 1565/458/113 1553/445/113
f 1553/445/112 1565/458/112 1566/459/112 1554/446/112
f 1554/446/111 1566/459/111 1567/460/111 1555/447/111
f 1555/447/110 1567/460/110 1568/461/110 1556/448/110
f 1556/448/109 1568/461/109 1557/449/109 1545/436/109
f 1557/449/120 1569/462/120 1570/463/120 1558/450/120
f 1558/450/119 1570/463/119 1571/464/119 1559/451/119
f 1559/451/118 1571/464/118 1572/465/118 1560/452/118
f 1560/452/117 1572/465/117 1573/466/117 1561/453/117
f 1561/453/116 1573/466/116 1574/467/116 1562/454/116
f 1562/454/115 1574/467/115 1575/468/115 1563/455/115
f 1563/456/126 1575/469/126 1576/470/126 1564/457/126
f 1564/457/125 1576/470/125 1577/471/125 1565/458/125
f 1565/458/124 1577/471/124 1578/472/124 1566/459/124
f 1566/459/123 1578/472/123 1579/473/123 1567/460/123
f 1567/460/122 1579/473/122 1580/474/122 1568/461/122
f 1568/461/121 1580/474/121 1569/462/121 1557/449/121
f 1569/462/132 1581/475/132 1582/476/132 1570/463/132
f 1570/463/131 1582/476/131 1583/477/131 1571/464/131
f 1571/464/130 1583/477/130 1584/478/130 1572/465/130
f 1572/465/129 1584/478/129 1585/479/129 1573/466/129
f 1573/466/128 1585/479/128 1586/480/128 1574/467/128
f 1574/467/127 1586/480/127 1587/481/127 1575/468/127
f 1575/469/138 1587/482/138 1588/483/138 1576/470/138
f 1576/470/137 1588/483/137 1589/484/137 1577/471/137
f 1577/471/136 1589/484/136 1590/485/136 1578/472/136
f 1578/472/135 1590/485/135 1591/486/135 1579/473/135
f 1579/473/134 1591/486/134 1592/487/134 1580/474/134
f 1580/474/133 1592/487/133 1581/475/133 1569/462/133
f 1581/475/144 1593/488/144 1594/489/144 1582/476/144
f 1582/476/143 1594/489/143 1595/490/143 1583/477/143
f 1583/477/142 1595/490/142 1596/491/142 1584/478/142
f 1584/478/141 1596/491/141 1597/492/141 1585/479/141
f 1585/479/299 1597/492/299 1598/493/299 1586/480/299
f 1586/480/139 1598/493/139 1599/494/139 1587/481/139
f 1587/482/150 1599/495/150 1600/496/150 1588/483/150
f 1588/483/300 1600/496/300 1601/497/300 1589/484/300
f 1589/484/148 1601/497/148 1602/498/148 1590/485/148
f 1590/485/147 1602/498/147 1603/499/147 1591/486/147
f 1591/486/146 1603/499/146 1604/500/146 1592/487/146
f 1592/487/145 1604/500/145 1593/488/145 1581/475/145
f 1593/488/156 1605/501/156 1606/502/156 1594/489/156
f 1594/489/155 1606/502/155 1607/503/155 1595/490/155
f 1595/490/154 1607/503/154 1608/504/154 1596/491/154
f 1596/491/153 1608/504/153 1609/505/153 1597/492/153
f 1597/492/152 1609/505/152 1610/506/152 1598/493/152
f 1598/493/151 1610/506/151 1611/507/151 1599/494/151
f 1599/495/162 1611/508/162 1612/509/162 1600/496/162
f 1600/496/161 1612/509/161 1613/510/161 1601/497/161
f 1601/497/160 1613/510/160 1614/511/160 1602/498/160
f 1602/498/159 1614/511/159 1615/512/159 1603/499/159
f 1603/499/158 1615/512/158 1616/513/158 1604/500/158
f 1604/500/157 1616/513/157 1605/501/157 1593/488/157
f 1605/501/168 1617/514/168 1618/515/168 1606/502/168
f 1606/502/167 1618/515/167 1619/516/167 1607/503/167
f 1607/503/166 1619/516/166 1620/517/166 1608/504/166
f 1608/504/165 1620/517/165 1621/518/165 1609/505/165
f 1609/505/164 1621/518/164 1622/519/164 1610/506/164
f 1610/506/163 1622/519/163 1623/520/163 1611/507/163
f 1611/508/174 1623/521/174 1624/522/174 1612/509/174
f 1612/509/173 1624/522/173 1625/523/173 1613/510/173
f 1613/510/172 1625/523/172 1626/524/172 1614/511/172
f 1614/511/171 1626/524/171 1627/525/171 1615/512/171
f 1615/512/170 1627/525/170 1628/526/170 1616/513/170
f 1616/513/169 1628/526/169 1617/514/169 1605/501/169
f 1617/514/180 1629/527/180 1630/528/180 1618/515/180
f 1618/515/179 1630/528/179 1631/529/179 1619/516/179
f 1619/516/178 1631/529/178 1632/530/178 1620/517/178
f 1620/517/177 1632/530/177 1633/531/177 1621/518/177
f 1621/518/176 1633/531/176 1634/532/176 1622/519/176
f 1622/519/175 1634/532/175 1635/533/175 1623/520/175
f 1623/521/186 1635/534/186 1636/535/186 1624/522/186
f 1624/522/185 1636/535/185 1637/536/185 1625/523/185
f 1625/523/184 1637/536/184 1638/537/184 1626/524/184
f 1626/524/183 1638/537/183 1639/538/183 1627/525/183
f 1627/525/182 1639/538/182 1640/539/182 1628/526/182
f 1628/526/181 1640/539/181 1629/527/181 1617/514/181
f 1629/527/192 1641/540/192 1642/541/192 1630/528/192
f 1630/528/191 1642/541/191 1643/542/191 1631/529/191
f 1631/529/190 1643/542/190 1644/543/190 1632/530/190
f 1632/530/189 1644/543/189 1645/544/189 1633/531/189
f 1633/531/188 1645/544/188 1646/545/188 1634/532/188
f 1634/532/187 1646/545/187 1647/546/187 1635/533/187
f 1635/534/198 1647/547/198 1648/548/198 1636/535/198
f 1636/535/197 1648/548/197 1649/549/197 1637/536/197
f 1637/536/196 1649/549/196 1650/550/196 1638/537/196
f 1638/537/195 1650/550/195 1651/551/195 1639/538/195
f 1639/538/194 1651/551/194 1652/552/194 1640/539/194
f 1640/539/193 1652/552/193 1641/540/193 1629/527/193
f 1641/540/204 1653/553/204 1654/554/204 1642/541/204
f 1642/541/203 1654/554/203 1655/555/203 1643/542/203
f 1643/542/202 1655/555/202 1656/556/202 1644/543/202
f 1644/543/201 1656/556/201 1657/557/201 1645/544/201
f 1645/544/200 1657/557/200 1658/558/200 1646/545/200
f 1646/545/199 1658/558/199 1659/559/199 1647/546/199
f 1647/547/210 1659/560/210 1660/561/210 1648/548/210
f 1648/548/209 1660/561/209 1661/562/209 1649/549/209
f 1649/549/208 1661/562/208 1662/563/208 1650/550/208
f 1650/550/207 1662/563/207 1663/564/207 1651/551/207
f 1651/551/206 1663/564/206 1664/565/206 1652/552/206
f 1652/552/205 1664/565/205 1653/553/205 1641/540/205
f 1653/553/216 1665/6/216 1666/566/216 1654/554/216
f 1654/554/215 1666/566/215 1667/567/215 1655/555/215
f 1655/555/214 1667/567/214 1668/8/214 1656/556/214
f 1656/556/213 1668/8/213 1669/568/213 1657/557/213
f 1657/557/212 1669/568/212 1670/569/212 1658/558/212
f 1658/558/211 1670/569/211 1671/10/211 1659/559/211
f 1659/560/222 1671/570/222 1672/571/222 1660/561/222
f 1660/561/221 1672/571/221 1673/572/221 1661/562/221
f 1661/562/220 1673/572/220 1674/4/220 1662/563/220
f 1662/563/219 1674/4/219 1675/573/219 1663/564/219
f 1663/564/218 1675/573/218 1676/574/218 1664/565/218
f 1664/565/217 1676/574/217 1665/6/217 1653/553/217
f 1665/6/228 1677/575/228 1678/576/228 1666/566/228
f 1666/566/227 1678/576/227 1679/577/227 1667/567/227
f 1667/567/226 1679/577/226 1680/578/226 1668/8/226
f 1668/8/225 1680/578/225 1681/579/225 1669/568/225
f 1669/568/224 1681/579/224 1682/580/224 1670/569/224
f 1670/569/223 1682/580/223 1683/581/223 1671/10/223
f 1671/570/234 1683/582/234 1684/583/234 1672/571/234
f 1672/571/233 1684/583/233 1685/584/233 1673/572/233
f 1673/572/232 1685/584/232 1686/585/232 1674/4/232
f 1674/4/231 1686/585/231 1687/586/231 1675/573/231
f 1675/573/230 1687/586/230 1688/587/230 1676/574/230
f 1676/574/229 1688/587/229 1677/575/229 1665/6/229
f 1677/575/240 1689/588/240 1690/589/240 1678/576/240
f 1678/576/239 1690/589/239 1691/590/239 1679/577/239
f 1679/577/238 1691/590/238 1692/591/238 1680/578/238
f 1680/578/237 1692/591/237 1693/592/237 1681/579/237
f 1681/579/236 1693/592/236 1694/593/236 1682/580/236
f 1682/580/235 1694/593/235 1695/594/235 1683/581/235
f 1683/582/246 1695/595/246 1696/596/246 1684/583/246
f 1684/583/245 1696/596/245 1697/597/245 1685/584/245
f 1685/584/244 1697/597/244 1698/598/244 1686/585/244
f 1686/585/243 1698/598/243 1699/599/243 1687/586/243
f 1687/586/242 1699/599/242 1700/600/242 1688/587/242
f 1688/587/241 1700/600/241 1689/588/241 1677/575/241
f 1689/588/252 1701/601/252 1702/602/252 1690/589/252
f 1690/589/251 1702/602/251 1703/603/251 1691/590/251
f 1691/590/250 1703/603/250 1704/604/250 1692/591/250
f 1692/591/249 1704/604/249 1705/605/249 1693/592/249
f 1693/592/248 1705/605/248 1706/606/248 1694/593/248
f 1694/593/247 1706/606/247 1707/607/247 1695/594/247
f 1695/595/258 1707/608/258 1708/609/258 1696/596/258
f 1696/596/257 1708/609/257 1709/610/257 1697/597/257
f 1697/597/256 1709/610/256 1710/611/256 1698/598/256
f 1698/598/255 1710/611/255 1711/612/255 1699/599/255
f 1699/599/254 1711/612/254 1712/613/254 1700/600/254
f 1700/600/253 1712/613/253 1701/601/253 1689/588/253
f 1701/601/264 1713/614/264 1714/615/264 1702/602/264
f 1702/602/263 1714/615/263 1715/616/263 1703/603/263
f 1703/603/262 1715/616/262 1716/617/262 1704/604/262
f 1704/604/261 1716/617/261 1717/618/261 1705/605/261
f 1705/605/260 1717/618/260 1718/619/260 1706/606/260
f 1706/606/259 1718/619/259 1719/620/259 1707/607/259
f 1707/608/270 1719/621/270 1720/622/270 1708/609/270
f 1708/609/269 1720/622/269 1721/623/269 1709/610/269
f 1709/610/268 1721/623/268 1722/624/268 1710/611/268
f 1710/611/267 1722/624/267 1723/625/267 1711/612/267
f 1711/612/266 1723/625/266 1724/626/266 1712/613/266
f 1712/613/265 1724/626/265 1713/614/265 1701/601/265
f 1713/614/276 1725/627/276 1726/628/276 1714/615/276
f 1714/615/275 1726/628/275 1727/629/275 1715/616/275
f 1715/616/274 1727/629/274 1728/630/274 1716/617/274
f 1716/617/273 1728/630/273 1729/631/273 1717/618/273
f 1717/618/272 1729/631/272 1730/632/272 1718/619/272
f 1718/619/271 1730/632/271 1731/633/271 1719/620/271
f 1719/621/282 1731/634/282 1732/635/282 1720/622/282
f 1720/622/281 1732/635/281 1733/636/281 1721/623/281
f 1721/623/280 1733/636/280 1734/637/280 1722/624/280
f 1722/624/279 1734/637/279 1735/638/279 1723/625/279
f 1723/625/278 1735/638/278 1736/639/278 1724/626/278
f 1724/626/277 1736/639/277 1725/627/277 1713/614/277
f 1725/627/288 1161/15/288 1162/18/288 1726/628/288
f 1726/628/307 1162/18/307 1163/20/307 1727/629/307
f 1727/629/286 1163/20/286 1164/22/286 1728/630/286
f 1728/630/285 1164/22/285 1165/24/285 1729/631/285
f 1729/631/284 1165/24/284 1166/26/284 1730/632/284
f 1730/632/283 1166/26/283 1167/28/283 1731/633/283
f 1731/634/294 1167/29/294 1168/32/294 1732/635/294
f 1732/635/293 1168/32/293 1169/34/293 1733/636/293
f 1733/636/292 1169/34/292 1170/36/292 1734/637/292
f 1734/637/291 1170/36/291 1171/38/291 1735/638/291
f 1735/638/308 1171/38/308 1172/40/308 1736/639/308
f 1736/639/289 1172/40/289 1161/15/289 1725/627/289
f 1737/15/7 1749/16/7 1750/17/7 1738/18/7
f 1738/18/296 1750/17/296 1751/19/296 1739/20/296
f 1739/20/9 1751/19/9 1752/21/9 1740/22/9
f 1740/22/10 1752/21/10 1753/23/10 1741/24/10
f 1741/24/295 1753/23/295 1754/25/295 1742/26/295
f 1742/26/12 1754/25/12 1755/27/12 1743/28/12
f 1743/29/13 1755/30/13 1756/31/13 1744/32/13
f 1744/32/298 1756/31/298 1757/33/298 1745/34/298
f 1745/34/15 1757/33/15 1758/35/15 1746/36/15
f 1746/36/16 1758/35/16 1759/37/16 1747/38/16
f 1747/38/297 1759/37/297 1760/39/297 1748/40/297
f 1748/40/18 1760/39/18 1749/16/18 1737/15/18
f 1749/16/19 1761/41/19 1762/42/19 1750/17/19
f 1750/17/20 1762/42/20 1763/43/20 1751/19/20
f 1751/19/21 1763/43/21 1764/44/21 1752/21/21
f 1752/21/22 1764/44/22 1765/45/22 1753/23/22
f 1753/23/23 1765/45/23 1766/46/23 1754/25/23
f 1754/25/24 1766/46/24 1767/47/24 1755/27/24
f 1755/30/25 1767/48/25 1768/49/25 1756/31/25
f 1756/31/26 1768/49/26 1769/50/26 1757/33/26
f 1757/33/27 1769/50/27 1770/51/27 1758/35/27
f 1758/35/28 1770/51/28 1771/52/28 1759/37/28
f 1759/37/29 1771/52/29 1772/53/29 1760/39/29
f 1760/39/30 1772/53/30 1761/41/30 1749/16/30
f 1761/41/31 1773/54/31 1774/55/31 1762/42/31
f 1762/42/32 1774/55/32 1775/56/32 1763/43/32
f 1763/43/33 1775/56/33 1776/57/33 1764/44/33
f 1764/44/34 1776/57/34 1777/58/34 1765/45/34
f 1765/45/35 1777/58/35 1778/59/35 1766/46/35
f 1766/46/36 1778/59/36 1779/60/36 1767/47/36
f 1767/48/37 1779/61/37 1780/62/37 1768/49/37
f 1768/49/38 1780/62/38 1781/63/38 1769/50/38
f 1769/50/39 1781/63/39 1782/64/39 1770/51/39
f 1770/51/40 1782/64/40 1783/65/40 1771/52/40
f 1771/52/41 1783/65/41 1784/66/41 1772/53/41
f 1772/53/42 1784/66/42 1773/54/42 1761/41/42
f 1773/54/43 1785/67/43 1786/68/43 1774/55/43
f 1774/55/44 1786/68/44 1787/69/44 1775/56/44
f 1775/56/45 1787/69/45 1788/70/45 1776/57/45
f 1776/57/46 1788/70/46 1789/71/46 1777/58/46
f 1777/58/47 1789/71/47 1790/72/47 1778/59/47
f 1778/59/48 1790/72/48 1791/73/48 1779/60/48
f 1779/61/49 1791/74/49 1792/75/49 1780/62/49
f 1780/62/50 1792/75/50 1793/76/50 1781/63/50
f 1781/63/51 1793/76/51 1794/77/51 1782/64/51
f 1782/64/52 1794/77/52 1795/78/52 1783/65/52
f 1783/65/53 1795/78/53 1796/79/53 1784/66/53
f 1784/66/54 1796/79/54 1785/67/54 1773/54/54
f 1785/67/55 1797/80/55 1798/81/55 1786/68/55
f 1786/68/56 1798/81/56 1799/82/56 1787/69/56
f 1787/69/57 1799/82/57 1800/83/57 1788/70/57
f 1788/70/58 1800/83/58 1801/84/58 1789/71/58
f 1789/71/59 1801/84/59 1802/85/59 1790/72/59
f 1790/72/60 1802/85/60 1803/86/60 1791/73/60
f 1791/74/61 1803/87/61 1804/88/61 1792/75/61
f 1792/75/62 1804/88/62 1805/89/62 1793/76/62
f 1793/76/63 1805/89/63 1806/90/63 1794/77/63
f 1794/77/64 1806/90/64 1807/91/64 1795/78/64
f 1795/78/65 1807/91/65 1808/92/65 1796/79/65
f 1796/79/66 1808/92/66 1797/80/66 1785/67/66
f 1797/80/67 1809/5/67 1810/93/67 1798/81/67
f 1798/81/68 1810/93/68 1811/94/68 1799/82/68
f 1799/82/69 1811/94/69 1812/7/69 1800/83/69
f 1800/83/70 1812/7/70 1813/95/70 1801/84/70
f 1801/84/71 1813/95/71 1814/96/71 1802/85/71
f 1802/85/72 1814/96/72 1815/9/72 1803/86/72
f 1803/87/73 1815/97/73 1816/98/73 1804/88/73
f 1804/88/74 1816/98/74 1817/99/74 1805/89/74
f 1805/89/75 1817/99/75 1818/3/75 1806/90/75
f 1806/90/76 1818/3/76 1819/100/76 1807/91/76
f 1807/91/77 1819/100/77 1820/101/77 1808/92/77
f 1808/92/78 1820/101/78 1809/5/78 1797/80/78
f 1809/5/79 1821/102/79 1822/103/79 1810/93/79
f 1810/93/80 1822/103/80 1823/104/80 1811/94/80
f 1811/94/81 1823/104/81 1824/105/81 1812/7/81
f 1812/7/82 1824/105/82 1825/106/82 1813/95/82
f 1813/95/83 1825/106/83 1826/107/83 1814/96/83
f 1814/96/84 1826/107/84 1827/108/84 1815/9/84
f 1815/97/85 1827/109/85 1828/110/85 1816/98/85
f 1816/98/86 1828/110/86 1829/111/86 1817/99/86
f 1817/99/87 1829/111/87 1830/112/87 1818/3/87
f 1818/3/88 1830/112/88 1831/113/88 1819/100/88
f 1819/100/89 1831/113/89 1832/114/89 1820/101/89
f 1820/101/90 1832/114/90 1821/102/90 1809/5/90
f 1821/102/91 1833/115/91 1834/116/91 1822/103/91
f 1822/103/92 1834/116/92 1835/117/92 1823/104/92
f 1823/104/93 1835/117/93 1836/118/93 1824/105/93
f 1824/105/94 1836/118/94 1837/119/94 1825/106/94
f 1825/106/95 1837/119/95 1838/120/95 1826/107/95
f 1826/107/96 1838/120/96 1839/121/96 1827/108/96
f 1827/109/97 1839/122/97 1840/123/97 1828/110/97
f 1828/110/98 1840/123/98 1841/124/98 1829/111/98
f 1829/111/99 1841/124/99 1842/125/99 1830/112/99
f 1830/112/100 1842/125/100 1843/126/100 1831/113/100
f 1831/113/101 1843/126/101 1844/127/101 1832/114/101
f 1832/114/102 1844/127/102 1833/115/102 1821/102/102
f 1833/115/103 1845/128/103 1846/129/103 1834/116/103
f 1834/116/104 1846/129/104 1847/130/104 1835/117/104
f 1835/117/105 1847/130/105 1848/131/105 1836/118/105
f 1836/118/106 1848/131/106 1849/132/106 1837/119/106
f 1837/119/107 1849/132/107 1850/133/107 1838/120/107
f 1838/120/108 1850/133/108 1851/134/108 1839/121/108
f 1839/122/109 1851/135/109 1852/136/109 1840/123/109
f 1840/123/110 1852/136/110 1853/137/110 1841/124/110
f 1841/124/111 1853/137/111 1854/138/111 1842/125/111
f 1842/125/112 1854/138/112 1855/139/112 1843/126/112
f 1843/126/113 1855/139/113 1856/140/113 1844/127/113
f 1844/127/114 1856/140/114 1845/128/114 1833/115/114
f 1845/128/115 1857/141/115 1858/142/115 1846/129/115
f 1846/129/116 1858/142/116 1859/143/116 1847/130/116
f 1847/130/117 1859/143/117 1860/144/117 1848/131/117
f 1848/131/118 1860/144/118 1861/145/118 1849/132/118
f 1849/132/119 1861/145/119 1862/146/119 1850/133/119
f 1850/133/120 1862/146/120 1863/147/120 1851/134/120
f 1851/135/121 1863/148/121 1864/149/121 1852/136/121
f 1852/136/122 1864/149/122 1865/150/122 1853/137/122
f 1853/137/123 1865/150/123 1866/151/123 1854/138/123
f 1854/138/124 1866/151/124 1867/152/124 1855/139/124
f 1855/139/125 1867/152/125 1868/153/125 1856/140/125
f 1856/140/126 1868/153/126 1857/141/126 1845/128/126
f 1857/141/127 1869/154/127 1870/155/127 1858/142/127
f 1858/142/128 1870/155/128 1871/156/128 1859/143/128
f 1859/143/129 1871/156/129 1872/157/129 1860/144/129
f 1860/144/130 1872/157/130 1873/158/130 1861/145/130
f 1861/145/131 1873/158/131 1874/159/131 1862/146/131
f 1862/146/132 1874/159/132 1875/160/132 1863/147/132
f 1863/148/133 1875/161/133 1876/162/133 1864/149/133
f 1864/149/134 1876/162/134 1877/163/134 1865/150/134
f 1865/150/135 1877/163/135 1878/164/135 1866/151/135
f 1866/151/136 1878/164/136 1879/165/136 1867/152/136
f 1867/152/137 1879/165/137 1880/166/137 1868/153/137
f 1868/153/138 1880/166/138 1869/154/138 1857/141/138
f 1869/154/139 1881/167/139 1882/168/139 1870/155/139
f 1870/155/299 1882/168/299 1883/169/299 1871/156/299
f 1871/156/141 1883/169/141 1884/170/141 1872/157/141
f 1872/157/142 1884/170/142 1885/171/142 1873/158/142
f 1873/158/143 1885/171/143 1886/172/143 1874/159/143
f 1874/159/144 1886/172/144 1887/173/144 1875/160/144
f 1875/161/145 1887/174/145 1888/175/145 1876/162/145
f 1876/162/146 1888/175/146 1889/176/146 1877/163/146
f 1877/163/147 1889/176/147 1890/177/147 1878/164/147
f 1878/164/148 1890/177/148 1891/178/148 1879/165/148
f 1879/165/300 1891/178/300 1892/179/300 1880/166/300
f 1880/166/150 1892/179/150 1881/167/150 1869/154/150
f 1881/167/151 1893/180/151 1894/181/151 1882/168/151
f 1882/168/152 1894/181/152 1895/182/152 1883/169/152
f 1883/169/153 1895/182/153 1896/183/153 1884/170/153
f 1884/170/154 1896/183/154 1897/184/154 1885/171/154
f 1885/171/155 1897/184/155 1898/185/155 1886/172/155
f 1886/172/156 1898/185/156 1899/186/156 1887/173/156
f 1887/174/157 1899/187/157 1900/188/157 1888/175/157
f 1888/175/158 1900/188/158 1901/189/158 1889/176/158
f 1889/176/159 1901/189/159 1902/190/159 1890/177/159
f 1890/177/160 1902/190/160 1903/191/160 1891/178/160
f 1891/178/161 1903/191/161 1904/192/161 1892/179/161
f 1892/179/162 1904/192/162 1893/180/162 1881/167/162
f 1893/180/163 1905/193/163 1906/194/163 1894/181/163
f 1894/181/164 1906/194/164 1907/195/164 1895/182/164
f 1895/182/165 1907/195/165 1908/196/165 1896/183/165
f 1896/183/166 1908/196/166 1909/197/166 1897/184/166
f 1897/184/167 1909/197/167 1910/198/167 1898/185/167
f 1898/185/168 1910/198/168 1911/199/168 1899/186/168
f 1899/187/169 1911/200/169 1912/201/169 1900/188/169
f 1900/188/170 1912/201/170 1913/202/170 1901/189/170
f 1901/189/171 1913/202/171 1914/203/171 1902/190/171
f 1902/190/172 1914/203/172 1915/204/172 1903/191/172
f 1903/191/173 1915/204/173 1916/205/173 1904/192/173
f 1904/192/174 1916/205/174 1905/193/174 1893/180/174
f 1905/193/175 1917/206/175 1918/207/175 1906/194/175
f 1906/194/176 1918/207/176 1919/208/176 1907/195/176
f 1907/195/177 1919/208/177 1920/209/177 1908/196/177
f 1908/196/178 1920/209/178 1921/210/178 1909/197/178
f 1909/197/179 1921/210/179 1922/211/179 1910/198/179
f 1910/198/180 1922/211/180 1923/212/180 1911/199/180
f 1911/200/181 1923/213/181 1924/214/181 1912/201/181
f 1912/201/182 1924/214/182 1925/215/182 1913/202/182
f 1913/202/183 1925/215/183 1926/216/183 1914/203/183
f 1914/203/184 1926/216/184 1927/217/184 1915/204/184
f 1915/204/185 1927/217/185 1928/218/185 1916/205/185
f 1916/205/186 1928/218/186 1917/206/186 1905/193/186
f 1917/206/187 1929/219/187 1930/220/187 1918/207/187
f 1918/207/188 1930/220/188 1931/221/188 1919/208/188
f 1919/208/189 1931/221/189 1932/222/189 1920/209/189
f 1920/209/190 1932/222/190 1933/223/190 1921/210/190
f 1921/210/191 1933/223/191 1934/224/191 1922/211/191
f 1922/211/192 1934/224/192 1935/225/192 1923/212/192
f 1923/213/193 1935/226/193 1936/227/193 1924/214/193
f 1924/214/194 1936/227/194 1937/228/194 1925/215/194
f 1925/215/195 1937/228/195 1938/229/195 1926/216/195
f 1926/216/196 1938/229/196 1939/230/196 1927/217/196
f 1927/217/197 1939/230/197 1940/231/197 1928/218/197
f 1928/218/198 1940/231/198 1929/219/198 1917/206/198
f 1929/219/199 1941/232/199 1942/233/199 1930/220/199
f 1930/220/200 1942/233/200 1943/234/200 1931/221/200
f 1931/221/201 1943/234/201 1944/235/201 1932/222/201
f 1932/222/202 1944/235/202 1945/236/202 1933/223/202
f 1933/223/203 1945/236/203 1946/237/203 1934/224/203
f 1934/224/204 1946/237/204 1947/238/204 1935/225/204
f 1935/226/205 1947/239/205 1948/240/205 1936/227/205
f 1936/227/206 1948/240/206 1949/241/206 1937/228/206
f 1937/228/207 1949/241/207 1950/242/207 1938/229/207
f 1938/229/208 1950/242/208 1951/243/208 1939/230/208
f 1939/230/209 1951/243/209 1952/244/209 1940/231/209
f 1940/231/210 1952/244/210 1941/232/210 1929/219/210
f 1941/232/211 1953/13/211 1954/245/211 1942/233/211
f 1942/233/212 1954/245/212 1955/246/212 1943/234/212
f 1943/234/213 1955/246/213 1956/14/213 1944/235/213
f 1944/235/214 1956/14/214 1957/247/214 1945/236/214
f 1945/236/215 1957/247/215 1958/248/215 1946/237/215
f 1946/237/216 1958/248/216 1959/249/216 1947/238/216
f 1947/239/217 1959/250/217 1960/251/217 1948/240/217
f 1948/240/218 1960/251/218 1961/252/218 1949/241/218
f 1949/241/219 1961/252/219 1962/253/219 1950/242/219
f 1950/242/220 1962/253/220 1963/254/220 1951/243/220
f 1951/243/221 1963/254/221 1964/255/221 1952/244/221
f 1952/244/222 1964/255/222 1953/13/222 1941/232/222
f 1953/13/223 1965/256/223 1966/257/223 1954/245/223
f 1954/245/224 1966/257/224 1967/258/224 1955/246/224
f 1955/246/225 1967/258/225 1968/259/225 1956/14/225
f 1956/14/226 1968/259/226 1969/260/226 1957/247/226
f 1957/247/227 1969/260/227 1970/261/227 1958/248/227
f 1958/248/228 1970/261/228 1971/262/228 1959/249/228
f 1959/250/229 1971/263/229 1972/264/229 1960/251/229
f 1960/251/230 1972/264/230 1973/265/230 1961/252/230
f 1961/252/231 1973/265/231 1974/266/231 1962/253/231
f 1962/253/232 1974/266/232 1975/267/232 1963/254/232
f 1963/254/233 1975/267/233 1976/268/233 1964/255/233
f 1964/255/234 1976/268/234 1965/256/234 1953/13/234
f 1965/256/235 1977/269/235 1978/270/235 1966/257/235
f 1966/257/236 1978/270/236 1979/271/236 1967/258/236
f 1967/258/237 1979/271/237 1980/272/237 1968/259/237
f 1968/259/238 1980/272/238 1981/273/238 1969/260/238
f 1969/260/239 1981/273/239 1982/274/239 1970/261/239
f 1970/261/240 1982/274/240 1983/275/240 1971/262/240
f 1971/263/241 1983/276/241 1984/277/241 1972/264/241
f 1972/264/242 1984/277/242 1985/278/242 1973/265/242
f 1973/265/243 1985/278/243 1986/279/243 1974/266/243
f 1974/266/244 1986/279/244 1987/280/244 1975/267/244
f 1975/267/245 1987/280/245 1988/281/245 1976/268/245
f 1976/268/246 1988/281/246 1977/269/246 1965/256/246
f 1977/269/247 1989/282/247 1990/283/247 1978/270/247
f 1978/270/248 1990/283/248 1991/284/248 1979/271/248
f 1979/271/249 1991/284/249 1992/285/249 1980/272/249
f 1980/272/250 1992/285/250 1993/286/250 1981/273/250
f 1981/273/251 1993/286/251 1994/287/251 1982/274/251
f 1982/274/252 1994/287/252 1995/288/252 1983/275/252
f 1983/276/253 1995/289/253 1996/290/253 1984/277/253
f 1984/277/254 1996/290/254 1997/291/254 1985/278/254
f 1985/278/255 1997/291/255 1998/292/255 1986/279/255
f 1986/279/256 1998/292/256 1999/293/256 1987/280/256
f 1987/280/257 1999/293/257 2000/294/257 1988/281/257
f 1988/281/258 2000/294/258 1989/282/258 1977/269/258
f 1989/282/259 2001/295/259 2002/296/259 1990/283/259
f 1990/283/260 2002/296/260 2003/297/260 1991/284/260
f 1991/284/261 2003/297/261 2004/298/261 1992/285/261
f 1992/285/262 2004/298/262 2005/299/262 1993/286/262
f 1993/286/263 2005/299/263 2006/300/263 1994/287/263
f 1994/287/264 2006/300/264 2007/301/264 1995/288/264
f 1995/289/265 2007/302/265 2008/303/265 1996/290/265
f 1996/290/266 2008/303/266 2009/304/266 1997/291/266
f 1997/291/267 2009/304/267 2010/305/267 1998/292/267
f 1998/292/268 2010/305/268 2011/306/268 1999/293/268
f 1999/293/269 2011/306/269 2012/307/269 2000/294/269
f 2000/294/270 2012/307/270 2001/295/270 1989/282/270
f 2001/295/271 2013/308/271 2014/309/271 2002/296/271
f 2002/296/272 2014/309/272 2015/310/272 2003/297/272
f 2003/297/273 2015/310/273 2016/311/273 2004/298/273
f 2004/298/274 2016/311/274 2017/312/274 2005/299/274
f 2005/299/275 2017/312/275 2018/313/275 2006/300/275
f 2006/300/276 2018/313/276 2019/314/276 2007/301/276
f 2007/302/277 2019/315/277 2020/316/277 2008/303/277
f 2008/303/278 2020/316/278 2021/317/278 2009/304/278
f 2009/304/279 2021/317/279 2022/318/279 2010/305/279
f 2010/305/280 2022/318/280 2023/319/280 2011/306/280
f 2011/306/281 2023/319/281 2024/320/281 2012/307/281
f 2012/307/282 2024/320/282 2013/308/282 2001/295/282
f 2013/308/283 2025/321/283 2026/322/283 2014/309/283
f 2014/309/284 2026/322/284 2027/323/284 2015/310/284
f 2015/310/285 2027/323/285 2028/324/285 2016/311/285
f 2016/311/286 2028/324/286 2029/325/286 2017/312/286
f 2017/312/307 2029/325/307 2030/326/307 2018/313/307
f 2018/313/288 2030/326/288 2031/327/288 2019/314/288
f 2019/315/289 2031/328/289 2032/329/289 2020/316/289
f 2020/316/308 2032/329/308 2033/330/308 2021/317/308
f 2021/317/291 2033/330/291 2034/331/291 2022/318/291
f 2022/318/292 2034/331/292 2035/332/292 2023/319/292
f 2023/319/293 2035/332/293 2036/333/293 2024/320/293
f 2024/320/294 2036/333/294 2025/321/294 2013/308/294
f 2025/334/12 2037/335/12 2038/336/12 2026/337/12
f 2026/337/295 2038/336/295 2039/338/295 2027/339/295
f 2027/339/10 2039/338/10 2040/340/10 2028/341/10
f 2028/341/9 2040/340/9 2041/342/9 2029/343/9
f 2029/343/296 2041/342/296 2042/344/296 2030/345/296
f 2030/345/7 2042/344/7 2043/346/7 2031/347/7
f 2031/348/18 2043/349/18 2044/350/18 2032/351/18
f 2032/351/297 2044/350/297 2045/352/297 2033/353/297
f 2033/353/16 2045/352/16 2046/354/16 2034/355/16
f 2034/355/15 2046/354/15 2047/356/15 2035/357/15
f 2035/357/298 2047/356/298 2048/358/298 2036/359/298
f 2036/359/13 2048/358/13 2037/335/13 2025/334/13
f 2037/335/24 2049/360/24 2050/361/24 2038/336/24
f 2038/336/23 2050/361/23 2051/362/23 2039/338/23
f 2039/338/22 2051/362/22 2052/363/22 2040/340/22
f 2040/340/21 2052/363/21 2053/364/21 2041/342/21
f 2041/342/20 2053/364/20 2054/365/20 2042/344/20
f 2042/344/19 2054/365/19 2055/366/19 2043/346/19
f 2043/349/30 2055/367/30 2056/368/30 2044/350/30
f 2044/350/29 2056/368/29 2057/369/29 2045/352/29
f 2045/352/28 2057/369/28 2058/370/28 2046/354/28
f 2046/354/27 2058/370/27 2059/371/27 2047/356/27
f 2047/356/26 2059/371/26 2060/372/26 2048/358/26
f 2048/358/25 2060/372/25 2049/360/25 2037/335/25
f 2049/360/36 2061/373/36 2062/374/36 2050/361/36
f 2050/361/35 2062/374/35 2063/375/35 2051/362/35
f 2051/362/34 2063/375/34 2064/376/34 2052/363/34
f 2052/363/33 2064/376/33 2065/377/33 2053/364/33
f 2053/364/32 2065/377/32 2066/378/32 2054/365/32
f 2054/365/31 2066/378/31 2067/379/31 2055/366/31
f 2055/367/42 2067/380/42 2068/381/42 2056/368/42
f 2056/368/41 2068/381/41 2069/382/41 2057/369/41
f 2057/369/40 2069/382/40 2070/383/40 2058/370/40
f 2058/370/39 2070/383/39 2071/384/39 2059/371/39
f 2059/371/38 2071/384/38 2072/385/38 2060/372/38
f 2060/372/37 2072/385/37 2061/373/37 2049/360/37
f 2061/373/48 2073/386/48 2074/387/48 2062/374/48
f 2062/374/47 2074/387/47 2075/388/47 2063/375/47
f 2063/375/46 2075/388/46 2076/389/46 2064/376/46
f 2064/376/45 2076/389/45 2077/390/45 2065/377/45
f 2065/377/44 2077/390/44 2078/391/44 2066/378/44
f 2066/378/43 2078/391/43 2079/392/43 2067/379/43
f 2067/380/54 2079/393/54 2080/394/54 2068/381/54
f 2068/381/53 2080/394/53 2081/395/53 2069/382/53
f 2069/382/52 2081/395/52 2082/396/52 2070/383/52
f 2070/383/51 2082/396/51 2083/397/51 2071/384/51
f 2071/384/50 2083/397/50 2084/398/50 2072/385/50
f 2072/385/49 2084/398/49 2073/386/49 2061/373/49
f 2073/386/60 2085/399/60 2086/400/60 2074/387/60
f 2074/387/59 2086/400/59 2087/401/59 2075/388/59
f 2075/388/58 2087/401/58 2088/402/58 2076/389/58
f 2076/389/57 2088/402/57 2089/403/57 2077/390/57
f 2077/390/56 2089/403/56 2090/404/56 2078/391/56
f 2078/391/55 2090/404/55 2091/405/55 2079/392/55
f 2079/393/66 2091/406/66 2092/407/66 2080/394/66
f 2080/394/65 2092/407/65 2093/408/65 2081/395/65
f 2081/395/64 2093/408/64 2094/409/64 2082/396/64
f 2082/396/63 2094/409/63 2095/410/63 2083/397/63
f 2083/397/62 2095/410/62 2096/411/62 2084/398/62
f 2084/398/61 2096/411/61 2085/399/61 2073/386/61
f 2085/399/72 2097/11/72 2098/412/72 2086/400/72
f 2086/400/71 2098/412/71 2099/413/71 2087/401/71
f 2087/401/70 2099/413/70 2100/12/70 2088/402/70
f 2088/402/69 2100/12/69 2101/414/69 2089/403/69
f 2089/403/68 2101/414/68 2102/415/68 2090/404/68
f 2090/404/67 2102/415/67 2103/416/67 2091/405/67
f 2091/406/78 2103/417/78 2104/418/78 2092/407/78
f 2092/407/77 2104/418/77 2105/419/77 2093/408/77
f 2093/408/76 2105/419/76 2106/420/76 2094/409/76
f 2094/409/75 2106/420/75 2107/421/75 2095/410/75
f 2095/410/74 2107/421/74 2108/422/74 2096/411/74
f 2096/411/73 2108/422/73 2097/11/73 2085/399/73
f 2097/11/84 2109/423/84 2110/424/84 2098/412/84
f 2098/412/83 2110/424/83 2111/425/83 2099/413/83
f 2099/413/82 2111/425/82 2112/426/82 2100/12/82
f 2100/12/81 2112/426/81 2113/427/81 2101/414/81
f 2101/414/80 2113/427/80 2114/428/80 2102/415/80
f 2102/415/79 2114/428/79 2115/429/79 2103/416/79
f 2103/417/90 2115/430/90 2116/431/90 2104/418/90
f 2104/418/89 2116/431/89 2117/432/89 2105/419/89
f 2105/419/88 2117/432/88 2118/433/88 2106/420/88
f 2106/420/87 2118/433/87 2119/434/87 2107/421/87
f 2107/421/86 2119/434/86 2120/435/86 2108/422/86
f 2108/422/85 2120/435/85 2109/423/85 2097/11/85
f 2109/423/96 2121/436/96 2122/437/96 2110/424/96
f 2110/424/95 2122/437/95 2123/438/95 2111/425/95
f 2111/425/94 2123/438/94 2124/439/94 2112/426/94
f 2112/426/93 2124/439/93 2125/440/93 2113/427/93
f 2113/427/92 2125/440/92 2126/441/92 2114/428/92
f 2114/428/91 2126/441/91 2127/442/91 2115/429/91
f 2115/430/102 2127/443/102 2128/444/102 2116/431/102
f 2116/431/101 2128/444/101 2129/445/101 2117/432/101
f 2117/432/100 2129/445/100 2130/446/100 2118/433/100
f 2118/433/99 2130/446/99 2131/447/99 2119/434/99
f 2119/434/98 2131/447/98 2132/448/98 2120/435/98
f 2120/435/97 2132/448/97 2121/436/97 2109/423/97
f 2121/436/108 2133/449/108 2134/450/108 2122/437/108
f 2122/437/107 2134/450/107 2135/451/107 2123/438/107
f 2123/438/106 2135/451/106 2136/452/106 2124/439/106
f 2124/439/105 2136/452/105 2137/453/105 2125/440/105
f 2125/440/104 2137/453/104 2138/454/104 2126/441/104
f 2126/441/103 2138/454/103 2139/455/103 2127/442/103
f 2127/443/114 2139/456/114 2140/457/114 2128/444/114
f 2128/444/113 2140/457/113 2141/458/113 2129/445/113
f 2129/445/112 2141/458/112 2142/459/112 2130/446/112
f 2130/446/111 2142/459/111 2143/460/111 2131/447/111
f 2131/447/110 2143/460/110 2144/461/110 2132/448/110
f 2132/448/109 2144/461/109 2133/449/109 2121/436/109
f 2133/449/120 2145/462/120 2146/463/120 2134/450/120
f 2134/450/119 2146/463/119 2147/464/119 2135/451/119
f 2135/451/118 2147/464/118 2148/465/118 2136/452/118
f 2136/452/117 2148/465/117 2149/466/117 2137/453/117
f 2137/453/116 2149/466/116 2150/467/116 2138/454/116
f 2138/454/115 2150/467/115 2151/468/115 2139/455/115
f 2139/456/126 2151/469/126 2152/470/126 2140/457/126
f 2140/457/125 2152/470/125 2153/471/125 2141/458/125
f 2141/458/124 2153/471/124 2154/472/124 2142/459/124
f 2142/459/123 2154/472/123 2155/473/123 2143/460/123
f 2143/460/122 2155/473/122 2156/474/122 2144/461/122
f 2144/461/121 2156/474/121 2145/462/121 2133/449/121
f 2145/462/132 2157/475/132 2158/476/132 2146/463/132
f 2146/463/131 2158/476/131 2159/477/131 2147/464/131
f 2147/464/130 2159/477/130 2160/478/130 2148/465/130
f 2148/465/129 2160/478/129 2161/479/129 2149/466/129
f 2149/466/128 2161/479/128 2162/480/128 2150/467/128
f 2150/467/127 2162/480/127 2163/481/127 2151/468/127
f 2151/469/138 2163/482/138 2164/483/138 2152/470/138
f 2152/470/137 2164/483/137 2165/484/137 2153/471/137
f 2153/471/136 2165/484/136 2166/485/136 2154/472/136
f 2154/472/135 2166/485/135 2167/486/135 2155/473/135
f 2155/473/134 2167/486/134 2168/487/134 2156/474/134
f 2156/474/133 2168/487/133 2157/475/133 2145/462/133
f 2157/475/144 2169/488/144 2170/489/144 2158/476/144
f 2158/476/143 2170/489/143 2171/490/143 2159/477/143
f 2159/477/142 2171/490/142 2172/491/142 2160/478/142
f 2160/478/141 2172/491/141 2173/492/141 2161/479/141
f 2161/479/299 2173/492/299 2174/493/299 2162/480/299
f 2162/480/139 2174/493/139 2175/494/139 2163/481/139
f 2163/482/150 2175/495/150 2176/496/150 2164/483/150
f 2164/483/300 2176/496/300 2177/497/300 2165/484/300
f 2165/484/148 2177/497/148 2178/498/148 2166/485/148
f 2166/485/147 2178/498/147 2179/499/147 2167/486/147
f 2167/486/146 2179/499/146 2180/500/146 2168/487/146
f 2168/487/145 2180/500/145 2169/488/145 2157/475/145
f 2169/488/156 2181/501/156 2182/502/156 2170/489/156
f 2170/489/155 2182/502/155 2183/503/155 2171/490/155
f 2171/490/154 2183/503/154 2184/504/154 2172/491/154
f 2172/491/153 2184/504/153 2185/505/153 2173/492/153
f 2173/492/152 2185/505/152 2186/506/152 2174/493/152
f 2174/493/151 2186/506/151 2187/507/151 2175/494/151
f 2175/495/162 2187/508/162 2188/509/162 2176/496/162
f 2176/496/161 2188/509/161 2189/510/161 2177/497/161
f 2177/497/160 2189/510/160 2190/511/160 2178/498/160
f 2178/498/159 2190/511/159 2191/512/159 2179/499/159
f 2179/499/158 2191/512/158 2192/513/158 2180/500/158
f 2180/500/157 2192/513/157 2181/501/157 2169/488/157
f 2181/501/168 2193/514/168 2194/515/168 2182/502/168
f 2182/502/167 2194/515/167 2195/516/167 2183/503/167
f 2183/503/166 2195/516/166 2196/517/166 2184/504/166
f 2184/504/165 2196/517/165 2197/518/165 2185/505/165
f 2185/505/164 2197/518/164 2198/519/164 2186/506/164
f 2186/506/163 2198/519/163 2199/520/163 2187/507/163
f 2187/508/174 2199/521/174 2200/522/174 2188/509/174
f 2188/509/173 2200/522/173 2201/523/173 2189/510/173
f 2189/510/172 2201/523/172 2202/524/172 2190/511/172
f 2190/511/171 2202/524/171 2203/525/171 2191/512/171
f 2191/512/170 2203/525/170 2204/526/170 2192/513/170
f 2192/513/169 2204/526/169 2193/514/169 2181/501/169
f 2193/514/180 2205/527/180 2206/528/180 2194/515/180
f 2194/515/179 2206/528/179 2207/529/179 2195/516/179
f 2195/516/178 2207/529/178 2208/530/178 2196/517/178
f 2196/517/177 2208/530/177 2209/531/177 2197/518/177
f 2197/518/176 2209/531/176 2210/532/176 2198/519/176
f 2198/519/175 2210/532/175 2211/533/175 2199/520/175
f 2199/521/186 2211/534/186 2212/535/186 2200/522/186
f 2200/522/185 2212/535/185 2213/536/185 2201/523/185
f 2201/523/184 2213/536/184 2214/537/184 2202/524/184
f 2202/524/183 2214/537/183 2215/538/183 2203/525/183
f 2203/525/182 2215/538/182 2216/539/182 2204/526/182
f 2204/526/181 2216/539/181 2205/527/181 2193/514/181
f 2205/527/192 2217/540/192 2218/541/192 2206/528/192
f 2206/528/191 2218/541/191 2219/542/191 2207/529/191
f 2207/529/190 2219/542/190 2220/543/190 2208/530/190
f 2208/530/189 2220/543/189 2221/544/189 2209/531/189
f 2209/531/188 2221/544/188 2222/545/188 2210/532/188
f 2210/532/187 2222/545/187 2223/546/187 2211/533/187
f 2211/534/198 2223/547/198 2224/548/198 2212/535/198
f 2212/535/197 2224/548/197 2225/549/197 2213/536/197
f 2213/536/196 2225/549/196 2226/550/196 2214/537/196
f 2214/537/195 2226/550/195 2227/551/195 2215/538/195
f 2215/538/194 2227/551/194 2228/552/194 2216/539/194
f 2216/539/193 2228/552/193 2217/540/193 2205/527/193
f 2217/540/204 2229/553/204 2230/554/204 2218/541/204
f 2218/541/203 2230/554/203 2231/555/203 2219/542/203
f 2219/542/202 2231/555/202 2232/556/202 2220/543/202
f 2220/543/201 2232/556/201 2233/557/201 2221/544/201
f 2221/544/200 2233/557/200 2234/558/200 2222/545/200
f 2222/545/199 2234/558/199 2235/559/199 2223/546/199
f 2223/547/210 2235/560/210 2236/561/210 2224/548/210
f 2224/548/209 2236/561/209 2237/562/209 2225/549/209
f 2225/549/208 2237/562/208 2238/563/208 2226/550/208
f 2226/550/207 2238/563/207 2239/564/207 2227/551/207
f 2227/551/206 2239/564/206 2240/565/206 2228/552/206
f 2228/552/205 2240/565/205 2229/553/205 2217/540/205
f 2229/553/216 2241/6/216 2242/566/216 2230/554/216
f 2230/554/215 2242/566/215 2243/567/215 2231/555/215
f 2231/555/214 2243/567/214 2244/8/214 2232/556/214
f 2232/556/213 2244/8/213 2245/568/213 2233/557/213
f 2233/557/212 2245/568/212 2246/569/212 2234/558/212
f 2234/558/211 2246/569/211 2247/10/211 2235/559/211
f 2235/560/222 2247/570/222 2248/571/222 2236/561/222
f 2236/561/221 2248/571/221 2249/572/221 2237/562/221
f 2237/562/220 2249/572/220 2250/4/220 2238/563/220
f 2238/563/219 2250/4/219 2251/573/219 2239/564/219
f 2239/564/218 2251/573/218 2252/574/218 2240/565/218
f 2240/565/217 2252/574/217 2241/6/217 2229/553/217
f 2241/6/228 2253/575/228 2254/576/228 2242/566/228
f 2242/566/227 2254/576/227 2255/577/227 2243/567/227
f 2243/567/226 2255/577/226 2256/578/226 2244/8/226
f 2244/8/225 2256/578/225 2257/579/225 2245/568/225
f 2245/568/224 2257/579/224 2258/580/224 2246/569/224
f 2246/569/223 2258/580/223 2259/581/223 2247/10/223
f 2247/570/234 2259/582/234 2260/583/234 2248/571/234
f 2248/571/233 2260/583/233 2261/584/233 2249/572/233
f 2249/572/232 2261/584/232 2262/585/232 2250/4/232
f 2250/4/231 2262/585/231 2263/586/231 2251/573/231
f 2251/573/230 2263/586/230 2264/587/230 2252/574/230
f 2252/574/229 2264/587/229 2253/575/229 2241/6/229
f 2253/575/240 2265/588/240 2266/589/240 2254/576/240
f 2254/576/239 2266/589/239 2267/590/239 2255/577/239
f 2255/577/238 2267/590/238 2268/591/238 2256/578/238
f 2256/578/237 2268/591/237 2269/592/237 2257/579/237
f 2257/579/236 2269/592/236 2270/593/236 2258/580/236
f 2258/580/235 2270/593/235 2271/594/235 2259/581/235
f 2259/582/246 2271/595/246 2272/596/246 2260/583/246
f 2260/583/245 2272/596/245 2273/597/245 2261/584/245
f 2261/584/244 2273/597/244 2274/598/244 2262/585/244
f 2262/585/243 2274/598/243 2275/599/243 2263/586/243
f 2263/586/242 2275/599/242 2276/600/242 2264/587/242
f 2264/587/241 2276/600/241 2265/588/241 2253/575/241
f 2265/588/252 2277/601/252 2278/602/252 2266/589/252
f 2266/589/251 2278/602/251 2279/603/251 2267/590/251
f 2267/590/250 2279/603/250 2280/604/250 2268/591/250
f 2268/591/249 2280/604/249 2281/605/249 2269/592/249
f 2269/592/248 2281/605/248 2282/606/248 2270/593/248
f 2270/593/247 2282/606/247 2283/607/247 2271/594/247
f 2271/595/258 2283/608/258 2284/609/258 2272/596/258
f 2272/596/257 2284/609/257 2285/610/257 2273/597/257
f 2273/597/256 2285/610/256 2286/611/256 2274/598/256
f 2274/598/255 2286/611/255 2287/612/255 2275/599/255
f 2275/599/254 2287/612/254 2288/613/254 2276/600/254
f 2276/600/253 2288/613/253 2277/601/253 2265/588/253
f 2277/601/264 2289/614/264 2290/615/264 2278/602/264
f 2278/602/263 2290/615/263 2291/616/263 2279/603/263
f 2279/603/262 2291/616/262 2292/617/262 2280/604/262
f 2280/604/261 2292/617/261 2293/618/261 2281/605/261
f 2281/605/260 2293/618/260 2294/619/260 2282/606/260
f 2282/606/259 2294/619/259 2295/620/259 2283/607/259
f 2283/608/270 2295/621/270 2296/622/270 2284/609/270
f 2284/609/269 2296/622/269 2297/623/269 2285/610/269
f 2285/610/268 2297/623/268 2298/624/268 2286/611/268
f 2286/611/267 2298/624/267 2299/625/267 2287/612/267
f 2287/612/266 2299/625/266 2300/626/266 2288/613/266
f 2288/613/265 2300/626/265 2289/614/265 2277/601/265
f 2289/614/276 2301/627/276 2302/628/276 2290/615/276
f 2290/615/275 2302/628/275 2303/629/275 2291/616/275
f 2291/616/274 2303/629/274 2304/630/274 2292/617/274
f 2292/617/273 2304/630/273 2305/631/273 2293/618/273
f 2293/618/272 2305/631/272 2306/632/272 2294/619/272
f 2294/619/271 2306/632/271 2307/633/271 2295/620/271
f 2295/621/282 2307/634/282 2308/635/282 2296/622/282
f 2296/622/281 2308/635/281 2309/636/281 2297/623/281
f 2297/623/280 2309/636/280 2310/637/280 2298/624/280
f 2298/624/279 2310/637/279 2311/638/279 2299/625/279
f 2299/625/278 2311/638/278 2312/639/278 2300/626/278
f 2300/626/277 2312/639/277 2301/627/277 2289/614/277
f 2301/627/288 1737/15/288 1738/18/288 2302/628/288
f 2302/628/307 1738/18/307 1739/20/307 2303/629/307
f 2303/629/286 1739/20/286 1740/22/286 2304/630/286
f 2304/630/285 1740/22/285 1741/24/285 2305/631/285
f 2305/631/284 1741/24/284 1742/26/284 2306/632/284
f 2306/632/283 1742/26/283 1743/28/283 2307/633/283
f 2307/634/294 1743/29/294 1744/32/294 2308/635/294
f 2308/635/293 1744/32/293 1745/34/293 2309/636/293
f 2309/636/292 1745/34/292 1746/36/292 2310/637/292
f 2310/637/291 1746/36/291 1747/38/291 2311/638/291
f 2311/638/308 1747/38/308 1748/40/308 2312/639/308
f 2312/639/289 1748/40/289 1737/15/289 2301/627/289
f 2313/15/7 2325/16/7 2326/17/7 2314/18/7
f 2314/18/296 2326/17/296 2327/19/296 2315/20/296
f 2315/20/9 2327/19/9 2328/21/9 2316/22/9
f 2316/22/10 2328/21/10 2329/23/10 2317/24/10
f 2317/24/295 2329/23/295 2330/25/295 2318/26/295
f 2318/26/12 2330/25/12 2331/27/12 2319/28/12
f 2319/29/13 2331/30/13 2332/31/13 2320/32/13
f 2320/32/298 2332/31/298 2333/33/298 2321/34/298
f 2321/34/15 2333/33/15 2334/35/15 2322/36/15
f 2322/36/16 2334/35/16 2335/37/16 2323/38/16
f 2323/38/297 2335/37/297 2336/39/297 2324/40/297
f 2324/40/18 2336/39/18 2325/16/18 2313/15/18
f 2325/16/19 2337/41/19 2338/42/19 2326/17/19
f 2326/17/20 2338/42/20 2339/43/20 2327/19/20
f 2327/19/21 2339/43/21 2340/44/21 2328/21/21
f 2328/21/22 2340/44/22 2341/45/22 2329/23/22
f 2329/23/23 2341/45/23 2342/46/23 2330/25/23
f 2330/25/24 2342/46/24 2343/47/24 2331/27/24
f 2331/30/25 2343/48/25 2344/49/25 2332/31/25
f 2332/31/26 2344/49/26 2345/50/26 2333/33/26
f 2333/33/27 2345/50/27 2346/51/27 2334/35/27
f 2334/35/28 2346/51/28 2347/52/28 2335/37/28
f 2335/37/29 2347/52/29 2348/53/29 2336/39/29
f 2336/39/30 2348/53/30 2337/41/30 2325/16/30
f 2337/41/31 2349/54/31 2350/55/31 2338/42/31
f 2338/42/32 2350/55/32 2351/56/32 2339/43/32
f 2339/43/33 2351/56/33 2352/57/33 2340/44/33
f 2340/44/34 2352/57/34 2353/58/34 2341/45/34
f 2341/45/35 2353/58/35 2354/59/35 2342/46/35
f 2342/46/36 2354/59/36 2355/60/36 2343/47/36
f 2343/48/37 2355/61/37 2356/62/37 2344/49/37
f 2344/49/38 2356/62/38 2357/63/38 2345/50/38
f 2345/50/39 2357/63/39 2358/64/39 2346/51/39
f 2346/51/40 2358/64/40 2359/65/40 2347/52/40
f 2347/52/41 2359/65/41 2360/66/41 2348/53/41
f 2348/53/42 2360/66/42 2349/54/42 2337/41/42
f 2349/54/43 2361/67/43 2362/68/43 2350/55/43
f 2350/55/44 2362/68/44 2363/69/44 2351/56/44
f 2351/56/45 2363/69/45 2364/70/45 2352/57/45
f 2352/57/46 2364/70/46 2365/71/46 2353/58/46
f 2353/58/47 2365/71/47 2366/72/47 2354/59/47
f 2354/59/48 2366/72/48 2367/73/48 2355/60/48
f 2355/61/49 2367/74/49 2368/75/49 2356/62/49
f 2356/62/50 2368/75/50 2369/76/50 2357/63/50
f 2357/63/51 2369/76/51 2370/77/51 2358/64/51
f 2358/64/52 2370/77/52 2371/78/52 2359/65/52
f 2359/65/53 2371/78/53 2372/79/53 2360/66/53
f 2360/66/54 2372/79/54 2361/67/54 2349/54/54
f 2361/67/55 2373/80/55 2374/81/55 2362/68/55
f 2362/68/56 2374/81/56 2375/82/56 2363/69/56
f 2363/69/57 2375/82/57 2376/83/57 2364/70/57
f 2364/70/58 2376/83/58 2377/84/58 2365/71/58
f 2365/71/59 2377/84/59 2378/85/59 2366/72/59
f 2366/72/60 2378/85/60 2379/86/60 2367/73/60
f 2367/74/61 2379/87/61 2380/88/61 2368/75/61
f 2368/75/62 2380/88/62 2381/89/62 2369/76/62
f 2369/76/63 2381/89/63 2382/90/63 2370/77/63
f 2370/77/64 2382/90/64 2383/91/64 2371/78/64
f 2371/78/65 2383/91/65 2384/92/65 2372/79/65
f 2372/79/66 2384/92/66 2373/80/66 2361/67/66
f 2373/80/67 2385/5/67 2386/93/67 2374/81/67
f 2374/81/68 2386/93/68 2387/94/68 2375/82/68
f 2375/82/69 2387/94/69 2388/7/69 2376/83/69
f 2376/83/70 2388/7/70 2389/95/70 2377/84/70
f 2377/84/71 2389/95/71 2390/96/71 2378/85/71
f 2378/85/72 2390/96/72 2391/9/72 2379/86/72
f 2379/87/73 2391/97/73 2392/98/73 2380/88/73
f 2380/88/74 2392/98/74 2393/99/74 2381/89/74
f 2381/89/75 2393/99/75 2394/3/75 2382/90/75
f 2382/90/76 2394/3/76 2395/100/76 2383/91/76
f 2383/91/77 2395/100/77 2396/101/77 2384/92/77
f 2384/92/78 2396/101/78 2385/5/78 2373/80/78
f 2385/5/79 2397/102/79 2398/103/79 2386/93/79
f 2386/93/80 2398/103/80 2399/104/80 2387/94/80
f 2387/94/81 2399/104/81 2400/105/81 2388/7/81
f 2388/7/82 2400/105/82 2401/106/82 2389/95/82
f 2389/95/83 2401/106/83 2402/107/83 2390/96/83
f 2390/96/84 2402/107/84 2403/108/84 2391/9/84
f 2391/97/85 2403/109/85 2404/110/85 2392/98/85
f 2392/98/86 2404/110/86 2405/111/86 2393/99/86
f 2393/99/87 2405/111/87 2406/112/87 2394/3/87
f 2394/3/88 2406/112/88 2407/113/88 2395/100/88
f 2395/100/89 2407/113/89 2408/114/89 2396/101/89
f 2396/101/90 2408/114/90 2397/102/90 2385/5/90
f 2397/102/91 2409/115/91 2410/116/91 2398/103/91
f 2398/103/92 2410/116/92 2411/117/92 2399/104/92
f 2399/104/93 2411/117/93 2412/118/93 2400/105/93
f 2400/105/94 2412/118/94 2413/119/94 2401/106/94
f 2401/106/95 2413/119/95 2414/120/95 2402/107/95
f 2402/107/96 2414/120/96 2415/121/96 2403/108/96
f 2403/109/97 2415/122/97 2416/123/97 2404/110/97
f 2404/110/98 2416/123/98 2417/124/98 2405/111/98
f 2405/111/99 2417/124/99 2418/125/99 2406/112/99
f 2406/112/100 2418/125/100 2419/126/100 2407/113/100
f 2407/113/101 2419/126/101 2420/127/101 2408/114/101
f 2408/114/102 2420/127/102 2409/115/102 2397/102/102
f 2409/115/103 2421/128/103 2422/129/103 2410/116/103
f 2410/116/104 2422/129/104 2423/130/104 2411/117/104
f 2411/117/105 2423/130/105 2424/131/105 2412/118/105
f 2412/118/106 2424/131/106 2425/132/106 2413/119/106
f 2413/119/107 2425/132/107 2426/133/107 2414/120/107
f 2414/120/108 2426/133/108 2427/134/108 2415/121/108
f 2415/122/109 2427/135/109 2428/136/109 2416/123/109
f 2416/123/110 2428/136/110 2429/137/110 2417/124/110
f 2417/124/111 2429/137/111 2430/138/111 2418/125/111
f 2418/125/112 2430/138/112 2431/139/112 2419/126/112
f 2419/126/113 2431/139/113 2432/140/113 2420/127/113
f 2420/127/114 2432/140/114 2421/128/114 2409/115/114
f 2421/128/115 2433/141/115 2434/142/115 2422/129/115
f 2422/129/116 2434/142/116 2435/143/116 2423/130/116
f 2423/130/117 2435/143/117 2436/144/117 2424/131/117
f 2424/131/118 2436/144/118 2437/145/118 2425/132/118
f 2425/132/119 2437/145/119 2438/146/119 2426/133/119
f 2426/133/120 2438/146/120 2439/147/120 2427/134/120
f 2427/135/121 2439/148/121 2440/149/121 2428/136/121
f 2428/136/122 2440/149/122 2441/150/122 2429/137/122
f 2429/137/123 2441/150/123 2442/151/123 2430/138/123
f 2430/138/124 2442/151/124 2443/152/124 2431/139/124
f 2431/139/125 2443/152/125 2444/153/125 2432/140/125
f 2432/140/126 2444/153/126 2433/141/126 2421/128/126
f 2433/141/127 2445/154/127 2446/155/127 2434/142/127
f 2434/142/128 2446/155/128 2447/156/128 2435/143/128
f 2435/143/129 2447/156/129 2448/157/129 2436/144/129
f 2436/144/130 2448/157/130 2449/158/130 2437/145/130
f 2437/145/131 2449/158/131 2450/159/131 2438/146/131
f 2438/146/132 2450/159/132 2451/160/132 2439/147/132
f 2439/148/133 2451/161/133 2452/162/133 2440/149/133
f 2440/149/134 2452/162/134 2453/163/134 2441/150/134
f 2441/150/135 2453/163/135 2454/164/135 2442/151/135
f 2442/151/136 2454/164/136 2455/165/136 2443/152/136
f 2443/152/137 2455/165/137 2456/166/137 2444/153/137
f 2444/153/138 2456/166/138 2445/154/138 2433/141/138
f 2445/154/139 2457/167/139 2458/168/139 2446/155/139
f 2446/155/299 2458/168/299 2459/169/299 2447/156/299
f 2447/156/141 2459/169/141 2460/170/141 2448/157/141
f 2448/157/142 2460/170/142 2461/171/142 2449/158/142
f 2449/158/143 2461/171/143 2462/172/143 2450/159/143
f 2450/159/144 2462/172/144 2463/173/144 2451/160/144
f 2451/161/145 2463/174/145 2464/175/145 2452/162/145
f 2452/162/146 2464/175/146 2465/176/146 2453/163/146
f 2453/163/147 2465/176/147 2466/177/147 2454/164/147
f 2454/164/148 2466/177/148 2467/178/148 2455/165/148
f 2455/165/300 2467/178/300 2468/179/300 2456/166/300
f 2456/166/150 2468/179/150 2457/167/150 2445/154/150
f 2457/167/151 2469/180/151 2470/181/151 2458/168/151
f 2458/168/152 2470/181/152 2471/182/152 2459/169/152
f 2459/169/153 2471/182/153 2472/183/153 2460/170/153
f 2460/170/154 2472/183/154 2473/184/154 2461/171/154
f 2461/171/155 2473/184/155 2474/185/155 2462/172/155
f 2462/172/156 2474/185/156 2475/186/156 2463/173/156
f 2463/174/157 2475/187/157 2476/188/157 2464/175/157
f 2464/175/158 2476/188/158 2477/189/158 2465/176/158
f 2465/176/159 2477/189/159 2478/190/159 2466/177/159
f 2466/177/160 2478/190/160 2479/191/160 2467/178/160
f 2467/178/161 2479/191/161 2480/192/161 2468/179/161
f 2468/179/162 2480/192/162 2469/180/162 2457/167/162
f 2469/180/163 2481/193/163 2482/194/163 2470/181/163
f 2470/181/164 2482/194/164 2483/195/164 2471/182/164
f 2471/182/165 2483/195/165 2484/196/165 2472/183/165
f 2472/183/166 2484/196/166 2485/197/166 2473/184/166
f 2473/184/167 2485/197/167 2486/198/167 2474/185/167
f 2474/185/168 2486/198/168 2487/199/168 2475/186/168
f 2475/187/169 2487/200/169 2488/201/169 2476/188/169
f 2476/188/170 2488/201/170 2489/202/170 2477/189/170
f 2477/189/171 2489/202/171 2490/203/171 2478/190/171
f 2478/190/172 2490/203/172 2491/204/172 2479/191/172
f 2479/191/173 2491/204/173 2492/205/173 2480/192/173
f 2480/192/174 2492/205/174 2481/193/174 2469/180/174
f 2481/193/175 2493/206/175 2494/207/175 2482/194/175
f 2482/194/176 2494/207/176 2495/208/176 2483/195/176
f 2483/195/177 2495/208/177 2496/209/177 2484/196/177
f 2484/196/178 2496/209/178 2497/210/178 2485/197/178
f 2485/197/179 2497/210/179 2498/211/179 2486/198/179
f 2486/198/180 2498/211/180 2499/212/180 2487/199/180
f 2487/200/181 2499/213/181 2500/214/181 2488/201/181
f 2488/201/182 2500/214/182 2501/215/182 2489/202/182
f 2489/202/183 2501/215/183 2502/216/183 2490/203/183
f 2490/203/184 2502/216/184 2503/217/184 2491/204/184
f 2491/204/185 2503/217/185 2504/218/185 2492/205/185
f 2492/205/186 2504/218/186 2493/206/186 2481/193/186
f 2493/206/187 2505/219/187 2506/220/187 2494/207/187
f 2494/207/188 2506/220/188 2507/221/188 2495/208/188
f 2495/208/189 2507/221/189 2508/222/189 2496/209/189
f 2496/209/190 2508/222/190 2509/223/190 2497/210/190
f 2497/210/191 2509/223/191 2510/224/191 2498/211/191
f 2498/211/192 2510/224/192 2511/225/192 2499/212/192
f 2499/213/193 2511/226/193 2512/227/193 2500/214/193
f 2500/214/194 2512/227/194 2513/228/194 2501/215/194
f 2501/215/195 2513/228/195 2514/229/195 2502/216/195
f 2502/216/196 2514/229/196 2515/230/196 2503/217/196
f 2503/217/197 2515/230/197 2516/231/197 2504/218/197
f 2504/218/198 2516/231/198 2505/219/198 2493/206/198
f 2505/219/199 2517/232/199 2518/233/199 2506/220/199
f 2506/220/200 2518/233/200 2519/234/200 2507/221/200
f 2507/221/201 2519/234/201 2520/235/201 2508/222/201
f 2508/222/202 2520/235/202 2521/236/202 2509/223/202
f 2509/223/203 2521/236/203 2522/237/203 2510/224/203
f 2510/224/204 2522/237/204 2523/238/204 2511/225/204
f 2511/226/205 2523/239/205 2524/240/205 2512/227/205
f 2512/227/206 2524/240/206 2525/241/206 2513/228/206
f 2513/228/207 2525/241/207 2526/242/207 2514/229/207
f 2514/229/208 2526/242/208 2527/243/208 2515/230/208
f 2515/230/209 2527/243/209 2528/244/209 2516/231/209
f 2516/231/210 2528/244/210 2517/232/210 2505/219/210
f 2517/232/211 2529/13/211 2530/245/211 2518/233/211
f 2518/233/212 2530/245/212 2531/246/212 2519/234/212
f 2519/234/213 2531/246/213 2532/14/213 2520/235/213
f 2520/235/214 2532/14/214 2533/247/214 2521/236/214
f 2521/236/215 2533/247/215 2534/248/215 2522/237/215
f 2522/237/216 2534/248/216 2535/249/216 2523/238/216
f 2523/239/217 2535/250/217 2536/251/217 2524/240/217
f 2524/240/218 2536/251/218 2537/252/218 2525/241/218
f 2525/241/219 2537/252/219 2538/253/219 2526/242/219
f 2526/242/220 2538/253/220 2539/254/220 2527/243/220
f 2527/243/221 2539/254/221 2540/255/221 2528/244/221
f 2528/244/222 2540/255/222 2529/13/222 2517/232/222
f 2529/13/223 2541/256/223 2542/257/223 2530/245/223
f 2530/245/224 2542/257/224 2543/258/224 2531/246/224
f 2531/246/225 2543/258/225 2544/259/225 2532/14/225
f 2532/14/226 2544/259/226 2545/260/226 2533/247/226
f 2533/247/227 2545/260/227 2546/261/227 2534/248/227
f 2534/248/228 2546/261/228 2547/262/228 2535/249/228
f 2535/250/229 2547/263/229 2548/264/229 2536/251/229
f 2536/251/230 2548/264/230 2549/265/230 2537/252/230
f 2537/252/231 2549/265/231 2550/266/231 2538/253/231
f 2538/253/232 2550/266/232 2551/267/232 2539/254/232
f 2539/254/233 2551/267/233 2552/268/233 2540/255/233
f 2540/255/234 2552/268/234 2541/256/234 2529/13/234
f 2541/256/235 2553/269/235 2554/270/235 2542/257/235
f 2542/257/236 2554/270/236 2555/271/236 2543/258/236
f 2543/258/237 2555/271/237 2556/272/237 2544/259/237
f 2544/259/238 2556/272/238 2557/273/238 2545/260/238
f 2545/260/239 2557/273/239 2558/274/239 2546/261/239
f 2546/261/240 2558/274/240 2559/275/240 2547/262/240
f 2547/263/241 2559/276/241 2560/277/241 2548/264/241
f 2548/264/242 2560/277/242 2561/278/242 2549/265/242
f 2549/265/243 2561/278/243 2562/279/243 2550/266/243
f 2550/266/244 2562/279/244 2563/280/244 2551/267/244
f 2551/267/245 2563/280/245 2564/281/245 2552/268/245
f 2552/268/246 2564/281/246 2553/269/246 2541/256/246
f 2553/269/247 2565/282/247 2566/283/247 2554/270/247
f 2554/270/248 2566/283/248 2567/284/248 2555/271/248
f 2555/271/249 2567/284/249 2568/285/249 2556/272/249
f 2556/272/250 2568/285/250 2569/286/250 2557/273/250
f 2557/273/251 2569/286/251 2570/287/251 2558/274/251
f 2558/274/252 2570/287/252 2571/288/252 2559/275/252
f 2559/276/253 2571/289/253 2572/290/253 2560/277/253
f 2560/277/254 2572/290/254 2573/291/254 2561/278/254
f 2561/278/255 2573/291/255 2574/292/255 2562/279/255
f 2562/279/256 2574/292/256 2575/293/256 2563/280/256
f 2563/280/257 2575/293/257 2576/294/257 2564/281/257
f 2564/281/258 2576/294/258 2565/282/258 2553/269/258
f 2565/282/259 2577/295/259 2578/296/259 2566/283/259
f 2566/283/260 2578/296/260 2579/297/260 2567/284/260
f 2567/284/261 2579/297/261 2580/298/261 2568/285/261
f 2568/285/262 2580/298/262 2581/299/262 2569/286/262
f 2569/286/263 2581/299/263 2582/300/263 2570/287/263
f 2570/287/264 2582/300/264 2583/301/264 2571/288/264
f 2571/289/265 2583/302/265 2584/303/265 2572/290/265
f 2572/290/266 2584/303/266 2585/304/266 2573/291/266
f 2573/291/267 2585/304/267 2586/305/267 2574/292/267
f 2574/292/268 2586/305/268 2587/306/268 2575/293/268
f 2575/293/269 2587/306/269 2588/307/269 2576/294/269
f 2576/294/270 2588/307/270 2577/295/270 2565/282/270
f 2577/295/271 2589/308/271 2590/309/271 2578/296/271
f 2578/296/272 2590/309/272 2591/310/272 2579/297/272
f 2579/297/273 2591/310/273 2592/311/273 2580/298/273
f 2580/298/274 2592/311/274 2593/312/274 2581/299/274
f 2581/299/275 2593/312/275 2594/313/275 2582/300/275
f 2582/300/276 2594/313/276 2595/314/276 2583/301/276
f 2583/302/277 2595/315/277 2596/316/277 2584/303/277
f 2584/303/278 2596/316/278 2597/317/278 2585/304/278
f 2585/304/279 2597/317/279 2598/318/279 2586/305/279
f 2586/305/280 2598/318/280 2599/319/280 2587/306/280
f 2587/306/281 2599/319/281 2600/320/281 2588/307/281
f 2588/307/282 2600/320/282 2589/308/282 2577/295/282
f 2589/308/283 2601/321/283 2602/322/283 2590/309/283
f 2590/309/284 2602/322/284 2603/323/284 2591/310/284
f 2591/310/285 2603/323/285 2604/324/285 2592/311/285
f 2592/311/286 2604/324/286 2605/325/286 2593/312/286
f 2593/312/307 2605/325/307 2606/326/307 2594/313/307
f 2594/313/288 2606/326/288 2607/327/288 2595/314/288
f 2595/315/289 2607/328/289 2608/329/289 2596/316/289
f 2596/316/308 2608/329/308 2609/330/308 2597/317/308
f 2597/317/291 2609/330/291 2610/331/291 2598/318/291
f 2598/318/292 2610/331/292 2611/332/292 2599/319/292
f 2599/319/293 2611/332/293 2612/333/293 2600/320/293
f 2600/320/294 2612/333/294 2601/321/294 2589/308/294
f 2601/334/12 2613/335/12 2614/336/12 2602/337/12
f 2602/337/295 2614/336/295 2615/338/295 2603/339/295
f 2603/339/10 2615/338/10 2616/340/10 2604/341/10
f 2604/341/9 2616/340/9 2617/342/9 2605/343/9
f 2605/343/296 2617/342/296 2618/344/296 2606/345/296
f 2606/345/7 2618/344/7 2619/346/7 2607/347/7
f 2607/348/18 2619/349/18 2620/350/18 2608/351/18
f 2608/351/297 2620/350/297 2621/352/297 2609/353/297
f 2609/353/16 2621/352/16 2622/354/16 2610/355/16
f 2610/355/15 2622/354/15 2623/356/15 2611/357/15
f 2611/357/298 2623/356/298 2624/358/298 2612/359/298
f 2612/359/13 2624/358/13 2613/335/13 2601/334/13
f 2613/335/24 2625/360/24 2626/361/24 2614/336/24
f 2614/336/23 2626/361/23 2627/362/23 2615/338/23
f 2615/338/22 2627/362/22 2628/363/22 2616/340/22
f 2616/340/21 2628/363/21 2629/364/21 2617/342/21
f 2617/342/20 2629/364/20 2630/365/20 2618/344/20
f 2618/344/19 2630/365/19 2631/366/19 2619/346/19
f 2619/349/30 2631/367/30 2632/368/30 2620/350/30
f 2620/350/29 2632/368/29 2633/369/29 2621/352/29
f 2621/352/28 2633/369/28 2634/370/28 2622/354/28
f 2622/354/27 2634/370/27 2635/371/27 2623/356/27
f 2623/356/26 2635/371/26 2636/372/26 2624/358/26
f 2624/358/25 2636/372/25 2625/360/25 2613/335/25
f 2625/360/36 2637/373/36 2638/374/36 2626/361/36
f 2626/361/35 2638/374/35 2639/375/35 2627/362/35
f 2627/362/34 2639/375/34 2640/376/34 2628/363/34
f 2628/363/33 2640/376/33 2641/377/33 2629/364/33
f 2629/364/32 2641/377/32 2642/378/32 2630/365/32
f 2630/365/31 2642/378/31 2643/379/31 2631/366/31
f 2631/367/42 2643/380/42 2644/381/42 2632/368/42
f 2632/368/41 2644/381/41 2645/382/41 2633/369/41
f 2633/369/40 2645/382/40 2646/383/40 2634/370/40
f 2634/370/39 2646/383/39 2647/384/39 2635/371/39
f 2635/371/38 2647/384/38 2648/385/38 2636/372/38
f 2636/372/37 2648/385/37 2637/373/37 2625/360/37
f 2637/373/48 2649/386/48 2650/387/48 2638/374/48
f 2638/374/47 2650/387/47 2651/388/47 2639/375/47
f 2639/375/46 2651/388/46 2652/389/46 2640/376/46
f 2640/376/45 2652/389/45 2653/390/45 2641/377/45
f 2641/377/44 2653/390/44 2654/391/44 2642/378/44
f 2642/378/43 2654/391/43 2655/392/43 2643/379/43
f 2643/380/54 2655/393/54 2656/394/54 2644/381/54
f 2644/381/53 2656/394/53 2657/395/53 2645/382/53
f 2645/382/52 2657/395/52 2658/396/52 2646/383/52
f 2646/383/51 2658/396/51 2659/397/51 2647/384/51
f 2647/384/50 2659/397/50 2660/398/50 2648/385/50
f 2648/385/49 2660/398/49 2649/386/49 2637/373/49
f 2649/386/60 2661/399/60 2662/400/60 2650/387/60
f 2650/387/59 2662/400/59 2663/401/59 2651/388/59
f 2651/388/58 2663/401/58 2664/402/58 2652/389/58
f 2652/389/57 2664/402/57 2665/403/57 2653/390/57
f 2653/390/56 2665/403/56 2666/404/56 2654/391/56
f 2654/391/55 2666/404/55 2667/405/55 2655/392/55
f 2655/393/66 2667/406/66 2668/407/66 2656/394/66
f 2656/394/65 2668/407/65 2669/408/65 2657/395/65
f 2657/395/64 2669/408/64 2670/409/64 2658/396/64
f 2658/396/63 2670/409/63 2671/410/63 2659/397/63
f 2659/397/62 2671/410/62 2672/411/62 2660/398/62
f 2660/398/61 2672/411/61 2661/399/61 2649/386/61
f 2661/399/72 2673/11/72 2674/412/72 2662/400/72
f 2662/400/71 2674/412/71 2675/413/71 2663/401/71
f 2663/401/70 2675/413/70 2676/12/70 2664/402/70
f 2664/402/69 2676/12/69 2677/414/69 2665/403/69
f 2665/403/68 2677/414/68 2678/415/68 2666/404/68
f 2666/404/67 2678/415/67 2679/416/67 2667/405/67
f 2667/406/78 2679/417/78 2680/418/78 2668/407/78
f 2668/407/77 2680/418/77 2681/419/77 2669/408/77
f 2669/408/76 2681/419/76 2682/420/76 2670/409/76
f 2670/409/75 2682/420/75 2683/421/75 2671/410/75
f 2671/410/74 2683/421/74 2684/422/74 2672/411/74
f 2672/411/73 2684/422/73 2673/11/73 2661/399/73
f 2673/11/84 2685/423/84 2686/424/84 2674/412/84
f 2674/412/83 2686/424/83 2687/425/83 2675/413/83
f 2675/413/82 2687/425/82 2688/426/82 2676/12/82
f 2676/12/81 2688/426/81 2689/427/81 2677/414/81
f 2677/414/80 2689/427/80 2690/428/80 2678/415/80
f 2678/415/79 2690/428/79 2691/429/79 2679/416/79
f 2679/417/90 2691/430/90 2692/431/90 2680/418/90
f 2680/418/89 2692/431/89 2693/432/89 2681/419/89
f 2681/419/88 2693/432/88 2694/433/88 2682/420/88
f 2682/420/87 2694/433/87 2695/434/87 2683/421/87
f 2683/421/86 2695/434/86 2696/435/86 2684/422/86
f 2684/422/85 2696/435/85 2685/423/85 2673/11/85
f 2685/423/96 2697/436/96 2698/437/96 2686/424/96
f 2686/424/95 2698/437/95 2699/438/95 2687/425/95
f 2687/425/94 2699/438/94 2700/439/94 2688/426/94
f 2688/426/93 2700/439/93 2701/440/93 2689/427/93
f 2689/427/92 2701/440/92 2702/441/92 2690/428/92
f 2690/428/91 2702/441/91 2703/442/91 2691/429/91
f 2691/430/102 2703/443/102 2704/444/102 2692/431/102
f 2692/431/101 2704/444/101 2705/445/101 2693/432/101
f 2693/432/100 2705/445/100 2706/446/100 2694/433/100
f 2694/433/99 2706/446/99 2707/447/99 2695/434/99
f 2695/434/98 2707/447/98 2708/448/98 2696/435/98
f 2696/435/97 2708/448/97 2697/436/97 2685/423/97
f 2697/436/108 2709/449/108 2710/450/108 2698/437/108
f 2698/437/107 2710/450/107 2711/451/107 2699/438/107
f 2699/438/106 2711/451/106 2712/452/106 2700/439/106
f 2700/439/105 2712/452/105 2713/453/105 2701/440/105
f 2701/440/104 2713/453/104 2714/454/104 2702/441/104
f 2702/441/103 2714/454/103 2715/455/103 2703/442/103
f 2703/443/114 2715/456/114 2716/457/114 2704/444/114
f 2704/444/113 2716/457/113 2717/458/113 2705/445/113
f 2705/445/112 2717/458/112 2718/459/112 2706/446/112
f 2706/446/111 2718/459/111 2719/460/111 2707/447/111
f 2707/447/110 2719/460/110 2720/461/110 2708/448/110
f 2708/448/109 2720/461/109 2709/449/109 2697/436/109
f 2709/449/120 2721/462/120 2722/463/120 2710/450/120
f 2710/450/119 2722/463/119 2723/464/119 2711/451/119
f 2711/451/118 2723/464/118 2724/465/118 2712/452/118
f 2712/452/117 2724/465/117 2725/466/117 2713/453/117
f 2713/453/116 2725/466/116 2726/467/116 2714/454/116
f 2714/454/115 2726/467/115 2727/468/115 2715/455/115
f 2715/456/126 2727/469/126 2728/470/126 2716/457/126
f 2716/457/125 2728/470/125 2729/471/125 2717/458/125
f 2717/458/124 2729/471/124 2730/472/124 2718/459/124
f 2718/459/123 2730/472/123 2731/473/123 2719/460/123
f 2719/460/122 2731/473/122 2732/474/122 2720/461/122
f 2720/461/121 2732/474/121 2721/462/121 2709/449/121
f 2721/462/132 2733/475/132 2734/476/132 2722/463/132
f 2722/463/131 2734/476/131 2735/477/131 2723/464/131
f 2723/464/130 2735/477/130 2736/478/130 2724/465/130
f 2724/465/129 2736/478/129 2737/479/129 2725/466/129
f 2725/466/128 2737/479/128 2738/480/128 2726/467/128
f 2726/467/127 2738/480/127 2739/481/127 2727/468/127
f 2727/469/138 2739/482/138 2740/483/138 2728/470/138
f 2728/470/137 2740/483/137 2741/484/137 2729/471/137
f 2729/471/136 2741/484/136 2742/485/136 2730/472/136
f 2730/472/135 2742/485/135 2743/486/135 2731/473/135
f 2731/473/134 2743/486/134 2744/487/134 2732/474/134
f 2732/474/133 2744/487/133 2733/475/133 2721/462/133
f 2733/475/144 2745/488/144 2746/489/144 2734/476/144
f 2734/476/143 2746/489/143 2747/490/143 2735/477/143
f 2735/477/142 2747/490/142 2748/491/142 2736/478/142
f 2736/478/141 2748/491/141 2749/492/141 2737/479/141
f 2737/479/299 2749/492/299 2750/493/299 2738/480/299
f 2738/480/139 2750/493/139 2751/494/139 2739/481/139
f 2739/482/150 2751/495/150 2752/496/150 2740/483/150
f 2740/483/300 2752/496/300 2753/497/300 2741/484/300
f 2741/484/148 2753/497/148 2754/498/148 2742/485/148
f 2742/485/147 2754/498/147 2755/499/147 2743/486/147
f 2743/486/146 2755/499/146 2756/500/146 2744/487/146
f 2744/487/145 2756/500/145 2745/488/145 2733/475/145
f 2745/488/156 2757/501/156 2758/502/156 2746/489/156
f 2746/489/155 2758/502/155 2759/503/155 2747/490/155
f 2747/490/154 2759/503/154 2760/504/154 2748/491/154
f 2748/491/153 2760/504/153 2761/505/153 2749/492/153
f 2749/492/152 2761/505/152 2762/506/152 2750/493/152
f 2750/493/151 2762/506/151 2763/507/151 2751/494/151
f 2751/495/162 2763/508/162 2764/509/162 2752/496/162
f 2752/496/161 2764/509/161 2765/510/161 2753/497/161
f 2753/497/160 2765/510/160 2766/511/160 2754/498/160
f 2754/498/159 2766/511/159 2767/512/159 2755/499/159
f 2755/499/158 2767/512/158 2768/513/158 2756/500/158
f 2756/500/157 2768/513/157 2757/501/157 2745/488/157
f 2757/501/168 2769/514/168 2770/515/168 2758/502/168
f 2758/502/167 2770/515/167 2771/516/167 2759/503/167
f 2759/503/166 2771/516/166 2772/517/166 2760/504/166
f 2760/504/165 2772/517/165 2773/518/165 2761/505/165
f 2761/505/164 2773/518/164 2774/519/164 2762/506/164
f 2762/506/163 2774/519/163 2775/520/163 2763/507/163
f 2763/508/174 2775/521/174 2776/522/174 2764/509/174
f 2764/509/173 2776/522/173 2777/523/173 2765/510/173
f 2765/510/172 2777/523/172 2778/524/172 2766/511/172
f 2766/511/171 2778/524/171 2779/525/171 2767/512/171
f 2767/512/170 2779/525/170 2780/526/170 2768/513/170
f 2768/513/169 2780/526/169 2769/514/169 2757/501/169
f 2769/514/180 2781/527/180 2782/528/180 2770/515/180
f 2770/515/179 2782/528/179 2783/529/179 2771/516/179
f 2771/516/178 2783/529/178 2784/530/178 2772/517/178
f 2772/517/177 2784/530/177 2785/531/177 2773/518/177
f 2773/518/176 2785/531/176 2786/532/176 2774/519/176
f 2774/519/175 2786/532/175 2787/533/175 2775/520/175
f 2775/521/186 2787/534/186 2788/535/186 2776/522/186
f 2776/522/185 2788/535/185 2789/536/185 2777/523/185
f 2777/523/184 2789/536/184 2790/537/184 2778/524/184
f 2778/524/183 2790/537/183 2791/538/183 2779/525/183
f 2779/525/182 2791/538/182 2792/539/182 2780/526/182
f 2780/526/181 2792/539/181 2781/527/181 2769/514/181
f 2781/527/192 2793/540/192 2794/541/192 2782/528/192
f 2782/528/191 2794/541/191 2795/542/191 2783/529/191
f 2783/529/190 2795/542/190 2796/543/190 2784/530/190
f 2784/530/189 2796/543/189 2797/544/189 2785/531/189
f 2785/531/188 2797/544/188 2798/545/188 2786/532/188
f 2786/532/187 2798/545/187 2799/546/187 2787/533/187
f 2787/534/198 2799/547/198 2800/548/198 2788/535/198
f 2788/535/197 2800/548/197 2801/549/197 2789/536/197
f 2789/536/196 2801/549/196 2802/550/196 2790/537/196
f 2790/537/195 2802/550/195 2803/551/195 2791/538/195
f 2791/538/194 2803/551/194 2804/552/194 2792/539/194
f 2792/539/193 2804/552/193 2793/540/193 2781/527/193
f 2793/540/204 2805/553/204 2806/554/204 2794/541/204
f 2794/541/203 2806/554/203 2807/555/203 2795/542/203
f 2795/542/202 2807/555/202 2808/556/202 2796/543/202
f 2796/543/201 2808/556/201 2809/557/201 2797/544/201
f 2797/544/200 2809/557/200 2810/558/200 2798/545/200
f 2798/545/199 2810/558/199 2811/559/199 2799/546/199
f 2799/547/210 2811/560/210 2812/561/210 2800/548/210
f 2800/548/209 2812/561/209 2813/562/209 2801/549/209
f 2801/549/208 2813/562/208 2814/563/208 2802/550/208
f 2802/550/207 2814/563/207 2815/564/207 2803/551/207
f 2803/551/206 2815/564/206 2816/565/206 2804/552/206
f 2804/552/205 2816/565/205 2805/553/205 2793/540/205
f 2805/553/216 2817/6/216 2818/566/216 2806/554/216
f 2806/554/215 2818/566/215 2819/567/215 2807/555/215
f 2807/555/214 2819/567/214 2820/8/214 2808/556/214
f 2808/556/213 2820/8/213 2821/568/213 2809/557/213
f 2809/557/212 2821/568/212 2822/569/212 2810/558/212
f 2810/558/211 2822/569/211 2823/10/211 2811/559/211
f 2811/560/222 2823/570/222 2824/571/222 2812/561/222
f 2812/561/221 2824/571/221 2825/572/221 2813/562/221
f 2813/562/220 2825/572/220 2826/4/220 2814/563/220
f 2814/563/219 2826/4/219 2827/573/219 2815/564/219
f 2815/564/218 2827/573/218 2828/574/218 2816/565/218
f 2816/565/217 2828/574/217 2817/6/217 2805/553/217
f 2817/6/228 2829/575/228 2830/576/228 2818/566/228
f 2818/566/227 2830/576/227 2831/577/227 2819/567/227
f 2819/567/226 2831/577/226 2832/578/226 2820/8/226
f 2820/8/225 2832/578/225 2833/579/225 2821/568/225
f 2821/568/224 2833/579/224 2834/580/224 2822/569/224
f 2822/569/223 2834/580/223 2835/581/223 2823/10/223
f 2823/570/234 2835/582/234 2836/583/234 2824/571/234
f 2824/571/233 2836/583/233 2837/584/233 2825/572/233
f 2825/572/232 2837/584/232 2838/585/232 2826/4/232
f 2826/4/231 2838/585/231 2839/586/231 2827/573/231
f 2827/573/230 2839/586/230 2840/587/230 2828/574/230
f 2828/574/229 2840/587/229 2829/575/229 2817/6/229
f 2829/575/240 2841/588/240 2842/589/240 2830/576/240
f 2830/576/239 2842/589/239 2843/590/239 2831/577/239
f 2831/577/238 2843/590/238 2844/591/238 2832/578/238
f 2832/578/237 2844/591/237 2845/592/237 2833/579/237
f 2833/579/236 2845/592/236 2846/593/236 2834/580/236
f 2834/580/235 2846/593/235 2847/594/235 2835/581/235
f 2835/582/246 2847/595/246 2848/596/246 2836/583/246
f 2836/583/245 2848/596/245 2849/597/245 2837/584/245
f 2837/584/244 2849/597/244 2850/598/244 2838/585/244
f 2838/585/243 2850/598/243 2851/599/243 2839/586/243
f 2839/586/242 2851/599/242 2852/600/242 2840/587/242
f 2840/587/241 2852/600/241 2841/588/241 2829/575/241
f 2841/588/252 2853/601/252 2854/602/252 2842/589/252
f 2842/589/251 2854/602/251 2855/603/251 2843/590/251
f 2843/590/250 2855/603/250 2856/604/250 2844/591/250
f 2844/591/249 2856/604/249 2857/605/249 2845/592/249
f 2845/592/248 2857/605/248 2858/606/248 2846/593/248
f 2846/593/247 2858/606/247 2859/607/247 2847/594/247
f 2847/595/258 2859/608/258 2860/609/258 2848/596/258
f 2848/596/257 2860/609/257 2861/610/257 2849/597/257
f 2849/597/256 2861/610/256 2862/611/256 2850/598/256
f 2850/598/255 2862/611/255 2863/612/255 2851/599/255
f 2851/599/254 2863/612/254 2864/613/254 2852/600/254
f 2852/600/253 2864/613/253 2853/601/253 2841/588/253
f 2853/601/264 2865/614/264 2866/615/264 2854/602/264
f 2854/602/263 2866/615/263 2867/616/263 2855/603/263
f 2855/603/262 2867/616/262 2868/617/262 2856/604/262
f 2856/604/261 2868/617/261 2869/618/261 2857/605/261
f 2857/605/260 2869/618/260 2870/619/260 2858/606/260
f 2858/606/259 2870/619/259 2871/620/259 2859/607/259
f 2859/608/270 2871/621/270 2872/622/270 2860/609/270
f 2860/609/269 2872/622/269 2873/623/269 2861/610/269
f 2861/610/268 2873/623/268 2874/624/268 2862/611/268
f 2862/611/267 2874/624/267 2875/625/267 2863/612/267
f 2863/612/266 2875/625/266 2876/626/266 2864/613/266
f 2864/613/265 2876/626/265 2865/614/265 2853/601/265
f 2865/614/276 2877/627/276 2878/628/276 2866/615/276
f 2866/615/275 2878/628/275 2879/629/275 2867/616/275
f 2867/616/274 2879/629/274 2880/630/274 2868/617/274
f 2868/617/273 2880/630/273 2881/631/273 2869/618/273
f 2869/618/272 2881/631/272 2882/632/272 2870/619/272
f 2870/619/271 2882/632/271 2883/633/271 2871/620/271
f 2871/621/282 2883/634/282 2884/635/282 2872/622/282
f 2872/622/281 2884/635/281 2885/636/281 2873/623/281
f 2873/623/280 2885/636/280 2886/637/280 2874/624/280
f 2874/624/279 2886/637/279 2887/638/279 2875/625/279
f 2875/625/278 2887/638/278 2888/639/278 2876/626/278
f 2876/626/277 2888/639/277 2877/627/277 2865/614/277
f 2877/627/288 2313/15/288 2314/18/288 2878/628/288
f 2878/628/307 2314/18/307 2315/20/307 2879/629/307
f 2879/629/286 2315/20/286 2316/22/286 2880/630/286
f 2880/630/285 2316/22/285 2317/24/285 2881/631/285
f 2881/631/284 2317/24/284 2318/26/284 2882/632/284
f 2882/632/283 2318/26/283 2319/28/283 2883/633/283
f 2883/634/294 2319/29/294 2320/32/294 2884/635/294
f 2884/635/293 2320/32/293 2321/34/293 2885/636/293
f 2885/636/292 2321/34/292 2322/36/292 2886/637/292
f 2886/637/291 2322/36/291 2323/38/291 2887/638/291
f 2887/638/308 2323/38/308 2324/40/308 2888/639/308
f 2888/639/289 2324/40/289 2313/15/289 2877/627/289
f 2889/15/7 2901/16/7 2902/17/7 2890/18/7
f 2890/18/8 2902/17/8 2903/19/8 2891/20/8
f 2891/20/9 2903/19/9 2904/21/9 2892/22/9
f 2892/22/10 2904/21/10 2905/23/10 2893/24/10
f 2893/24/295 2905/23/295 2906/25/295 2894/26/295
f 2894/26/12 2906/25/12 2907/27/12 2895/28/12
f 2895/29/13 2907/30/13 2908/31/13 2896/32/13
f 2896/32/298 2908/31/298 2909/33/298 2897/34/298
f 2897/34/15 2909/33/15 2910/35/15 2898/36/15
f 2898/36/16 2910/35/16 2911/37/16 2899/38/16
f 2899/38/17 2911/37/17 2912/39/17 2900/40/17
f 2900/40/18 2912/39/18 2901/16/18 2889/15/18
f 2901/16/19 2913/41/19 2914/42/19 2902/17/19
f 2902/17/20 2914/42/20 2915/43/20 2903/19/20
f 2903/19/21 2915/43/21 2916/44/21 2904/21/21
f 2904/21/22 2916/44/22 2917/45/22 2905/23/22
f 2905/23/23 2917/45/23 2918/46/23 2906/25/23
f 2906/25/24 2918/46/24 2919/47/24 2907/27/24
f 2907/30/25 2919/48/25 2920/49/25 2908/31/25
f 2908/31/26 2920/49/26 2921/50/26 2909/33/26
f 2909/33/27 2921/50/27 2922/51/27 2910/35/27
f 2910/35/28 2922/51/28 2923/52/28 2911/37/28
f 2911/37/29 2923/52/29 2924/53/29 2912/39/29
f 2912/39/30 2924/53/30 2913/41/30 2901/16/30
f 2913/41/31 2925/54/31 2926/55/31 2914/42/31
f 2914/42/32 2926/55/32 2927/56/32 2915/43/32
f 2915/43/33 2927/56/33 2928/57/33 2916/44/33
f 2916/44/34 2928/57/34 2929/58/34 2917/45/34
f 2917/45/35 2929/58/35 2930/59/35 2918/46/35
f 2918/46/36 2930/59/36 2931/60/36 2919/47/36
f 2919/48/37 2931/61/37 2932/62/37 2920/49/37
f 2920/49/38 2932/62/38 2933/63/38 2921/50/38
f 2921/50/39 2933/63/39 2934/64/39 2922/51/39
f 2922/51/40 2934/64/40 2935/65/40 2923/52/40
f 2923/52/41 2935/65/41 2936/66/41 2924/53/41
f 2924/53/42 2936/66/42 2925/54/42 2913/41/42
f 2925/54/43 2937/67/43 2938/68/43 2926/55/43
f 2926/55/44 2938/68/44 2939/69/44 2927/56/44
f 2927/56/45 2939/69/45 2940/70/45 2928/57/45
f 2928/57/46 2940/70/46 2941/71/46 2929/58/46
f 2929/58/47 2941/71/47 2942/72/47 2930/59/47
f 2930/59/48 2942/72/48 2943/73/48 2931/60/48
f 2931/61/49 2943/74/49 2944/75/49 2932/62/49
f 2932/62/50 2944/75/50 2945/76/50 2933/63/50
f 2933/63/51 2945/76/51 2946/77/51 2934/64/51
f 2934/64/52 2946/77/52 2947/78/52 2935/65/52
f 2935/65/53 2947/78/53 2948/79/53 2936/66/53
f 2936/66/54 2948/79/54 2937/67/54 2925/54/54
f 2937/67/55 2949/80/55 2950/81/55 2938/68/55
f 2938/68/56 2950/81/56 2951/82/56 2939/69/56
f 2939/69/57 2951/82/57 2952/83/57 2940/70/57
f 2940/70/58 2952/83/58 2953/84/58 2941/71/58
f 2941/71/59 2953/84/59 2954/85/59 2942/72/59
f 2942/72/60 2954/85/60 2955/86/60 2943/73/60
f 2943/74/61 2955/87/61 2956/88/61 2944/75/61
f 2944/75/62 2956/88/62 2957/89/62 2945/76/62
f 2945/76/63 2957/89/63 2958/90/63 2946/77/63
f 2946/77/64 2958/90/64 2959/91/64 2947/78/64
f 2947/78/65 2959/91/65 2960/92/65 2948/79/65
f 2948/79/66 2960/92/66 2949/80/66 2937/67/66
f 2949/80/67 2961/5/67 2962/93/67 2950/81/67
f 2950/81/68 2962/93/68 2963/94/68 2951/82/68
f 2951/82/69 2963/94/69 2964/7/69 2952/83/69
f 2952/83/70 2964/7/70 2965/95/70 2953/84/70
f 2953/84/71 2965/95/71 2966/96/71 2954/85/71
f 2954/85/72 2966/96/72 2967/9/72 2955/86/72
f 2955/87/73 2967/97/73 2968/98/73 2956/88/73
f 2956/88/74 2968/98/74 2969/99/74 2957/89/74
f 2957/89/75 2969/99/75 2970/3/75 2958/90/75
f 2958/90/76 2970/3/76 2971/100/76 2959/91/76
f 2959/91/77 2971/100/77 2972/101/77 2960/92/77
f 2960/92/78 2972/101/78 2961/5/78 2949/80/78
f 2961/5/79 2973/102/79 2974/103/79 2962/93/79
f 2962/93/80 2974/103/80 2975/104/80 2963/94/80
f 2963/94/81 2975/104/81 2976/105/81 2964/7/81
f 2964/7/82 2976/105/82 2977/106/82 2965/95/82
f 2965/95/83 2977/106/83 2978/107/83 2966/96/83
f 2966/96/84 2978/107/84 2979/108/84 2967/9/84
f 2967/97/85 2979/109/85 2980/110/85 2968/98/85
f 2968/98/86 2980/110/86 2981/111/86 2969/99/86
f 2969/99/87 2981/111/87 2982/112/87 2970/3/87
f 2970/3/88 2982/112/88 2983/113/88 2971/100/88
f 2971/100/89 2983/113/89 2984/114/89 2972/101/89
f 2972/101/90 2984/114/90 2973/102/90 2961/5/90
f 2973/102/91 2985/115/91 2986/116/91 2974/103/91
f 2974/103/92 2986/116/92 2987/117/92 2975/104/92
f 2975/104/93 2987/117/93 2988/118/93 2976/105/93
f 2976/105/94 2988/118/94 2989/119/94 2977/106/94
f 2977/106/95 2989/119/95 2990/120/95 2978/107/95
f 2978/107/96 2990/120/96 2991/121/96 2979/108/96
f 2979/109/97 2991/122/97 2992/123/97 2980/110/97
f 2980/110/98 2992/123/98 2993/124/98 2981/111/98
f 2981/111/99 2993/124/99 2994/125/99 2982/112/99
f 2982/112/100 2994/125/100 2995/126/100 2983/113/100
f 2983/113/101 2995/126/101 2996/127/101 2984/114/101
f 2984/114/102 2996/127/102 2985/115/102 2973/102/102
f 2985/115/103 2997/128/103 2998/129/103 2986/116/103
f 2986/116/104 2998/129/104 2999/130/104 2987/117/104
f 2987/117/105 2999/130/105 3000/131/105 2988/118/105
f 2988/118/106 3000/131/106 3001/132/106 2989/119/106
f 2989/119/107 3001/132/107 3002/133/107 2990/120/107
f 2990/120/108 3002/133/108 3003/134/108 2991/121/108
f 2991/122/109 3003/135/109 3004/136/109 2992/123/109
f 2992/123/110 3004/136/110 3005/137/110 2993/124/110
f 2993/124/111 3005/137/111 3006/138/111 2994/125/111
f 2994/125/112 3006/138/112 3007/139/112 2995/126/112
f 2995/126/113 3007/139/113 3008/140/113 2996/127/113
f 2996/127/114 3008/140/114 2997/128/114 2985/115/114
f 2997/128/115 3009/141/115 3010/142/115 2998/129/115
f 2998/129/116 3010/142/116 3011/143/116 2999/130/116
f 2999/130/117 3011/143/117 3012/144/117 3000/131/117
f 3000/131/118 3012/144/118 3013/145/118 3001/132/118
f 3001/132/119 3013/145/119 3014/146/119 3002/133/119
f 3002/133/120 3014/146/120 3015/147/120 3003/134/120
f 3003/135/121 3015/148/121 3016/149/121 3004/136/121
f 3004/136/122 3016/149/122 3017/150/122 3005/137/122
f 3005/137/123 3017/150/123 3018/151/123 3006/138/123
f 3006/138/124 3018/151/124 3019/152/124 3007/139/124
f 3007/139/125 3019/152/125 3020/153/125 3008/140/125
f 3008/140/126 3020/153/126 3009/141/126 2997/128/126
f 3009/141/127 3021/154/127 3022/155/127 3010/142/127
f 3010/142/128 3022/155/128 3023/156/128 3011/143/128
f 3011/143/129 3023/156/129 3024/157/129 3012/144/129
f 3012/144/130 3024/157/130 3025/158/130 3013/145/130
f 3013/145/131 3025/158/131 3026/159/131 3014/146/131
f 3014/146/132 3026/159/132 3027/160/132 3015/147/132
f 3015/148/133 3027/161/133 3028/162/133 3016/149/133
f 3016/149/134 3028/162/134 3029/163/134 3017/150/134
f 3017/150/135 3029/163/135 3030/164/135 3018/151/135
f 3018/151/136 3030/164/136 3031/165/136 3019/152/136
f 3019/152/137 3031/165/137 3032/166/137 3020/153/137
f 3020/153/138 3032/166/138 3021/154/138 3009/141/138
f 3021/154/139 3033/167/139 3034/168/139 3022/155/139
f 3022/155/140 3034/168/140 3035/169/140 3023/156/140
f 3023/156/141 3035/169/141 3036/170/141 3024/157/141
f 3024/157/142 3036/170/142 3037/171/142 3025/158/142
f 3025/158/143 3037/171/143 3038/172/143 3026/159/143
f 3026/159/144 3038/172/144 3039/173/144 3027/160/144
f 3027/161/145 3039/174/145 3040/175/145 3028/162/145
f 3028/162/146 3040/175/146 3041/176/146 3029/163/146
f 3029/163/147 3041/176/147 3042/177/147 3030/164/147
f 3030/164/148 3042/177/148 3043/178/148 3031/165/148
f 3031/165/149 3043/178/149 3044/179/149 3032/166/149
f 3032/166/150 3044/179/150 3033/167/150 3021/154/150
f 3033/167/151 3045/180/151 3046/181/151 3034/168/151
f 3034/168/152 3046/181/152 3047/182/152 3035/169/152
f 3035/169/153 3047/182/153 3048/183/153 3036/170/153
f 3036/170/154 3048/183/154 3049/184/154 3037/171/154
f 3037/171/155 3049/184/155 3050/185/155 3038/172/155
f 3038/172/156 3050/185/156 3051/186/156 3039/173/156
f 3039/174/157 3051/187/157 3052/188/157 3040/175/157
f 3040/175/158 3052/188/158 3053/189/158 3041/176/158
f 3041/176/159 3053/189/159 3054/190/159 3042/177/159
f 3042/177/160 3054/190/160 3055/191/160 3043/178/160
f 3043/178/161 3055/191/161 3056/192/161 3044/179/161
f 3044/179/162 3056/192/162 3045/180/162 3033/167/162
f 3045/180/163 3057/193/163 3058/194/163 3046/181/163
f 3046/181/164 3058/194/164 3059/195/164 3047/182/164
f 3047/182/165 3059/195/165 3060/196/165 3048/183/165
f 3048/183/166 3060/196/166 3061/197/166 3049/184/166
f 3049/184/167 3061/197/167 3062/198/167 3050/185/167
f 3050/185/168 3062/198/168 3063/199/168 3051/186/168
f 3051/187/169 3063/200/169 3064/201/169 3052/188/169
f 3052/188/170 3064/201/170 3065/202/170 3053/189/170
f 3053/189/171 3065/202/171 3066/203/171 3054/190/171
f 3054/190/172 3066/203/172 3067/204/172 3055/191/172
f 3055/191/173 3067/204/173 3068/205/173 3056/192/173
f 3056/192/174 3068/205/174 3057/193/174 3045/180/174
f 3057/193/175 3069/206/175 3070/207/175 3058/194/175
f 3058/194/176 3070/207/176 3071/208/176 3059/195/176
f 3059/195/177 3071/208/177 3072/209/177 3060/196/177
f 3060/196/178 3072/209/178 3073/210/178 3061/197/178
f 3061/197/179 3073/210/179 3074/211/179 3062/198/179
f 3062/198/180 3074/211/180 3075/212/180 3063/199/180
f 3063/200/181 3075/213/181 3076/214/181 3064/201/181
f 3064/201/182 3076/214/182 3077/215/182 3065/202/182
f 3065/202/183 3077/215/183 3078/216/183 3066/203/183
f 3066/203/184 3078/216/184 3079/217/184 3067/204/184
f 3067/204/185 3079/217/185 3080/218/185 3068/205/185
f 3068/205/186 3080/218/186 3069/206/186 3057/193/186
f 3069/206/187 3081/219/187 3082/220/187 3070/207/187
f 3070/207/188 3082/220/188 3083/221/188 3071/208/188
f 3071/208/189 3083/221/189 3084/222/189 3072/209/189
f 3072/209/190 3084/222/190 3085/223/190 3073/210/190
f 3073/210/191 3085/223/191 3086/224/191 3074/211/191
f 3074/211/192 3086/224/192 3087/225/192 3075/212/192
f 3075/213/193 3087/226/193 3088/227/193 3076/214/193
f 3076/214/194 3088/227/194 3089/228/194 3077/215/194
f 3077/215/195 3089/228/195 3090/229/195 3078/216/195
f 3078/216/196 3090/229/196 3091/230/196 3079/217/196
f 3079/217/197 3091/230/197 3092/231/197 3080/218/197
f 3080/218/198 3092/231/198 3081/219/198 3069/206/198
f 3081/219/199 3093/232/199 3094/233/199 3082/220/199
f 3082/220/200 3094/233/200 3095/234/200 3083/221/200
f 3083/221/201 3095/234/201 3096/235/201 3084/222/201
f 3084/222/202 3096/235/202 3097/236/202 3085/223/202
f 3085/223/203 3097/236/203 3098/237/203 3086/224/203
f 3086/224/204 3098/237/204 3099/238/204 3087/225/204
f 3087/226/205 3099/239/205 3100/240/205 3088/227/205
f 3088/227/206 3100/240/206 3101/241/206 3089/228/206
f 3089/228/207 3101/241/207 3102/242/207 3090/229/207
f 3090/229/208 3102/242/208 3103/243/208 3091/230/208
f 3091/230/209 3103/243/209 3104/244/209 3092/231/209
f 3092/231/210 3104/244/210 3093/232/210 3081/219/210
f 3093/232/211 3105/13/211 3106/245/211 3094/233/211
f 3094/233/212 3106/245/212 3107/246/212 3095/234/212
f 3095/234/213 3107/246/213 3108/14/213 3096/235/213
f 3096/235/214 3108/14/214 3109/247/214 3097/236/214
f 3097/236/215 3109/247/215 3110/248/215 3098/237/215
f 3098/237/216 3110/248/216 3111/249/216 3099/238/216
f 3099/239/217 3111/250/217 3112/251/217 3100/240/217
f 3100/240/218 3112/251/218 3113/252/218 3101/241/218
f 3101/241/219 3113/252/219 3114/253/219 3102/242/219
f 3102/242/220 3114/253/220 3115/254/220 3103/243/220
f 3103/243/221 3115/254/221 3116/255/221 3104/244/221
f 3104/244/222 3116/255/222 3105/13/222 3093/232/222
f 3105/13/223 3117/256/223 3118/257/223 3106/245/223
f 3106/245/224 3118/257/224 3119/258/224 3107/246/224
f 3107/246/225 3119/258/225 3120/259/225 3108/14/225
f 3108/14/226 3120/259/226 3121/260/226 3109/247/226
f 3109/247/227 3121/260/227 3122/261/227 3110/248/227
f 3110/248/228 3122/261/228 3123/262/228 3111/249/228
f 3111/250/229 3123/263/229 3124/264/229 3112/251/229
f 3112/251/230 3124/264/230 3125/265/230 3113/252/230
f 3113/252/231 3125/265/231 3126/266/231 3114/253/231
f 3114/253/232 3126/266/232 3127/267/232 3115/254/232
f 3115/254/233 3127/267/233 3128/268/233 3116/255/233
f 3116/255/234 3128/268/234 3117/256/234 3105/13/234
f 3117/256/235 3129/269/235 3130/270/235 3118/257/235
f 3118/257/236 3130/270/236 3131/271/236 3119/258/236
f 3119/258/237 3131/271/237 3132/272/237 3120/259/237
f 3120/259/238 3132/272/238 3133/273/238 3121/260/238
f 3121/260/239 3133/273/239 3134/274/239 3122/261/239
f 3122/261/240 3134/274/240 3135/275/240 3123/262/240
f 3123/263/241 3135/276/241 3136/277/241 3124/264/241
f 3124/264/242 3136/277/242 3137/278/242 3125/265/242
f 3125/265/243 3137/278/243 3138/279/243 3126/266/243
f 3126/266/244 3138/279/244 3139/280/244 3127/267/244
f 3127/267/245 3139/280/245 3140/281/245 3128/268/245
f 3128/268/246 3140/281/246 3129/269/246 3117/256/246
f 3129/269/247 3141/282/247 3142/283/247 3130/270/247
f 3130/270/248 3142/283/248 3143/284/248 3131/271/248
f 3131/271/249 3143/284/249 3144/285/249 3132/272/249
f 3132/272/250 3144/285/250 3145/286/250 3133/273/250
f 3133/273/251 3145/286/251 3146/287/251 3134/274/251
f 3134/274/252 3146/287/252 3147/288/252 3135/275/252
f 3135/276/253 3147/289/253 3148/290/253 3136/277/253
f 3136/277/254 3148/290/254 3149/291/254 3137/278/254
f 3137/278/255 3149/291/255 3150/292/255 3138/279/255
f 3138/279/256 3150/292/256 3151/293/256 3139/280/256
f 3139/280/257 3151/293/257 3152/294/257 3140/281/257
f 3140/281/258 3152/294/258 3141/282/258 3129/269/258
f 3141/282/259 3153/295/259 3154/296/259 3142/283/259
f 3142/283/260 3154/296/260 3155/297/260 3143/284/260
f 3143/284/261 3155/297/261 3156/298/261 3144/285/261
f 3144/285/262 3156/298/262 3157/299/262 3145/286/262
f 3145/286/309 3157/299/309 3158/300/309 3146/287/309
f 3146/287/264 3158/300/264 3159/301/264 3147/288/264
f 3147/289/265 3159/302/265 3160/303/265 3148/290/265
f 3148/290/266 3160/303/266 3161/304/266 3149/291/266
f 3149/291/267 3161/304/267 3162/305/267 3150/292/267
f 3150/292/268 3162/305/268 3163/306/268 3151/293/268
f 3151/293/269 3163/306/269 3164/307/269 3152/294/269
f 3152/294/270 3164/307/270 3153/295/270 3141/282/270
f 3153/295/271 3165/308/271 3166/309/271 3154/296/271
f 3154/296/272 3166/309/272 3167/310/272 3155/297/272
f 3155/297/273 3167/310/273 3168/311/273 3156/298/273
f 3156/298/274 3168/311/274 3169/312/274 3157/299/274
f 3157/299/275 3169/312/275 3170/313/275 3158/300/275
f 3158/300/276 3170/313/276 3171/314/276 3159/301/276
f 3159/302/277 3171/315/277 3172/316/277 3160/303/277
f 3160/303/278 3172/316/278 3173/317/278 3161/304/278
f 3161/304/279 3173/317/279 3174/318/279 3162/305/279
f 3162/305/280 3174/318/280 3175/319/280 3163/306/280
f 3163/306/281 3175/319/281 3176/320/281 3164/307/281
f 3164/307/282 3176/320/282 3165/308/282 3153/295/282
f 3165/308/283 3177/321/283 3178/322/283 3166/309/283
f 3166/309/284 3178/322/284 3179/323/284 3167/310/284
f 3167/310/285 3179/323/285 3180/324/285 3168/311/285
f 3168/311/286 3180/324/286 3181/325/286 3169/312/286
f 3169/312/307 3181/325/307 3182/326/307 3170/313/307
f 3170/313/288 3182/326/288 3183/327/288 3171/314/288
f 3171/315/289 3183/328/289 3184/329/289 3172/316/289
f 3172/316/308 3184/329/308 3185/330/308 3173/317/308
f 3173/317/291 3185/330/291 3186/331/291 3174/318/291
f 3174/318/292 3186/331/292 3187/332/292 3175/319/292
f 3175/319/293 3187/332/293 3188/333/293 3176/320/293
f 3176/320/294 3188/333/294 3177/321/294 3165/308/294
f 3177/334/12 3189/335/12 3190/336/12 3178/337/12
f 3178/337/295 3190/336/295 3191/338/295 3179/339/295
f 3179/339/10 3191/338/10 3192/340/10 3180/341/10
f 3180/341/9 3192/340/9 3193/342/9 3181/343/9
f 3181/343/296 3193/342/296 3194/344/296 3182/345/296
f 3182/345/7 3194/344/7 3195/346/7 3183/347/7
f 3183/348/18 3195/349/18 3196/350/18 3184/351/18
f 3184/351/297 3196/350/297 3197/352/297 3185/353/297
f 3185/353/16 3197/352/16 3198/354/16 3186/355/16
f 3186/355/15 3198/354/15 3199/356/15 3187/357/15
f 3187/357/298 3199/356/298 3200/358/298 3188/359/298
f 3188/359/13 3200/358/13 3189/335/13 3177/334/13
f 3189/335/24 3201/360/24 3202/361/24 3190/336/24
f 3190/336/23 3202/361/23 3203/362/23 3191/338/23
f 3191/338/22 3203/362/22 3204/363/22 3192/340/22
f 3192/340/21 3204/363/21 3205/364/21 3193/342/21
f 3193/342/20 3205/364/20 3206/365/20 3194/344/20
f 3194/344/19 3206/365/19 3207/366/19 3195/346/19
f 3195/349/30 3207/367/30 3208/368/30 3196/350/30
f 3196/350/29 3208/368/29 3209/369/29 3197/352/29
f 3197/352/28 3209/369/28 3210/370/28 3198/354/28
f 3198/354/27 3210/370/27 3211/371/27 3199/356/27
f 3199/356/26 3211/371/26 3212/372/26 3200/358/26
f 3200/358/25 3212/372/25 3201/360/25 3189/335/25
f 3201/360/36 3213/373/36 3214/374/36 3202/361/36
f 3202/361/35 3214/374/35 3215/375/35 3203/362/35
f 3203/362/34 3215/375/34 3216/376/34 3204/363/34
f 3204/363/33 3216/376/33 3217/377/33 3205/364/33
f 3205/364/32 3217/377/32 3218/378/32 3206/365/32
f 3206/365/31 3218/378/31 3219/379/31 3207/366/31
f 3207/367/42 3219/380/42 3220/381/42 3208/368/42
f 3208/368/41 3220/381/41 3221/382/41 3209/369/41
f 3209/369/40 3221/382/40 3222/383/40 3210/370/40
f 3210/370/39 3222/383/39 3223/384/39 3211/371/39
f 3211/371/38 3223/384/38 3224/385/38 3212/372/38
f 3212/372/37 3224/385/37 3213/373/37 3201/360/37
f 3213/373/48 3225/386/48 3226/387/48 3214/374/48
f 3214/374/47 3226/387/47 3227/388/47 3215/375/47
f 3215/375/46 3227/388/46 3228/389/46 3216/376/46
f 3216/376/45 3228/389/45 3229/390/45 3217/377/45
f 3217/377/44 3229/390/44 3230/391/44 3218/378/44
f 3218/378/43 3230/391/43 3231/392/43 3219/379/43
f 3219/380/54 3231/393/54 3232/394/54 3220/381/54
f 3220/381/53 3232/394/53 3233/395/53 3221/382/53
f 3221/382/52 3233/395/52 3234/396/52 3222/383/52
f 3222/383/51 3234/396/51 3235/397/51 3223/384/51
f 3223/384/50 3235/397/50 3236/398/50 3224/385/50
f 3224/385/49 3236/398/49 3225/386/49 3213/373/49
f 3225/386/60 3237/399/60 3238/400/60 3226/387/60
f 3226/387/59 3238/400/59 3239/401/59 3227/388/59
f 3227/388/58 3239/401/58 3240/402/58 3228/389/58
f 3228/389/57 3240/402/57 3241/403/57 3229/390/57
f 3229/390/56 3241/403/56 3242/404/56 3230/391/56
f 3230/391/55 3242/404/55 3243/405/55 3231/392/55
f 3231/393/66 3243/406/66 3244/407/66 3232/394/66
f 3232/394/65 3244/407/65 3245/408/65 3233/395/65
f 3233/395/64 3245/408/64 3246/409/64 3234/396/64
f 3234/396/63 3246/409/63 3247/410/63 3235/397/63
f 3235/397/62 3247/410/62 3248/411/62 3236/398/62
f 3236/398/61 3248/411/61 3237/399/61 3225/386/61
f 3237/399/72 3249/11/72 3250/412/72 3238/400/72
f 3238/400/71 3250/412/71 3251/413/71 3239/401/71
f 3239/401/70 3251/413/70 3252/12/70 3240/402/70
f 3240/402/69 3252/12/69 3253/414/69 3241/403/69
f 3241/403/68 3253/414/68 3254/415/68 3242/404/68
f 3242/404/67 3254/415/67 3255/416/67 3243/405/67
f 3243/406/78 3255/417/78 3256/418/78 3244/407/78
f 3244/407/77 3256/418/77 3257/419/77 3245/408/77
f 3245/408/76 3257/419/76 3258/420/76 3246/409/76
f 3246/409/75 3258/420/75 3259/421/75 3247/410/75
f 3247/410/74 3259/421/74 3260/422/74 3248/411/74
f 3248/411/73 3260/422/73 3249/11/73 3237/399/73
f 3249/11/84 3261/423/84 3262/424/84 3250/412/84
f 3250/412/83 3262/424/83 3263/425/83 3251/413/83
f 3251/413/82 3263/425/82 3264/426/82 3252/12/82
f 3252/12/81 3264/426/81 3265/427/81 3253/414/81
f 3253/414/80 3265/427/80 3266/428/80 3254/415/80
f 3254/415/79 3266/428/79 3267/429/79 3255/416/79
f 3255/417/90 3267/430/90 3268/431/90 3256/418/90
f 3256/418/89 3268/431/89 3269/432/89 3257/419/89
f 3257/419/88 3269/432/88 3270/433/88 3258/420/88
f 3258/420/87 3270/433/87 3271/434/87 3259/421/87
f 3259/421/86 3271/434/86 3272/435/86 3260/422/86
f 3260/422/85 3272/435/85 3261/423/85 3249/11/85
f 3261/423/96 3273/436/96 3274/437/96 3262/424/96
f 3262/424/95 3274/437/95 3275/438/95 3263/425/95
f 3263/425/94 3275/438/94 3276/439/94 3264/426/94
f 3264/426/93 3276/439/93 3277/440/93 3265/427/93
f 3265/427/92 3277/440/92 3278/441/92 3266/428/92
f 3266/428/91 3278/441/91 3279/442/91 3267/429/91
f 3267/430/102 3279/443/102 3280/444/102 3268/431/102
f 3268/431/101 3280/444/101 3281/445/101 3269/432/101
f 3269/432/100 3281/445/100 3282/446/100 3270/433/100
f 3270/433/99 3282/446/99 3283/447/99 3271/434/99
f 3271/434/98 3283/447/98 3284/448/98 3272/435/98
f 3272/435/97 3284/448/97 3273/436/97 3261/423/97
f 3273/436/108 3285/449/108 3286/450/108 3274/437/108
f 3274/437/107 3286/450/107 3287/451/107 3275/438/107
f 3275/438/106 3287/451/106 3288/452/106 3276/439/106
f 3276/439/105 3288/452/105 3289/453/105 3277/440/105
f 3277/440/104 3289/453/104 3290/454/104 3278/441/104
f 3278/441/103 3290/454/103 3291/455/103 3279/442/103
f 3279/443/114 3291/456/114 3292/457/114 3280/444/114
f 3280/444/113 3292/457/113 3293/458/113 3281/445/113
f 3281/445/112 3293/458/112 3294/459/112 3282/446/112
f 3282/446/111 3294/459/111 3295/460/111 3283/447/111
f 3283/447/110 3295/460/110 3296/461/110 3284/448/110
f 3284/448/109 3296/461/109 3285/449/109 3273/436/109
f 3285/449/120 3297/462/120 3298/463/120 3286/450/120
f 3286/450/119 3298/463/119 3299/464/119 3287/451/119
f 3287/451/118 3299/464/118 3300/465/118 3288/452/118
f 3288/452/117 3300/465/117 3301/466/117 3289/453/117
f 3289/453/116 3301/466/116 3302/467/116 3290/454/116
f 3290/454/115 3302/467/115 3303/468/115 3291/455/115
f 3291/456/126 3303/469/126 3304/470/126 3292/457/126
f 3292/457/125 3304/470/125 3305/471/125 3293/458/125
f 3293/458/124 3305/471/124 3306/472/124 3294/459/124
f 3294/459/123 3306/472/123 3307/473/123 3295/460/123
f 3295/460/122 3307/473/122 3308/474/122 3296/461/122
f 3296/461/121 3308/474/121 3297/462/121 3285/449/121
f 3297/462/132 3309/475/132 3310/476/132 3298/463/132
f 3298/463/131 3310/476/131 3311/477/131 3299/464/131
f 3299/464/130 3311/477/130 3312/478/130 3300/465/130
f 3300/465/129 3312/478/129 3313/479/129 3301/466/129
f 3301/466/128 3313/479/128 3314/480/128 3302/467/128
f 3302/467/127 3314/480/127 3315/481/127 3303/468/127
f 3303/469/138 3315/482/138 3316/483/138 3304/470/138
f 3304/470/137 3316/483/137 3317/484/137 3305/471/137
f 3305/471/136 3317/484/136 3318/485/136 3306/472/136
f 3306/472/135 3318/485/135 3319/486/135 3307/473/135
f 3307/473/134 3319/486/134 3320/487/134 3308/474/134
f 3308/474/133 3320/487/133 3309/475/133 3297/462/133
f 3309/475/144 3321/488/144 3322/489/144 3310/476/144
f 3310/476/143 3322/489/143 3323/490/143 3311/477/143
f 3311/477/142 3323/490/142 3324/491/142 3312/478/142
f 3312/478/141 3324/491/141 3325/492/141 3313/479/141
f 3313/479/299 3325/492/299 3326/493/299 3314/480/299
f 3314/480/139 3326/493/139 3327/494/139 3315/481/139
f 3315/482/150 3327/495/150 3328/496/150 3316/483/150
f 3316/483/300 3328/496/300 3329/497/300 3317/484/300
f 3317/484/148 3329/497/148 3330/498/148 3318/485/148
f 3318/485/147 3330/498/147 3331/499/147 3319/486/147
f 3319/486/146 3331/499/146 3332/500/146 3320/487/146
f 3320/487/145 3332/500/145 3321/488/145 3309/475/145
f 3321/488/156 3333/501/156 3334/502/156 3322/489/156
f 3322/489/301 3334/502/301 3335/503/301 3323/490/301
f 3323/490/154 3335/503/154 3336/504/154 3324/491/154
f 3324/491/153 3336/504/153 3337/505/153 3325/492/153
f 3325/492/152 3337/505/152 3338/506/152 3326/493/152
f 3326/493/151 3338/506/151 3339/507/151 3327/494/151
f 3327/495/162 3339/508/162 3340/509/162 3328/496/162
f 3328/496/161 3340/509/161 3341/510/161 3329/497/161
f 3329/497/160 3341/510/160 3342/511/160 3330/498/160
f 3330/498/159 3342/511/159 3343/512/159 3331/499/159
f 3331/499/158 3343/512/158 3344/513/158 3332/500/158
f 3332/500/157 3344/513/157 3333/501/157 3321/488/157
f 3333/501/168 3345/514/168 3346/515/168 3334/502/168
f 3334/502/167 3346/515/167 3347/516/167 3335/503/167
f 3335/503/166 3347/516/166 3348/517/166 3336/504/166
f 3336/504/165 3348/517/165 3349/518/165 3337/505/165
f 3337/505/164 3349/518/164 3350/519/164 3338/506/164
f 3338/506/163 3350/519/163 3351/520/163 3339/507/163
f 3339/508/174 3351/521/174 3352/522/174 3340/509/174
f 3340/509/173 3352/522/173 3353/523/173 3341/510/173
f 3341/510/172 3353/523/172 3354/524/172 3342/511/172
f 3342/511/171 3354/524/171 3355/525/171 3343/512/171
f 3343/512/170 3355/525/170 3356/526/170 3344/513/170
f 3344/513/169 3356/526/169 3345/514/169 3333/501/169
f 3345/514/180 3357/527/180 3358/528/180 3346/515/180
f 3346/515/179 3358/528/179 3359/529/179 3347/516/179
f 3347/516/178 3359/529/178 3360/530/178 3348/517/178
f 3348/517/177 3360/530/177 3361/531/177 3349/518/177
f 3349/518/176 3361/531/176 3362/532/176 3350/519/176
f 3350/519/175 3362/532/175 3363/533/175 3351/520/175
f 3351/521/186 3363/534/186 3364/535/186 3352/522/186
f 3352/522/185 3364/535/185 3365/536/185 3353/523/185
f 3353/523/184 3365/536/184 3366/537/184 3354/524/184
f 3354/524/183 3366/537/183 3367/538/183 3355/525/183
f 3355/525/182 3367/538/182 3368/539/182 3356/526/182
f 3356/526/181 3368/539/181 3357/527/181 3345/514/181
f 3357/527/192 3369/540/192 3370/541/192 3358/528/192
f 3358/528/191 3370/541/191 3371/542/191 3359/529/191
f 3359/529/190 3371/542/190 3372/543/190 3360/530/190
f 3360/530/189 3372/543/189 3373/544/189 3361/531/189
f 3361/531/188 3373/544/188 3374/545/188 3362/532/188
f 3362/532/187 3374/545/187 3375/546/187 3363/533/187
f 3363/534/198 3375/547/198 3376/548/198 3364/535/198
f 3364/535/197 3376/548/197 3377/549/197 3365/536/197
f 3365/536/196 3377/549/196 3378/550/196 3366/537/196
f 3366/537/195 3378/550/195 3379/551/195 3367/538/195
f 3367/538/194 3379/551/194 3380/552/194 3368/539/194
f 3368/539/193 3380/552/193 3369/540/193 3357/527/193
f 3369/540/204 3381/553/204 3382/554/204 3370/541/204
f 3370/541/203 3382/554/203 3383/555/203 3371/542/203
f 3371/542/202 3383/555/202 3384/556/202 3372/543/202
f 3372/543/201 3384/556/201 3385/557/201 3373/544/201
f 3373/544/200 3385/557/200 3386/558/200 3374/545/200
f 3374/545/199 3386/558/199 3387/559/199 3375/546/199
f 3375/547/210 3387/560/210 3388/561/210 3376/548/210
f 3376/548/209 3388/561/209 3389/562/209 3377/549/209
f 3377/549/208 3389/562/208 3390/563/208 3378/550/208
f 3378/550/207 3390/563/207 3391/564/207 3379/551/207
f 3379/551/206 3391/564/206 3392/565/206 3380/552/206
f 3380/552/205 3392/565/205 3381/553/205 3369/540/205
f 3381/553/216 3393/6/216 3394/566/216 3382/554/216
f 3382/554/215 3394/566/215 3395/567/215 3383/555/215
f 3383/555/214 3395/567/214 3396/8/214 3384/556/214
f 3384/556/213 3396/8/213 3397/568/213 3385/557/213
f 3385/557/212 3397/568/212 3398/569/212 3386/558/212
f 3386/558/211 3398/569/211 3399/10/211 3387/559/211
f 3387/560/222 3399/570/222 3400/571/222 3388/561/222
f 3388/561/221 3400/571/221 3401/572/221 3389/562/221
f 3389/562/220 3401/572/220 3402/4/220 3390/563/220
f 3390/563/219 3402/4/219 3403/573/219 3391/564/219
f 3391/564/218 3403/573/218 3404/574/218 3392/565/218
f 3392/565/217 3404/574/217 3393/6/217 3381/553/217
f 3393/6/228 3405/575/228 3406/576/228 3394/566/228
f 3394/566/227 3406/576/227 3407/577/227 3395/567/227
f 3395/567/226 3407/577/226 3408/578/226 3396/8/226
f 3396/8/225 3408/578/225 3409/579/225 3397/568/225
f 3397/568/224 3409/579/224 3410/580/224 3398/569/224
f 3398/569/223 3410/580/223 3411/581/223 3399/10/223
f 3399/570/234 3411/582/234 3412/583/234 3400/571/234
f 3400/571/233 3412/583/233 3413/584/233 3401/572/233
f 3401/572/232 3413/584/232 3414/585/232 3402/4/232
f 3402/4/231 3414/585/231 3415/586/231 3403/573/231
f 3403/573/230 3415/586/230 3416/587/230 3404/574/230
f 3404/574/229 3416/587/229 3405/575/229 3393/6/229
f 3405/575/240 3417/588/240 3418/589/240 3406/576/240
f 3406/576/239 3418/589/239 3419/590/239 3407/577/239
f 3407/577/238 3419/590/238 3420/591/238 3408/578/238
f 3408/578/237 3420/591/237 3421/592/237 3409/579/237
f 3409/579/236 3421/592/236 3422/593/236 3410/580/236
f 3410/580/235 3422/593/235 3423/594/235 3411/581/235
f 3411/582/246 3423/595/246 3424/596/246 3412/583/246
f 3412/583/245 3424/596/245 3425/597/245 3413/584/245
f 3413/584/244 3425/597/244 3426/598/244 3414/585/244
f 3414/585/243 3426/598/243 3427/599/243 3415/586/243
f 3415/586/242 3427/599/242 3428/600/242 3416/587/242
f 3416/587/241 3428/600/241 3417/588/241 3405/575/241
f 3417/588/252 3429/601/252 3430/602/252 3418/589/252
f 3418/589/251 3430/602/251 3431/603/251 3419/590/251
f 3419/590/250 3431/603/250 3432/604/250 3420/591/250
f 3420/591/249 3432/604/249 3433/605/249 3421/592/249
f 3421/592/248 3433/605/248 3434/606/248 3422/593/248
f 3422/593/247 3434/606/247 3435/607/247 3423/594/247
f 3423/595/258 3435/608/258 3436/609/258 3424/596/258
f 3424/596/257 3436/609/257 3437/610/257 3425/597/257
f 3425/597/256 3437/610/256 3438/611/256 3426/598/256
f 3426/598/255 3438/611/255 3439/612/255 3427/599/255
f 3427/599/254 3439/612/254 3440/613/254 3428/600/254
f 3428/600/253 3440/613/253 3429/601/253 3417/588/253
f 3429/601/264 3441/614/264 3442/615/264 3430/602/264
f 3430/602/263 3442/615/263 3443/616/263 3431/603/263
f 3431/603/262 3443/616/262 3444/617/262 3432/604/262
f 3432/604/261 3444/617/261 3445/618/261 3433/605/261
f 3433/605/260 3445/618/260 3446/619/260 3434/606/260
f 3434/606/259 3446/619/259 3447/620/259 3435/607/259
f 3435/608/270 3447/621/270 3448/622/270 3436/609/270
f 3436/609/269 3448/622/269 3449/623/269 3437/610/269
f 3437/610/268 3449/623/268 3450/624/268 3438/611/268
f 3438/611/267 3450/624/267 3451/625/267 3439/612/267
f 3439/612/266 3451/625/266 3452/626/266 3440/613/266
f 3440/613/265 3452/626/265 3441/614/265 3429/601/265
f 3441/614/276 3453/627/276 3454/628/276 3442/615/276
f 3442/615/275 3454/628/275 3455/629/275 3443/616/275
f 3443/616/274 3455/629/274 3456/630/274 3444/617/274
f 3444/617/273 3456/630/273 3457/631/273 3445/618/273
f 3445/618/272 3457/631/272 3458/632/272 3446/619/272
f 3446/619/271 3458/632/271 3459/633/271 3447/620/271
f 3447/621/282 3459/634/282 3460/635/282 3448/622/282
f 3448/622/281 3460/635/281 3461/636/281 3449/623/281
f 3449/623/280 3461/636/280 3462/637/280 3450/624/280
f 3450/624/279 3462/637/279 3463/638/279 3451/625/279
f 3451/625/278 3463/638/278 3464/639/278 3452/626/278
f 3452/626/277 3464/639/277 3453/627/277 3441/614/277
f 3453/627/288 2889/15/288 2890/18/288 3454/628/288
f 3454/628/287 2890/18/287 2891/20/287 3455/629/287
f 3455/629/286 2891/20/286 2892/22/286 3456/630/286
f 3456/630/285 2892/22/285 2893/24/285 3457/631/285
f 3457/631/284 2893/24/284 2894/26/284 3458/632/284
f 3458/632/283 2894/26/283 2895/28/283 3459/633/283
f 3459/634/294 2895/29/294 2896/32/294 3460/635/294
f 3460/635/293 2896/32/293 2897/34/293 3461/636/293
f 3461/636/292 2897/34/292 2898/36/292 3462/637/292
f 3462/637/291 2898/36/291 2899/38/291 3463/638/291
f 3463/638/306 2899/38/306 2900/40/306 3464/639/306
f 3464/639/289 2900/40/289 2889/15/289 3453/627/289
f 3465/15/7 3477/16/7 3478/17/7 3466/18/7
f 3466/18/296 3478/17/296 3479/19/296 3467/20/296
f 3467/20/9 3479/19/9 3480/21/9 3468/22/9
f 3468/22/10 3480/21/10 3481/23/10 3469/24/10
f 3469/24/295 3481/23/295 3482/25/295 3470/26/295
f 3470/26/12 3482/25/12 3483/27/12 3471/28/12
f 3471/29/13 3483/30/13 3484/31/13 3472/32/13
f 3472/32/298 3484/31/298 3485/33/298 3473/34/298
f 3473/34/15 3485/33/15 3486/35/15 3474/36/15
f 3474/36/16 3486/35/16 3487/37/16 3475/38/16
f 3475/38/297 3487/37/297 3488/39/297 3476/40/297
f 3476/40/18 3488/39/18 3477/16/18 3465/15/18
f 3477/16/19 3489/41/19 3490/42/19 3478/17/19
f 3478/17/20 3490/42/20 3491/43/20 3479/19/20
f 3479/19/21 3491/43/21 3492/44/21 3480/21/21
f 3480/21/22 3492/44/22 3493/45/22 3481/23/22
f 3481/23/23 3493/45/23 3494/46/23 3482/25/23
f 3482/25/24 3494/46/24 3495/47/24 3483/27/24
f 3483/30/25 3495/48/25 3496/49/25 3484/31/25
f 3484/31/26 3496/49/26 3497/50/26 3485/33/26
f 3485/33/27 3497/50/27 3498/51/27 3486/35/27
f 3486/35/28 3498/51/28 3499/52/28 3487/37/28
f 3487/37/29 3499/52/29 3500/53/29 3488/39/29
f 3488/39/30 3500/53/30 3489/41/30 3477/16/30
f 3489/41/31 3501/54/31 3502/55/31 3490/42/31
f 3490/42/32 3502/55/32 3503/56/32 3491/43/32
f 3491/43/33 3503/56/33 3504/57/33 3492/44/33
f 3492/44/34 3504/57/34 3505/58/34 3493/45/34
f 3493/45/35 3505/58/35 3506/59/35 3494/46/35
f 3494/46/36 3506/59/36 3507/60/36 3495/47/36
f 3495/48/37 3507/61/37 3508/62/37 3496/49/37
f 3496/49/38 3508/62/38 3509/63/38 3497/50/38
f 3497/50/39 3509/63/39 3510/64/39 3498/51/39
f 3498/51/40 3510/64/40 3511/65/40 3499/52/40
f 3499/52/41 3511/65/41 3512/66/41 3500/53/41
f 3500/53/42 3512/66/42 3501/54/42 3489/41/42
f 3501/54/43 3513/67/43 3514/68/43 3502/55/43
f 3502/55/44 3514/68/44 3515/69/44 3503/56/44
f 3503/56/45 3515/69/45 3516/70/45 3504/57/45
f 3504/57/46 3516/70/46 3517/71/46 3505/58/46
f 3505/58/47 3517/71/47 3518/72/47 3506/59/47
f 3506/59/48 3518/72/48 3519/73/48 3507/60/48
f 3507/61/49 3519/74/49 3520/75/49 3508/62/49
f 3508/62/50 3520/75/50 3521/76/50 3509/63/50
f 3509/63/51 3521/76/51 3522/77/51 3510/64/51
f 3510/64/52 3522/77/52 3523/78/52 3511/65/52
f 3511/65/53 3523/78/53 3524/79/53 3512/66/53
f 3512/66/54 3524/79/54 3513/67/54 3501/54/54
f 3513/67/55 3525/80/55 3526/81/55 3514/68/55
f 3514/68/56 3526/81/56 3527/82/56 3515/69/56
f 3515/69/57 3527/82/57 3528/83/57 3516/70/57
f 3516/70/58 3528/83/58 3529/84/58 3517/71/58
f 3517/71/59 3529/84/59 3530/85/59 3518/72/59
f 3518/72/60 3530/85/60 3531/86/60 3519/73/60
f 3519/74/61 3531/87/61 3532/88/61 3520/75/61
f 3520/75/62 3532/88/62 3533/89/62 3521/76/62
f 3521/76/63 3533/89/63 3534/90/63 3522/77/63
f 3522/77/64 3534/90/64 3535/91/64 3523/78/64
f 3523/78/65 3535/91/65 3536/92/65 3524/79/65
f 3524/79/66 3536/92/66 3525/80/66 3513/67/66
f 3525/80/67 3537/5/67 3538/93/67 3526/81/67
f 3526/81/68 3538/93/68 3539/94/68 3527/82/68
f 3527/82/69 3539/94/69 3540/7/69 3528/83/69
f 3528/83/70 3540/7/70 3541/95/70 3529/84/70
f 3529/84/71 3541/95/71 3542/96/71 3530/85/71
f 3530/85/72 3542/96/72 3543/9/72 3531/86/72
f 3531/87/73 3543/97/73 3544/98/73 3532/88/73
f 3532/88/74 3544/98/74 3545/99/74 3533/89/74
f 3533/89/75 3545/99/75 3546/3/75 3534/90/75
f 3534/90/76 3546/3/76 3547/100/76 3535/91/76
f 3535/91/77 3547/100/77 3548/101/77 3536/92/77
f 3536/92/78 3548/101/78 3537/5/78 3525/80/78
f 3537/5/79 3549/102/79 3550/103/79 3538/93/79
f 3538/93/80 3550/103/80 3551/104/80 3539/94/80
f 3539/94/81 3551/104/81 3552/105/81 3540/7/81
f 3540/7/82 3552/105/82 3553/106/82 3541/95/82
f 3541/95/83 3553/106/83 3554/107/83 3542/96/83
f 3542/96/84 3554/107/84 3555/108/84 3543/9/84
f 3543/97/85 3555/109/85 3556/110/85 3544/98/85
f 3544/98/86 3556/110/86 3557/111/86 3545/99/86
f 3545/99/87 3557/111/87 3558/112/87 3546/3/87
f 3546/3/88 3558/112/88 3559/113/88 3547/100/88
f 3547/100/89 3559/113/89 3560/114/89 3548/101/89
f 3548/101/90 3560/114/90 3549/102/90 3537/5/90
f 3549/102/91 3561/115/91 3562/116/91 3550/103/91
f 3550/103/92 3562/116/92 3563/117/92 3551/104/92
f 3551/104/93 3563/117/93 3564/118/93 3552/105/93
f 3552/105/94 3564/118/94 3565/119/94 3553/106/94
f 3553/106/95 3565/119/95 3566/120/95 3554/107/95
f 3554/107/96 3566/120/96 3567/121/96 3555/108/96
f 3555/109/97 3567/122/97 3568/123/97 3556/110/97
f 3556/110/98 3568/123/98 3569/124/98 3557/111/98
f 3557/111/99 3569/124/99 3570/125/99 3558/112/99
f 3558/112/100 3570/125/100 3571/126/100 3559/113/100
f 3559/113/101 3571/126/101 3572/127/101 3560/114/101
f 3560/114/102 3572/127/102 3561/115/102 3549/102/102
f 3561/115/103 3573/128/103 3574/129/103 3562/116/103
f 3562/116/104 3574/129/104 3575/130/104 3563/117/104
f 3563/117/105 3575/130/105 3576/131/105 3564/118/105
f 3564/118/106 3576/131/106 3577/132/106 3565/119/106
f 3565/119/107 3577/132/107 3578/133/107 3566/120/107
f 3566/120/108 3578/133/108 3579/134/108 3567/121/108
f 3567/122/109 3579/135/109 3580/136/109 3568/123/109
f 3568/123/110 3580/136/110 3581/137/110 3569/124/110
f 3569/124/111 3581/137/111 3582/138/111 3570/125/111
f 3570/125/112 3582/138/112 3583/139/112 3571/126/112
f 3571/126/113 3583/139/113 3584/140/113 3572/127/113
f 3572/127/114 3584/140/114 3573/128/114 3561/115/114
f 3573/128/115 3585/141/115 3586/142/115 3574/129/115
f 3574/129/116 3586/142/116 3587/143/116 3575/130/116
f 3575/130/117 3587/143/117 3588/144/117 3576/131/117
f 3576/131/118 3588/144/118 3589/145/118 3577/132/118
f 3577/132/119 3589/145/119 3590/146/119 3578/133/119
f 3578/133/120 3590/146/120 3591/147/120 3579/134/120
f 3579/135/121 3591/148/121 3592/149/121 3580/136/121
f 3580/136/122 3592/149/122 3593/150/122 3581/137/122
f 3581/137/123 3593/150/123 3594/151/123 3582/138/123
f 3582/138/124 3594/151/124 3595/152/124 3583/139/124
f 3583/139/125 3595/152/125 3596/153/125 3584/140/125
f 3584/140/126 3596/153/126 3585/141/126 3573/128/126
f 3585/141/127 3597/154/127 3598/155/127 3586/142/127
f 3586/142/128 3598/155/128 3599/156/128 3587/143/128
f 3587/143/129 3599/156/129 3600/157/129 3588/144/129
f 3588/144/130 3600/157/130 3601/158/130 3589/145/130
f 3589/145/131 3601/158/131 3602/159/131 3590/146/131
f 3590/146/132 3602/159/132 3603/160/132 3591/147/132
f 3591/148/133 3603/161/133 3604/162/133 3592/149/133
f 3592/149/134 3604/162/134 3605/163/134 3593/150/134
f 3593/150/135 3605/163/135 3606/164/135 3594/151/135
f 3594/151/136 3606/164/136 3607/165/136 3595/152/136
f 3595/152/137 3607/165/137 3608/166/137 3596/153/137
f 3596/153/138 3608/166/138 3597/154/138 3585/141/138
f 3597/154/139 3609/167/139 3610/168/139 3598/155/139
f 3598/155/299 3610/168/299 3611/169/299 3599/156/299
f 3599/156/141 3611/169/141 3612/170/141 3600/157/141
f 3600/157/142 3612/170/142 3613/171/142 3601/158/142
f 3601/158/143 3613/171/143 3614/172/143 3602/159/143
f 3602/159/144 3614/172/144 3615/173/144 3603/160/144
f 3603/161/145 3615/174/145 3616/175/145 3604/162/145
f 3604/162/146 3616/175/146 3617/176/146 3605/163/146
f 3605/163/147 3617/176/147 3618/177/147 3606/164/147
f 3606/164/148 3618/177/148 3619/178/148 3607/165/148
f 3607/165/300 3619/178/300 3620/179/300 3608/166/300
f 3608/166/150 3620/179/150 3609/167/150 3597/154/150
f 3609/167/151 3621/180/151 3622/181/151 3610/168/151
f 3610/168/152 3622/181/152 3623/182/152 3611/169/152
f 3611/169/153 3623/182/153 3624/183/153 3612/170/153
f 3612/170/154 3624/183/154 3625/184/154 3613/171/154
f 3613/171/155 3625/184/155 3626/185/155 3614/172/155
f 3614/172/156 3626/185/156 3627/186/156 3615/173/156
f 3615/174/157 3627/187/157 3628/188/157 3616/175/157
f 3616/175/158 3628/188/158 3629/189/158 3617/176/158
f 3617/176/159 3629/189/159 3630/190/159 3618/177/159
f 3618/177/160 3630/190/160 3631/191/160 3619/178/160
f 3619/178/161 3631/191/161 3632/192/161 3620/179/161
f 3620/179/162 3632/192/162 3621/180/162 3609/167/162
f 3621/180/163 3633/193/163 3634/194/163 3622/181/163
f 3622/181/164 3634/194/164 3635/195/164 3623/182/164
f 3623/182/165 3635/195/165 3636/196/165 3624/183/165
f 3624/183/166 3636/196/166 3637/197/166 3625/184/166
f 3625/184/167 3637/197/167 3638/198/167 3626/185/167
f 3626/185/168 3638/198/168 3639/199/168 3627/186/168
f 3627/187/169 3639/200/169 3640/201/169 3628/188/169
f 3628/188/170 3640/201/170 3641/202/170 3629/189/170
f 3629/189/171 3641/202/171 3642/203/171 3630/190/171
f 3630/190/172 3642/203/172 3643/204/172 3631/191/172
f 3631/191/173 3643/204/173 3644/205/173 3632/192/173
f 3632/192/174 3644/205/174 3633/193/174 3621/180/174
f 3633/193/175 3645/206/175 3646/207/175 3634/194/175
f 3634/194/176 3646/207/176 3647/208/176 3635/195/176
f 3635/195/177 3647/208/177 3648/209/177 3636/196/177
f 3636/196/178 3648/209/178 3649/210/178 3637/197/178
f 3637/197/179 3649/210/179 3650/211/179 3638/198/179
f 3638/198/180 3650/211/180 3651/212/180 3639/199/180
f 3639/200/181 3651/213/181 3652/214/181 3640/201/181
f 3640/201/182 3652/214/182 3653/215/182 3641/202/182
f 3641/202/183 3653/215/183 3654/216/183 3642/203/183
f 3642/203/184 3654/216/184 3655/217/184 3643/204/184
f 3643/204/185 3655/217/185 3656/218/185 3644/205/185
f 3644/205/186 3656/218/186 3645/206/186 3633/193/186
f 3645/206/187 3657/219/187 3658/220/187 3646/207/187
f 3646/207/188 3658/220/188 3659/221/188 3647/208/188
f 3647/208/189 3659/221/189 3660/222/189 3648/209/189
f 3648/209/190 3660/222/190 3661/223/190 3649/210/190
f 3649/210/191 3661/223/191 3662/224/191 3650/211/191
f 3650/211/192 3662/224/192 3663/225/192 3651/212/192
f 3651/213/193 3663/226/193 3664/227/193 3652/214/193
f 3652/214/194 3664/227/194 3665/228/194 3653/215/194
f 3653/215/195 3665/228/195 3666/229/195 3654/216/195
f 3654/216/196 3666/229/196 3667/230/196 3655/217/196
f 3655/217/197 3667/230/197 3668/231/197 3656/218/197
f 3656/218/198 3668/231/198 3657/219/198 3645/206/198
f 3657/219/199 3669/232/199 3670/233/199 3658/220/199
f 3658/220/200 3670/233/200 3671/234/200 3659/221/200
f 3659/221/201 3671/234/201 3672/235/201 3660/222/201
f 3660/222/202 3672/235/202 3673/236/202 3661/223/202
f 3661/223/203 3673/236/203 3674/237/203 3662/224/203
f 3662/224/204 3674/237/204 3675/238/204 3663/225/204
f 3663/226/205 3675/239/205 3676/240/205 3664/227/205
f 3664/227/206 3676/240/206 3677/241/206 3665/228/206
f 3665/228/207 3677/241/207 3678/242/207 3666/229/207
f 3666/229/208 3678/242/208 3679/243/208 3667/230/208
f 3667/230/209 3679/243/209 3680/244/209 3668/231/209
f 3668/231/210 3680/244/210 3669/232/210 3657/219/210
f 3669/232/211 3681/13/211 3682/245/211 3670/233/211
f 3670/233/212 3682/245/212 3683/246/212 3671/234/212
f 3671/234/213 3683/246/213 3684/14/213 3672/235/213
f 3672/235/214 3684/14/214 3685/247/214 3673/236/214
f 3673/236/215 3685/247/215 3686/248/215 3674/237/215
f 3674/237/216 3686/248/216 3687/249/216 3675/238/216
f 3675/239/217 3687/250/217 3688/251/217 3676/240/217
f 3676/240/218 3688/251/218 3689/252/218 3677/241/218
f 3677/241/219 3689/252/219 3690/253/219 3678/242/219
f 3678/242/220 3690/253/220 3691/254/220 3679/243/220
f 3679/243/221 3691/254/221 3692/255/221 3680/244/221
f 3680/244/222 3692/255/222 3681/13/222 3669/232/222
f 3681/13/223 3693/256/223 3694/257/223 3682/245/223
f 3682/245/224 3694/257/224 3695/258/224 3683/246/224
f 3683/246/225 3695/258/225 3696/259/225 3684/14/225
f 3684/14/226 3696/259/226 3697/260/226 3685/247/226
f 3685/247/227 3697/260/227 3698/261/227 3686/248/227
f 3686/248/228 3698/261/228 3699/262/228 3687/249/228
f 3687/250/229 3699/263/229 3700/264/229 3688/251/229
f 3688/251/230 3700/264/230 3701/265/230 3689/252/230
f 3689/252/231 3701/265/231 3702/266/231 3690/253/231
f 3690/253/232 3702/266/232 3703/267/232 3691/254/232
f 3691/254/233 3703/267/233 3704/268/233 3692/255/233
f 3692/255/234 3704/268/234 3693/256/234 3681/13/234
f 3693/256/235 3705/269/235 3706/270/235 3694/257/235
f 3694/257/236 3706/270/236 3707/271/236 3695/258/236
f 3695/258/237 3707/271/237 3708/272/237 3696/259/237
f 3696/259/238 3708/272/238 3709/273/238 3697/260/238
f 3697/260/239 3709/273/239 3710/274/239 3698/261/239
f 3698/261/240 3710/274/240 3711/275/240 3699/262/240
f 3699/263/241 3711/276/241 3712/277/241 3700/264/241
f 3700/264/242 3712/277/242 3713/278/242 3701/265/242
f 3701/265/243 3713/278/243 3714/279/243 3702/266/243
f 3702/266/244 3714/279/244 3715/280/244 3703/267/244
f 3703/267/245 3715/280/245 3716/281/245 3704/268/245
f 3704/268/246 3716/281/246 3705/269/246 3693/256/246
f 3705/269/247 3717/282/247 3718/283/247 3706/270/247
f 3706/270/248 3718/283/248 3719/284/248 3707/271/248
f 3707/271/249 3719/284/249 3720/285/249 3708/272/249
f 3708/272/250 3720/285/250 3721/286/250 3709/273/250
f 3709/273/251 3721/286/251 3722/287/251 3710/274/251
f 3710/274/252 3722/287/252 3723/288/252 3711/275/252
f 3711/276/253 3723/289/253 3724/290/253 3712/277/253
f 3712/277/254 3724/290/254 3725/291/254 3713/278/254
f 3713/278/255 3725/291/255 3726/292/255 3714/279/255
f 3714/279/256 3726/292/256 3727/293/256 3715/280/256
f 3715/280/257 3727/293/257 3728/294/257 3716/281/257
f 3716/281/258 3728/294/258 3717/282/258 3705/269/258
f 3717/282/259 3729/295/259 3730/296/259 3718/283/259
f 3718/283/260 3730/296/260 3731/297/260 3719/284/260
f 3719/284/261 3731/297/261 3732/298/261 3720/285/261
f 3720/285/262 3732/298/262 3733/299/262 3721/286/262
f 3721/286/263 3733/299/263 3734/300/263 3722/287/263
f 3722/287/264 3734/300/264 3735/301/264 3723/288/264
f 3723/289/265 3735/302/265 3736/303/265 3724/290/265
f 3724/290/266 3736/303/266 3737/304/266 3725/291/266
f 3725/291/267 3737/304/267 3738/305/267 3726/292/267
f 3726/292/268 3738/305/268 3739/306/268 3727/293/268
f 3727/293/269 3739/306/269 3740/307/269 3728/294/269
f 3728/294/270 3740/307/270 3729/295/270 3717/282/270
f 3729/295/271 3741/308/271 3742/309/271 3730/296/271
f 3730/296/272 3742/309/272 3743/310/272 3731/297/272
f 3731/297/273 3743/310/273 3744/311/273 3732/298/273
f 3732/298/274 3744/311/274 3745/312/274 3733/299/274
f 3733/299/275 3745/312/275 3746/313/275 3734/300/275
f 3734/300/276 3746/313/276 3747/314/276 3735/301/276
f 3735/302/277 3747/315/277 3748/316/277 3736/303/277
f 3736/303/278 3748/316/278 3749/317/278 3737/304/278
f 3737/304/279 3749/317/279 3750/318/279 3738/305/279
f 3738/305/280 3750/318/280 3751/319/280 3739/306/280
f 3739/306/281 3751/319/281 3752/320/281 3740/307/281
f 3740/307/282 3752/320/282 3741/308/282 3729/295/282
f 3741/308/283 3753/321/283 3754/322/283 3742/309/283
f 3742/309/284 3754/322/284 3755/323/284 3743/310/284
f 3743/310/285 3755/323/285 3756/324/285 3744/311/285
f 3744/311/286 3756/324/286 3757/325/286 3745/312/286
f 3745/312/307 3757/325/307 3758/326/307 3746/313/307
f 3746/313/288 3758/326/288 3759/327/288 3747/314/288
f 3747/315/289 3759/328/289 3760/329/289 3748/316/289
f 3748/316/308 3760/329/308 3761/330/308 3749/317/308
f 3749/317/291 3761/330/291 3762/331/291 3750/318/291
f 3750/318/292 3762/331/292 3763/332/292 3751/319/292
f 3751/319/293 3763/332/293 3764/333/293 3752/320/293
f 3752/320/294 3764/333/294 3753/321/294 3741/308/294
f 3753/334/12 3765/335/12 3766/336/12 3754/337/12
f 3754/337/295 3766/336/295 3767/338/295 3755/339/295
f 3755/339/10 3767/338/10 3768/340/10 3756/341/10
f 3756/341/9 3768/340/9 3769/342/9 3757/343/9
f 3757/343/296 3769/342/296 3770/344/296 3758/345/296
f 3758/345/7 3770/344/7 3771/346/7 3759/347/7
f 3759/348/18 3771/349/18 3772/350/18 3760/351/18
f 3760/351/297 3772/350/297 3773/352/297 3761/353/297
f 3761/353/16 3773/352/16 3774/354/16 3762/355/16
f 3762/355/15 3774/354/15 3775/356/15 3763/357/15
f 3763/357/298 3775/356/298 3776/358/298 3764/359/298
f 3764/359/13 3776/358/13 3765/335/13 3753/334/13
f 3765/335/24 3777/360/24 3778/361/24 3766/336/24
f 3766/336/23 3778/361/23 3779/362/23 3767/338/23
f 3767/338/22 3779/362/22 3780/363/22 3768/340/22
f 3768/340/21 3780/363/21 3781/364/21 3769/342/21
f 3769/342/20 3781/364/20 3782/365/20 3770/344/20
f 3770/344/19 3782/365/19 3783/366/19 3771/346/19
f 3771/349/30 3783/367/30 3784/368/30 3772/350/30
f 3772/350/29 3784/368/29 3785/369/29 3773/352/29
f 3773/352/28 3785/369/28 3786/370/28 3774/354/28
f 3774/354/27 3786/370/27 3787/371/27 3775/356/27
f 3775/356/26 3787/371/26 3788/372/26 3776/358/26
f 3776/358/25 3788/372/25 3777/360/25 3765/335/25
f 3777/360/36 3789/373/36 3790/374/36 3778/361/36
f 3778/361/35 3790/374/35 3791/375/35 3779/362/35
f 3779/362/34 3791/375/34 3792/376/34 3780/363/34
f 3780/363/33 3792/376/33 3793/377/33 3781/364/33
f 3781/364/32 3793/377/32 3794/378/32 3782/365/32
f 3782/365/31 3794/378/31 3795/379/31 3783/366/31
f 3783/367/42 3795/380/42 3796/381/42 3784/368/42
f 3784/368/41 3796/381/41 3797/382/41 3785/369/41
f 3785/369/40 3797/382/40 3798/383/40 3786/370/40
f 3786/370/39 3798/383/39 3799/384/39 3787/371/39
f 3787/371/38 3799/384/38 3800/385/38 3788/372/38
f 3788/372/37 3800/385/37 3789/373/37 3777/360/37
f 3789/373/48 3801/386/48 3802/387/48 3790/374/48
f 3790/374/47 3802/387/47 3803/388/47 3791/375/47
f 3791/375/46 3803/388/46 3804/389/46 3792/376/46
f 3792/376/45 3804/389/45 3805/390/45 3793/377/45
f 3793/377/44 3805/390/44 3806/391/44 3794/378/44
f 3794/378/43 3806/391/43 3807/392/43 3795/379/43
f 3795/380/54 3807/393/54 3808/394/54 3796/381/54
f 3796/381/53 3808/394/53 3809/395/53 3797/382/53
f 3797/382/52 3809/395/52 3810/396/52 3798/383/52
f 3798/383/51 3810/396/51 3811/397/51 3799/384/51
f 3799/384/50 3811/397/50 3812/398/50 3800/385/50
f 3800/385/49 3812/398/49 3801/386/49 3789/373/49
f 3801/386/60 3813/399/60 3814/400/60 3802/387/60
f 3802/387/59 3814/400/59 3815/401/59 3803/388/59
f 3803/388/58 3815/401/58 3816/402/58 3804/389/58
f 3804/389/57 3816/402/57 3817/403/57 3805/390/57
f 3805/390/56 3817/403/56 3818/404/56 3806/391/56
f 3806/391/55 3818/404/55 3819/405/55 3807/392/55
f 3807/393/66 3819/406/66 3820/407/66 3808/394/66
f 3808/394/65 3820/407/65 3821/408/65 3809/395/65
f 3809/395/64 3821/408/64 3822/409/64 3810/396/64
f 3810/396/63 3822/409/63 3823/410/63 3811/397/63
f 3811/397/62 3823/410/62 3824/411/62 3812/398/62
f 3812/398/61 3824/411/61 3813/399/61 3801/386/61
f 3813/399/72 3825/11/72 3826/412/72 3814/400/72
f 3814/400/71 3826/412/71 3827/413/71 3815/401/71
f 3815/401/70 3827/413/70 3828/12/70 3816/402/70
f 3816/402/69 3828/12/69 3829/414/69 3817/403/69
f 3817/403/68 3829/414/68 3830/415/68 3818/404/68
f 3818/404/67 3830/415/67 3831/416/67 3819/405/67
f 3819/406/78 3831/417/78 3832/418/78 3820/407/78
f 3820/407/77 3832/418/77 3833/419/77 3821/408/77
f 3821/408/76 3833/419/76 3834/420/76 3822/409/76
f 3822/409/75 3834/420/75 3835/421/75 3823/410/75
f 3823/410/74 3835/421/74 3836/422/74 3824/411/74
f 3824/411/73 3836/422/73 3825/11/73 3813/399/73
f 3825/11/84 3837/423/84 3838/424/84 3826/412/84
f 3826/412/83 3838/424/83 3839/425/83 3827/413/83
f 3827/413/82 3839/425/82 3840/426/82 3828/12/82
f 3828/12/81 3840/426/81 3841/427/81 3829/414/81
f 3829/414/80 3841/427/80 3842/428/80 3830/415/80
f 3830/415/79 3842/428/79 3843/429/79 3831/416/79
f 3831/417/90 3843/430/90 3844/431/90 3832/418/90
f 3832/418/89 3844/431/89 3845/432/89 3833/419/89
f 3833/419/88 3845/432/88 3846/433/88 3834/420/88
f 3834/420/87 3846/433/87 3847/434/87 3835/421/87
f 3835/421/86 3847/434/86 3848/435/86 3836/422/86
f 3836/422/85 3848/435/85 3837/423/85 3825/11/85
f 3837/423/96 3849/436/96 3850/437/96 3838/424/96
f 3838/424/95 3850/437/95 3851/438/95 3839/425/95
f 3839/425/94 3851/438/94 3852/439/94 3840/426/94
f 3840/426/93 3852/439/93 3853/440/93 3841/427/93
f 3841/427/92 3853/440/92 3854/441/92 3842/428/92
f 3842/428/91 3854/441/91 3855/442/91 3843/429/91
f 3843/430/102 3855/443/102 3856/444/102 3844/431/102
f 3844/431/101 3856/444/101 3857/445/101 3845/432/101
f 3845/432/100 3857/445/100 3858/446/100 3846/433/100
f 3846/433/99 3858/446/99 3859/447/99 3847/434/99
f 3847/434/98 3859/447/98 3860/448/98 3848/435/98
f 3848/435/97 3860/448/97 3849/436/97 3837/423/97
f 3849/436/108 3861/449/108 3862/450/108 3850/437/108
f 3850/437/107 3862/450/107 3863/451/107 3851/438/107
f 3851/438/106 3863/451/106 3864/452/106 3852/439/106
f 3852/439/105 3864/452/105 3865/453/105 3853/440/105
f 3853/440/104 3865/453/104 3866/454/104 3854/441/104
f 3854/441/103 3866/454/103 3867/455/103 3855/442/103
f 3855/443/114 3867/456/114 3868/457/114 3856/444/114
f 3856/444/113 3868/457/113 3869/458/113 3857/445/113
f 3857/445/112 3869/458/112 3870/459/112 3858/446/112
f 3858/446/111 3870/459/111 3871/460/111 3859/447/111
f 3859/447/110 3871/460/110 3872/461/110 3860/448/110
f 3860/448/109 3872/461/109 3861/449/109 3849/436/109
f 3861/449/120 3873/462/120 3874/463/120 3862/450/120
f 3862/450/119 3874/463/119 3875/464/119 3863/451/119
f 3863/451/118 3875/464/118 3876/465/118 3864/452/118
f 3864/452/117 3876/465/117 3877/466/117 3865/453/117
f 3865/453/116 3877/466/116 3878/467/116 3866/454/116
f 3866/454/115 3878/467/115 3879/468/115 3867/455/115
f 3867/456/126 3879/469/126 3880/470/126 3868/457/126
f 3868/457/125 3880/470/125 3881/471/125 3869/458/125
f 3869/458/124 3881/471/124 3882/472/124 3870/459/124
f 3870/459/123 3882/472/123 3883/473/123 3871/460/123
f 3871/460/122 3883/473/122 3884/474/122 3872/461/122
f 3872/461/121 3884/474/121 3873/462/121 3861/449/121
f 3873/462/132 3885/475/132 3886/476/132 3874/463/132
f 3874/463/131 3886/476/131 3887/477/131 3875/464/131
f 3875/464/130 3887/477/130 3888/478/130 3876/465/130
f 3876/465/129 3888/478/129 3889/479/129 3877/466/129
f 3877/466/128 3889/479/128 3890/480/128 3878/467/128
f 3878/467/127 3890/480/127 3891/481/127 3879/468/127
f 3879/469/138 3891/482/138 3892/483/138 3880/470/138
f 3880/470/137 3892/483/137 3893/484/137 3881/471/137
f 3881/471/136 3893/484/136 3894/485/136 3882/472/136
f 3882/472/135 3894/485/135 3895/486/135 3883/473/135
f 3883/473/134 3895/486/134 3896/487/134 3884/474/134
f 3884/474/133 3896/487/133 3885/475/133 3873/462/133
f 3885/475/144 3897/488/144 3898/489/144 3886/476/144
f 3886/476/143 3898/489/143 3899/490/143 3887/477/143
f 3887/477/142 3899/490/142 3900/491/142 3888/478/142
f 3888/478/141 3900/491/141 3901/492/141 3889/479/141
f 3889/479/299 3901/492/299 3902/493/299 3890/480/299
f 3890/480/139 3902/493/139 3903/494/139 3891/481/139
f 3891/482/150 3903/495/150 3904/496/150 3892/483/150
f 3892/483/300 3904/496/300 3905/497/300 3893/484/300
f 3893/484/148 3905/497/148 3906/498/148 3894/485/148
f 3894/485/147 3906/498/147 3907/499/147 3895/486/147
f 3895/486/146 3907/499/146 3908/500/146 3896/487/146
f 3896/487/145 3908/500/145 3897/488/145 3885/475/145
f 3897/488/156 3909/501/156 3910/502/156 3898/489/156
f 3898/489/155 3910/502/155 3911/503/155 3899/490/155
f 3899/490/154 3911/503/154 3912/504/154 3900/491/154
f 3900/491/153 3912/504/153 3913/505/153 3901/492/153
f 3901/492/152 3913/505/152 3914/506/152 3902/493/152
f 3902/493/151 3914/506/151 3915/507/151 3903/494/151
f 3903/495/162 3915/508/162 3916/509/162 3904/496/162
f 3904/496/161 3916/509/161 3917/510/161 3905/497/161
f 3905/497/160 3917/510/160 3918/511/160 3906/498/160
f 3906/498/159 3918/511/159 3919/512/159 3907/499/159
f 3907/499/158 3919/512/158 3920/513/158 3908/500/158
f 3908/500/157 3920/513/157 3909/501/157 3897/488/157
f 3909/501/168 3921/514/168 3922/515/168 3910/502/168
f 3910/502/167 3922/515/167 3923/516/167 3911/503/167
f 3911/503/166 3923/516/166 3924/517/166 3912/504/166
f 3912/504/165 3924/517/165 3925/518/165 3913/505/165
f 3913/505/164 3925/518/164 3926/519/164 3914/506/164
f 3914/506/163 3926/519/163 3927/520/163 3915/507/163
f 3915/508/174 3927/521/174 3928/522/174 3916/509/174
f 3916/509/173 3928/522/173 3929/523/173 3917/510/173
f 3917/510/172 3929/523/172 3930/524/172 3918/511/172
f 3918/511/171 3930/524/171 3931/525/171 3919/512/171
f 3919/512/170 3931/525/170 3932/526/170 3920/513/170
f 3920/513/169 3932/526/169 3921/514/169 3909/501/169
f 3921/514/180 3933/527/180 3934/528/180 3922/515/180
f 3922/515/179 3934/528/179 3935/529/179 3923/516/179
f 3923/516/178 3935/529/178 3936/530/178 3924/517/178
f 3924/517/177 3936/530/177 3937/531/177 3925/518/177
f 3925/518/176 3937/531/176 3938/532/176 3926/519/176
f 3926/519/175 3938/532/175 3939/533/175 3927/520/175
f 3927/521/186 3939/534/186 3940/535/186 3928/522/186
f 3928/522/185 3940/535/185 3941/536/185 3929/523/185
f 3929/523/184 3941/536/184 3942/537/184 3930/524/184
f 3930/524/183 3942/537/183 3943/538/183 3931/525/183
f 3931/525/182 3943/538/182 3944/539/182 3932/526/182
f 3932/526/181 3944/539/181 3933/527/181 3921/514/181
f 3933/527/192 3945/540/192 3946/541/192 3934/528/192
f 3934/528/191 3946/541/191 3947/542/191 3935/529/191
f 3935/529/190 3947/542/190 3948/543/190 3936/530/190
f 3936/530/189 3948/543/189 3949/544/189 3937/531/189
f 3937/531/188 3949/544/188 3950/545/188 3938/532/188
f 3938/532/187 3950/545/187 3951/546/187 3939/533/187
f 3939/534/198 3951/547/198 3952/548/198 3940/535/198
f 3940/535/197 3952/548/197 3953/549/197 3941/536/197
f 3941/536/196 3953/549/196 3954/550/196 3942/537/196
f 3942/537/195 3954/550/195 3955/551/195 3943/538/195
f 3943/538/194 3955/551/194 3956/552/194 3944/539/194
f 3944/539/193 3956/552/193 3945/540/193 3933/527/193
f 3945/540/204 3957/553/204 3958/554/204 3946/541/204
f 3946/541/203 3958/554/203 3959/555/203 3947/542/203
f 3947/542/202 3959/555/202 3960/556/202 3948/543/202
f 3948/543/201 3960/556/201 3961/557/201 3949/544/201
f 3949/544/200 3961/557/200 3962/558/200 3950/545/200
f 3950/545/199 3962/558/199 3963/559/199 3951/546/199
f 3951/547/210 3963/560/210 3964/561/210 3952/548/210
f 3952/548/209 3964/561/209 3965/562/209 3953/549/209
f 3953/549/208 3965/562/208 3966/563/208 3954/550/208
f 3954/550/207 3966/563/207 3967/564/207 3955/551/207
f 3955/551/206 3967/564/206 3968/565/206 3956/552/206
f 3956/552/205 3968/565/205 3957/553/205 3945/540/205
f 3957/553/216 3969/6/216 3970/566/216 3958/554/216
f 3958/554/215 3970/566/215 3971/567/215 3959/555/215
f 3959/555/214 3971/567/214 3972/8/214 3960/556/214
f 3960/556/213 3972/8/213 3973/568/213 3961/557/213
f 3961/557/212 3973/568/212 3974/569/212 3962/558/212
f 3962/558/211 3974/569/211 3975/10/211 3963/559/211
f 3963/560/222 3975/570/222 3976/571/222 3964/561/222
f 3964/561/221 3976/571/221 3977/572/221 3965/562/221
f 3965/562/220 3977/572/220 3978/4/220 3966/563/220
f 3966/563/219 3978/4/219 3979/573/219 3967/564/219
f 3967/564/218 3979/573/218 3980/574/218 3968/565/218
f 3968/565/217 3980/574/217 3969/6/217 3957/553/217
f 3969/6/228 3981/575/228 3982/576/228 3970/566/228
f 3970/566/227 3982/576/227 3983/577/227 3971/567/227
f 3971/567/226 3983/577/226 3984/578/226 3972/8/226
f 3972/8/225 3984/578/225 3985/579/225 3973/568/225
f 3973/568/224 3985/579/224 3986/580/224 3974/569/224
f 3974/569/223 3986/580/223 3987/581/223 3975/10/223
f 3975/570/234 3987/582/234 3988/583/234 3976/571/234
f 3976/571/233 3988/583/233 3989/584/233 3977/572/233
f 3977/572/232 3989/584/232 3990/585/232 3978/4/232
f 3978/4/231 3990/585/231 3991/586/231 3979/573/231
f 3979/573/230 3991/586/230 3992/587/230 3980/574/230
f 3980/574/229 3992/587/229 3981/575/229 3969/6/229
f 3981/575/240 3993/588/240 3994/589/240 3982/576/240
f 3982/576/239 3994/589/239 3995/590/239 3983/577/239
f 3983/577/238 3995/590/238 3996/591/238 3984/578/238
f 3984/578/237 3996/591/237 3997/592/237 3985/579/237
f 3985/579/236 3997/592/236 3998/593/236 3986/580/236
f 3986/580/235 3998/593/235 3999/594/235 3987/581/235
f 3987/582/246 3999/595/246 4000/596/246 3988/583/246
f 3988/583/245 4000/596/245 4001/597/245 3989/584/245
f 3989/584/244 4001/597/244 4002/598/244 3990/585/244
f 3990/585/243 4002/598/243 4003/599/243 3991/586/243
f 3991/586/242 4003/599/242 4004/600/242 3992/587/242
f 3992/587/241 4004/600/241 3993/588/241 3981/575/241
f 3993/588/252 4005/601/252 4006/602/252 3994/589/252
f 3994/589/251 4006/602/251 4007/603/251 3995/590/251
f 3995/590/250 4007/603/250 4008/604/250 3996/591/250
f 3996/591/249 4008/604/249 4009/605/249 3997/592/249
f 3997/592/248 4009/605/248 4010/606/248 3998/593/248
f 3998/593/247 4010/606/247 4011/607/247 3999/594/247
f 3999/595/258 4011/608/258 4012/609/258 4000/596/258
f 4000/596/257 4012/609/257 4013/610/257 4001/597/257
f 4001/597/256 4013/610/256 4014/611/256 4002/598/256
f 4002/598/255 4014/611/255 4015/612/255 4003/599/255
f 4003/599/254 4015/612/254 4016/613/254 4004/600/254
f 4004/600/253 4016/613/253 4005/601/253 3993/588/253
f 4005/601/264 4017/614/264 4018/615/264 4006/602/264
f 4006/602/263 4018/615/263 4019/616/263 4007/603/263
f 4007/603/262 4019/616/262 4020/617/262 4008/604/262
f 4008/604/261 4020/617/261 4021/618/261 4009/605/261
f 4009/605/260 4021/618/260 4022/619/260 4010/606/260
f 4010/606/259 4022/619/259 4023/620/259 4011/607/259
f 4011/608/270 4023/621/270 4024/622/270 4012/609/270
f 4012/609/269 4024/622/269 4025/623/269 4013/610/269
f 4013/610/268 4025/623/268 4026/624/268 4014/611/268
f 4014/611/267 4026/624/267 4027/625/267 4015/612/267
f 4015/612/266 4027/625/266 4028/626/266 4016/613/266
f 4016/613/265 4028/626/265 4017/614/265 4005/601/265
f 4017/614/276 4029/627/276 4030/628/276 4018/615/276
f 4018/615/275 4030/628/275 4031/629/275 4019/616/275
f 4019/616/274 4031/629/274 4032/630/274 4020/617/274
f 4020/617/273 4032/630/273 4033/631/273 4021/618/273
f 4021/618/272 4033/631/272 4034/632/272 4022/619/272
f 4022/619/271 4034/632/271 4035/633/271 4023/620/271
f 4023/621/282 4035/634/282 4036/635/282 4024/622/282
f 4024/622/281 4036/635/281 4037/636/281 4025/623/281
f 4025/623/280 4037/636/280 4038/637/280 4026/624/280
f 4026/624/279 4038/637/279 4039/638/279 4027/625/279
f 4027/625/278 4039/638/278 4040/639/278 4028/626/278
f 4028/626/277 4040/639/277 4029/627/277 4017/614/277
f 4029/627/288 3465/15/288 3466/18/288 4030/628/288
f 4030/628/307 3466/18/307 3467/20/307 4031/629/307
f 4031/629/286 3467/20/286 3468/22/286 4032/630/286
f 4032/630/285 3468/22/285 3469/24/285 4033/631/285
f 4033/631/284 3469/24/284 3470/26/284 4034/632/284
f 4034/632/283 3470/26/283 3471/28/283 4035/633/283
f 4035/634/294 3471/29/294 3472/32/294 4036/635/294
f 4036/635/293 3472/32/293 3473/34/293 4037/636/293
f 4037/636/292 3473/34/292 3474/36/292 4038/637/292
f 4038/637/291 3474/36/291 3475/38/291 4039/638/291
f 4039/638/308 3475/38/308 3476/40/308 4040/639/308
f 4040/639/289 3476/40/289 3465/15/289 4029/627/289
f 4041/15/7 4053/16/7 4054/17/7 4042/18/7
f 4042/18/296 4054/17/296 4055/19/296 4043/20/296
f 4043/20/9 4055/19/9 4056/21/9 4044/22/9
f 4044/22/10 4056/21/10 4057/23/10 4045/24/10
f 4045/24/295 4057/23/295 4058/25/295 4046/26/295
f 4046/26/12 4058/25/12 4059/27/12 4047/28/12
f 4047/29/13 4059/30/13 4060/31/13 4048/32/13
f 4048/32/298 4060/31/298 4061/33/298 4049/34/298
f 4049/34/15 4061/33/15 4062/35/15 4050/36/15
f 4050/36/16 4062/35/16 4063/37/16 4051/38/16
f 4051/38/297 4063/37/297 4064/39/297 4052/40/297
f 4052/40/18 4064/39/18 4053/16/18 4041/15/18
f 4053/16/19 4065/41/19 4066/42/19 4054/17/19
f 4054/17/20 4066/42/20 4067/43/20 4055/19/20
f 4055/19/21 4067/43/21 4068/44/21 4056/21/21
f 4056/21/22 4068/44/22 4069/45/22 4057/23/22
f 4057/23/23 4069/45/23 4070/46/23 4058/25/23
f 4058/25/24 4070/46/24 4071/47/24 4059/27/24
f 4059/30/25 4071/48/25 4072/49/25 4060/31/25
f 4060/31/26 4072/49/26 4073/50/26 4061/33/26
f 4061/33/27 4073/50/27 4074/51/27 4062/35/27
f 4062/35/28 4074/51/28 4075/52/28 4063/37/28
f 4063/37/29 4075/52/29 4076/53/29 4064/39/29
f 4064/39/30 4076/53/30 4065/41/30 4053/16/30
f 4065/41/31 4077/54/31 4078/55/31 4066/42/31
f 4066/42/32 4078/55/32 4079/56/32 4067/43/32
f 4067/43/33 4079/56/33 4080/57/33 4068/44/33
f 4068/44/34 4080/57/34 4081/58/34 4069/45/34
f 4069/45/35 4081/58/35 4082/59/35 4070/46/35
f 4070/46/36 4082/59/36 4083/60/36 4071/47/36
f 4071/48/37 4083/61/37 4084/62/37 4072/49/37
f 4072/49/38 4084/62/38 4085/63/38 4073/50/38
f 4073/50/39 4085/63/39 4086/64/39 4074/51/39
f 4074/51/40 4086/64/40 4087/65/40 4075/52/40
f 4075/52/41 4087/65/41 4088/66/41 4076/53/41
f 4076/53/42 4088/66/42 4077/54/42 4065/41/42
f 4077/54/43 4089/67/43 4090/68/43 4078/55/43
f 4078/55/310 4090/68/310 4091/69/310 4079/56/310
f 4079/56/45 4091/69/45 4092/70/45 4080/57/45
f 4080/57/46 4092/70/46 4093/71/46 4081/58/46
f 4081/58/47 4093/71/47 4094/72/47 4082/59/47
f 4082/59/48 4094/72/48 4095/73/48 4083/60/48
f 4083/61/49 4095/74/49 4096/75/49 4084/62/49
f 4084/62/50 4096/75/50 4097/76/50 4085/63/50
f 4085/63/51 4097/76/51 4098/77/51 4086/64/51
f 4086/64/52 4098/77/52 4099/78/52 4087/65/52
f 4087/65/53 4099/78/53 4100/79/53 4088/66/53
f 4088/66/54 4100/79/54 4089/67/54 4077/54/54
f 4089/67/55 4101/80/55 4102/81/55 4090/68/55
f 4090/68/56 4102/81/56 4103/82/56 4091/69/56
f 4091/69/57 4103/82/57 4104/83/57 4092/70/57
f 4092/70/58 4104/83/58 4105/84/58 4093/71/58
f 4093/71/59 4105/84/59 4106/85/59 4094/72/59
f 4094/72/60 4106/85/60 4107/86/60 4095/73/60
f 4095/74/61 4107/87/61 4108/88/61 4096/75/61
f 4096/75/62 4108/88/62 4109/89/62 4097/76/62
f 4097/76/63 4109/89/63 4110/90/63 4098/77/63
f 4098/77/64 4110/90/64 4111/91/64 4099/78/64
f 4099/78/65 4111/91/65 4112/92/65 4100/79/65
f 4100/79/66 4112/92/66 4101/80/66 4089/67/66
f 4101/80/67 4113/5/67 4114/93/67 4102/81/67
f 4102/81/68 4114/93/68 4115/94/68 4103/82/68
f 4103/82/69 4115/94/69 4116/7/69 4104/83/69
f 4104/83/70 4116/7/70 4117/95/70 4105/84/70
f 4105/84/71 4117/95/71 4118/96/71 4106/85/71
f 4106/85/72 4118/96/72 4119/9/72 4107/86/72
f 4107/87/73 4119/97/73 4120/98/73 4108/88/73
f 4108/88/74 4120/98/74 4121/99/74 4109/89/74
f 4109/89/75 4121/99/75 4122/3/75 4110/90/75
f 4110/90/76 4122/3/76 4123/100/76 4111/91/76
f 4111/91/77 4123/100/77 4124/101/77 4112/92/77
f 4112/92/78 4124/101/78 4113/5/78 4101/80/78
f 4113/5/79 4125/102/79 4126/103/79 4114/93/79
f 4114/93/80 4126/103/80 4127/104/80 4115/94/80
f 4115/94/81 4127/104/81 4128/105/81 4116/7/81
f 4116/7/82 4128/105/82 4129/106/82 4117/95/82
f 4117/95/83 4129/106/83 4130/107/83 4118/96/83
f 4118/96/84 4130/107/84 4131/108/84 4119/9/84
f 4119/97/85 4131/109/85 4132/110/85 4120/98/85
f 4120/98/86 4132/110/86 4133/111/86 4121/99/86
f 4121/99/87 4133/111/87 4134/112/87 4122/3/87
f 4122/3/88 4134/112/88 4135/113/88 4123/100/88
f 4123/100/89 4135/113/89 4136/114/89 4124/101/89
f 4124/101/90 4136/114/90 4125/102/90 4113/5/90
f 4125/102/91 4137/115/91 4138/116/91 4126/103/91
f 4126/103/92 4138/116/92 4139/117/92 4127/104/92
f 4127/104/93 4139/117/93 4140/118/93 4128/105/93
f 4128/105/94 4140/118/94 4141/119/94 4129/106/94
f 4129/106/95 4141/119/95 4142/120/95 4130/107/95
f 4130/107/96 4142/120/96 4143/121/96 4131/108/96
f 4131/109/97 4143/122/97 4144/123/97 4132/110/97
f 4132/110/98 4144/123/98 4145/124/98 4133/111/98
f 4133/111/99 4145/124/99 4146/125/99 4134/112/99
f 4134/112/100 4146/125/100 4147/126/100 4135/113/100
f 4135/113/101 4147/126/101 4148/127/101 4136/114/101
f 4136/114/102 4148/127/102 4137/115/102 4125/102/102
f 4137/115/103 4149/128/103 4150/129/103 4138/116/103
f 4138/116/104 4150/129/104 4151/130/104 4139/117/104
f 4139/117/105 4151/130/105 4152/131/105 4140/118/105
f 4140/118/106 4152/131/106 4153/132/106 4141/119/106
f 4141/119/107 4153/132/107 4154/133/107 4142/120/107
f 4142/120/108 4154/133/108 4155/134/108 4143/121/108
f 4143/122/109 4155/135/109 4156/136/109 4144/123/109
f 4144/123/110 4156/136/110 4157/137/110 4145/124/110
f 4145/124/111 4157/137/111 4158/138/111 4146/125/111
f 4146/125/112 4158/138/112 4159/139/112 4147/126/112
f 4147/126/113 4159/139/113 4160/140/113 4148/127/113
f 4148/127/114 4160/140/114 4149/128/114 4137/115/114
f 4149/128/115 4161/141/115 4162/142/115 4150/129/115
f 4150/129/116 4162/142/116 4163/143/116 4151/130/116
f 4151/130/117 4163/143/117 4164/144/117 4152/131/117
f 4152/131/118 4164/144/118 4165/145/118 4153/132/118
f 4153/132/119 4165/145/119 4166/146/119 4154/133/119
f 4154/133/120 4166/146/120 4167/147/120 4155/134/120
f 4155/135/121 4167/148/121 4168/149/121 4156/136/121
f 4156/136/122 4168/149/122 4169/150/122 4157/137/122
f 4157/137/123 4169/150/123 4170/151/123 4158/138/123
f 4158/138/124 4170/151/124 4171/152/124 4159/139/124
f 4159/139/125 4171/152/125 4172/153/125 4160/140/125
f 4160/140/126 4172/153/126 4161/141/126 4149/128/126
f 4161/141/127 4173/154/127 4174/155/127 4162/142/127
f 4162/142/128 4174/155/128 4175/156/128 4163/143/128
f 4163/143/129 4175/156/129 4176/157/129 4164/144/129
f 4164/144/130 4176/157/130 4177/158/130 4165/145/130
f 4165/145/131 4177/158/131 4178/159/131 4166/146/131
f 4166/146/132 4178/159/132 4179/160/132 4167/147/132
f 4167/148/133 4179/161/133 4180/162/133 4168/149/133
f 4168/149/134 4180/162/134 4181/163/134 4169/150/134
f 4169/150/135 4181/163/135 4182/164/135 4170/151/135
f 4170/151/136 4182/164/136 4183/165/136 4171/152/136
f 4171/152/137 4183/165/137 4184/166/137 4172/153/137
f 4172/153/138 4184/166/138 4173/154/138 4161/141/138
f 4173/154/139 4185/167/139 4186/168/139 4174/155/139
f 4174/155/299 4186/168/299 4187/169/299 4175/156/299
f 4175/156/141 4187/169/141 4188/170/141 4176/157/141
f 4176/157/142 4188/170/142 4189/171/142 4177/158/142
f 4177/158/143 4189/171/143 4190/172/143 4178/159/143
f 4178/159/144 4190/172/144 4191/173/144 4179/160/144
f 4179/161/145 4191/174/145 4192/175/145 4180/162/145
f 4180/162/146 4192/175/146 4193/176/146 4181/163/146
f 4181/163/147 4193/176/147 4194/177/147 4182/164/147
f 4182/164/148 4194/177/148 4195/178/148 4183/165/148
f 4183/165/300 4195/178/300 4196/179/300 4184/166/300
f 4184/166/150 4196/179/150 4185/167/150 4173/154/150
f 4185/167/151 4197/180/151 4198/181/151 4186/168/151
f 4186/168/152 4198/181/152 4199/182/152 4187/169/152
f 4187/169/153 4199/182/153 4200/183/153 4188/170/153
f 4188/170/154 4200/183/154 4201/184/154 4189/171/154
f 4189/171/155 4201/184/155 4202/185/155 4190/172/155
f 4190/172/156 4202/185/156 4203/186/156 4191/173/156
f 4191/174/157 4203/187/157 4204/188/157 4192/175/157
f 4192/175/158 4204/188/158 4205/189/158 4193/176/158
f 4193/176/159 4205/189/159 4206/190/159 4194/177/159
f 4194/177/160 4206/190/160 4207/191/160 4195/178/160
f 4195/178/161 4207/191/161 4208/192/161 4196/179/161
f 4196/179/162 4208/192/162 4197/180/162 4185/167/162
f 4197/180/163 4209/193/163 4210/194/163 4198/181/163
f 4198/181/164 4210/194/164 4211/195/164 4199/182/164
f 4199/182/165 4211/195/165 4212/196/165 4200/183/165
f 4200/183/166 4212/196/166 4213/197/166 4201/184/166
f 4201/184/167 4213/197/167 4214/198/167 4202/185/167
f 4202/185/168 4214/198/168 4215/199/168 4203/186/168
f 4203/187/169 4215/200/169 4216/201/169 4204/188/169
f 4204/188/170 4216/201/170 4217/202/170 4205/189/170
f 4205/189/171 4217/202/171 4218/203/171 4206/190/171
f 4206/190/172 4218/203/172 4219/204/172 4207/191/172
f 4207/191/173 4219/204/173 4220/205/173 4208/192/173
f 4208/192/174 4220/205/174 4209/193/174 4197/180/174
f 4209/193/175 4221/206/175 4222/207/175 4210/194/175
f 4210/194/176 4222/207/176 4223/208/176 4211/195/176
f 4211/195/177 4223/208/177 4224/209/177 4212/196/177
f 4212/196/178 4224/209/178 4225/210/178 4213/197/178
f 4213/197/179 4225/210/179 4226/211/179 4214/198/179
f 4214/198/180 4226/211/180 4227/212/180 4215/199/180
f 4215/200/181 4227/213/181 4228/214/181 4216/201/181
f 4216/201/182 4228/214/182 4229/215/182 4217/202/182
f 4217/202/183 4229/215/183 4230/216/183 4218/203/183
f 4218/203/184 4230/216/184 4231/217/184 4219/204/184
f 4219/204/185 4231/217/185 4232/218/185 4220/205/185
f 4220/205/186 4232/218/186 4221/206/186 4209/193/186
f 4221/206/187 4233/219/187 4234/220/187 4222/207/187
f 4222/207/188 4234/220/188 4235/221/188 4223/208/188
f 4223/208/189 4235/221/189 4236/222/189 4224/209/189
f 4224/209/190 4236/222/190 4237/223/190 4225/210/190
f 4225/210/191 4237/223/191 4238/224/191 4226/211/191
f 4226/211/192 4238/224/192 4239/225/192 4227/212/192
f 4227/213/193 4239/226/193 4240/227/193 4228/214/193
f 4228/214/194 4240/227/194 4241/228/194 4229/215/194
f 4229/215/195 4241/228/195 4242/229/195 4230/216/195
f 4230/216/196 4242/229/196 4243/230/196 4231/217/196
f 4231/217/197 4243/230/197 4244/231/197 4232/218/197
f 4232/218/198 4244/231/198 4233/219/198 4221/206/198
f 4233/219/199 4245/232/199 4246/233/199 4234/220/199
f 4234/220/200 4246/233/200 4247/234/200 4235/221/200
f 4235/221/201 4247/234/201 4248/235/201 4236/222/201
f 4236/222/202 4248/235/202 4249/236/202 4237/223/202
f 4237/223/203 4249/236/203 4250/237/203 4238/224/203
f 4238/224/204 4250/237/204 4251/238/204 4239/225/204
f 4239/226/205 4251/239/205 4252/240/205 4240/227/205
f 4240/227/206 4252/240/206 4253/241/206 4241/228/206
f 4241/228/207 4253/241/207 4254/242/207 4242/229/207
f 4242/229/208 4254/242/208 4255/243/208 4243/230/208
f 4243/230/209 4255/243/209 4256/244/209 4244/231/209
f 4244/231/210 4256/244/210 4245/232/210 4233/219/210
f 4245/232/211 4257/13/211 4258/245/211 4246/233/211
f 4246/233/212 4258/245/212 4259/246/212 4247/234/212
f 4247/234/213 4259/246/213 4260/14/213 4248/235/213
f 4248/235/214 4260/14/214 4261/247/214 4249/236/214
f 4249/236/215 4261/247/215 4262/248/215 4250/237/215
f 4250/237/216 4262/248/216 4263/249/216 4251/238/216
f 4251/239/217 4263/250/217 4264/251/217 4252/240/217
f 4252/240/218 4264/251/218 4265/252/218 4253/241/218
f 4253/241/219 4265/252/219 4266/253/219 4254/242/219
f 4254/242/220 4266/253/220 4267/254/220 4255/243/220
f 4255/243/221 4267/254/221 4268/255/221 4256/244/221
f 4256/244/222 4268/255/222 4257/13/222 4245/232/222
f 4257/13/223 4269/256/223 4270/257/223 4258/245/223
f 4258/245/224 4270/257/224 4271/258/224 4259/246/224
f 4259/246/225 4271/258/225 4272/259/225 4260/14/225
f 4260/14/226 4272/259/226 4273/260/226 4261/247/226
f 4261/247/227 4273/260/227 4274/261/227 4262/248/227
f 4262/248/228 4274/261/228 4275/262/228 4263/249/228
f 4263/250/229 4275/263/229 4276/264/229 4264/251/229
f 4264/251/230 4276/264/230 4277/265/230 4265/252/230
f 4265/252/231 4277/265/231 4278/266/231 4266/253/231
f 4266/253/232 4278/266/232 4279/267/232 4267/254/232
f 4267/254/233 4279/267/233 4280/268/233 4268/255/233
f 4268/255/234 4280/268/234 4269/256/234 4257/13/234
f 4269/256/235 4281/269/235 4282/270/235 4270/257/235
f 4270/257/236 4282/270/236 4283/271/236 4271/258/236
f 4271/258/237 4283/271/237 4284/272/237 4272/259/237
f 4272/259/238 4284/272/238 4285/273/238 4273/260/238
f 4273/260/239 4285/273/239 4286/274/239 4274/261/239
f 4274/261/240 4286/274/240 4287/275/240 4275/262/240
f 4275/263/241 4287/276/241 4288/277/241 4276/264/241
f 4276/264/242 4288/277/242 4289/278/242 4277/265/242
f 4277/265/243 4289/278/243 4290/279/243 4278/266/243
f 4278/266/244 4290/279/244 4291/280/244 4279/267/244
f 4279/267/245 4291/280/245 4292/281/245 4280/268/245
f 4280/268/246 4292/281/246 4281/269/246 4269/256/246
f 4281/269/247 4293/282/247 4294/283/247 4282/270/247
f 4282/270/248 4294/283/248 4295/284/248 4283/271/248
f 4283/271/249 4295/284/249 4296/285/249 4284/272/249
f 4284/272/250 4296/285/250 4297/286/250 4285/273/250
f 4285/273/251 4297/286/251 4298/287/251 4286/274/251
f 4286/274/252 4298/287/252 4299/288/252 4287/275/252
f 4287/276/253 4299/289/253 4300/290/253 4288/277/253
f 4288/277/254 4300/290/254 4301/291/254 4289/278/254
f 4289/278/255 4301/291/255 4302/292/255 4290/279/255
f 4290/279/256 4302/292/256 4303/293/256 4291/280/256
f 4291/280/257 4303/293/257 4304/294/257 4292/281/257
f 4292/281/258 4304/294/258 4293/282/258 4281/269/258
f 4293/282/259 4305/295/259 4306/296/259 4294/283/259
f 4294/283/260 4306/296/260 4307/297/260 4295/284/260
f 4295/284/261 4307/297/261 4308/298/261 4296/285/261
f 4296/285/262 4308/298/262 4309/299/262 4297/286/262
f 4297/286/263 4309/299/263 4310/300/263 4298/287/263
f 4298/287/264 4310/300/264 4311/301/264 4299/288/264
f 4299/289/265 4311/302/265 4312/303/265 4300/290/265
f 4300/290/266 4312/303/266 4313/304/266 4301/291/266
f 4301/291/267 4313/304/267 4314/305/267 4302/292/267
f 4302/292/268 4314/305/268 4315/306/268 4303/293/268
f 4303/293/269 4315/306/269 4316/307/269 4304/294/269
f 4304/294/270 4316/307/270 4305/295/270 4293/282/270
f 4305/295/271 4317/308/271 4318/309/271 4306/296/271
f 4306/296/272 4318/309/272 4319/310/272 4307/297/272
f 4307/297/273 4319/310/273 4320/311/273 4308/298/273
f 4308/298/274 4320/311/274 4321/312/274 4309/299/274
f 4309/299/275 4321/312/275 4322/313/275 4310/300/275
f 4310/300/276 4322/313/276 4323/314/276 4311/301/276
f 4311/302/277 4323/315/277 4324/316/277 4312/303/277
f 4312/303/278 4324/316/278 4325/317/278 4313/304/278
f 4313/304/279 4325/317/279 4326/318/279 4314/305/279
f 4314/305/280 4326/318/280 4327/319/280 4315/306/280
f 4315/306/281 4327/319/281 4328/320/281 4316/307/281
f 4316/307/282 4328/320/282 4317/308/282 4305/295/282
f 4317/308/283 4329/321/283 4330/322/283 4318/309/283
f 4318/309/284 4330/322/284 4331/323/284 4319/310/284
f 4319/310/285 4331/323/285 4332/324/285 4320/311/285
f 4320/311/286 4332/324/286 4333/325/286 4321/312/286
f 4321/312/307 4333/325/307 4334/326/307 4322/313/307
f 4322/313/288 4334/326/288 4335/327/288 4323/314/288
f 4323/315/289 4335/328/289 4336/329/289 4324/316/289
f 4324/316/308 4336/329/308 4337/330/308 4325/317/308
f 4325/317/291 4337/330/291 4338/331/291 4326/318/291
f 4326/318/292 4338/331/292 4339/332/292 4327/319/292
f 4327/319/293 4339/332/293 4340/333/293 4328/320/293
f 4328/320/294 4340/333/294 4329/321/294 4317/308/294
f 4329/334/12 4341/335/12 4342/336/12 4330/337/12
f 4330/337/295 4342/336/295 4343/338/295 4331/339/295
f 4331/339/10 4343/338/10 4344/340/10 4332/341/10
f 4332/341/9 4344/340/9 4345/342/9 4333/343/9
f 4333/343/296 4345/342/296 4346/344/296 4334/345/296
f 4334/345/7 4346/344/7 4347/346/7 4335/347/7
f 4335/348/18 4347/349/18 4348/350/18 4336/351/18
f 4336/351/297 4348/350/297 4349/352/297 4337/353/297
f 4337/353/16 4349/352/16 4350/354/16 4338/355/16
f 4338/355/15 4350/354/15 4351/356/15 4339/357/15
f 4339/357/298 4351/356/298 4352/358/298 4340/359/298
f 4340/359/13 4352/358/13 4341/335/13 4329/334/13
f 4341/335/24 4353/360/24 4354/361/24 4342/336/24
f 4342/336/23 4354/361/23 4355/362/23 4343/338/23
f 4343/338/22 4355/362/22 4356/363/22 4344/340/22
f 4344/340/21 4356/363/21 4357/364/21 4345/342/21
f 4345/342/20 4357/364/20 4358/365/20 4346/344/20
f 4346/344/19 4358/365/19 4359/366/19 4347/346/19
f 4347/349/30 4359/367/30 4360/368/30 4348/350/30
f 4348/350/29 4360/368/29 4361/369/29 4349/352/29
f 4349/352/28 4361/369/28 4362/370/28 4350/354/28
f 4350/354/27 4362/370/27 4363/371/27 4351/356/27
f 4351/356/26 4363/371/26 4364/372/26 4352/358/26
f 4352/358/25 4364/372/25 4353/360/25 4341/335/25
f 4353/360/36 4365/373/36 4366/374/36 4354/361/36
f 4354/361/35 4366/374/35 4367/375/35 4355/362/35
f 4355/362/34 4367/375/34 4368/376/34 4356/363/34
f 4356/363/33 4368/376/33 4369/377/33 4357/364/33
f 4357/364/32 4369/377/32 4370/378/32 4358/365/32
f 4358/365/31 4370/378/31 4371/379/31 4359/366/31
f 4359/367/42 4371/380/42 4372/381/42 4360/368/42
f 4360/368/41 4372/381/41 4373/382/41 4361/369/41
f 4361/369/40 4373/382/40 4374/383/40 4362/370/40
f 4362/370/39 4374/383/39 4375/384/39 4363/371/39
f 4363/371/38 4375/384/38 4376/385/38 4364/372/38
f 4364/372/37 4376/385/37 4365/373/37 4353/360/37
f 4365/373/48 4377/386/48 4378/387/48 4366/374/48
f 4366/374/311 4378/387/311 4379/388/311 4367/375/311
f 4367/375/46 4379/388/46 4380/389/46 4368/376/46
f 4368/376/45 4380/389/45 4381/390/45 4369/377/45
f 4369/377/44 4381/390/44 4382/391/44 4370/378/44
f 4370/378/43 4382/391/43 4383/392/43 4371/379/43
f 4371/380/54 4383/393/54 4384/394/54 4372/381/54
f 4372/381/53 4384/394/53 4385/395/53 4373/382/53
f 4373/382/52 4385/395/52 4386/396/52 4374/383/52
f 4374/383/51 4386/396/51 4387/397/51 4375/384/51
f 4375/384/50 4387/397/50 4388/398/50 4376/385/50
f 4376/385/49 4388/398/49 4377/386/49 4365/373/49
f 4377/386/60 4389/399/60 4390/400/60 4378/387/60
f 4378/387/59 4390/400/59 4391/401/59 4379/388/59
f 4379/388/58 4391/401/58 4392/402/58 4380/389/58
f 4380/389/57 4392/402/57 4393/403/57 4381/390/57
f 4381/390/56 4393/403/56 4394/404/56 4382/391/56
f 4382/391/55 4394/404/55 4395/405/55 4383/392/55
f 4383/393/66 4395/406/66 4396/407/66 4384/394/66
f 4384/394/65 4396/407/65 4397/408/65 4385/395/65
f 4385/395/64 4397/408/64 4398/409/64 4386/396/64
f 4386/396/63 4398/409/63 4399/410/63 4387/397/63
f 4387/397/62 4399/410/62 4400/411/62 4388/398/62
f 4388/398/61 4400/411/61 4389/399/61 4377/386/61
f 4389/399/72 4401/11/72 4402/412/72 4390/400/72
f 4390/400/71 4402/412/71 4403/413/71 4391/401/71
f 4391/401/70 4403/413/70 4404/12/70 4392/402/70
f 4392/402/69 4404/12/69 4405/414/69 4393/403/69
f 4393/403/68 4405/414/68 4406/415/68 4394/404/68
f 4394/404/67 4406/415/67 4407/416/67 4395/405/67
f 4395/406/78 4407/417/78 4408/418/78 4396/407/78
f 4396/407/77 4408/418/77 4409/419/77 4397/408/77
f 4397/408/76 4409/419/76 4410/420/76 4398/409/76
f 4398/409/75 4410/420/75 4411/421/75 4399/410/75
f 4399/410/74 4411/421/74 4412/422/74 4400/411/74
f 4400/411/73 4412/422/73 4401/11/73 4389/399/73
f 4401/11/84 4413/423/84 4414/424/84 4402/412/84
f 4402/412/83 4414/424/83 4415/425/83 4403/413/83
f 4403/413/82 4415/425/82 4416/426/82 4404/12/82
f 4404/12/81 4416/426/81 4417/427/81 4405/414/81
f 4405/414/80 4417/427/80 4418/428/80 4406/415/80
f 4406/415/79 4418/428/79 4419/429/79 4407/416/79
f 4407/417/90 4419/430/90 4420/431/90 4408/418/90
f 4408/418/89 4420/431/89 4421/432/89 4409/419/89
f 4409/419/88 4421/432/88 4422/433/88 4410/420/88
f 4410/420/87 4422/433/87 4423/434/87 4411/421/87
f 4411/421/86 4423/434/86 4424/435/86 4412/422/86
f 4412/422/85 4424/435/85 4413/423/85 4401/11/85
f 4413/423/96 4425/436/96 4426/437/96 4414/424/96
f 4414/424/95 4426/437/95 4427/438/95 4415/425/95
f 4415/425/94 4427/438/94 4428/439/94 4416/426/94
f 4416/426/93 4428/439/93 4429/440/93 4417/427/93
f 4417/427/92 4429/440/92 4430/441/92 4418/428/92
f 4418/428/91 4430/441/91 4431/442/91 4419/429/91
f 4419/430/102 4431/443/102 4432/444/102 4420/431/102
f 4420/431/101 4432/444/101 4433/445/101 4421/432/101
f 4421/432/100 4433/445/100 4434/446/100 4422/433/100
f 4422/433/99 4434/446/99 4435/447/99 4423/434/99
f 4423/434/98 4435/447/98 4436/448/98 4424/435/98
f 4424/435/97 4436/448/97 4425/436/97 4413/423/97
f 4425/436/108 4437/449/108 4438/450/108 4426/437/108
f 4426/437/107 4438/450/107 4439/451/107 4427/438/107
f 4427/438/106 4439/451/106 4440/452/106 4428/439/106
f 4428/439/105 4440/452/105 4441/453/105 4429/440/105
f 4429/440/104 4441/453/104 4442/454/104 4430/441/104
f 4430/441/103 4442/454/103 4443/455/103 4431/442/103
f 4431/443/114 4443/456/114 4444/457/114 4432/444/114
f 4432/444/113 4444/457/113 4445/458/113 4433/445/113
f 4433/445/112 4445/458/112 4446/459/112 4434/446/112
f 4434/446/111 4446/459/111 4447/460/111 4435/447/111
f 4435/447/110 4447/460/110 4448/461/110 4436/448/110
f 4436/448/109 4448/461/109 4437/449/109 4425/436/109
f 4437/449/120 4449/462/120 4450/463/120 4438/450/120
f 4438/450/119 4450/463/119 4451/464/119 4439/451/119
f 4439/451/118 4451/464/118 4452/465/118 4440/452/118
f 4440/452/117 4452/465/117 4453/466/117 4441/453/117
f 4441/453/116 4453/466/116 4454/467/116 4442/454/116
f 4442/454/115 4454/467/115 4455/468/115 4443/455/115
f 4443/456/126 4455/469/126 4456/470/126 4444/457/126
f 4444/457/125 4456/470/125 4457/471/125 4445/458/125
f 4445/458/124 4457/471/124 4458/472/124 4446/459/124
f 4446/459/123 4458/472/123 4459/473/123 4447/460/123
f 4447/460/122 4459/473/122 4460/474/122 4448/461/122
f 4448/461/121 4460/474/121 4449/462/121 4437/449/121
f 4449/462/132 4461/475/132 4462/476/132 4450/463/132
f 4450/463/131 4462/476/131 4463/477/131 4451/464/131
f 4451/464/130 4463/477/130 4464/478/130 4452/465/130
f 4452/465/129 4464/478/129 4465/479/129 4453/466/129
f 4453/466/128 4465/479/128 4466/480/128 4454/467/128
f 4454/467/127 4466/480/127 4467/481/127 4455/468/127
f 4455/469/138 4467/482/138 4468/483/138 4456/470/138
f 4456/470/137 4468/483/137 4469/484/137 4457/471/137
f 4457/471/136 4469/484/136 4470/485/136 4458/472/136
f 4458/472/135 4470/485/135 4471/486/135 4459/473/135
f 4459/473/134 4471/486/134 4472/487/134 4460/474/134
f 4460/474/133 4472/487/133 4461/475/133 4449/462/133
f 4461/475/144 4473/488/144 4474/489/144 4462/476/144
f 4462/476/143 4474/489/143 4475/490/143 4463/477/143
f 4463/477/142 4475/490/142 4476/491/142 4464/478/142
f 4464/478/141 4476/491/141 4477/492/141 4465/479/141
f 4465/479/299 4477/492/299 4478/493/299 4466/480/299
f 4466/480/139 4478/493/139 4479/494/139 4467/481/139
f 4467/482/150 4479/495/150 4480/496/150 4468/483/150
f 4468/483/300 4480/496/300 4481/497/300 4469/484/300
f 4469/484/148 4481/497/148 4482/498/148 4470/485/148
f 4470/485/147 4482/498/147 4483/499/147 4471/486/147
f 4471/486/146 4483/499/146 4484/500/146 4472/487/146
f 4472/487/145 4484/500/145 4473/488/145 4461/475/145
f 4473/488/156 4485/501/156 4486/502/156 4474/489/156
f 4474/489/155 4486/502/155 4487/503/155 4475/490/155
f 4475/490/154 4487/503/154 4488/504/154 4476/491/154
f 4476/491/153 4488/504/153 4489/505/153 4477/492/153
f 4477/492/152 4489/505/152 4490/506/152 4478/493/152
f 4478/493/151 4490/506/151 4491/507/151 4479/494/151
f 4479/495/162 4491/508/162 4492/509/162 4480/496/162
f 4480/496/161 4492/509/161 4493/510/161 4481/497/161
f 4481/497/160 4493/510/160 4494/511/160 4482/498/160
f 4482/498/159 4494/511/159 4495/512/159 4483/499/159
f 4483/499/158 4495/512/158 4496/513/158 4484/500/158
f 4484/500/157 4496/513/157 4485/501/157 4473/488/157
f 4485/501/168 4497/514/168 4498/515/168 4486/502/168
f 4486/502/167 4498/515/167 4499/516/167 4487/503/167
f 4487/503/166 4499/516/166 4500/517/166 4488/504/166
f 4488/504/165 4500/517/165 4501/518/165 4489/505/165
f 4489/505/164 4501/518/164 4502/519/164 4490/506/164
f 4490/506/163 4502/519/163 4503/520/163 4491/507/163
f 4491/508/174 4503/521/174 4504/522/174 4492/509/174
f 4492/509/173 4504/522/173 4505/523/173 4493/510/173
f 4493/510/172 4505/523/172 4506/524/172 4494/511/172
f 4494/511/171 4506/524/171 4507/525/171 4495/512/171
f 4495/512/170 4507/525/170 4508/526/170 4496/513/170
f 4496/513/169 4508/526/169 4497/514/169 4485/501/169
f 4497/514/180 4509/527/180 4510/528/180 4498/515/180
f 4498/515/179 4510/528/179 4511/529/179 4499/516/179
f 4499/516/178 4511/529/178 4512/530/178 4500/517/178
f 4500/517/177 4512/530/177 4513/531/177 4501/518/177
f 4501/518/176 4513/531/176 4514/532/176 4502/519/176
f 4502/519/175 4514/532/175 4515/533/175 4503/520/175
f 4503/521/186 4515/534/186 4516/535/186 4504/522/186
f 4504/522/185 4516/535/185 4517/536/185 4505/523/185
f 4505/523/184 4517/536/184 4518/537/184 4506/524/184
f 4506/524/183 4518/537/183 4519/538/183 4507/525/183
f 4507/525/182 4519/538/182 4520/539/182 4508/526/182
f 4508/526/181 4520/539/181 4509/527/181 4497/514/181
f 4509/527/192 4521/540/192 4522/541/192 4510/528/192
f 4510/528/191 4522/541/191 4523/542/191 4511/529/191
f 4511/529/190 4523/542/190 4524/543/190 4512/530/190
f 4512/530/189 4524/543/189 4525/544/189 4513/531/189
f 4513/531/188 4525/544/188 4526/545/188 4514/532/188
f 4514/532/187 4526/545/187 4527/546/187 4515/533/187
f 4515/534/198 4527/547/198 4528/548/198 4516/535/198
f 4516/535/197 4528/548/197 4529/549/197 4517/536/197
f 4517/536/196 4529/549/196 4530/550/196 4518/537/196
f 4518/537/195 4530/550/195 4531/551/195 4519/538/195
f 4519/538/194 4531/551/194 4532/552/194 4520/539/194
f 4520/539/193 4532/552/193 4521/540/193 4509/527/193
f 4521/540/204 4533/553/204 4534/554/204 4522/541/204
f 4522/541/203 4534/554/203 4535/555/203 4523/542/203
f 4523/542/202 4535/555/202 4536/556/202 4524/543/202
f 4524/543/201 4536/556/201 4537/557/201 4525/544/201
f 4525/544/200 4537/557/200 4538/558/200 4526/545/200
f 4526/545/199 4538/558/199 4539/559/199 4527/546/199
f 4527/547/210 4539/560/210 4540/561/210 4528/548/210
f 4528/548/209 4540/561/209 4541/562/209 4529/549/209
f 4529/549/208 4541/562/208 4542/563/208 4530/550/208
f 4530/550/207 4542/563/207 4543/564/207 4531/551/207
f 4531/551/206 4543/564/206 4544/565/206 4532/552/206
f 4532/552/205 4544/565/205 4533/553/205 4521/540/205
f 4533/553/216 4545/6/216 4546/566/216 4534/554/216
f 4534/554/215 4546/566/215 4547/567/215 4535/555/215
f 4535/555/214 4547/567/214 4548/8/214 4536/556/214
f 4536/556/213 4548/8/213 4549/568/213 4537/557/213
f 4537/557/212 4549/568/212 4550/569/212 4538/558/212
f 4538/558/211 4550/569/211 4551/10/211 4539/559/211
f 4539/560/222 4551/570/222 4552/571/222 4540/561/222
f 4540/561/221 4552/571/221 4553/572/221 4541/562/221
f 4541/562/220 4553/572/220 4554/4/220 4542/563/220
f 4542/563/219 4554/4/219 4555/573/219 4543/564/219
f 4543/564/218 4555/573/218 4556/574/218 4544/565/218
f 4544/565/217 4556/574/217 4545/6/217 4533/553/217
f 4545/6/228 4557/575/228 4558/576/228 4546/566/228
f 4546/566/227 4558/576/227 4559/577/227 4547/567/227
f 4547/567/226 4559/577/226 4560/578/226 4548/8/226
f 4548/8/225 4560/578/225 4561/579/225 4549/568/225
f 4549/568/224 4561/579/224 4562/580/224 4550/569/224
f 4550/569/223 4562/580/223 4563/581/223 4551/10/223
f 4551/570/234 4563/582/234 4564/583/234 4552/571/234
f 4552/571/233 4564/583/233 4565/584/233 4553/572/233
f 4553/572/232 4565/584/232 4566/585/232 4554/4/232
f 4554/4/231 4566/585/231 4567/586/231 4555/573/231
f 4555/573/230 4567/586/230 4568/587/230 4556/574/230
f 4556/574/229 4568/587/229 4557/575/229 4545/6/229
f 4557/575/240 4569/588/240 4570/589/240 4558/576/240
f 4558/576/239 4570/589/239 4571/590/239 4559/577/239
f 4559/577/238 4571/590/238 4572/591/238 4560/578/238
f 4560/578/237 4572/591/237 4573/592/237 4561/579/237
f 4561/579/236 4573/592/236 4574/593/236 4562/580/236
f 4562/580/235 4574/593/235 4575/594/235 4563/581/235
f 4563/582/246 4575/595/246 4576/596/246 4564/583/246
f 4564/583/245 4576/596/245 4577/597/245 4565/584/245
f 4565/584/244 4577/597/244 4578/598/244 4566/585/244
f 4566/585/243 4578/598/243 4579/599/243 4567/586/243
f 4567/586/242 4579/599/242 4580/600/242 4568/587/242
f 4568/587/241 4580/600/241 4569/588/241 4557/575/241
f 4569/588/252 4581/601/252 4582/602/252 4570/589/252
f 4570/589/251 4582/602/251 4583/603/251 4571/590/251
f 4571/590/250 4583/603/250 4584/604/250 4572/591/250
f 4572/591/249 4584/604/249 4585/605/249 4573/592/249
f 4573/592/248 4585/605/248 4586/606/248 4574/593/248
f 4574/593/247 4586/606/247 4587/607/247 4575/594/247
f 4575/595/258 4587/608/258 4588/609/258 4576/596/258
f 4576/596/257 4588/609/257 4589/610/257 4577/597/257
f 4577/597/256 4589/610/256 4590/611/256 4578/598/256
f 4578/598/255 4590/611/255 4591/612/255 4579/599/255
f 4579/599/254 4591/612/254 4592/613/254 4580/600/254
f 4580/600/253 4592/613/253 4581/601/253 4569/588/253
f 4581/601/264 4593/614/264 4594/615/264 4582/602/264
f 4582/602/263 4594/615/263 4595/616/263 4583/603/263
f 4583/603/262 4595/616/262 4596/617/262 4584/604/262
f 4584/604/261 4596/617/261 4597/618/261 4585/605/261
f 4585/605/260 4597/618/260 4598/619/260 4586/606/260
f 4586/606/259 4598/619/259 4599/620/259 4587/607/259
f 4587/608/270 4599/621/270 4600/622/270 4588/609/270
f 4588/609/269 4600/622/269 4601/623/269 4589/610/269
f 4589/610/268 4601/623/268 4602/624/268 4590/611/268
f 4590/611/267 4602/624/267 4603/625/267 4591/612/267
f 4591/612/266 4603/625/266 4604/626/266 4592/613/266
f 4592/613/265 4604/626/265 4593/614/265 4581/601/265
f 4593/614/276 4605/627/276 4606/628/276 4594/615/276
f 4594/615/275 4606/628/275 4607/629/275 4595/616/275
f 4595/616/274 4607/629/274 4608/630/274 4596/617/274
f 4596/617/273 4608/630/273 4609/631/273 4597/618/273
f 4597/618/272 4609/631/272 4610/632/272 4598/619/272
f 4598/619/271 4610/632/271 4611/633/271 4599/620/271
f 4599/621/282 4611/634/282 4612/635/282 4600/622/282
f 4600/622/281 4612/635/281 4613/636/281 4601/623/281
f 4601/623/280 4613/636/280 4614/637/280 4602/624/280
f 4602/624/279 4614/637/279 4615/638/279 4603/625/279
f 4603/625/278 4615/638/278 4616/639/278 4604/626/278
f 4604/626/277 4616/639/277 4605/627/277 4593/614/277
f 4605/627/288 4041/15/288 4042/18/288 4606/628/288
f 4606/628/307 4042/18/307 4043/20/307 4607/629/307
f 4607/629/286 4043/20/286 4044/22/286 4608/630/286
f 4608/630/285 4044/22/285 4045/24/285 4609/631/285
f 4609/631/284 4045/24/284 4046/26/284 4610/632/284
f 4610/632/283 4046/26/283 4047/28/283 4611/633/283
f 4611/634/294 4047/29/294 4048/32/294 4612/635/294
f 4612/635/293 4048/32/293 4049/34/293 4613/636/293
f 4613/636/292 4049/34/292 4050/36/292 4614/637/292
f 4614/637/291 4050/36/291 4051/38/291 4615/638/291
f 4615/638/308 4051/38/308 4052/40/308 4616/639/308
f 4616/639/289 4052/40/289 4041/15/289 4605/627/289
