# Blender 4.3.2
# www.blender.org
mtllib tree6.mtl
o Icosphere.001
v 0.000000 5.399317 0.000000
v 0.723607 5.952097 0.525725
v -0.276388 5.952097 0.850649
v -0.894426 5.952101 0.000000
v -0.276388 5.952097 -0.850649
v 0.723607 5.952097 -0.525725
v 0.276388 6.846537 0.850649
v -0.723607 6.846536 0.525725
v -0.723607 6.846536 -0.525725
v 0.276388 6.846537 -0.850649
v 0.894426 6.846532 0.000000
v 0.000000 7.399317 0.000000
v -0.267937 5.901142 0.824640
v -0.257937 5.848631 0.793860
v -0.246259 5.795234 0.757919
v -0.232822 5.741797 0.716563
v -0.217609 5.689324 0.669744
v -0.200688 5.638914 0.617666
v -0.182220 5.591683 0.560824
v -0.162456 5.548662 0.499995
v -0.141726 5.510696 0.436196
v -0.120413 5.478362 0.370598
v -0.098913 5.451931 0.304427
v -0.077607 5.431367 0.238853
v -0.056828 5.416372 0.174903
v -0.036848 5.406452 0.113408
v -0.017862 5.400989 0.054975
v 0.046765 5.400989 0.033976
v 0.096471 5.406452 0.070089
v 0.148782 5.416372 0.108095
v 0.203181 5.431367 0.147618
v 0.258962 5.451931 0.188145
v 0.315251 5.478362 0.229040
v 0.371051 5.510696 0.269581
v 0.425323 5.548663 0.309011
v 0.477067 5.591683 0.346605
v 0.525420 5.638914 0.381735
v 0.569719 5.689324 0.413921
v 0.609547 5.741798 0.442856
v 0.644726 5.795234 0.468415
v 0.675300 5.848632 0.490628
v 0.701483 5.901142 0.509651
v 0.683621 5.936868 0.564627
v 0.638453 5.922329 0.604038
v 0.587898 5.908895 0.643321
v 0.531941 5.897015 0.681712
v 0.470808 5.887154 0.718352
v 0.405008 5.879745 0.752338
v 0.335342 5.875141 0.782806
v 0.262869 5.873579 0.809012
v 0.188833 5.875141 0.830411
v 0.114564 5.879744 0.846711
v 0.041354 5.887154 0.857892
v -0.029639 5.897015 0.864184
v -0.097476 5.908894 0.866016
v -0.161465 5.922329 0.863951
v -0.221172 5.936868 0.858617
v 0.748248 5.936868 -0.475674
v 0.771771 5.922330 -0.420539
v 0.793509 5.908895 -0.360319
v 0.812729 5.897016 -0.295238
v 0.828684 5.887156 -0.225775
v 0.840673 5.879746 -0.152694
v 0.848121 5.875143 -0.077024
v 0.850648 5.873581 0.000000
v 0.848121 5.875143 0.077024
v 0.840673 5.879746 0.152694
v 0.828684 5.887156 0.225775
v 0.812729 5.897016 0.295238
v 0.793509 5.908895 0.360320
v 0.771771 5.922330 0.420539
v 0.748248 5.936868 0.475674
v 0.046765 5.400989 -0.033976
v 0.096471 5.406452 -0.070089
v 0.148782 5.416372 -0.108095
v 0.203181 5.431367 -0.147618
v 0.258962 5.451931 -0.188145
v 0.315251 5.478362 -0.229040
v 0.371051 5.510696 -0.269581
v 0.425323 5.548663 -0.309011
v 0.477067 5.591683 -0.346605
v 0.525420 5.638914 -0.381735
v 0.569719 5.689324 -0.413921
v 0.609547 5.741798 -0.442856
v 0.644726 5.795234 -0.468415
v 0.675300 5.848632 -0.490628
v 0.701483 5.901142 -0.509651
v -0.867079 5.901146 0.000000
v -0.834716 5.848636 0.000000
v -0.796925 5.795238 0.000000
v -0.753442 5.741802 0.000000
v -0.704213 5.689328 0.000000
v -0.649456 5.638917 0.000000
v -0.589689 5.591686 0.000000
v -0.525730 5.548665 0.000000
v -0.458647 5.510698 0.000000
v -0.389673 5.478364 0.000000
v -0.320097 5.451932 0.000000
v -0.251147 5.431368 0.000000
v -0.183906 5.416373 0.000000
v -0.119245 5.406452 0.000000
v -0.057805 5.400989 0.000000
v -0.325743 5.936868 0.824641
v -0.377183 5.922329 0.793861
v -0.430166 5.908894 0.757920
v -0.483971 5.897015 0.716564
v -0.537709 5.887155 0.669745
v -0.590366 5.879745 0.617668
v -0.640871 5.875142 0.560826
v -0.688189 5.873580 0.499997
v -0.731419 5.875143 0.436197
v -0.769872 5.879747 0.370599
v -0.803129 5.887157 0.304428
v -0.831051 5.897018 0.238853
v -0.853755 5.908898 0.174903
v -0.871565 5.922333 0.113408
v -0.884942 5.936872 0.054976
v -0.267937 5.901142 -0.824640
v -0.257937 5.848631 -0.793860
v -0.246259 5.795234 -0.757919
v -0.232822 5.741797 -0.716563
v -0.217609 5.689324 -0.669744
v -0.200688 5.638914 -0.617666
v -0.182220 5.591683 -0.560824
v -0.162456 5.548662 -0.499995
v -0.141726 5.510696 -0.436196
v -0.120413 5.478362 -0.370598
v -0.098913 5.451931 -0.304427
v -0.077607 5.431367 -0.238853
v -0.056828 5.416372 -0.174903
v -0.036848 5.406452 -0.113408
v -0.017862 5.400989 -0.054975
v -0.884942 5.936872 -0.054976
v -0.871565 5.922333 -0.113408
v -0.853755 5.908898 -0.174903
v -0.831051 5.897018 -0.238853
v -0.803129 5.887157 -0.304428
v -0.769872 5.879746 -0.370600
v -0.731419 5.875143 -0.436197
v -0.688189 5.873580 -0.499997
v -0.640871 5.875142 -0.560826
v -0.590366 5.879745 -0.617668
v -0.537709 5.887155 -0.669745
v -0.483971 5.897015 -0.716565
v -0.430166 5.908894 -0.757920
v -0.377183 5.922329 -0.793861
v -0.325743 5.936868 -0.824641
v -0.221172 5.936868 -0.858617
v -0.161465 5.922329 -0.863951
v -0.097476 5.908894 -0.866016
v -0.029639 5.897015 -0.864184
v 0.041354 5.887154 -0.857892
v 0.114564 5.879745 -0.846711
v 0.188833 5.875141 -0.830411
v 0.262869 5.873579 -0.809012
v 0.335342 5.875141 -0.782806
v 0.405008 5.879745 -0.752338
v 0.470808 5.887155 -0.718352
v 0.531941 5.897015 -0.681712
v 0.587898 5.908895 -0.643321
v 0.638452 5.922329 -0.604038
v 0.683621 5.936868 -0.564627
v 0.913845 6.803956 0.033976
v 0.931188 6.757055 0.070089
v 0.945709 6.705829 0.108095
v 0.956626 6.650466 0.147618
v 0.963179 6.591377 0.188146
v 0.964711 6.529209 0.229041
v 0.960746 6.464839 0.269583
v 0.951058 6.399317 0.309013
v 0.935719 6.333795 0.346607
v 0.915098 6.269424 0.381737
v 0.889821 6.207256 0.413922
v 0.860698 6.148166 0.442858
v 0.828635 6.092803 0.468416
v 0.794547 6.041576 0.490629
v 0.759289 5.994674 0.509651
v 0.759289 5.994674 -0.509651
v 0.794547 6.041576 -0.490629
v 0.828635 6.092803 -0.468416
v 0.860698 6.148166 -0.442858
v 0.889821 6.207256 -0.413922
v 0.915098 6.269424 -0.381737
v 0.935719 6.333795 -0.346607
v 0.951058 6.399317 -0.309013
v 0.960746 6.464839 -0.269583
v 0.964711 6.529210 -0.229041
v 0.963179 6.591377 -0.188145
v 0.956626 6.650466 -0.147618
v 0.945709 6.705829 -0.108095
v 0.931188 6.757055 -0.070089
v 0.913845 6.803956 -0.033976
v 0.250075 6.803960 0.879617
v 0.221089 6.757058 0.907271
v 0.189430 6.705832 0.932826
v 0.155215 6.650468 0.955422
v 0.118697 6.591378 0.974178
v 0.080276 6.529210 0.988273
v 0.040494 6.464839 0.997029
v -0.000000 6.399317 1.000000
v -0.040494 6.333795 0.997029
v -0.080276 6.269423 0.988273
v -0.118697 6.207255 0.974178
v -0.155215 6.148165 0.955422
v -0.189430 6.092802 0.932826
v -0.221089 6.041575 0.907271
v -0.250075 5.994674 0.879617
v 0.719346 5.994674 0.564628
v 0.712150 6.041575 0.604039
v 0.701558 6.092802 0.643323
v 0.687159 6.148165 0.681715
v 0.668639 6.207255 0.718356
v 0.645839 6.269423 0.752342
v 0.618800 6.333795 0.782811
v 0.587786 6.399317 0.809017
v 0.553278 6.464839 0.830416
v 0.515946 6.529211 0.846716
v 0.476577 6.591379 0.857897
v 0.436007 6.650469 0.864188
v 0.395044 6.705832 0.866019
v 0.354409 6.757058 0.863953
v 0.314703 6.803960 0.858618
v -0.759289 6.803960 0.509651
v -0.794547 6.757057 0.490629
v -0.828635 6.705831 0.468416
v -0.860698 6.650467 0.442858
v -0.889821 6.591378 0.413922
v -0.915098 6.529210 0.381737
v -0.935719 6.464839 0.346607
v -0.951058 6.399317 0.309013
v -0.960746 6.333795 0.269583
v -0.964711 6.269424 0.229041
v -0.963179 6.207257 0.188145
v -0.956626 6.148167 0.147618
v -0.945709 6.092805 0.108095
v -0.931188 6.041579 0.070089
v -0.913845 5.994678 0.033976
v -0.314703 5.994673 0.858618
v -0.354409 6.041575 0.863953
v -0.395044 6.092802 0.866019
v -0.436007 6.148165 0.864188
v -0.476577 6.207255 0.857897
v -0.515946 6.269423 0.846716
v -0.553278 6.333795 0.830416
v -0.587786 6.399317 0.809017
v -0.618801 6.464839 0.782811
v -0.645839 6.529211 0.752342
v -0.668639 6.591379 0.718356
v -0.687159 6.650469 0.681715
v -0.701558 6.705832 0.643323
v -0.712150 6.757058 0.604039
v -0.719346 6.803960 0.564628
v -0.719346 6.803960 -0.564628
v -0.712150 6.757058 -0.604039
v -0.701558 6.705832 -0.643323
v -0.687159 6.650469 -0.681715
v -0.668639 6.591379 -0.718356
v -0.645839 6.529211 -0.752342
v -0.618800 6.464839 -0.782811
v -0.587786 6.399317 -0.809017
v -0.553278 6.333795 -0.830416
v -0.515946 6.269423 -0.846716
v -0.476577 6.207255 -0.857897
v -0.436007 6.148165 -0.864188
v -0.395044 6.092802 -0.866019
v -0.354409 6.041575 -0.863953
v -0.314703 5.994673 -0.858618
v -0.913845 5.994678 -0.033976
v -0.931188 6.041579 -0.070089
v -0.945709 6.092805 -0.108095
v -0.956626 6.148168 -0.147618
v -0.963179 6.207257 -0.188146
v -0.964711 6.269424 -0.229041
v -0.960746 6.333795 -0.269583
v -0.951058 6.399317 -0.309013
v -0.935719 6.464839 -0.346607
v -0.915098 6.529210 -0.381737
v -0.889821 6.591378 -0.413922
v -0.860698 6.650468 -0.442858
v -0.828635 6.705831 -0.468416
v -0.794547 6.757057 -0.490629
v -0.759289 6.803959 -0.509651
v 0.314703 6.803960 -0.858618
v 0.354409 6.757058 -0.863953
v 0.395044 6.705832 -0.866019
v 0.436007 6.650469 -0.864188
v 0.476577 6.591379 -0.857897
v 0.515946 6.529211 -0.846716
v 0.553278 6.464839 -0.830416
v 0.587786 6.399317 -0.809017
v 0.618801 6.333795 -0.782811
v 0.645839 6.269423 -0.752342
v 0.668639 6.207255 -0.718356
v 0.687159 6.148165 -0.681715
v 0.701558 6.092802 -0.643323
v 0.712150 6.041575 -0.604039
v 0.719346 5.994674 -0.564628
v -0.250075 5.994674 -0.879617
v -0.221089 6.041575 -0.907271
v -0.189430 6.092802 -0.932826
v -0.155215 6.148165 -0.955422
v -0.118697 6.207255 -0.974178
v -0.080276 6.269423 -0.988273
v -0.040494 6.333795 -0.997029
v 0.000000 6.399317 -1.000000
v 0.040494 6.464839 -0.997029
v 0.080276 6.529210 -0.988273
v 0.118697 6.591378 -0.974178
v 0.155215 6.650468 -0.955422
v 0.189430 6.705832 -0.932826
v 0.221089 6.757058 -0.907271
v 0.250075 6.803960 -0.879617
v 0.884942 6.861762 0.054976
v 0.871565 6.876301 0.113408
v 0.853755 6.889736 0.174903
v 0.831051 6.901616 0.238853
v 0.803129 6.911477 0.304428
v 0.769872 6.918887 0.370600
v 0.731419 6.923491 0.436197
v 0.688189 6.925053 0.499997
v 0.640871 6.923491 0.560826
v 0.590366 6.918889 0.617668
v 0.537709 6.911479 0.669745
v 0.483971 6.901618 0.716565
v 0.430166 6.889740 0.757920
v 0.377183 6.876305 0.793861
v 0.325743 6.861766 0.824641
v 0.221172 6.861766 0.858617
v 0.161465 6.876305 0.863951
v 0.097476 6.889740 0.866016
v 0.029639 6.901618 0.864184
v -0.041354 6.911479 0.857892
v -0.114564 6.918889 0.846711
v -0.188833 6.923492 0.830411
v -0.262869 6.925055 0.809012
v -0.335342 6.923492 0.782806
v -0.405008 6.918889 0.752338
v -0.470808 6.911479 0.718352
v -0.531941 6.901618 0.681712
v -0.587898 6.889739 0.643321
v -0.638452 6.876304 0.604038
v -0.683621 6.861766 0.564627
v -0.748248 6.861765 0.475674
v -0.771771 6.876304 0.420539
v -0.793509 6.889739 0.360319
v -0.812729 6.901618 0.295238
v -0.828684 6.911478 0.225775
v -0.840673 6.918888 0.152694
v -0.848121 6.923491 0.077024
v -0.850648 6.925053 -0.000000
v -0.848121 6.923491 -0.077024
v -0.840673 6.918888 -0.152694
v -0.828684 6.911478 -0.225775
v -0.812729 6.901618 -0.295238
v -0.793509 6.889739 -0.360320
v -0.771771 6.876304 -0.420539
v -0.748248 6.861765 -0.475674
v -0.683621 6.861766 -0.564627
v -0.638453 6.876304 -0.604038
v -0.587898 6.889739 -0.643321
v -0.531941 6.901618 -0.681712
v -0.470808 6.911479 -0.718352
v -0.405008 6.918889 -0.752338
v -0.335342 6.923492 -0.782806
v -0.262869 6.925055 -0.809012
v -0.188833 6.923493 -0.830411
v -0.114564 6.918890 -0.846711
v -0.041354 6.911479 -0.857892
v 0.029639 6.901619 -0.864184
v 0.097476 6.889740 -0.866016
v 0.161465 6.876305 -0.863951
v 0.221172 6.861766 -0.858617
v 0.325743 6.861766 -0.824641
v 0.377183 6.876305 -0.793861
v 0.430166 6.889740 -0.757920
v 0.483971 6.901618 -0.716564
v 0.537709 6.911479 -0.669745
v 0.590366 6.918889 -0.617668
v 0.640871 6.923491 -0.560826
v 0.688189 6.925053 -0.499997
v 0.731419 6.923491 -0.436197
v 0.769872 6.918887 -0.370599
v 0.803129 6.911477 -0.304428
v 0.831051 6.901615 -0.238853
v 0.853755 6.889736 -0.174903
v 0.871565 6.876300 -0.113408
v 0.884942 6.861762 -0.054976
v 0.017862 7.397645 0.054975
v 0.036848 7.392182 0.113408
v 0.056828 7.382261 0.174903
v 0.077607 7.367267 0.238853
v 0.098913 7.346703 0.304427
v 0.120413 7.320271 0.370598
v 0.141726 7.287938 0.436196
v 0.162456 7.249971 0.499995
v 0.182220 7.206951 0.560824
v 0.200688 7.159720 0.617666
v 0.217609 7.109310 0.669744
v 0.232822 7.056836 0.716563
v 0.246259 7.003399 0.757919
v 0.257937 6.950002 0.793860
v 0.267937 6.897491 0.824640
v 0.867079 6.897487 0.000000
v 0.834716 6.949997 0.000000
v 0.796925 7.003395 0.000000
v 0.753442 7.056831 0.000000
v 0.704213 7.109305 0.000000
v 0.649456 7.159716 0.000000
v 0.589689 7.206947 0.000000
v 0.525730 7.249969 0.000000
v 0.458647 7.287935 0.000000
v 0.389673 7.320270 0.000000
v 0.320097 7.346702 0.000000
v 0.251147 7.367266 0.000000
v 0.183906 7.382261 0.000000
v 0.119245 7.392182 0.000000
v 0.057805 7.397645 0.000000
v -0.046765 7.397645 0.033976
v -0.096471 7.392182 0.070089
v -0.148782 7.382261 0.108095
v -0.203181 7.367266 0.147618
v -0.258962 7.346703 0.188145
v -0.315251 7.320271 0.229040
v -0.371051 7.287938 0.269581
v -0.425323 7.249971 0.309011
v -0.477067 7.206950 0.346605
v -0.525420 7.159719 0.381735
v -0.569719 7.109309 0.413921
v -0.609547 7.056836 0.442856
v -0.644726 7.003399 0.468415
v -0.675300 6.950002 0.490628
v -0.701483 6.897491 0.509651
v -0.046765 7.397645 -0.033976
v -0.096471 7.392182 -0.070089
v -0.148782 7.382261 -0.108095
v -0.203181 7.367266 -0.147618
v -0.258962 7.346703 -0.188145
v -0.315251 7.320271 -0.229040
v -0.371051 7.287938 -0.269581
v -0.425323 7.249971 -0.309011
v -0.477067 7.206950 -0.346605
v -0.525420 7.159719 -0.381735
v -0.569719 7.109309 -0.413921
v -0.609547 7.056836 -0.442856
v -0.644726 7.003399 -0.468415
v -0.675300 6.950002 -0.490628
v -0.701483 6.897491 -0.509651
v 0.017862 7.397645 -0.054975
v 0.036848 7.392182 -0.113408
v 0.056828 7.382261 -0.174903
v 0.077607 7.367267 -0.238853
v 0.098913 7.346703 -0.304427
v 0.120413 7.320271 -0.370598
v 0.141726 7.287938 -0.436196
v 0.162456 7.249971 -0.499995
v 0.182220 7.206951 -0.560824
v 0.200688 7.159720 -0.617666
v 0.217609 7.109310 -0.669744
v 0.232822 7.056836 -0.716563
v 0.246259 7.003399 -0.757919
v 0.257937 6.950002 -0.793860
v 0.267937 6.897491 -0.824640
v 0.078239 7.394629 -0.056844
v 0.142287 7.387405 -0.058606
v 0.099707 7.387406 -0.117212
v 0.209481 7.375274 -0.060207
v 0.166198 7.377988 -0.120749
v 0.121993 7.375275 -0.180622
v 0.279039 7.357620 -0.061587
v 0.235662 7.363222 -0.123894
v 0.190654 7.363223 -0.185841
v 0.144799 7.357620 -0.246348
v 0.349934 7.333992 -0.062687
v 0.307167 7.342525 -0.126518
v 0.262008 7.345422 -0.190360
v 0.215245 7.342525 -0.253036
v 0.167752 7.333992 -0.313433
v 0.420932 7.304187 -0.063453
v 0.379529 7.315530 -0.128497
v 0.334968 7.321364 -0.193973
v 0.287990 7.321364 -0.258631
v 0.239488 7.315531 -0.321243
v 0.190420 7.304188 -0.380720
v 0.490679 7.268314 -0.063847
v 0.451375 7.282171 -0.129731
v 0.408202 7.290809 -0.196500
v 0.361800 7.293746 -0.262863
v 0.313023 7.290810 -0.327500
v 0.262862 7.282172 -0.389192
v 0.212348 7.268317 -0.446931
v 0.557813 7.226824 -0.063847
v 0.521257 7.242734 -0.130150
v 0.480232 7.253865 -0.197801
v 0.435228 7.259598 -0.265504
v 0.387002 7.259599 -0.331880
v 0.336518 7.253866 -0.395602
v 0.284855 7.242736 -0.455524
v 0.233093 7.226827 -0.510779
v 0.621090 7.180483 -0.063453
v 0.587783 7.197866 -0.129731
v 0.549559 7.211019 -0.197801
v 0.506729 7.219229 -0.266403
v 0.459901 7.222022 -0.334137
v 0.409951 7.219230 -0.399604
v 0.357941 7.211020 -0.461536
v 0.305014 7.197868 -0.518924
v 0.252272 7.180486 -0.571081
v 0.679500 7.130309 -0.062687
v 0.649751 7.148524 -0.128498
v 0.614816 7.163116 -0.196501
v 0.574813 7.173331 -0.265505
v 0.530168 7.178595 -0.334138
v 0.481614 7.178595 -0.400965
v 0.430135 7.173332 -0.464633
v 0.376869 7.163117 -0.524002
v 0.322990 7.148527 -0.578240
v 0.269592 7.130312 -0.626869
v 0.732339 7.077466 -0.061588
v 0.706258 7.095875 -0.126519
v 0.674897 7.111278 -0.193974
v 0.638193 7.122927 -0.262864
v 0.596380 7.130197 -0.331881
v 0.550008 7.132670 -0.399605
v 0.499928 7.130198 -0.464634
v 0.447209 7.122929 -0.525728
v 0.393032 7.111280 -0.581923
v 0.338569 7.095878 -0.632593
v 0.284874 7.077470 -0.677462
v 0.779238 7.023147 -0.060208
v 0.756748 7.041175 -0.123895
v 0.729044 7.056780 -0.190361
v 0.695906 7.069261 -0.258633
v 0.657381 7.077987 -0.327502
v 0.613828 7.082480 -0.395604
v 0.565924 7.082481 -0.461538
v 0.514613 7.077988 -0.524003
v 0.461018 7.069263 -0.581923
v 0.406328 7.056782 -0.634537
v 0.351676 7.041178 -0.681424
v 0.298054 7.023150 -0.722492
v 0.820139 6.968472 -0.058607
v 0.801022 6.985648 -0.120750
v 0.776876 7.000919 -0.185843
v 0.747366 7.013659 -0.253038
v 0.712378 7.023271 -0.321246
v 0.672087 7.029259 -0.389194
v 0.626977 7.031294 -0.455527
v 0.577830 7.029260 -0.518926
v 0.525657 7.023272 -0.578242
v 0.471599 7.013661 -0.632594
v 0.416812 7.000922 -0.681424
v 0.362366 6.985651 -0.724502
v 0.309171 6.968476 -0.761886
v 0.855243 6.914416 -0.056844
v 0.839181 6.930388 -0.117213
v 0.818363 6.944897 -0.180623
v 0.792372 6.957401 -0.246351
v 0.760973 6.967365 -0.313436
v 0.724176 6.974311 -0.380723
v 0.682284 6.977882 -0.446935
v 0.635896 6.977882 -0.510782
v 0.585869 6.974312 -0.571084
v 0.533246 6.967366 -0.626872
v 0.479147 6.957403 -0.677464
v 0.424667 6.944900 -0.722494
v 0.370794 6.930391 -0.761887
v 0.318342 6.914420 -0.795818
v -0.029885 7.394629 -0.091975
v -0.011770 7.387406 -0.153432
v -0.080665 7.387406 -0.131047
v 0.007471 7.375275 -0.217831
v -0.063483 7.377988 -0.195376
v -0.134084 7.375275 -0.171837
v 0.027653 7.357620 -0.284411
v -0.045009 7.363223 -0.262412
v -0.117832 7.363223 -0.238750
v -0.189547 7.357620 -0.213837
v 0.048514 7.333992 -0.352175
v -0.025408 7.342525 -0.331227
v -0.100080 7.345422 -0.308007
v -0.174138 7.342525 -0.282901
v -0.246255 7.333992 -0.256397
v 0.069724 7.304189 -0.419935
v -0.004930 7.315531 -0.400658
v -0.080971 7.321365 -0.378512
v -0.156981 7.321365 -0.353814
v -0.231516 7.315531 -0.327035
v -0.303244 7.304188 -0.298749
v 0.090902 7.268317 -0.486391
v 0.016098 7.282172 -0.469369
v -0.060744 7.290811 -0.448942
v -0.138197 7.293747 -0.425320
v -0.214743 7.290811 -0.398904
v -0.288916 7.282172 -0.370262
v -0.359439 7.268317 -0.340064
v 0.111647 7.226827 -0.550238
v 0.037294 7.242736 -0.535960
v -0.039723 7.253866 -0.517848
v -0.118019 7.259600 -0.495969
v -0.196049 7.259599 -0.470615
v -0.272252 7.253866 -0.442294
v -0.345206 7.242736 -0.411677
v -0.413751 7.226827 -0.379523
v 0.131575 7.180486 -0.610297
v 0.058250 7.197869 -0.599101
v -0.018301 7.211020 -0.583783
v -0.096779 7.219230 -0.564248
v -0.175669 7.222023 -0.540643
v -0.253366 7.219230 -0.513369
v -0.328339 7.211020 -0.483044
v -0.399272 7.197869 -0.450440
v -0.465175 7.180486 -0.416398
v 0.150354 7.130313 -0.665612
v 0.078571 7.148527 -0.657655
v 0.003102 7.163118 -0.645444
v -0.074886 7.173333 -0.628722
v -0.153956 7.178596 -0.607471
v -0.232516 7.178596 -0.581945
v -0.308975 7.173333 -0.552661
v -0.381897 7.163118 -0.520348
v -0.450131 7.148527 -0.485867
v -0.512880 7.130312 -0.450110
v 0.167728 7.077470 -0.715525
v 0.097915 7.095878 -0.710785
v 0.024070 7.111280 -0.701804
v -0.052790 7.122929 -0.688185
v -0.131350 7.130199 -0.669745
v -0.210088 7.132671 -0.646571
v -0.287409 7.130199 -0.619037
v -0.361804 7.122929 -0.587778
v -0.431989 7.111280 -0.553619
v -0.497009 7.095878 -0.517479
v -0.556275 7.077469 -0.480278
v 0.183532 7.023151 -0.759702
v 0.116012 7.041178 -0.757994
v 0.044239 7.056783 -0.752184
v -0.030931 7.069263 -0.741765
v -0.108334 7.077989 -0.726407
v -0.186561 7.082482 -0.706031
v -0.264071 7.082482 -0.680846
v -0.339334 7.077989 -0.651350
v -0.410981 7.069263 -0.618277
v -0.477919 7.056783 -0.582522
v -0.539400 7.041178 -0.545034
v -0.595028 7.023150 -0.506728
v 0.197694 6.968476 -0.798107
v 0.132684 6.985651 -0.799129
v 0.063316 7.000922 -0.796280
v -0.009708 7.013661 -0.788978
v -0.085389 7.023273 -0.776780
v -0.162463 7.029261 -0.759458
v -0.239488 7.031295 -0.737054
v -0.314971 7.029261 -0.709904
v -0.387506 7.023273 -0.678615
v -0.455902 7.013661 -0.643998
v -0.519272 7.000922 -0.606982
v -0.577066 6.985651 -0.568513
v -0.629059 6.968476 -0.529474
v 0.210218 6.914420 -0.830949
v 0.147840 6.930391 -0.834328
v 0.081101 6.944900 -0.834123
v 0.010559 6.957404 -0.829715
v -0.062946 6.967367 -0.820583
v -0.138309 6.974313 -0.806380
v -0.214225 6.977884 -0.786999
v -0.289283 6.977884 -0.762611
v -0.362092 6.974313 -0.733668
v -0.431410 6.967367 -0.700860
v -0.496244 6.957404 -0.665042
v -0.555904 6.944900 -0.627144
v -0.610017 6.930391 -0.588081
v -0.658496 6.914420 -0.548682
v -0.096708 7.394629 0.000000
v -0.149560 7.387406 -0.036220
v -0.149560 7.387406 0.036220
v -0.204862 7.375275 -0.074420
v -0.205432 7.377988 0.000000
v -0.204862 7.375275 0.074420
v -0.261946 7.357620 -0.114188
v -0.263478 7.363222 -0.038285
v -0.263478 7.363222 0.038285
v -0.261946 7.357620 0.114188
v -0.319948 7.333992 -0.154969
v -0.322868 7.342525 -0.078192
v -0.323860 7.345422 0.000000
v -0.322868 7.342525 0.078192
v -0.319948 7.333992 0.154969
v -0.377837 7.304188 -0.196080
v -0.382573 7.315530 -0.119122
v -0.385009 7.321364 -0.039960
v -0.385009 7.321364 0.039960
v -0.382573 7.315530 0.119122
v -0.377837 7.304188 0.196080
v -0.434495 7.268316 -0.236757
v -0.441423 7.282171 -0.160354
v -0.445742 7.290810 -0.080962
v -0.447210 7.293746 0.000000
v -0.445742 7.290810 0.080962
v -0.441423 7.282171 0.160354
v -0.434495 7.268316 0.236757
v -0.488808 7.226826 -0.276216
v -0.498205 7.242735 -0.201090
v -0.504780 7.253865 -0.122247
v -0.508166 7.259598 -0.041022
v -0.508166 7.259598 0.041022
v -0.504780 7.253865 0.122247
v -0.498205 7.242735 0.201091
v -0.488808 7.226826 0.276216
v -0.539768 7.180486 -0.313728
v -0.551779 7.197868 -0.240532
v -0.560867 7.211020 -0.162995
v -0.566539 7.219229 -0.082322
v -0.568469 7.222022 0.000000
v -0.566539 7.219229 0.082322
v -0.560867 7.211020 0.162995
v -0.551779 7.197868 0.240532
v -0.539768 7.180486 0.313728
v -0.586573 7.130312 -0.348681
v -0.601188 7.148526 -0.277953
v -0.612896 7.163117 -0.202405
v -0.621093 7.173331 -0.123067
v -0.625316 7.178595 -0.041301
v -0.625316 7.178595 0.041301
v -0.621093 7.173331 0.123067
v -0.612896 7.163117 0.202405
v -0.601188 7.148526 0.277953
v -0.586573 7.130312 0.348681
v -0.628675 7.077469 -0.380628
v -0.645740 7.095877 -0.312768
v -0.660018 7.111279 -0.239763
v -0.670817 7.122928 -0.162457
v -0.677556 7.130198 -0.082045
v -0.679848 7.132670 0.000000
v -0.677556 7.130198 0.082045
v -0.670817 7.122928 0.162457
v -0.660018 7.111279 0.239763
v -0.645740 7.095877 0.312768
v -0.628675 7.077469 0.380628
v -0.665806 7.023150 -0.409310
v -0.685046 7.041177 -0.344568
v -0.701700 7.056782 -0.274512
v -0.715020 7.069262 -0.199802
v -0.724333 7.077988 -0.121443
v -0.729128 7.082480 -0.040749
v -0.729128 7.082480 0.040749
v -0.724333 7.077988 0.121443
v -0.715020 7.069262 0.199802
v -0.701700 7.056782 0.274512
v -0.685046 7.041177 0.344568
v -0.665806 7.023150 0.409310
v -0.697954 6.968476 -0.434647
v -0.719015 6.985651 -0.373135
v -0.737742 7.000921 -0.306283
v -0.753363 7.013660 -0.234576
v -0.765149 7.023271 -0.158831
v -0.772492 7.029259 -0.080177
v -0.774987 7.031294 -0.000000
v -0.772492 7.029259 0.080177
v -0.765149 7.023271 0.158831
v -0.753363 7.013660 0.234576
v -0.737742 7.000921 0.306283
v -0.719015 6.985651 0.373135
v -0.697954 6.968476 0.434647
v -0.725319 6.914420 -0.456707
v -0.747808 6.930390 -0.398426
v -0.768237 6.944899 -0.334890
v -0.785844 6.957402 -0.266440
v -0.799873 6.967365 -0.193712
v -0.809654 6.974312 -0.117648
v -0.814681 6.977882 -0.039460
v -0.814681 6.977882 0.039460
v -0.809654 6.974312 0.117648
v -0.799873 6.967365 0.193712
v -0.785844 6.957402 0.266440
v -0.768237 6.944899 0.334890
v -0.747808 6.930390 0.398426
v -0.725319 6.914420 0.456707
v -0.029885 7.394629 0.091975
v -0.080665 7.387406 0.131047
v -0.011770 7.387406 0.153432
v -0.134084 7.375275 0.171837
v -0.063483 7.377988 0.195376
v 0.007471 7.375275 0.217831
v -0.189547 7.357620 0.213837
v -0.117832 7.363223 0.238750
v -0.045009 7.363223 0.262412
v 0.027653 7.357620 0.284411
v -0.246255 7.333992 0.256397
v -0.174138 7.342525 0.282901
v -0.100080 7.345422 0.308007
v -0.025408 7.342525 0.331227
v 0.048514 7.333992 0.352175
v -0.303244 7.304188 0.298749
v -0.231516 7.315531 0.327035
v -0.156981 7.321365 0.353815
v -0.080971 7.321365 0.378512
v -0.004930 7.315531 0.400658
v 0.069724 7.304188 0.419935
v -0.359439 7.268317 0.340064
v -0.288916 7.282172 0.370262
v -0.214743 7.290811 0.398904
v -0.138197 7.293747 0.425319
v -0.060744 7.290811 0.448942
v 0.016098 7.282172 0.469369
v 0.090902 7.268317 0.486391
v -0.413751 7.226827 0.379523
v -0.345205 7.242736 0.411677
v -0.272252 7.253866 0.442294
v -0.196049 7.259600 0.470615
v -0.118019 7.259600 0.495969
v -0.039723 7.253866 0.517848
v 0.037294 7.242736 0.535960
v 0.111647 7.226827 0.550238
v -0.465175 7.180486 0.416398
v -0.399272 7.197869 0.450440
v -0.328339 7.211020 0.483044
v -0.253366 7.219230 0.513369
v -0.175669 7.222023 0.540643
v -0.096779 7.219230 0.564248
v -0.018301 7.211020 0.583783
v 0.058250 7.197869 0.599101
v 0.131575 7.180486 0.610297
v -0.512880 7.130312 0.450110
v -0.450131 7.148527 0.485867
v -0.381898 7.163118 0.520348
v -0.308975 7.173333 0.552661
v -0.232516 7.178596 0.581945
v -0.153956 7.178596 0.607471
v -0.074886 7.173333 0.628722
v 0.003102 7.163118 0.645444
v 0.078571 7.148527 0.657655
v 0.150354 7.130313 0.665611
v -0.556275 7.077469 0.480278
v -0.497009 7.095878 0.517479
v -0.431989 7.111280 0.553619
v -0.361804 7.122929 0.587779
v -0.287409 7.130199 0.619037
v -0.210088 7.132671 0.646571
v -0.131350 7.130199 0.669745
v -0.052790 7.122929 0.688185
v 0.024070 7.111280 0.701804
v 0.097915 7.095878 0.710785
v 0.167728 7.077470 0.715525
v -0.595028 7.023150 0.506728
v -0.539400 7.041178 0.545034
v -0.477919 7.056783 0.582522
v -0.410981 7.069263 0.618277
v -0.339334 7.077989 0.651350
v -0.264071 7.082482 0.680846
v -0.186561 7.082482 0.706031
v -0.108334 7.077989 0.726407
v -0.030931 7.069263 0.741765
v 0.044239 7.056783 0.752184
v 0.116012 7.041178 0.757994
v 0.183532 7.023150 0.759702
v -0.629059 6.968476 0.529474
v -0.577066 6.985651 0.568513
v -0.519272 7.000922 0.606982
v -0.455902 7.013661 0.643998
v -0.387506 7.023273 0.678615
v -0.314971 7.029261 0.709904
v -0.239488 7.031295 0.737054
v -0.162463 7.029261 0.759458
v -0.085389 7.023273 0.776780
v -0.009708 7.013661 0.788978
v 0.063316 7.000922 0.796280
v 0.132684 6.985651 0.799129
v 0.197694 6.968476 0.798107
v -0.658496 6.914420 0.548682
v -0.610017 6.930391 0.588081
v -0.555904 6.944900 0.627144
v -0.496244 6.957404 0.665042
v -0.431410 6.967367 0.700860
v -0.362092 6.974314 0.733668
v -0.289283 6.977884 0.762611
v -0.214225 6.977884 0.786999
v -0.138309 6.974314 0.806380
v -0.062946 6.967367 0.820583
v 0.010559 6.957404 0.829715
v 0.081101 6.944900 0.834123
v 0.147840 6.930391 0.834328
v 0.210218 6.914420 0.830949
v 0.078239 7.394629 0.056844
v 0.099707 7.387406 0.117212
v 0.142287 7.387405 0.058606
v 0.121993 7.375275 0.180622
v 0.166198 7.377988 0.120749
v 0.209481 7.375274 0.060207
v 0.144799 7.357620 0.246348
v 0.190654 7.363223 0.185841
v 0.235662 7.363222 0.123894
v 0.279039 7.357620 0.061587
v 0.167752 7.333992 0.313433
v 0.215245 7.342525 0.253036
v 0.262008 7.345422 0.190360
v 0.307167 7.342525 0.126518
v 0.349934 7.333992 0.062687
v 0.190420 7.304188 0.380720
v 0.239488 7.315531 0.321243
v 0.287990 7.321364 0.258631
v 0.334968 7.321364 0.193973
v 0.379528 7.315530 0.128497
v 0.420932 7.304187 0.063453
v 0.212348 7.268317 0.446931
v 0.262862 7.282172 0.389192
v 0.313023 7.290810 0.327500
v 0.361800 7.293746 0.262863
v 0.408202 7.290809 0.196500
v 0.451375 7.282170 0.129731
v 0.490679 7.268314 0.063847
v 0.233093 7.226827 0.510779
v 0.284855 7.242736 0.455524
v 0.336518 7.253866 0.395602
v 0.387002 7.259599 0.331880
v 0.435228 7.259598 0.265504
v 0.480232 7.253865 0.197801
v 0.521257 7.242734 0.130150
v 0.557813 7.226824 0.063847
v 0.252272 7.180486 0.571081
v 0.305014 7.197868 0.518924
v 0.357941 7.211020 0.461536
v 0.409951 7.219230 0.399604
v 0.459901 7.222022 0.334137
v 0.506729 7.219229 0.266403
v 0.549559 7.211019 0.197801
v 0.587783 7.197866 0.129731
v 0.621090 7.180483 0.063453
v 0.269592 7.130313 0.626869
v 0.322990 7.148527 0.578240
v 0.376869 7.163117 0.524002
v 0.430135 7.173332 0.464633
v 0.481614 7.178595 0.400965
v 0.530168 7.178595 0.334138
v 0.574813 7.173331 0.265505
v 0.614816 7.163116 0.196501
v 0.649751 7.148524 0.128498
v 0.679500 7.130309 0.062687
v 0.284874 7.077470 0.677462
v 0.338568 7.095878 0.632593
v 0.393032 7.111280 0.581923
v 0.447209 7.122929 0.525728
v 0.499928 7.130198 0.464634
v 0.550008 7.132670 0.399605
v 0.596379 7.130198 0.331881
v 0.638193 7.122927 0.262864
v 0.674897 7.111278 0.193974
v 0.706258 7.095875 0.126519
v 0.732339 7.077466 0.061587
v 0.298054 7.023150 0.722492
v 0.351676 7.041178 0.681424
v 0.406328 7.056782 0.634537
v 0.461018 7.069263 0.581923
v 0.514613 7.077988 0.524003
v 0.565924 7.082481 0.461538
v 0.613828 7.082480 0.395604
v 0.657381 7.077987 0.327502
v 0.695906 7.069261 0.258633
v 0.729044 7.056780 0.190361
v 0.756748 7.041175 0.123895
v 0.779238 7.023147 0.060208
v 0.309171 6.968476 0.761886
v 0.362366 6.985651 0.724502
v 0.416812 7.000922 0.681424
v 0.471599 7.013661 0.632594
v 0.525657 7.023272 0.578242
v 0.577830 7.029260 0.518926
v 0.626977 7.031294 0.455527
v 0.672087 7.029259 0.389194
v 0.712378 7.023271 0.321246
v 0.747366 7.013659 0.253038
v 0.776876 7.000919 0.185843
v 0.801022 6.985648 0.120750
v 0.820139 6.968472 0.058607
v 0.318342 6.914420 0.795818
v 0.370794 6.930391 0.761887
v 0.424667 6.944900 0.722494
v 0.479147 6.957403 0.677465
v 0.533246 6.967366 0.626872
v 0.585869 6.974312 0.571084
v 0.635896 6.977882 0.510782
v 0.682284 6.977882 0.446934
v 0.724176 6.974311 0.380723
v 0.760973 6.967364 0.313436
v 0.792372 6.957401 0.246351
v 0.818363 6.944897 0.180623
v 0.839181 6.930388 0.117213
v 0.855243 6.914416 0.056844
v 0.903599 6.817707 -0.091975
v 0.919847 6.769056 -0.131047
v 0.889036 6.830679 -0.153433
v 0.932887 6.715851 -0.171837
v 0.903740 6.780214 -0.195376
v 0.869580 6.842464 -0.217832
v 0.941900 6.658348 -0.213838
v 0.914839 6.724998 -0.238751
v 0.882270 6.790135 -0.262413
v 0.844763 6.852621 -0.284412
v 0.946128 6.597059 -0.256398
v 0.921508 6.665380 -0.282902
v 0.890978 6.732917 -0.308009
v 0.854992 6.798411 -0.331229
v 0.814300 6.860714 -0.352177
v 0.944956 6.532757 -0.298750
v 0.923024 6.601986 -0.327036
v 0.894907 6.671263 -0.353816
v 0.860914 6.739250 -0.378514
v 0.821689 6.804655 -0.400660
v 0.778156 6.866357 -0.419937
v 0.938003 6.466451 -0.340065
v 0.918856 6.535727 -0.370264
v 0.893411 6.605933 -0.398906
v 0.861804 6.675713 -0.425322
v 0.824539 6.743678 -0.448945
v 0.782447 6.808546 -0.469371
v 0.736599 6.869257 -0.486393
v 0.925181 6.399317 -0.379525
v 0.908757 6.467742 -0.411679
v 0.886086 6.537973 -0.442297
v 0.857134 6.608697 -0.470618
v 0.822237 6.678490 -0.495972
v 0.782093 6.745958 -0.517851
v 0.737693 6.809868 -0.535963
v 0.690211 6.869258 -0.550241
v 0.906730 6.332597 -0.416400
v 0.892805 6.399317 -0.450443
v 0.872846 6.468645 -0.483046
v 0.846660 6.539376 -0.513372
v 0.814409 6.610121 -0.540647
v 0.776630 6.679435 -0.564251
v 0.734189 6.745958 -0.583786
v 0.688190 6.808547 -0.599104
v 0.639849 6.866358 -0.610299
v 0.883188 6.267488 -0.450112
v 0.871417 6.331760 -0.485869
v 0.853952 6.399317 -0.520351
v 0.830476 6.469110 -0.552664
v 0.800990 6.539853 -0.581949
v 0.765856 6.610121 -0.607475
v 0.725786 6.678491 -0.628726
v 0.681771 6.743679 -0.645448
v 0.634968 6.804657 -0.657658
v 0.586574 6.860716 -0.665614
v 0.855329 6.205042 -0.480280
v 0.845290 6.266284 -0.517481
v 0.829988 6.331330 -0.553622
v 0.809019 6.399317 -0.587782
v 0.782251 6.469110 -0.619042
v 0.749882 6.539376 -0.646575
v 0.712457 6.608698 -0.669749
v 0.670821 6.675714 -0.688189
v 0.626028 6.739252 -0.701807
v 0.579226 6.798413 -0.710788
v 0.531539 6.852624 -0.715527
v 0.824075 6.146088 -0.506730
v 0.815322 6.203907 -0.545036
v 0.801784 6.265876 -0.582525
v 0.783011 6.331330 -0.618281
v 0.758774 6.399317 -0.651354
v 0.729133 6.468646 -0.680851
v 0.694469 6.537974 -0.706036
v 0.655465 6.605935 -0.726412
v 0.613044 6.671265 -0.741769
v 0.568263 6.732919 -0.752188
v 0.522207 6.790138 -0.757997
v 0.475885 6.842468 -0.759704
v 0.790392 6.091198 -0.529475
v 0.782502 6.145383 -0.568515
v 0.770314 6.203906 -0.606985
v 0.753368 6.266284 -0.644002
v 0.731377 6.331760 -0.678619
v 0.704293 6.399317 -0.709909
v 0.672356 6.467742 -0.737059
v 0.636088 6.535728 -0.759463
v 0.596263 6.601988 -0.776785
v 0.553820 6.665382 -0.788982
v 0.509767 6.725001 -0.796283
v 0.465085 6.780217 -0.799131
v 0.420649 6.830683 -0.798109
v 0.755206 6.040694 -0.548683
v 0.747811 6.091197 -0.588083
v 0.736588 6.146087 -0.627147
v 0.721091 6.205042 -0.665046
v 0.701007 6.267488 -0.700864
v 0.676220 6.332596 -0.733672
v 0.646851 6.399317 -0.762616
v 0.613284 6.466452 -0.787004
v 0.576139 6.532758 -0.806385
v 0.536221 6.597061 -0.820588
v 0.494436 6.658350 -0.829719
v 0.451705 6.715854 -0.834127
v 0.408880 6.769060 -0.834330
v 0.366698 6.817710 -0.830951
v 0.191749 6.817710 -0.887795
v 0.159610 6.769060 -0.915322
v 0.128798 6.830683 -0.892936
v 0.124846 6.715853 -0.940329
v 0.093451 6.780217 -0.919882
v 0.061538 6.842467 -0.894332
v 0.087685 6.658350 -0.961880
v 0.055630 6.725001 -0.943841
v 0.023061 6.790137 -0.920178
v -0.009452 6.852624 -0.891304
v 0.048515 6.597060 -0.979053
v 0.015700 6.665381 -0.963827
v -0.017612 6.732919 -0.942550
v -0.050816 6.798413 -0.915500
v -0.083314 6.860716 -0.883272
v 0.007874 6.532758 -0.991025
v -0.025806 6.601987 -0.978907
v -0.059963 6.671264 -0.960442
v -0.093957 6.739251 -0.935744
v -0.127141 6.804657 -0.905281
v -0.158927 6.866359 -0.869836
v -0.033567 6.466451 -0.997179
v -0.068205 6.535727 -0.988302
v -0.103309 6.605934 -0.972953
v -0.138199 6.675714 -0.951055
v -0.172181 6.743679 -0.922913
v -0.204615 6.808547 -0.889192
v -0.234971 6.869259 -0.850848
v -0.075057 6.399317 -0.997179
v -0.110713 6.467742 -0.991494
v -0.146839 6.537973 -0.979394
v -0.182720 6.608697 -0.960611
v -0.217617 6.678491 -0.935256
v -0.250831 6.745959 -0.903838
v -0.281777 6.809869 -0.867208
v -0.310028 6.869259 -0.826460
v -0.115828 6.332596 -0.991026
v -0.152509 6.399316 -0.988302
v -0.189685 6.468645 -0.979394
v -0.226618 6.539376 -0.963861
v -0.262524 6.610121 -0.941617
v -0.296648 6.679435 -0.912981
v -0.328341 6.745959 -0.878653
v -0.357124 6.808547 -0.839639
v -0.382710 6.866359 -0.797123
v -0.155165 6.267488 -0.979053
v -0.192810 6.331759 -0.978908
v -0.231001 6.399316 -0.972953
v -0.268988 6.469110 -0.960612
v -0.305951 6.539853 -0.941618
v -0.341085 6.610121 -0.916091
v -0.373678 6.678491 -0.884549
v -0.403182 6.743679 -0.847855
v -0.429258 6.804657 -0.807116
v -0.451779 6.860717 -0.763548
v -0.192465 6.205042 -0.961881
v -0.230948 6.266284 -0.963829
v -0.270048 6.331329 -0.960443
v -0.309016 6.399316 -0.951057
v -0.347018 6.469110 -0.935258
v -0.383207 6.539376 -0.912982
v -0.416812 6.608697 -0.884550
v -0.447215 6.675714 -0.850649
v -0.474009 6.739251 -0.812256
v -0.497012 6.798413 -0.770520
v -0.516256 6.852624 -0.726631
v -0.227278 6.146087 -0.940330
v -0.266414 6.203906 -0.943842
v -0.306252 6.265875 -0.942551
v -0.346059 6.331329 -0.935746
v -0.385003 6.399316 -0.922915
v -0.422216 6.468645 -0.903840
v -0.456880 6.537973 -0.878655
v -0.488312 6.605934 -0.847857
v -0.516026 6.671265 -0.812257
v -0.539773 6.732919 -0.772887
v -0.559530 6.790137 -0.730880
v -0.575467 6.842468 -0.687353
v -0.259318 6.091197 -0.915323
v -0.298885 6.145383 -0.919883
v -0.339238 6.203906 -0.920180
v -0.379680 6.266284 -0.915503
v -0.419399 6.331759 -0.905285
v -0.457527 6.399316 -0.889196
v -0.493217 6.467742 -0.867211
v -0.525732 6.535727 -0.839642
v -0.554513 6.601987 -0.807118
v -0.579229 6.665381 -0.770522
v -0.599786 6.725001 -0.730881
v -0.616302 6.780217 -0.689266
v -0.629060 6.830683 -0.646689
v -0.288458 6.040693 -0.887796
v -0.328215 6.091197 -0.892938
v -0.368835 6.146087 -0.894335
v -0.409668 6.205041 -0.891308
v -0.449939 6.267488 -0.883276
v -0.488802 6.332596 -0.869840
v -0.525404 6.399316 -0.850853
v -0.558972 6.466452 -0.826465
v -0.588882 6.532758 -0.797127
v -0.614725 6.597060 -0.763551
v -0.636322 6.658350 -0.726634
v -0.653718 6.715854 -0.687355
v -0.667145 6.769060 -0.646690
v -0.676966 6.817710 -0.605528
v -0.785090 6.817709 -0.456707
v -0.821202 6.769059 -0.434647
v -0.809432 6.830682 -0.398426
v -0.855727 6.715853 -0.409311
v -0.845982 6.780216 -0.373136
v -0.831545 6.842466 -0.334891
v -0.887707 6.658349 -0.380629
v -0.880456 6.724999 -0.344569
v -0.868016 6.790136 -0.306283
v -0.850602 6.852623 -0.266440
v -0.916144 6.597059 -0.348682
v -0.911804 6.665380 -0.312769
v -0.901861 6.732917 -0.274513
v -0.886396 6.798411 -0.234577
v -0.865787 6.860715 -0.193712
v -0.940089 6.532757 -0.313729
v -0.938971 6.601986 -0.277954
v -0.931965 6.671263 -0.239764
v -0.918980 6.739250 -0.199803
v -0.900263 6.804655 -0.158831
v -0.876374 6.866357 -0.117648
v -0.958748 6.466451 -0.276218
v -0.961008 6.535727 -0.240533
v -0.957257 6.605933 -0.202405
v -0.947213 6.675713 -0.162458
v -0.930950 6.743677 -0.121443
v -0.908902 6.808545 -0.080178
v -0.881816 6.869257 -0.039460
v -0.971569 6.399317 -0.236758
v -0.977180 6.467742 -0.201091
v -0.976835 6.537973 -0.162996
v -0.970059 6.608696 -0.123067
v -0.956729 6.678490 -0.082045
v -0.937113 6.745957 -0.040749
v -0.911838 6.809867 -0.000000
v -0.881816 6.869257 0.039460
v -0.978315 6.332597 -0.196080
v -0.987059 6.399317 -0.160355
v -0.990075 6.468645 -0.122247
v -0.986715 6.539375 -0.082322
v -0.976656 6.610120 -0.041301
v -0.959966 6.679434 0.000000
v -0.937112 6.745957 0.040749
v -0.908902 6.808546 0.080178
v -0.876374 6.866357 0.117648
v -0.979084 6.267489 -0.154969
v -0.990579 6.331761 -0.119123
v -0.996717 6.399317 -0.080962
v -0.996718 6.469110 -0.041022
v -0.990076 6.539853 0.000000
v -0.976655 6.610121 0.041302
v -0.956729 6.678490 0.082045
v -0.930950 6.743678 0.121443
v -0.900263 6.804656 0.158831
v -0.865787 6.860715 0.193712
v -0.974279 6.205044 -0.114188
v -0.988023 6.266286 -0.078192
v -0.996886 6.331331 -0.039960
v -1.000000 6.399317 0.000000
v -0.996718 6.469110 0.041023
v -0.986715 6.539376 0.082323
v -0.970059 6.608697 0.123068
v -0.947213 6.675714 0.162458
v -0.918980 6.739250 0.199803
v -0.886395 6.798412 0.234577
v -0.850602 6.852623 0.266440
v -0.964540 6.146090 -0.074420
v -0.979974 6.203908 -0.038285
v -0.991057 6.265878 0.000000
v -0.996886 6.331331 0.039961
v -0.996717 6.399318 0.080963
v -0.990075 6.468646 0.122248
v -0.976835 6.537974 0.162997
v -0.957257 6.605934 0.202406
v -0.931965 6.671264 0.239764
v -0.901861 6.732918 0.274513
v -0.868015 6.790137 0.306283
v -0.831545 6.842467 0.334891
v -0.950659 6.091201 -0.036220
v -0.967222 6.145386 0.000000
v -0.979974 6.203909 0.038286
v -0.988023 6.266287 0.078193
v -0.990579 6.331762 0.119124
v -0.987059 6.399318 0.160356
v -0.977180 6.467743 0.201092
v -0.961008 6.535728 0.240534
v -0.938971 6.601988 0.277955
v -0.911803 6.665381 0.312769
v -0.880456 6.725001 0.344569
v -0.845982 6.780216 0.373136
v -0.809432 6.830682 0.398426
v -0.933484 6.040697 0.000000
v -0.950659 6.091201 0.036221
v -0.964540 6.146091 0.074421
v -0.974279 6.205045 0.114189
v -0.979084 6.267490 0.154970
v -0.978315 6.332599 0.196082
v -0.971568 6.399319 0.236759
v -0.958747 6.466453 0.276219
v -0.940089 6.532759 0.313730
v -0.916143 6.597061 0.348683
v -0.887706 6.658350 0.380630
v -0.855727 6.715854 0.409312
v -0.821202 6.769059 0.434647
v -0.785090 6.817710 0.456707
v -0.676966 6.817710 0.605527
v -0.667145 6.769060 0.646689
v -0.629060 6.830683 0.646689
v -0.653718 6.715854 0.687355
v -0.616302 6.780217 0.689266
v -0.575467 6.842467 0.687353
v -0.636322 6.658350 0.726633
v -0.599786 6.725001 0.730881
v -0.559530 6.790137 0.730880
v -0.516256 6.852623 0.726631
v -0.614725 6.597060 0.763551
v -0.579229 6.665381 0.770521
v -0.539773 6.732919 0.772887
v -0.497012 6.798413 0.770520
v -0.451779 6.860716 0.763548
v -0.588883 6.532758 0.797126
v -0.554513 6.601987 0.807118
v -0.516027 6.671264 0.812257
v -0.474009 6.739251 0.812256
v -0.429259 6.804657 0.807116
v -0.382710 6.866359 0.797123
v -0.558972 6.466451 0.826464
v -0.525732 6.535727 0.839641
v -0.488312 6.605934 0.847857
v -0.447216 6.675714 0.850648
v -0.403183 6.743679 0.847855
v -0.357124 6.808547 0.839639
v -0.310029 6.869258 0.826461
v -0.525405 6.399316 0.850853
v -0.493218 6.467742 0.867211
v -0.456881 6.537973 0.878655
v -0.416812 6.608697 0.884549
v -0.373679 6.678491 0.884549
v -0.328342 6.745958 0.878653
v -0.281777 6.809868 0.867208
v -0.234971 6.869258 0.850848
v -0.488802 6.332596 0.869840
v -0.457527 6.399316 0.889196
v -0.422217 6.468645 0.903840
v -0.383208 6.539375 0.912982
v -0.341086 6.610121 0.916091
v -0.296648 6.679435 0.912981
v -0.250832 6.745958 0.903838
v -0.204616 6.808547 0.889193
v -0.158927 6.866359 0.869836
v -0.449939 6.267488 0.883276
v -0.419400 6.331759 0.905284
v -0.385003 6.399316 0.922915
v -0.347019 6.469110 0.935258
v -0.305952 6.539853 0.941617
v -0.262525 6.610121 0.941617
v -0.217618 6.678491 0.935256
v -0.172182 6.743679 0.922913
v -0.127141 6.804657 0.905281
v -0.083314 6.860716 0.883272
v -0.409668 6.205041 0.891308
v -0.379681 6.266284 0.915502
v -0.346059 6.331329 0.935746
v -0.309017 6.399316 0.951056
v -0.268988 6.469110 0.960611
v -0.226619 6.539375 0.963861
v -0.182721 6.608697 0.960611
v -0.138199 6.675714 0.951055
v -0.093957 6.739251 0.935744
v -0.050817 6.798413 0.915500
v -0.009452 6.852623 0.891304
v -0.368835 6.146087 0.894335
v -0.339239 6.203906 0.920180
v -0.306252 6.265875 0.942551
v -0.270049 6.331329 0.960443
v -0.231002 6.399316 0.972953
v -0.189685 6.468645 0.979394
v -0.146839 6.537973 0.979394
v -0.103309 6.605934 0.972953
v -0.059964 6.671264 0.960442
v -0.017613 6.732918 0.942550
v 0.023061 6.790137 0.920178
v 0.061538 6.842467 0.894332
v -0.328215 6.091197 0.892938
v -0.298885 6.145383 0.919883
v -0.266415 6.203906 0.943842
v -0.230948 6.266284 0.963828
v -0.192810 6.331759 0.978908
v -0.152509 6.399316 0.988302
v -0.110714 6.467742 0.991494
v -0.068205 6.535727 0.988302
v -0.025806 6.601987 0.978907
v 0.015699 6.665381 0.963827
v 0.055629 6.725001 0.943841
v 0.093451 6.780217 0.919882
v 0.128798 6.830683 0.892936
v -0.288458 6.040693 0.887796
v -0.259318 6.091197 0.915323
v -0.227278 6.146087 0.940329
v -0.192465 6.205041 0.961881
v -0.155165 6.267488 0.979053
v -0.115829 6.332596 0.991026
v -0.075058 6.399316 0.997179
v -0.033568 6.466451 0.997179
v 0.007874 6.532757 0.991026
v 0.048515 6.597060 0.979053
v 0.087685 6.658350 0.961880
v 0.124845 6.715853 0.940329
v 0.159610 6.769059 0.915322
v 0.191749 6.817710 0.887795
v 0.366698 6.817710 0.830951
v 0.408880 6.769060 0.834330
v 0.420649 6.830683 0.798109
v 0.451705 6.715854 0.834127
v 0.465085 6.780217 0.799132
v 0.475885 6.842467 0.759704
v 0.494436 6.658350 0.829719
v 0.509767 6.725001 0.796284
v 0.522206 6.790137 0.757997
v 0.531539 6.852623 0.715528
v 0.536221 6.597060 0.820588
v 0.553820 6.665381 0.788983
v 0.568263 6.732918 0.752189
v 0.579226 6.798413 0.710788
v 0.586574 6.860716 0.665614
v 0.576139 6.532758 0.806386
v 0.596263 6.601987 0.776785
v 0.613043 6.671264 0.741770
v 0.626027 6.739251 0.701808
v 0.634968 6.804656 0.657659
v 0.639849 6.866358 0.610300
v 0.613284 6.466451 0.787004
v 0.636088 6.535727 0.759463
v 0.655465 6.605933 0.726413
v 0.670820 6.675713 0.688190
v 0.681771 6.743678 0.645448
v 0.688190 6.808546 0.599104
v 0.690211 6.869257 0.550241
v 0.646851 6.399316 0.762616
v 0.672355 6.467741 0.737059
v 0.694469 6.537972 0.706037
v 0.712457 6.608696 0.669750
v 0.725786 6.678489 0.628727
v 0.734189 6.745957 0.583787
v 0.737693 6.809867 0.535964
v 0.736599 6.869257 0.486393
v 0.676220 6.332596 0.733672
v 0.704293 6.399316 0.709909
v 0.729133 6.468644 0.680852
v 0.749882 6.539374 0.646577
v 0.765855 6.610119 0.607477
v 0.776630 6.679433 0.564252
v 0.782093 6.745956 0.517852
v 0.782446 6.808545 0.469372
v 0.778156 6.866356 0.419938
v 0.701007 6.267487 0.700864
v 0.731376 6.331759 0.678619
v 0.758774 6.399315 0.651354
v 0.782250 6.469109 0.619042
v 0.800989 6.539851 0.581950
v 0.814409 6.610119 0.540648
v 0.822237 6.678488 0.495973
v 0.824539 6.743676 0.448946
v 0.821689 6.804654 0.400661
v 0.814300 6.860714 0.352177
v 0.721090 6.205041 0.665046
v 0.753368 6.266283 0.644002
v 0.783011 6.331328 0.618281
v 0.809019 6.399315 0.587783
v 0.830476 6.469108 0.552665
v 0.846659 6.539374 0.513373
v 0.857134 6.608695 0.470619
v 0.861804 6.675711 0.425323
v 0.860914 6.739248 0.378515
v 0.854992 6.798410 0.331230
v 0.844763 6.852621 0.284412
v 0.736587 6.146087 0.627147
v 0.770314 6.203905 0.606985
v 0.801784 6.265874 0.582526
v 0.829988 6.331328 0.553623
v 0.853952 6.399314 0.520352
v 0.872845 6.468643 0.483048
v 0.886085 6.537971 0.442298
v 0.893411 6.605931 0.398908
v 0.894907 6.671261 0.353818
v 0.890978 6.732915 0.308010
v 0.882270 6.790134 0.262413
v 0.869580 6.842464 0.217833
v 0.747811 6.091197 0.588083
v 0.782501 6.145382 0.568515
v 0.815321 6.203905 0.545037
v 0.845289 6.266283 0.517482
v 0.871416 6.331758 0.485870
v 0.892805 6.399314 0.450444
v 0.908756 6.467740 0.411680
v 0.918856 6.535724 0.370266
v 0.923023 6.601984 0.327038
v 0.921508 6.665378 0.282904
v 0.914839 6.724998 0.238752
v 0.903740 6.780213 0.195377
v 0.889036 6.830679 0.153433
v 0.755206 6.040693 0.548683
v 0.790391 6.091197 0.529476
v 0.824075 6.146087 0.506730
v 0.855329 6.205041 0.480281
v 0.883187 6.267487 0.450113
v 0.906730 6.332594 0.416401
v 0.925181 6.399314 0.379526
v 0.938002 6.466449 0.340067
v 0.944956 6.532755 0.298752
v 0.946128 6.597057 0.256400
v 0.941900 6.658346 0.213840
v 0.932887 6.715850 0.171838
v 0.919848 6.769056 0.131048
v 0.903599 6.817706 0.091975
v 0.288459 6.757940 -0.887796
v 0.328215 6.707436 -0.892938
v 0.259318 6.707436 -0.915323
v 0.368835 6.652546 -0.894335
v 0.298886 6.653251 -0.919883
v 0.227278 6.652546 -0.940329
v 0.409668 6.593592 -0.891308
v 0.339239 6.594728 -0.920180
v 0.266415 6.594728 -0.943842
v 0.192465 6.593592 -0.961881
v 0.449939 6.531146 -0.883276
v 0.379681 6.532350 -0.915502
v 0.306252 6.532758 -0.942551
v 0.230948 6.532349 -0.963828
v 0.155166 6.531146 -0.979053
v 0.488802 6.466037 -0.869840
v 0.419400 6.466874 -0.905285
v 0.346059 6.467304 -0.935746
v 0.270049 6.467304 -0.960443
v 0.192810 6.466874 -0.978908
v 0.115829 6.466037 -0.991026
v 0.525405 6.399317 -0.850853
v 0.457527 6.399317 -0.889196
v 0.385003 6.399317 -0.922915
v 0.309017 6.399317 -0.951056
v 0.231002 6.399317 -0.972953
v 0.152509 6.399317 -0.988302
v 0.075058 6.399317 -0.997179
v 0.558972 6.332182 -0.826464
v 0.493218 6.330891 -0.867210
v 0.422217 6.329988 -0.903840
v 0.347019 6.329523 -0.935258
v 0.268988 6.329523 -0.960611
v 0.189685 6.329988 -0.979394
v 0.110714 6.330891 -0.991494
v 0.033568 6.332182 -0.997179
v 0.588883 6.265875 -0.797126
v 0.525732 6.262906 -0.839641
v 0.456881 6.260660 -0.878655
v 0.383208 6.259257 -0.912982
v 0.305952 6.258780 -0.941617
v 0.226619 6.259257 -0.963861
v 0.146839 6.260660 -0.979394
v 0.068206 6.262907 -0.988302
v -0.007874 6.265876 -0.991025
v 0.614725 6.201573 -0.763551
v 0.554513 6.196646 -0.807118
v 0.488312 6.192699 -0.847856
v 0.416812 6.189936 -0.884549
v 0.341086 6.188512 -0.916091
v 0.262525 6.188512 -0.941617
v 0.182721 6.189936 -0.960611
v 0.103309 6.192699 -0.972952
v 0.025806 6.196646 -0.978907
v -0.048515 6.201573 -0.979053
v 0.636322 6.140284 -0.726633
v 0.579229 6.133252 -0.770521
v 0.516026 6.127368 -0.812257
v 0.447216 6.122919 -0.850648
v 0.373678 6.120142 -0.884548
v 0.296648 6.119198 -0.912980
v 0.217618 6.120142 -0.935256
v 0.138199 6.122919 -0.951055
v 0.059964 6.127369 -0.960442
v -0.015699 6.133252 -0.963827
v -0.087685 6.140284 -0.961880
v 0.653718 6.082780 -0.687355
v 0.599786 6.073632 -0.730881
v 0.539773 6.065714 -0.772887
v 0.474009 6.059382 -0.812256
v 0.403183 6.054954 -0.847855
v 0.328342 6.052674 -0.878653
v 0.250832 6.052675 -0.903838
v 0.172182 6.054955 -0.922913
v 0.093957 6.059382 -0.935744
v 0.017613 6.065715 -0.942550
v -0.055629 6.073633 -0.943841
v -0.124845 6.082780 -0.940329
v 0.667145 6.029574 -0.646689
v 0.616302 6.018416 -0.689265
v 0.559530 6.008496 -0.730880
v 0.497012 6.000220 -0.770520
v 0.429259 5.993976 -0.807116
v 0.357124 5.990086 -0.839639
v 0.281777 5.988765 -0.867207
v 0.204615 5.990086 -0.889192
v 0.127141 5.993976 -0.905281
v 0.050817 6.000220 -0.915500
v -0.023061 6.008496 -0.920178
v -0.093451 6.018417 -0.919882
v -0.159610 6.029574 -0.915322
v 0.676966 5.980923 -0.605527
v 0.629060 5.967950 -0.646689
v 0.575467 5.956166 -0.687353
v 0.516256 5.946010 -0.726631
v 0.451779 5.937917 -0.763548
v 0.382710 5.932275 -0.797123
v 0.310028 5.929375 -0.826460
v 0.234971 5.929375 -0.850848
v 0.158927 5.932275 -0.869835
v 0.083314 5.937917 -0.883272
v 0.009452 5.946010 -0.891304
v -0.061538 5.956166 -0.894332
v -0.128798 5.967950 -0.892936
v -0.191749 5.980923 -0.887795
v -0.755206 6.757940 -0.548683
v -0.747811 6.707436 -0.588083
v -0.790391 6.707436 -0.529475
v -0.736588 6.652546 -0.627147
v -0.782501 6.653250 -0.568515
v -0.824075 6.652546 -0.506730
v -0.721090 6.593592 -0.665046
v -0.770314 6.594728 -0.606985
v -0.815322 6.594727 -0.545037
v -0.855329 6.593591 -0.480281
v -0.701007 6.531146 -0.700864
v -0.753368 6.532349 -0.644002
v -0.801784 6.532758 -0.582526
v -0.845290 6.532349 -0.517482
v -0.883188 6.531145 -0.450112
v -0.676220 6.466037 -0.733673
v -0.731376 6.466874 -0.678620
v -0.783011 6.467304 -0.618282
v -0.829988 6.467304 -0.553623
v -0.871416 6.466874 -0.485870
v -0.906730 6.466037 -0.416400
v -0.646851 6.399317 -0.762617
v -0.704293 6.399317 -0.709910
v -0.758773 6.399317 -0.651355
v -0.809018 6.399317 -0.587783
v -0.853952 6.399317 -0.520352
v -0.892805 6.399317 -0.450444
v -0.925181 6.399317 -0.379526
v -0.613283 6.332182 -0.787005
v -0.672355 6.330891 -0.737060
v -0.729132 6.329988 -0.680852
v -0.782250 6.329523 -0.619043
v -0.830475 6.329523 -0.552666
v -0.872845 6.329988 -0.483048
v -0.908756 6.330892 -0.411680
v -0.938002 6.332182 -0.340066
v -0.576138 6.265875 -0.806386
v -0.636087 6.262906 -0.759464
v -0.694468 6.260660 -0.706037
v -0.749881 6.259257 -0.646577
v -0.800989 6.258780 -0.581951
v -0.846659 6.259258 -0.513374
v -0.886085 6.260660 -0.442298
v -0.918856 6.262907 -0.370265
v -0.944956 6.265877 -0.298751
v -0.536221 6.201573 -0.820588
v -0.596262 6.196646 -0.776786
v -0.655464 6.192699 -0.726413
v -0.712456 6.189936 -0.669751
v -0.765854 6.188512 -0.607477
v -0.814408 6.188513 -0.540649
v -0.857133 6.189937 -0.470620
v -0.893410 6.192700 -0.398908
v -0.923023 6.196648 -0.327038
v -0.946128 6.201575 -0.256399
v -0.494436 6.140283 -0.829720
v -0.553819 6.133252 -0.788983
v -0.613042 6.127369 -0.741770
v -0.670819 6.122920 -0.688191
v -0.725784 6.120143 -0.628728
v -0.776629 6.119199 -0.564253
v -0.822236 6.120143 -0.495974
v -0.861803 6.122921 -0.425324
v -0.894907 6.127370 -0.353818
v -0.921507 6.133254 -0.282904
v -0.941900 6.140285 -0.213839
v -0.451704 6.082780 -0.834127
v -0.509766 6.073632 -0.796284
v -0.568261 6.065715 -0.752189
v -0.626026 6.059382 -0.701809
v -0.681769 6.054955 -0.645450
v -0.734187 6.052675 -0.583788
v -0.782092 6.052676 -0.517854
v -0.824537 6.054955 -0.448947
v -0.860913 6.059384 -0.378516
v -0.890977 6.065717 -0.308010
v -0.914838 6.073635 -0.238752
v -0.932887 6.082783 -0.171838
v -0.408880 6.029574 -0.834330
v -0.465084 6.018416 -0.799132
v -0.522205 6.008496 -0.757998
v -0.579224 6.000221 -0.710789
v -0.634967 5.993977 -0.657660
v -0.688189 5.990087 -0.599106
v -0.737692 5.988766 -0.535965
v -0.782445 5.990088 -0.469374
v -0.821687 5.993978 -0.400662
v -0.854991 6.000222 -0.331231
v -0.882270 6.008499 -0.262414
v -0.903739 6.018419 -0.195378
v -0.919847 6.029577 -0.131048
v -0.366697 5.980923 -0.830951
v -0.420648 5.967950 -0.798109
v -0.475884 5.956166 -0.759705
v -0.531537 5.946010 -0.715529
v -0.586572 5.937918 -0.665616
v -0.639847 5.932275 -0.610302
v -0.690209 5.929376 -0.550243
v -0.736597 5.929376 -0.486395
v -0.778154 5.932276 -0.419940
v -0.814299 5.937919 -0.352179
v -0.844763 5.946012 -0.284414
v -0.869579 5.956169 -0.217834
v -0.889035 5.967954 -0.153434
v -0.903599 5.980927 -0.091975
v -0.755206 6.757940 0.548683
v -0.790392 6.707436 0.529475
v -0.747811 6.707436 0.588083
v -0.824075 6.652546 0.506730
v -0.782501 6.653250 0.568515
v -0.736588 6.652546 0.627147
v -0.855329 6.593591 0.480280
v -0.815322 6.594727 0.545037
v -0.770314 6.594728 0.606985
v -0.721090 6.593592 0.665046
v -0.883188 6.531145 0.450112
v -0.845290 6.532349 0.517482
v -0.801784 6.532758 0.582526
v -0.753368 6.532349 0.644002
v -0.701007 6.531146 0.700864
v -0.906730 6.466037 0.416400
v -0.871416 6.466874 0.485870
v -0.829988 6.467304 0.553623
v -0.783011 6.467304 0.618282
v -0.731376 6.466874 0.678620
v -0.676220 6.466037 0.733673
v -0.925181 6.399317 0.379526
v -0.892805 6.399317 0.450444
v -0.853952 6.399317 0.520352
v -0.809018 6.399317 0.587783
v -0.758773 6.399317 0.651355
v -0.704293 6.399317 0.709910
v -0.646851 6.399317 0.762616
v -0.938002 6.332182 0.340066
v -0.908756 6.330892 0.411680
v -0.872845 6.329988 0.483048
v -0.830476 6.329523 0.552666
v -0.782250 6.329523 0.619043
v -0.729132 6.329988 0.680852
v -0.672355 6.330891 0.737060
v -0.613283 6.332182 0.787005
v -0.944956 6.265877 0.298751
v -0.918856 6.262907 0.370265
v -0.886085 6.260660 0.442298
v -0.846659 6.259258 0.513374
v -0.800989 6.258780 0.581951
v -0.749881 6.259257 0.646577
v -0.694468 6.260660 0.706037
v -0.636087 6.262907 0.759464
v -0.576138 6.265876 0.806386
v -0.946128 6.201575 0.256399
v -0.923023 6.196647 0.327038
v -0.893410 6.192700 0.398908
v -0.857133 6.189937 0.470620
v -0.814408 6.188512 0.540649
v -0.765854 6.188512 0.607477
v -0.712456 6.189936 0.669751
v -0.655464 6.192699 0.726413
v -0.596262 6.196646 0.776786
v -0.536221 6.201573 0.820588
v -0.941900 6.140285 0.213839
v -0.921508 6.133254 0.282904
v -0.894907 6.127370 0.353818
v -0.861803 6.122921 0.425324
v -0.822236 6.120143 0.495974
v -0.776629 6.119199 0.564253
v -0.725784 6.120143 0.628728
v -0.670819 6.122920 0.688191
v -0.613042 6.127369 0.741770
v -0.553819 6.133252 0.788983
v -0.494436 6.140284 0.829720
v -0.932887 6.082783 0.171838
v -0.914838 6.073635 0.238752
v -0.890977 6.065717 0.308010
v -0.860913 6.059384 0.378516
v -0.824537 6.054955 0.448947
v -0.782092 6.052676 0.517854
v -0.734187 6.052675 0.583788
v -0.681770 6.054955 0.645450
v -0.626026 6.059382 0.701809
v -0.568262 6.065715 0.752189
v -0.509766 6.073633 0.796284
v -0.451704 6.082780 0.834127
v -0.919847 6.029577 0.131048
v -0.903739 6.018419 0.195378
v -0.882270 6.008498 0.262414
v -0.854991 6.000222 0.331231
v -0.821687 5.993978 0.400662
v -0.782445 5.990088 0.469374
v -0.737692 5.988766 0.535965
v -0.688188 5.990087 0.599106
v -0.634966 5.993977 0.657660
v -0.579224 6.000221 0.710789
v -0.522205 6.008496 0.757998
v -0.465084 6.018416 0.799132
v -0.408880 6.029574 0.834331
v -0.903598 5.980927 0.091975
v -0.889035 5.967954 0.153434
v -0.869579 5.956169 0.217834
v -0.844762 5.946012 0.284414
v -0.814299 5.937919 0.352179
v -0.778154 5.932276 0.419940
v -0.736597 5.929376 0.486395
v -0.690209 5.929376 0.550243
v -0.639847 5.932275 0.610301
v -0.586572 5.937918 0.665616
v -0.531537 5.946010 0.715529
v -0.475884 5.956166 0.759705
v -0.420648 5.967950 0.798109
v -0.366697 5.980923 0.830951
v 0.288458 6.757940 0.887796
v 0.259318 6.707436 0.915323
v 0.328215 6.707436 0.892938
v 0.227278 6.652546 0.940330
v 0.298886 6.653251 0.919883
v 0.368835 6.652547 0.894335
v 0.192465 6.593592 0.961881
v 0.266415 6.594728 0.943842
v 0.339239 6.594728 0.920180
v 0.409668 6.593592 0.891308
v 0.155165 6.531146 0.979053
v 0.230948 6.532349 0.963828
v 0.306252 6.532758 0.942551
v 0.379681 6.532350 0.915502
v 0.449939 6.531146 0.883276
v 0.115829 6.466037 0.991026
v 0.192810 6.466874 0.978908
v 0.270049 6.467304 0.960443
v 0.346059 6.467304 0.935746
v 0.419400 6.466874 0.905285
v 0.488802 6.466037 0.869840
v 0.075058 6.399317 0.997179
v 0.152509 6.399317 0.988302
v 0.231002 6.399317 0.972953
v 0.309017 6.399317 0.951056
v 0.385003 6.399317 0.922915
v 0.457527 6.399317 0.889196
v 0.525405 6.399317 0.850852
v 0.033568 6.332182 0.997179
v 0.110714 6.330891 0.991494
v 0.189685 6.329988 0.979394
v 0.268988 6.329523 0.960611
v 0.347019 6.329523 0.935258
v 0.422217 6.329988 0.903840
v 0.493218 6.330891 0.867211
v 0.558972 6.332182 0.826464
v -0.007874 6.265876 0.991025
v 0.068205 6.262907 0.988302
v 0.146839 6.260660 0.979394
v 0.226619 6.259257 0.963861
v 0.305952 6.258780 0.941617
v 0.383208 6.259257 0.912982
v 0.456881 6.260660 0.878655
v 0.525732 6.262906 0.839641
v 0.588883 6.265875 0.797126
v -0.048515 6.201573 0.979053
v 0.025806 6.196646 0.978907
v 0.103309 6.192699 0.972952
v 0.182721 6.189936 0.960611
v 0.262525 6.188512 0.941617
v 0.341086 6.188512 0.916091
v 0.416812 6.189936 0.884549
v 0.488312 6.192699 0.847856
v 0.554513 6.196646 0.807118
v 0.614725 6.201573 0.763551
v -0.087685 6.140284 0.961880
v -0.015699 6.133252 0.963827
v 0.059964 6.127369 0.960442
v 0.138199 6.122919 0.951055
v 0.217618 6.120142 0.935256
v 0.296648 6.119198 0.912980
v 0.373678 6.120142 0.884548
v 0.447216 6.122919 0.850648
v 0.516027 6.127368 0.812257
v 0.579229 6.133252 0.770521
v 0.636322 6.140284 0.726633
v -0.124845 6.082780 0.940329
v -0.055629 6.073633 0.943841
v 0.017613 6.065715 0.942549
v 0.093957 6.059382 0.935744
v 0.172182 6.054955 0.922913
v 0.250832 6.052674 0.903838
v 0.328342 6.052674 0.878653
v 0.403183 6.054954 0.847855
v 0.474009 6.059382 0.812256
v 0.539773 6.065714 0.772887
v 0.599786 6.073632 0.730881
v 0.653718 6.082780 0.687355
v -0.159610 6.029574 0.915322
v -0.093451 6.018417 0.919882
v -0.023061 6.008496 0.920178
v 0.050817 6.000220 0.915500
v 0.127141 5.993976 0.905281
v 0.204615 5.990087 0.889192
v 0.281777 5.988765 0.867207
v 0.357124 5.990087 0.839639
v 0.429259 5.993976 0.807116
v 0.497012 6.000220 0.770520
v 0.559530 6.008496 0.730880
v 0.616302 6.018416 0.689266
v 0.667145 6.029574 0.646689
v -0.191749 5.980923 0.887795
v -0.128798 5.967950 0.892936
v -0.061538 5.956166 0.894332
v 0.009452 5.946010 0.891304
v 0.083314 5.937917 0.883272
v 0.158927 5.932274 0.869835
v 0.234971 5.929375 0.850848
v 0.310028 5.929375 0.826460
v 0.382710 5.932274 0.797123
v 0.451779 5.937917 0.763548
v 0.516256 5.946010 0.726631
v 0.575467 5.956166 0.687353
v 0.629060 5.967950 0.646689
v 0.676966 5.980923 0.605527
v 0.933484 6.757936 0.000000
v 0.950659 6.707433 0.036220
v 0.950659 6.707433 -0.036220
v 0.964540 6.652544 0.074420
v 0.967222 6.653248 0.000000
v 0.964540 6.652544 -0.074420
v 0.974279 6.593590 0.114188
v 0.979974 6.594726 0.038285
v 0.979974 6.594726 -0.038285
v 0.974279 6.593590 -0.114188
v 0.979084 6.531145 0.154969
v 0.988023 6.532348 0.078192
v 0.991057 6.532757 0.000000
v 0.988023 6.532348 -0.078192
v 0.979084 6.531145 -0.154969
v 0.978315 6.466037 0.196080
v 0.990579 6.466873 0.119123
v 0.996886 6.467303 0.039961
v 0.996886 6.467303 -0.039960
v 0.990579 6.466873 -0.119123
v 0.978315 6.466037 -0.196080
v 0.971569 6.399317 0.236758
v 0.987059 6.399317 0.160355
v 0.996717 6.399317 0.080962
v 1.000000 6.399317 0.000000
v 0.996717 6.399317 -0.080962
v 0.987059 6.399317 -0.160355
v 0.971569 6.399317 -0.236758
v 0.958748 6.332182 0.276217
v 0.977180 6.330892 0.201091
v 0.990075 6.329989 0.122247
v 0.996718 6.329524 0.041022
v 0.996718 6.329524 -0.041022
v 0.990075 6.329989 -0.122247
v 0.977180 6.330892 -0.201091
v 0.958748 6.332182 -0.276217
v 0.940089 6.265876 0.313729
v 0.961008 6.262907 0.240533
v 0.976835 6.260661 0.162996
v 0.986715 6.259258 0.082322
v 0.990076 6.258781 0.000000
v 0.986715 6.259258 -0.082322
v 0.976835 6.260661 -0.162996
v 0.961008 6.262907 -0.240533
v 0.940089 6.265877 -0.313729
v 0.916143 6.201574 0.348682
v 0.938971 6.196647 0.277954
v 0.957257 6.192700 0.202405
v 0.970059 6.189937 0.123067
v 0.976656 6.188513 0.041301
v 0.976656 6.188513 -0.041301
v 0.970059 6.189937 -0.123067
v 0.957257 6.192700 -0.202405
v 0.938971 6.196647 -0.277954
v 0.916144 6.201574 -0.348682
v 0.887707 6.140285 0.380629
v 0.911804 6.133253 0.312769
v 0.931965 6.127370 0.239763
v 0.947213 6.122921 0.162458
v 0.956729 6.120144 0.082045
v 0.959966 6.119200 0.000000
v 0.956729 6.120144 -0.082045
v 0.947213 6.122921 -0.162458
v 0.931965 6.127370 -0.239763
v 0.911804 6.133253 -0.312769
v 0.887707 6.140285 -0.380629
v 0.855727 6.082781 0.409311
v 0.880456 6.073634 0.344569
v 0.901861 6.065716 0.274513
v 0.918980 6.059384 0.199803
v 0.930950 6.054956 0.121443
v 0.937113 6.052676 0.040749
v 0.937113 6.052676 -0.040749
v 0.930950 6.054956 -0.121443
v 0.918980 6.059384 -0.199803
v 0.901861 6.065716 -0.274513
v 0.880456 6.073634 -0.344569
v 0.855727 6.082781 -0.409311
v 0.821202 6.029575 0.434647
v 0.845982 6.018418 0.373136
v 0.868015 6.008497 0.306283
v 0.886396 6.000222 0.234576
v 0.900263 5.993978 0.158831
v 0.908902 5.990088 0.080178
v 0.911838 5.988767 0.000000
v 0.908902 5.990088 -0.080178
v 0.900263 5.993978 -0.158831
v 0.886396 6.000222 -0.234576
v 0.868015 6.008497 -0.306283
v 0.845982 6.018418 -0.373136
v 0.821202 6.029575 -0.434647
v 0.785090 5.980924 0.456707
v 0.809432 5.967951 0.398426
v 0.831545 5.956167 0.334891
v 0.850602 5.946011 0.266440
v 0.865787 5.937919 0.193712
v 0.876374 5.932276 0.117648
v 0.881816 5.929377 0.039460
v 0.881816 5.929377 -0.039460
v 0.876374 5.932276 -0.117648
v 0.865787 5.937919 -0.193712
v 0.850602 5.946011 -0.266440
v 0.831545 5.956167 -0.334891
v 0.809432 5.967951 -0.398426
v 0.785090 5.980924 -0.456707
v 0.658496 5.884214 -0.548682
v 0.629059 5.830157 -0.529474
v 0.610017 5.868242 -0.588081
v 0.595028 5.775483 -0.506728
v 0.577066 5.812983 -0.568513
v 0.555904 5.853734 -0.627145
v 0.556275 5.721164 -0.480279
v 0.539400 5.757456 -0.545034
v 0.519272 5.797712 -0.606982
v 0.496244 5.841230 -0.665042
v 0.512880 5.668321 -0.450110
v 0.497009 5.702756 -0.517479
v 0.477919 5.741851 -0.582522
v 0.455902 5.784973 -0.643999
v 0.431410 5.831267 -0.700860
v 0.465175 5.618148 -0.416398
v 0.450131 5.650107 -0.485867
v 0.431989 5.687354 -0.553619
v 0.410981 5.729371 -0.618278
v 0.387506 5.775361 -0.678615
v 0.362092 5.824320 -0.733668
v 0.413751 5.571807 -0.379524
v 0.399272 5.600765 -0.450441
v 0.381897 5.635516 -0.520349
v 0.361803 5.675705 -0.587779
v 0.339334 5.720645 -0.651350
v 0.314971 5.769373 -0.709905
v 0.289283 5.820750 -0.762611
v 0.359439 5.530317 -0.340064
v 0.345205 5.555898 -0.411677
v 0.328338 5.587614 -0.483045
v 0.308975 5.625302 -0.552662
v 0.287409 5.668435 -0.619039
v 0.264071 5.716152 -0.680847
v 0.239488 5.767339 -0.737055
v 0.214225 5.820750 -0.787000
v 0.303243 5.494445 -0.298749
v 0.288916 5.516462 -0.370263
v 0.272251 5.544768 -0.442295
v 0.253366 5.579404 -0.513370
v 0.232516 5.620039 -0.581946
v 0.210087 5.665963 -0.646572
v 0.186561 5.716153 -0.706032
v 0.162463 5.769373 -0.759459
v 0.138309 5.824320 -0.806381
v 0.246255 5.464641 -0.256398
v 0.231516 5.483103 -0.327036
v 0.214743 5.507824 -0.398906
v 0.196048 5.539035 -0.470617
v 0.175668 5.576612 -0.540645
v 0.153955 5.620039 -0.607473
v 0.131349 5.668436 -0.669746
v 0.108334 5.720645 -0.726408
v 0.085389 5.775362 -0.776781
v 0.062946 5.831267 -0.820583
v 0.189546 5.441013 -0.213838
v 0.174138 5.456108 -0.282902
v 0.156980 5.477269 -0.353816
v 0.138197 5.504888 -0.425321
v 0.118019 5.539035 -0.495971
v 0.096779 5.579404 -0.564250
v 0.074886 5.625302 -0.628724
v 0.052789 5.675706 -0.688186
v 0.030931 5.729372 -0.741766
v 0.009708 5.784973 -0.788979
v -0.010559 5.841230 -0.829716
v 0.134084 5.423359 -0.171837
v 0.117831 5.435411 -0.238751
v 0.100079 5.453212 -0.308009
v 0.080971 5.477270 -0.378514
v 0.060743 5.507824 -0.448944
v 0.039723 5.544768 -0.517851
v 0.018300 5.587615 -0.583785
v -0.003102 5.635517 -0.645446
v -0.024071 5.687355 -0.701805
v -0.044239 5.741852 -0.752185
v -0.063317 5.797712 -0.796281
v -0.081101 5.853734 -0.834124
v 0.080665 5.411228 -0.131047
v 0.063482 5.420645 -0.195377
v 0.045008 5.435411 -0.262413
v 0.025407 5.456109 -0.331229
v 0.004929 5.483103 -0.400661
v -0.016099 5.516463 -0.469371
v -0.037295 5.555899 -0.535963
v -0.058250 5.600766 -0.599103
v -0.078572 5.650108 -0.657657
v -0.097915 5.702757 -0.710786
v -0.116013 5.757457 -0.757995
v -0.132684 5.812984 -0.799129
v -0.147840 5.868243 -0.834328
v 0.029885 5.404004 -0.091975
v 0.011769 5.411228 -0.153434
v -0.007472 5.423359 -0.217833
v -0.027653 5.441014 -0.284413
v -0.048515 5.464642 -0.352178
v -0.069725 5.494446 -0.419938
v -0.090903 5.530318 -0.486393
v -0.111648 5.571808 -0.550241
v -0.131576 5.618149 -0.610299
v -0.150354 5.668323 -0.665613
v -0.167728 5.721166 -0.715526
v -0.183532 5.775484 -0.759703
v -0.197694 5.830158 -0.798108
v -0.210218 5.884214 -0.830950
v -0.318343 5.884213 -0.795818
v -0.309171 5.830157 -0.761886
v -0.370794 5.868242 -0.761887
v -0.298055 5.775483 -0.722492
v -0.362367 5.812983 -0.724501
v -0.424669 5.853734 -0.722493
v -0.284875 5.721164 -0.677462
v -0.351677 5.757455 -0.681423
v -0.416813 5.797711 -0.681423
v -0.479148 5.841230 -0.677463
v -0.269592 5.668321 -0.626869
v -0.338569 5.702755 -0.632592
v -0.406329 5.741851 -0.634536
v -0.471601 5.784973 -0.632593
v -0.533248 5.831267 -0.626870
v -0.252272 5.618147 -0.571081
v -0.322991 5.650107 -0.578240
v -0.393034 5.687354 -0.581922
v -0.461020 5.729371 -0.581922
v -0.525659 5.775362 -0.578241
v -0.585871 5.824321 -0.571082
v -0.233093 5.571807 -0.510779
v -0.305014 5.600765 -0.518923
v -0.376871 5.635516 -0.524001
v -0.447211 5.675705 -0.525727
v -0.514614 5.720645 -0.524001
v -0.577832 5.769374 -0.518924
v -0.635898 5.820751 -0.510780
v -0.212348 5.530317 -0.446931
v -0.284855 5.555898 -0.455524
v -0.357942 5.587614 -0.461536
v -0.430137 5.625302 -0.464632
v -0.499929 5.668436 -0.464633
v -0.565925 5.716153 -0.461536
v -0.626979 5.767340 -0.455525
v -0.682286 5.820752 -0.446932
v -0.190421 5.494445 -0.380719
v -0.262862 5.516461 -0.389192
v -0.336519 5.544768 -0.395602
v -0.409952 5.579404 -0.399603
v -0.481616 5.620039 -0.400964
v -0.550010 5.665964 -0.399603
v -0.613830 5.716154 -0.395602
v -0.672088 5.769375 -0.389192
v -0.724178 5.824323 -0.380720
v -0.167752 5.464641 -0.313433
v -0.239488 5.483103 -0.321243
v -0.313024 5.507823 -0.327500
v -0.387003 5.539035 -0.331880
v -0.459902 5.576612 -0.334137
v -0.530169 5.620039 -0.334137
v -0.596381 5.668437 -0.331880
v -0.657382 5.720647 -0.327500
v -0.712380 5.775363 -0.321244
v -0.760974 5.831270 -0.313434
v -0.144799 5.441013 -0.246348
v -0.215245 5.456108 -0.253036
v -0.287991 5.477269 -0.258631
v -0.361801 5.504888 -0.262863
v -0.435229 5.539035 -0.265504
v -0.506730 5.579405 -0.266402
v -0.574814 5.625303 -0.265504
v -0.638195 5.675707 -0.262863
v -0.695907 5.729374 -0.258631
v -0.747367 5.784976 -0.253036
v -0.792373 5.841233 -0.246349
v -0.121993 5.423359 -0.180622
v -0.190654 5.435411 -0.185841
v -0.262009 5.453212 -0.190359
v -0.334968 5.477270 -0.193973
v -0.408203 5.507824 -0.196500
v -0.480233 5.544769 -0.197801
v -0.549560 5.587615 -0.197801
v -0.614817 5.635519 -0.196500
v -0.674898 5.687357 -0.193973
v -0.729045 5.741855 -0.190360
v -0.776877 5.797715 -0.185842
v -0.818363 5.853737 -0.180622
v -0.099707 5.411228 -0.117212
v -0.166198 5.420645 -0.120749
v -0.235662 5.435411 -0.123894
v -0.307168 5.456109 -0.126518
v -0.379529 5.483104 -0.128497
v -0.451376 5.516463 -0.129730
v -0.521258 5.555900 -0.130149
v -0.587784 5.600768 -0.129730
v -0.649752 5.650110 -0.128497
v -0.706258 5.702759 -0.126518
v -0.756749 5.757460 -0.123894
v -0.801022 5.812986 -0.120749
v -0.839181 5.868246 -0.117212
v -0.078239 5.404004 -0.056844
v -0.142288 5.411228 -0.058606
v -0.209481 5.423359 -0.060207
v -0.279039 5.441014 -0.061587
v -0.349934 5.464643 -0.062687
v -0.420933 5.494447 -0.063453
v -0.490680 5.530319 -0.063847
v -0.557814 5.571810 -0.063847
v -0.621091 5.618151 -0.063453
v -0.679501 5.668325 -0.062687
v -0.732340 5.721169 -0.061587
v -0.779238 5.775487 -0.060207
v -0.820139 5.830162 -0.058606
v -0.855244 5.884218 -0.056844
v -0.855244 5.884218 0.056844
v -0.820139 5.830162 0.058606
v -0.839181 5.868246 0.117212
v -0.779238 5.775487 0.060207
v -0.801022 5.812986 0.120750
v -0.818363 5.853737 0.180622
v -0.732340 5.721168 0.061587
v -0.756749 5.757459 0.123895
v -0.776877 5.797715 0.185842
v -0.792373 5.841233 0.246349
v -0.679500 5.668324 0.062687
v -0.706258 5.702759 0.126518
v -0.729045 5.741854 0.190360
v -0.747367 5.784976 0.253036
v -0.760974 5.831269 0.313434
v -0.621091 5.618151 0.063453
v -0.649752 5.650110 0.128498
v -0.674898 5.687357 0.193974
v -0.695907 5.729374 0.258632
v -0.712380 5.775363 0.321244
v -0.724178 5.824323 0.380721
v -0.557813 5.571810 0.063848
v -0.587783 5.600768 0.129731
v -0.614817 5.635519 0.196501
v -0.638195 5.675708 0.262864
v -0.657382 5.720647 0.327501
v -0.672088 5.769375 0.389193
v -0.682286 5.820752 0.446933
v -0.490680 5.530319 0.063848
v -0.521258 5.555900 0.130150
v -0.549560 5.587616 0.197802
v -0.574814 5.625304 0.265505
v -0.596381 5.668437 0.331881
v -0.613830 5.716154 0.395603
v -0.626979 5.767340 0.455525
v -0.635897 5.820752 0.510780
v -0.420933 5.494447 0.063454
v -0.451375 5.516463 0.129731
v -0.480233 5.544769 0.197802
v -0.506730 5.579406 0.266403
v -0.530169 5.620040 0.334138
v -0.550009 5.665965 0.399605
v -0.565925 5.716154 0.461537
v -0.577832 5.769374 0.518925
v -0.585871 5.824321 0.571082
v -0.349934 5.464642 0.062687
v -0.379529 5.483104 0.128498
v -0.408203 5.507825 0.196501
v -0.435229 5.539036 0.265505
v -0.459902 5.576613 0.334138
v -0.481615 5.620039 0.400966
v -0.499929 5.668437 0.464634
v -0.514614 5.720646 0.524002
v -0.525659 5.775362 0.578241
v -0.533248 5.831267 0.626871
v -0.279039 5.441014 0.061588
v -0.307168 5.456109 0.126519
v -0.334968 5.477270 0.193974
v -0.361801 5.504889 0.262864
v -0.387003 5.539036 0.331882
v -0.409952 5.579405 0.399605
v -0.430137 5.625303 0.464634
v -0.447211 5.675706 0.525729
v -0.461020 5.729372 0.581923
v -0.471601 5.784973 0.632594
v -0.479148 5.841230 0.677464
v -0.209481 5.423359 0.060208
v -0.235663 5.435411 0.123895
v -0.262009 5.453212 0.190361
v -0.287991 5.477270 0.258633
v -0.313024 5.507824 0.327502
v -0.336520 5.544769 0.395604
v -0.357943 5.587615 0.461538
v -0.376871 5.635518 0.524003
v -0.393034 5.687355 0.581924
v -0.406329 5.741852 0.634537
v -0.416813 5.797712 0.681424
v -0.424669 5.853734 0.722493
v -0.142288 5.411228 0.058607
v -0.166198 5.420646 0.120750
v -0.190655 5.435411 0.185843
v -0.215246 5.456109 0.253038
v -0.239489 5.483104 0.321245
v -0.262863 5.516463 0.389194
v -0.284856 5.555899 0.455526
v -0.305015 5.600767 0.518925
v -0.322991 5.650108 0.578242
v -0.338570 5.702757 0.632594
v -0.351677 5.757457 0.681424
v -0.362367 5.812984 0.724502
v -0.370795 5.868243 0.761887
v -0.078239 5.404004 0.056844
v -0.099707 5.411228 0.117213
v -0.121993 5.423359 0.180623
v -0.144800 5.441014 0.246350
v -0.167753 5.464642 0.313436
v -0.190421 5.494446 0.380722
v -0.212349 5.530318 0.446934
v -0.233094 5.571809 0.510781
v -0.252273 5.618149 0.571083
v -0.269593 5.668323 0.626871
v -0.284875 5.721166 0.677464
v -0.298055 5.775484 0.722493
v -0.309171 5.830158 0.761887
v -0.318343 5.884214 0.795818
v 0.725319 5.884214 -0.456707
v 0.747808 5.868243 -0.398426
v 0.697954 5.830158 -0.434647
v 0.768237 5.853735 -0.334890
v 0.719015 5.812983 -0.373135
v 0.665806 5.775484 -0.409310
v 0.785844 5.841231 -0.266440
v 0.737742 5.797712 -0.306283
v 0.685046 5.757456 -0.344568
v 0.628675 5.721165 -0.380628
v 0.799873 5.831268 -0.193712
v 0.753364 5.784974 -0.234576
v 0.701700 5.741852 -0.274512
v 0.645740 5.702756 -0.312768
v 0.586573 5.668322 -0.348681
v 0.809654 5.824322 -0.117648
v 0.765150 5.775362 -0.158830
v 0.715020 5.729372 -0.199802
v 0.660018 5.687355 -0.239763
v 0.601188 5.650107 -0.277953
v 0.539769 5.618148 -0.313728
v 0.814681 5.820752 -0.039459
v 0.772492 5.769375 -0.080177
v 0.724333 5.720646 -0.121443
v 0.670817 5.675706 -0.162457
v 0.612897 5.635517 -0.202404
v 0.551780 5.600766 -0.240532
v 0.488808 5.571807 -0.276216
v 0.814681 5.820752 0.039460
v 0.774988 5.767340 0.000000
v 0.729128 5.716154 -0.040749
v 0.677556 5.668437 -0.082044
v 0.621093 5.625303 -0.123066
v 0.560867 5.587615 -0.162995
v 0.498205 5.555899 -0.201090
v 0.434495 5.530317 -0.236757
v 0.809654 5.824322 0.117648
v 0.772493 5.769375 0.080178
v 0.729128 5.716154 0.040749
v 0.679849 5.665964 0.000000
v 0.625317 5.620039 -0.041301
v 0.566540 5.579405 -0.082322
v 0.504780 5.544768 -0.122246
v 0.441423 5.516462 -0.160354
v 0.377837 5.494446 -0.196079
v 0.799873 5.831268 0.193712
v 0.765150 5.775363 0.158831
v 0.724333 5.720647 0.121443
v 0.677557 5.668437 0.082045
v 0.625317 5.620040 0.041302
v 0.568470 5.576612 0.000001
v 0.508167 5.539036 -0.041022
v 0.445743 5.507824 -0.080961
v 0.382574 5.483103 -0.119122
v 0.319948 5.464642 -0.154968
v 0.785844 5.841231 0.266440
v 0.753364 5.784974 0.234576
v 0.715020 5.729373 0.199803
v 0.670818 5.675707 0.162458
v 0.621094 5.625303 0.123068
v 0.566541 5.579405 0.082323
v 0.508167 5.539036 0.041023
v 0.447211 5.504889 0.000001
v 0.385010 5.477270 -0.039960
v 0.322869 5.456109 -0.078191
v 0.261947 5.441013 -0.114188
v 0.768238 5.853735 0.334891
v 0.737742 5.797713 0.306283
v 0.701701 5.741853 0.274513
v 0.660019 5.687356 0.239763
v 0.612897 5.635518 0.202405
v 0.560868 5.587615 0.162996
v 0.504781 5.544769 0.122248
v 0.445743 5.507825 0.080963
v 0.385010 5.477270 0.039961
v 0.323861 5.453212 0.000001
v 0.263478 5.435411 -0.038285
v 0.204862 5.423359 -0.074419
v 0.747809 5.868243 0.398426
v 0.719016 5.812984 0.373136
v 0.685047 5.757457 0.344569
v 0.645741 5.702758 0.312769
v 0.601190 5.650109 0.277954
v 0.551781 5.600767 0.240533
v 0.498207 5.555900 0.201092
v 0.441424 5.516463 0.160356
v 0.382575 5.483104 0.119124
v 0.322870 5.456109 0.078193
v 0.263479 5.435411 0.038286
v 0.205432 5.420646 0.000001
v 0.149561 5.411228 -0.036220
v 0.725320 5.884214 0.456707
v 0.697955 5.830159 0.434647
v 0.665806 5.775485 0.409311
v 0.628676 5.721166 0.380629
v 0.586574 5.668323 0.348682
v 0.539770 5.618150 0.313729
v 0.488809 5.571809 0.276218
v 0.434497 5.530319 0.236758
v 0.377839 5.494447 0.196081
v 0.319949 5.464642 0.154970
v 0.261948 5.441014 0.114189
v 0.204863 5.423359 0.074420
v 0.149561 5.411228 0.036221
v 0.096709 5.404004 0.000000
v -0.210218 5.884213 0.830949
v -0.197694 5.830157 0.798107
v -0.147840 5.868242 0.834328
v -0.183532 5.775483 0.759702
v -0.132684 5.812983 0.799129
v -0.081100 5.853734 0.834123
v -0.167727 5.721164 0.715525
v -0.116012 5.757455 0.757994
v -0.063316 5.797711 0.796280
v -0.010559 5.841230 0.829715
v -0.150354 5.668321 0.665612
v -0.097915 5.702755 0.710785
v -0.044238 5.741851 0.752185
v 0.009709 5.784972 0.788978
v 0.062946 5.831266 0.820583
v -0.131575 5.618147 0.610297
v -0.078571 5.650107 0.657656
v -0.024070 5.687354 0.701804
v 0.030932 5.729371 0.741765
v 0.085390 5.775361 0.776780
v 0.138310 5.824320 0.806380
v -0.111647 5.571807 0.550239
v -0.058249 5.600765 0.599101
v -0.003101 5.635516 0.645445
v 0.052790 5.675705 0.688185
v 0.108335 5.720645 0.726408
v 0.162463 5.769373 0.759458
v 0.214226 5.820750 0.786999
v -0.090902 5.530317 0.486391
v -0.037293 5.555898 0.535961
v 0.018301 5.587614 0.583783
v 0.074887 5.625301 0.628723
v 0.131351 5.668435 0.669746
v 0.186562 5.716152 0.706032
v 0.239489 5.767339 0.737054
v 0.289283 5.820750 0.762611
v -0.069724 5.494445 0.419936
v -0.016097 5.516462 0.469369
v 0.039724 5.544767 0.517849
v 0.096780 5.579404 0.564249
v 0.153957 5.620039 0.607472
v 0.210089 5.665963 0.646572
v 0.264072 5.716152 0.680847
v 0.314971 5.769373 0.709904
v 0.362092 5.824320 0.733668
v -0.048514 5.464641 0.352176
v 0.004931 5.483103 0.400659
v 0.060745 5.507823 0.448943
v 0.118021 5.539035 0.495970
v 0.175670 5.576612 0.540644
v 0.232518 5.620039 0.581946
v 0.287410 5.668436 0.619038
v 0.339335 5.720645 0.651350
v 0.387507 5.775362 0.678615
v 0.431411 5.831267 0.700860
v -0.027652 5.441013 0.284411
v 0.025409 5.456108 0.331228
v 0.080972 5.477269 0.378513
v 0.138199 5.504888 0.425321
v 0.196050 5.539035 0.470616
v 0.253368 5.579404 0.513370
v 0.308977 5.625302 0.552662
v 0.361805 5.675706 0.587779
v 0.410982 5.729372 0.618278
v 0.455903 5.784973 0.643999
v 0.496244 5.841230 0.665042
v -0.007471 5.423359 0.217832
v 0.045009 5.435411 0.262412
v 0.100081 5.453212 0.308008
v 0.156982 5.477270 0.353816
v 0.214745 5.507824 0.398905
v 0.272254 5.544768 0.442295
v 0.328341 5.587615 0.483045
v 0.381899 5.635517 0.520349
v 0.431991 5.687355 0.553619
v 0.477920 5.741852 0.582523
v 0.519273 5.797712 0.606982
v 0.555904 5.853734 0.627145
v 0.011770 5.411228 0.153433
v 0.063484 5.420645 0.195376
v 0.117833 5.435411 0.238751
v 0.174140 5.456109 0.282902
v 0.231518 5.483104 0.327036
v 0.288918 5.516463 0.370264
v 0.345207 5.555899 0.411678
v 0.399274 5.600767 0.450441
v 0.450133 5.650108 0.485868
v 0.497011 5.702757 0.517480
v 0.539401 5.757457 0.545035
v 0.577067 5.812984 0.568513
v 0.610017 5.868243 0.588081
v 0.029885 5.404004 0.091975
v 0.080666 5.411228 0.131047
v 0.134086 5.423359 0.171838
v 0.189548 5.441014 0.213839
v 0.246257 5.464642 0.256399
v 0.303246 5.494447 0.298750
v 0.359441 5.530318 0.340065
v 0.413753 5.571809 0.379525
v 0.465177 5.618150 0.416399
v 0.512882 5.668323 0.450111
v 0.556276 5.721166 0.480279
v 0.595029 5.775485 0.506729
v 0.629059 5.830158 0.529474
v 0.658496 5.884214 0.548682
v -1.000000 -0.206334 1.000000
v -1.000000 1.793666 1.000000
v -1.000000 -0.206334 -1.000000
v -1.000000 1.793666 -1.000000
v 1.000000 -0.206334 1.000000
v 1.000000 1.793666 1.000000
v 1.000000 -0.206334 -1.000000
v 1.000000 1.793666 -1.000000
v 0.000000 1.665409 0.000000
v 0.723607 2.218189 0.525725
v -0.276388 2.218189 0.850649
v -0.894426 2.218193 0.000000
v -0.276388 2.218189 -0.850649
v 0.723607 2.218189 -0.525725
v 0.276388 3.112629 0.850649
v -0.723607 3.112628 0.525725
v -0.723607 3.112628 -0.525725
v 0.276388 3.112629 -0.850649
v 0.894426 3.112624 0.000000
v 0.000000 3.665409 0.000000
v -0.267937 2.167234 0.824640
v -0.257937 2.114724 0.793860
v -0.246259 2.061326 0.757919
v -0.232822 2.007890 0.716563
v -0.217609 1.955416 0.669744
v -0.200688 1.905006 0.617666
v -0.182220 1.857775 0.560824
v -0.162456 1.814754 0.499995
v -0.141726 1.776788 0.436196
v -0.120413 1.744454 0.370598
v -0.098913 1.718023 0.304427
v -0.077607 1.697459 0.238853
v -0.056828 1.682465 0.174903
v -0.036848 1.672544 0.113408
v -0.017862 1.667081 0.054975
v 0.046765 1.667081 0.033976
v 0.096471 1.672544 0.070089
v 0.148782 1.682465 0.108095
v 0.203181 1.697459 0.147618
v 0.258962 1.718023 0.188145
v 0.315251 1.744454 0.229040
v 0.371051 1.776788 0.269581
v 0.425323 1.814754 0.309011
v 0.477067 1.857776 0.346605
v 0.525420 1.905006 0.381735
v 0.569719 1.955416 0.413921
v 0.609547 2.007890 0.442856
v 0.644726 2.061327 0.468415
v 0.675300 2.114724 0.490628
v 0.701483 2.167234 0.509651
v 0.683621 2.202960 0.564627
v 0.638453 2.188421 0.604038
v 0.587898 2.174986 0.643321
v 0.531941 2.163107 0.681712
v 0.470808 2.153246 0.718352
v 0.405008 2.145836 0.752338
v 0.335342 2.141233 0.782806
v 0.262869 2.139671 0.809012
v 0.188833 2.141233 0.830411
v 0.114564 2.145836 0.846711
v 0.041354 2.153246 0.857892
v -0.029639 2.163107 0.864184
v -0.097476 2.174986 0.866016
v -0.161465 2.188421 0.863951
v -0.221172 2.202960 0.858617
v 0.748248 2.202960 -0.475674
v 0.771771 2.188422 -0.420539
v 0.793509 2.174987 -0.360319
v 0.812729 2.163108 -0.295238
v 0.828684 2.153248 -0.225775
v 0.840673 2.145838 -0.152694
v 0.848121 2.141235 -0.077024
v 0.850648 2.139673 0.000000
v 0.848121 2.141235 0.077024
v 0.840673 2.145838 0.152694
v 0.828684 2.153248 0.225775
v 0.812729 2.163108 0.295238
v 0.793509 2.174987 0.360320
v 0.771771 2.188422 0.420539
v 0.748248 2.202960 0.475674
v 0.046765 1.667081 -0.033976
v 0.096471 1.672544 -0.070089
v 0.148782 1.682465 -0.108095
v 0.203181 1.697459 -0.147618
v 0.258962 1.718023 -0.188145
v 0.315251 1.744454 -0.229040
v 0.371051 1.776788 -0.269581
v 0.425323 1.814754 -0.309011
v 0.477067 1.857776 -0.346605
v 0.525420 1.905006 -0.381735
v 0.569719 1.955416 -0.413921
v 0.609547 2.007890 -0.442856
v 0.644726 2.061327 -0.468415
v 0.675300 2.114724 -0.490628
v 0.701483 2.167234 -0.509651
v -0.867079 2.167238 0.000000
v -0.834716 2.114728 0.000000
v -0.796925 2.061331 0.000000
v -0.753442 2.007894 0.000000
v -0.704213 1.955420 0.000000
v -0.649456 1.905010 0.000000
v -0.589689 1.857779 0.000000
v -0.525730 1.814757 0.000000
v -0.458647 1.776790 0.000000
v -0.389673 1.744456 0.000000
v -0.320097 1.718024 0.000000
v -0.251147 1.697460 0.000000
v -0.183906 1.682465 0.000000
v -0.119245 1.672544 0.000000
v -0.057805 1.667081 0.000000
v -0.325743 2.202960 0.824641
v -0.377183 2.188421 0.793861
v -0.430166 2.174986 0.757920
v -0.483971 2.163107 0.716564
v -0.537709 2.153247 0.669745
v -0.590366 2.145837 0.617668
v -0.640871 2.141234 0.560826
v -0.688189 2.139673 0.499997
v -0.731419 2.141235 0.436197
v -0.769872 2.145839 0.370599
v -0.803129 2.153249 0.304428
v -0.831051 2.163110 0.238853
v -0.853755 2.174990 0.174903
v -0.871565 2.188425 0.113408
v -0.884942 2.202964 0.054976
v -0.267937 2.167234 -0.824640
v -0.257937 2.114724 -0.793860
v -0.246259 2.061326 -0.757919
v -0.232822 2.007890 -0.716563
v -0.217609 1.955416 -0.669744
v -0.200688 1.905006 -0.617666
v -0.182220 1.857775 -0.560824
v -0.162456 1.814754 -0.499995
v -0.141726 1.776788 -0.436196
v -0.120413 1.744454 -0.370598
v -0.098913 1.718023 -0.304427
v -0.077607 1.697459 -0.238853
v -0.056828 1.682465 -0.174903
v -0.036848 1.672544 -0.113408
v -0.017862 1.667081 -0.054975
v -0.884942 2.202964 -0.054976
v -0.871565 2.188425 -0.113408
v -0.853755 2.174990 -0.174903
v -0.831051 2.163110 -0.238853
v -0.803129 2.153249 -0.304428
v -0.769872 2.145839 -0.370600
v -0.731419 2.141235 -0.436197
v -0.688189 2.139673 -0.499997
v -0.640871 2.141234 -0.560826
v -0.590366 2.145837 -0.617668
v -0.537709 2.153247 -0.669745
v -0.483971 2.163107 -0.716565
v -0.430166 2.174986 -0.757920
v -0.377183 2.188421 -0.793861
v -0.325743 2.202960 -0.824641
v -0.221172 2.202960 -0.858617
v -0.161465 2.188421 -0.863951
v -0.097476 2.174986 -0.866016
v -0.029639 2.163107 -0.864184
v 0.041354 2.153246 -0.857892
v 0.114564 2.145836 -0.846711
v 0.188833 2.141233 -0.830411
v 0.262869 2.139671 -0.809012
v 0.335342 2.141233 -0.782806
v 0.405008 2.145836 -0.752338
v 0.470808 2.153246 -0.718352
v 0.531941 2.163107 -0.681712
v 0.587898 2.174986 -0.643321
v 0.638452 2.188421 -0.604038
v 0.683621 2.202960 -0.564627
v 0.913845 3.070048 0.033976
v 0.931188 3.023147 0.070089
v 0.945709 2.971921 0.108095
v 0.956626 2.916558 0.147618
v 0.963179 2.857469 0.188146
v 0.964711 2.795301 0.229041
v 0.960746 2.730931 0.269583
v 0.951058 2.665409 0.309013
v 0.935719 2.599887 0.346607
v 0.915098 2.535516 0.381737
v 0.889821 2.473348 0.413922
v 0.860698 2.414258 0.442858
v 0.828635 2.358895 0.468416
v 0.794547 2.307668 0.490629
v 0.759289 2.260766 0.509651
v 0.759289 2.260766 -0.509651
v 0.794547 2.307668 -0.490629
v 0.828635 2.358895 -0.468416
v 0.860698 2.414258 -0.442858
v 0.889821 2.473348 -0.413922
v 0.915098 2.535516 -0.381737
v 0.935719 2.599887 -0.346607
v 0.951058 2.665409 -0.309013
v 0.960746 2.730931 -0.269583
v 0.964711 2.795301 -0.229041
v 0.963179 2.857469 -0.188145
v 0.956626 2.916558 -0.147618
v 0.945709 2.971921 -0.108095
v 0.931188 3.023147 -0.070089
v 0.913845 3.070048 -0.033976
v 0.250075 3.070052 0.879617
v 0.221089 3.023150 0.907271
v 0.189430 2.971924 0.932826
v 0.155215 2.916560 0.955422
v 0.118697 2.857470 0.974178
v 0.080276 2.795302 0.988273
v 0.040494 2.730931 0.997029
v -0.000000 2.665409 1.000000
v -0.040494 2.599887 0.997029
v -0.080276 2.535515 0.988273
v -0.118697 2.473347 0.974178
v -0.155215 2.414257 0.955422
v -0.189430 2.358894 0.932826
v -0.221089 2.307668 0.907271
v -0.250075 2.260766 0.879617
v 0.719346 2.260766 0.564628
v 0.712150 2.307668 0.604039
v 0.701558 2.358894 0.643323
v 0.687159 2.414257 0.681715
v 0.668639 2.473347 0.718356
v 0.645839 2.535515 0.752342
v 0.618800 2.599886 0.782811
v 0.587786 2.665409 0.809017
v 0.553278 2.730931 0.830416
v 0.515946 2.795303 0.846716
v 0.476577 2.857471 0.857897
v 0.436007 2.916561 0.864188
v 0.395044 2.971924 0.866019
v 0.354409 3.023150 0.863953
v 0.314703 3.070052 0.858618
v -0.759289 3.070052 0.509651
v -0.794547 3.023149 0.490629
v -0.828635 2.971923 0.468416
v -0.860698 2.916560 0.442858
v -0.889821 2.857470 0.413922
v -0.915098 2.795302 0.381737
v -0.935719 2.730931 0.346607
v -0.951058 2.665409 0.309013
v -0.960746 2.599887 0.269583
v -0.964711 2.535516 0.229041
v -0.963179 2.473349 0.188145
v -0.956626 2.414259 0.147618
v -0.945709 2.358897 0.108095
v -0.931188 2.307671 0.070089
v -0.913845 2.260769 0.033976
v -0.314703 2.260766 0.858618
v -0.354409 2.307667 0.863953
v -0.395044 2.358894 0.866019
v -0.436007 2.414257 0.864188
v -0.476577 2.473347 0.857897
v -0.515946 2.535515 0.846716
v -0.553278 2.599886 0.830416
v -0.587786 2.665409 0.809017
v -0.618801 2.730931 0.782811
v -0.645839 2.795303 0.752342
v -0.668639 2.857471 0.718356
v -0.687159 2.916561 0.681715
v -0.701558 2.971924 0.643323
v -0.712150 3.023150 0.604039
v -0.719346 3.070052 0.564628
v -0.719346 3.070052 -0.564628
v -0.712150 3.023150 -0.604039
v -0.701558 2.971924 -0.643323
v -0.687159 2.916561 -0.681715
v -0.668639 2.857471 -0.718356
v -0.645839 2.795303 -0.752342
v -0.618800 2.730931 -0.782811
v -0.587786 2.665409 -0.809017
v -0.553278 2.599886 -0.830416
v -0.515946 2.535515 -0.846716
v -0.476577 2.473347 -0.857897
v -0.436007 2.414257 -0.864188
v -0.395044 2.358893 -0.866019
v -0.354409 2.307667 -0.863953
v -0.314703 2.260766 -0.858618
v -0.913845 2.260769 -0.033976
v -0.931188 2.307671 -0.070089
v -0.945709 2.358897 -0.108095
v -0.956626 2.414259 -0.147618
v -0.963179 2.473349 -0.188146
v -0.964711 2.535516 -0.229041
v -0.960746 2.599887 -0.269583
v -0.951058 2.665409 -0.309013
v -0.935719 2.730931 -0.346607
v -0.915098 2.795302 -0.381737
v -0.889821 2.857470 -0.413922
v -0.860698 2.916560 -0.442858
v -0.828635 2.971923 -0.468416
v -0.794547 3.023149 -0.490629
v -0.759289 3.070052 -0.509651
v 0.314703 3.070052 -0.858618
v 0.354409 3.023150 -0.863953
v 0.395044 2.971924 -0.866019
v 0.436007 2.916561 -0.864188
v 0.476577 2.857471 -0.857897
v 0.515946 2.795303 -0.846716
v 0.553278 2.730931 -0.830416
v 0.587786 2.665409 -0.809017
v 0.618801 2.599886 -0.782811
v 0.645839 2.535515 -0.752342
v 0.668639 2.473347 -0.718356
v 0.687159 2.414257 -0.681715
v 0.701558 2.358894 -0.643323
v 0.712150 2.307668 -0.604039
v 0.719346 2.260766 -0.564628
v -0.250075 2.260766 -0.879617
v -0.221089 2.307668 -0.907271
v -0.189430 2.358894 -0.932826
v -0.155215 2.414257 -0.955422
v -0.118697 2.473347 -0.974178
v -0.080276 2.535515 -0.988273
v -0.040494 2.599887 -0.997029
v 0.000000 2.665409 -1.000000
v 0.040494 2.730931 -0.997029
v 0.080276 2.795302 -0.988273
v 0.118697 2.857470 -0.974178
v 0.155215 2.916560 -0.955422
v 0.189430 2.971924 -0.932826
v 0.221089 3.023150 -0.907271
v 0.250075 3.070052 -0.879617
v 0.884942 3.127854 0.054976
v 0.871565 3.142393 0.113408
v 0.853755 3.155828 0.174903
v 0.831051 3.167707 0.238853
v 0.803129 3.177569 0.304428
v 0.769872 3.184979 0.370600
v 0.731419 3.189583 0.436197
v 0.688189 3.191145 0.499997
v 0.640871 3.189584 0.560826
v 0.590366 3.184981 0.617668
v 0.537709 3.177571 0.669745
v 0.483971 3.167711 0.716565
v 0.430166 3.155831 0.757920
v 0.377183 3.142396 0.793861
v 0.325743 3.127858 0.824641
v 0.221172 3.127858 0.858617
v 0.161465 3.142396 0.863951
v 0.097476 3.155832 0.866016
v 0.029639 3.167711 0.864184
v -0.041354 3.177571 0.857892
v -0.114564 3.184981 0.846711
v -0.188833 3.189585 0.830411
v -0.262869 3.191146 0.809012
v -0.335342 3.189585 0.782806
v -0.405008 3.184981 0.752338
v -0.470808 3.177571 0.718352
v -0.531941 3.167711 0.681712
v -0.587898 3.155831 0.643321
v -0.638452 3.142396 0.604038
v -0.683621 3.127858 0.564627
v -0.748248 3.127857 0.475674
v -0.771771 3.142396 0.420539
v -0.793509 3.155831 0.360319
v -0.812729 3.167709 0.295238
v -0.828684 3.177570 0.225775
v -0.840673 3.184980 0.152694
v -0.848121 3.189583 0.077024
v -0.850648 3.191145 -0.000000
v -0.848121 3.189583 -0.077024
v -0.840673 3.184980 -0.152694
v -0.828684 3.177570 -0.225775
v -0.812729 3.167709 -0.295238
v -0.793509 3.155830 -0.360320
v -0.771771 3.142396 -0.420539
v -0.748248 3.127857 -0.475674
v -0.683621 3.127858 -0.564627
v -0.638453 3.142396 -0.604038
v -0.587898 3.155831 -0.643321
v -0.531941 3.167711 -0.681712
v -0.470808 3.177571 -0.718352
v -0.405008 3.184981 -0.752338
v -0.335342 3.189585 -0.782806
v -0.262869 3.191147 -0.809012
v -0.188833 3.189585 -0.830411
v -0.114564 3.184981 -0.846711
v -0.041354 3.177572 -0.857892
v 0.029639 3.167711 -0.864184
v 0.097476 3.155832 -0.866016
v 0.161465 3.142396 -0.863951
v 0.221172 3.127858 -0.858617
v 0.325743 3.127858 -0.824641
v 0.377183 3.142396 -0.793861
v 0.430166 3.155832 -0.757920
v 0.483971 3.167711 -0.716564
v 0.537709 3.177571 -0.669745
v 0.590366 3.184981 -0.617668
v 0.640871 3.189584 -0.560826
v 0.688189 3.191145 -0.499997
v 0.731419 3.189583 -0.436197
v 0.769872 3.184979 -0.370599
v 0.803129 3.177568 -0.304428
v 0.831051 3.167707 -0.238853
v 0.853755 3.155828 -0.174903
v 0.871565 3.142393 -0.113408
v 0.884942 3.127854 -0.054976
v 0.017862 3.663737 0.054975
v 0.036848 3.658274 0.113408
v 0.056828 3.648353 0.174903
v 0.077607 3.633358 0.238853
v 0.098913 3.612795 0.304427
v 0.120413 3.586364 0.370598
v 0.141726 3.554029 0.436196
v 0.162456 3.516063 0.499995
v 0.182220 3.473042 0.560824
v 0.200688 3.425812 0.617666
v 0.217609 3.375402 0.669744
v 0.232822 3.322928 0.716563
v 0.246259 3.269492 0.757919
v 0.257937 3.216094 0.793860
v 0.267937 3.163584 0.824640
v 0.867079 3.163579 0.000000
v 0.834716 3.216090 0.000000
v 0.796925 3.269487 0.000000
v 0.753442 3.322924 0.000000
v 0.704213 3.375397 0.000000
v 0.649456 3.425808 0.000000
v 0.589689 3.473039 0.000000
v 0.525730 3.516060 0.000000
v 0.458647 3.554028 0.000000
v 0.389673 3.586362 0.000000
v 0.320097 3.612794 0.000000
v 0.251147 3.633358 0.000000
v 0.183906 3.648353 0.000000
v 0.119245 3.658274 0.000000
v 0.057805 3.663737 0.000000
v -0.046765 3.663737 0.033976
v -0.096471 3.658274 0.070089
v -0.148782 3.648353 0.108095
v -0.203181 3.633358 0.147618
v -0.258962 3.612795 0.188145
v -0.315251 3.586364 0.229040
v -0.371051 3.554029 0.269581
v -0.425323 3.516063 0.309011
v -0.477067 3.473042 0.346605
v -0.525420 3.425812 0.381735
v -0.569719 3.375401 0.413921
v -0.609547 3.322928 0.442856
v -0.644726 3.269491 0.468415
v -0.675300 3.216094 0.490628
v -0.701483 3.163584 0.509651
v -0.046765 3.663737 -0.033976
v -0.096471 3.658274 -0.070089
v -0.148782 3.648353 -0.108095
v -0.203181 3.633358 -0.147618
v -0.258962 3.612795 -0.188145
v -0.315251 3.586364 -0.229040
v -0.371051 3.554029 -0.269581
v -0.425323 3.516063 -0.309011
v -0.477067 3.473042 -0.346605
v -0.525420 3.425812 -0.381735
v -0.569719 3.375401 -0.413921
v -0.609547 3.322928 -0.442856
v -0.644726 3.269491 -0.468415
v -0.675300 3.216094 -0.490628
v -0.701483 3.163584 -0.509651
v 0.017862 3.663737 -0.054975
v 0.036848 3.658274 -0.113408
v 0.056828 3.648353 -0.174903
v 0.077607 3.633358 -0.238853
v 0.098913 3.612795 -0.304427
v 0.120413 3.586364 -0.370598
v 0.141726 3.554029 -0.436196
v 0.162456 3.516063 -0.499995
v 0.182220 3.473042 -0.560824
v 0.200688 3.425812 -0.617666
v 0.217609 3.375402 -0.669744
v 0.232822 3.322928 -0.716563
v 0.246259 3.269492 -0.757919
v 0.257937 3.216094 -0.793860
v 0.267937 3.163584 -0.824640
v 0.078239 3.660722 -0.056844
v 0.142287 3.653498 -0.058606
v 0.099707 3.653498 -0.117212
v 0.209481 3.641366 -0.060207
v 0.166198 3.644080 -0.120749
v 0.121993 3.641366 -0.180622
v 0.279039 3.623712 -0.061587
v 0.235662 3.629314 -0.123894
v 0.190654 3.629314 -0.185841
v 0.144799 3.623712 -0.246348
v 0.349934 3.600084 -0.062687
v 0.307167 3.608617 -0.126518
v 0.262008 3.611514 -0.190360
v 0.215245 3.608618 -0.253036
v 0.167752 3.600085 -0.313433
v 0.420932 3.570279 -0.063453
v 0.379529 3.581622 -0.128497
v 0.334968 3.587456 -0.193973
v 0.287990 3.587456 -0.258631
v 0.239488 3.581623 -0.321243
v 0.190420 3.570281 -0.380720
v 0.490679 3.534407 -0.063847
v 0.451375 3.548263 -0.129731
v 0.408202 3.556901 -0.196500
v 0.361800 3.559838 -0.262863
v 0.313023 3.556902 -0.327500
v 0.262862 3.548264 -0.389192
v 0.212348 3.534409 -0.446931
v 0.557813 3.492916 -0.063847
v 0.521257 3.508826 -0.130150
v 0.480232 3.519957 -0.197801
v 0.435228 3.525691 -0.265504
v 0.387002 3.525691 -0.331880
v 0.336518 3.519958 -0.395602
v 0.284855 3.508828 -0.455524
v 0.233093 3.492918 -0.510779
v 0.621090 3.446575 -0.063453
v 0.587783 3.463958 -0.129731
v 0.549559 3.477110 -0.197801
v 0.506729 3.485321 -0.266403
v 0.459901 3.488114 -0.334137
v 0.409951 3.485322 -0.399604
v 0.357941 3.477112 -0.461536
v 0.305014 3.463961 -0.518924
v 0.252272 3.446578 -0.571081
v 0.679500 3.396401 -0.062687
v 0.649751 3.414616 -0.128498
v 0.614816 3.429208 -0.196501
v 0.574813 3.439423 -0.265505
v 0.530168 3.444687 -0.334138
v 0.481614 3.444687 -0.400965
v 0.430135 3.439424 -0.464633
v 0.376869 3.429210 -0.524002
v 0.322990 3.414619 -0.578240
v 0.269592 3.396405 -0.626869
v 0.732339 3.343558 -0.061588
v 0.706258 3.361967 -0.126519
v 0.674897 3.377369 -0.193974
v 0.638193 3.389019 -0.262864
v 0.596380 3.396289 -0.331881
v 0.550008 3.398762 -0.399605
v 0.499928 3.396290 -0.464634
v 0.447209 3.389020 -0.525728
v 0.393032 3.377372 -0.581923
v 0.338569 3.361970 -0.632593
v 0.284874 3.343562 -0.677462
v 0.779238 3.289239 -0.060208
v 0.756748 3.307267 -0.123895
v 0.729044 3.322872 -0.190361
v 0.695906 3.335352 -0.258633
v 0.657381 3.344079 -0.327502
v 0.613828 3.348572 -0.395604
v 0.565924 3.348573 -0.461538
v 0.514613 3.344080 -0.524003
v 0.461018 3.335354 -0.581923
v 0.406328 3.322875 -0.634537
v 0.351676 3.307270 -0.681424
v 0.298054 3.289243 -0.722492
v 0.820139 3.234564 -0.058607
v 0.801022 3.251740 -0.120750
v 0.776876 3.267011 -0.185843
v 0.747366 3.279751 -0.253038
v 0.712378 3.289362 -0.321246
v 0.672087 3.295351 -0.389194
v 0.626977 3.297386 -0.455527
v 0.577830 3.295352 -0.518926
v 0.525657 3.289364 -0.578242
v 0.471599 3.279753 -0.632594
v 0.416812 3.267014 -0.681424
v 0.362366 3.251743 -0.724502
v 0.309171 3.234568 -0.761886
v 0.855243 3.180508 -0.056844
v 0.839181 3.196480 -0.117213
v 0.818363 3.210989 -0.180623
v 0.792372 3.223493 -0.246351
v 0.760973 3.233457 -0.313436
v 0.724176 3.240404 -0.380723
v 0.682284 3.243974 -0.446935
v 0.635896 3.243974 -0.510782
v 0.585869 3.240405 -0.571084
v 0.533246 3.233458 -0.626872
v 0.479147 3.223495 -0.677464
v 0.424667 3.210992 -0.722494
v 0.370794 3.196483 -0.761887
v 0.318342 3.180512 -0.795818
v -0.029885 3.660722 -0.091975
v -0.011770 3.653498 -0.153432
v -0.080665 3.653498 -0.131047
v 0.007471 3.641367 -0.217831
v -0.063483 3.644081 -0.195376
v -0.134084 3.641366 -0.171837
v 0.027653 3.623713 -0.284411
v -0.045009 3.629315 -0.262412
v -0.117832 3.629315 -0.238750
v -0.189547 3.623713 -0.213837
v 0.048514 3.600085 -0.352175
v -0.025408 3.608618 -0.331227
v -0.100080 3.611514 -0.308007
v -0.174138 3.608618 -0.282901
v -0.246255 3.600085 -0.256397
v 0.069724 3.570281 -0.419935
v -0.004930 3.581623 -0.400658
v -0.080971 3.587457 -0.378512
v -0.156981 3.587457 -0.353814
v -0.231516 3.581623 -0.327035
v -0.303244 3.570280 -0.298749
v 0.090902 3.534409 -0.486391
v 0.016098 3.548264 -0.469369
v -0.060744 3.556902 -0.448942
v -0.138197 3.559839 -0.425320
v -0.214743 3.556902 -0.398904
v -0.288916 3.548264 -0.370262
v -0.359439 3.534409 -0.340064
v 0.111647 3.492919 -0.550238
v 0.037294 3.508828 -0.535960
v -0.039723 3.519958 -0.517848
v -0.118019 3.525692 -0.495969
v -0.196049 3.525692 -0.470615
v -0.272252 3.519958 -0.442294
v -0.345206 3.508828 -0.411677
v -0.413751 3.492918 -0.379523
v 0.131575 3.446578 -0.610297
v 0.058250 3.463961 -0.599101
v -0.018301 3.477113 -0.583783
v -0.096779 3.485322 -0.564248
v -0.175669 3.488115 -0.540643
v -0.253366 3.485322 -0.513369
v -0.328339 3.477112 -0.483044
v -0.399272 3.463961 -0.450440
v -0.465175 3.446578 -0.416398
v 0.150354 3.396405 -0.665612
v 0.078571 3.414619 -0.657655
v 0.003102 3.429210 -0.645444
v -0.074886 3.439425 -0.628722
v -0.153956 3.444688 -0.607471
v -0.232516 3.444688 -0.581945
v -0.308975 3.439425 -0.552661
v -0.381897 3.429210 -0.520348
v -0.450131 3.414619 -0.485867
v -0.512880 3.396405 -0.450110
v 0.167728 3.343562 -0.715525
v 0.097915 3.361970 -0.710785
v 0.024070 3.377372 -0.701804
v -0.052790 3.389021 -0.688185
v -0.131350 3.396291 -0.669745
v -0.210088 3.398764 -0.646571
v -0.287409 3.396291 -0.619037
v -0.361804 3.389021 -0.587778
v -0.431989 3.377372 -0.553619
v -0.497009 3.361970 -0.517479
v -0.556275 3.343562 -0.480278
v 0.183532 3.289243 -0.759702
v 0.116012 3.307271 -0.757994
v 0.044239 3.322875 -0.752184
v -0.030931 3.335355 -0.741765
v -0.108334 3.344081 -0.726407
v -0.186561 3.348574 -0.706031
v -0.264071 3.348574 -0.680846
v -0.339334 3.344081 -0.651350
v -0.410981 3.335355 -0.618277
v -0.477919 3.322875 -0.582522
v -0.539400 3.307270 -0.545034
v -0.595028 3.289243 -0.506728
v 0.197694 3.234569 -0.798107
v 0.132684 3.251743 -0.799129
v 0.063316 3.267015 -0.796280
v -0.009708 3.279754 -0.788978
v -0.085389 3.289365 -0.776780
v -0.162463 3.295353 -0.759458
v -0.239488 3.297388 -0.737054
v -0.314971 3.295353 -0.709904
v -0.387506 3.289365 -0.678615
v -0.455902 3.279753 -0.643998
v -0.519272 3.267014 -0.606982
v -0.577066 3.251743 -0.568513
v -0.629059 3.234568 -0.529474
v 0.210218 3.180512 -0.830949
v 0.147840 3.196484 -0.834328
v 0.081101 3.210992 -0.834123
v 0.010559 3.223496 -0.829715
v -0.062946 3.233459 -0.820583
v -0.138309 3.240406 -0.806380
v -0.214225 3.243976 -0.786999
v -0.289283 3.243976 -0.762611
v -0.362092 3.240406 -0.733668
v -0.431410 3.233459 -0.700860
v -0.496244 3.223495 -0.665042
v -0.555904 3.210992 -0.627144
v -0.610017 3.196483 -0.588081
v -0.658496 3.180512 -0.548682
v -0.096708 3.660722 0.000000
v -0.149560 3.653498 -0.036220
v -0.149560 3.653498 0.036220
v -0.204862 3.641366 -0.074420
v -0.205432 3.644080 0.000000
v -0.204862 3.641366 0.074420
v -0.261946 3.623712 -0.114188
v -0.263478 3.629314 -0.038285
v -0.263478 3.629314 0.038285
v -0.261946 3.623712 0.114188
v -0.319948 3.600084 -0.154969
v -0.322868 3.608617 -0.078192
v -0.323860 3.611514 0.000000
v -0.322868 3.608617 0.078192
v -0.319948 3.600084 0.154969
v -0.377837 3.570280 -0.196080
v -0.382573 3.581623 -0.119122
v -0.385009 3.587456 -0.039960
v -0.385009 3.587456 0.039960
v -0.382573 3.581623 0.119122
v -0.377837 3.570280 0.196080
v -0.434495 3.534408 -0.236757
v -0.441423 3.548264 -0.160354
v -0.445742 3.556902 -0.080962
v -0.447210 3.559838 0.000000
v -0.445742 3.556902 0.080962
v -0.441423 3.548264 0.160354
v -0.434495 3.534408 0.236757
v -0.488808 3.492918 -0.276216
v -0.498205 3.508827 -0.201090
v -0.504780 3.519958 -0.122247
v -0.508166 3.525691 -0.041022
v -0.508166 3.525691 0.041022
v -0.504780 3.519958 0.122247
v -0.498205 3.508827 0.201091
v -0.488808 3.492918 0.276216
v -0.539768 3.446578 -0.313728
v -0.551779 3.463960 -0.240532
v -0.560867 3.477111 -0.162995
v -0.566539 3.485321 -0.082322
v -0.568469 3.488114 0.000000
v -0.566539 3.485321 0.082322
v -0.560867 3.477111 0.162995
v -0.551779 3.463960 0.240532
v -0.539768 3.446578 0.313728
v -0.586573 3.396404 -0.348681
v -0.601188 3.414618 -0.277953
v -0.612896 3.429209 -0.202405
v -0.621093 3.439423 -0.123067
v -0.625316 3.444687 -0.041301
v -0.625316 3.444687 0.041301
v -0.621093 3.439423 0.123067
v -0.612896 3.429209 0.202405
v -0.601188 3.414618 0.277953
v -0.586573 3.396404 0.348681
v -0.628675 3.343561 -0.380628
v -0.645740 3.361969 -0.312768
v -0.660018 3.377371 -0.239763
v -0.670817 3.389020 -0.162457
v -0.677556 3.396290 -0.082045
v -0.679848 3.398762 0.000000
v -0.677556 3.396290 0.082045
v -0.670817 3.389020 0.162457
v -0.660018 3.377371 0.239763
v -0.645740 3.361969 0.312768
v -0.628675 3.343561 0.380628
v -0.665806 3.289242 -0.409310
v -0.685046 3.307270 -0.344568
v -0.701700 3.322874 -0.274512
v -0.715020 3.335354 -0.199802
v -0.724333 3.344079 -0.121443
v -0.729128 3.348572 -0.040749
v -0.729128 3.348572 0.040749
v -0.724333 3.344079 0.121443
v -0.715020 3.335354 0.199802
v -0.701700 3.322874 0.274512
v -0.685046 3.307270 0.344568
v -0.665806 3.289242 0.409310
v -0.697954 3.234568 -0.434647
v -0.719015 3.251742 -0.373135
v -0.737742 3.267013 -0.306283
v -0.753363 3.279752 -0.234576
v -0.765149 3.289363 -0.158831
v -0.772492 3.295351 -0.080177
v -0.774987 3.297386 -0.000000
v -0.772492 3.295351 0.080177
v -0.765149 3.289363 0.158831
v -0.753363 3.279752 0.234576
v -0.737742 3.267013 0.306283
v -0.719015 3.251742 0.373135
v -0.697954 3.234568 0.434647
v -0.725319 3.180511 -0.456707
v -0.747808 3.196483 -0.398426
v -0.768237 3.210991 -0.334890
v -0.785844 3.223494 -0.266440
v -0.799873 3.233458 -0.193712
v -0.809654 3.240404 -0.117648
v -0.814681 3.243974 -0.039460
v -0.814681 3.243974 0.039460
v -0.809654 3.240404 0.117648
v -0.799873 3.233458 0.193712
v -0.785844 3.223494 0.266440
v -0.768237 3.210991 0.334890
v -0.747808 3.196483 0.398426
v -0.725319 3.180511 0.456707
v -0.029885 3.660722 0.091975
v -0.080665 3.653498 0.131047
v -0.011770 3.653498 0.153432
v -0.134084 3.641366 0.171837
v -0.063483 3.644081 0.195376
v 0.007471 3.641367 0.217831
v -0.189547 3.623713 0.213837
v -0.117832 3.629315 0.238750
v -0.045009 3.629315 0.262412
v 0.027653 3.623713 0.284411
v -0.246255 3.600085 0.256397
v -0.174138 3.608618 0.282901
v -0.100080 3.611514 0.308007
v -0.025408 3.608618 0.331227
v 0.048514 3.600085 0.352175
v -0.303244 3.570281 0.298749
v -0.231516 3.581623 0.327035
v -0.156981 3.587457 0.353815
v -0.080971 3.587457 0.378512
v -0.004930 3.581623 0.400658
v 0.069724 3.570281 0.419935
v -0.359439 3.534409 0.340064
v -0.288916 3.548264 0.370262
v -0.214743 3.556902 0.398904
v -0.138197 3.559839 0.425319
v -0.060744 3.556902 0.448942
v 0.016098 3.548264 0.469369
v 0.090902 3.534409 0.486391
v -0.413751 3.492918 0.379523
v -0.345205 3.508828 0.411677
v -0.272252 3.519958 0.442294
v -0.196049 3.525692 0.470615
v -0.118019 3.525692 0.495969
v -0.039723 3.519958 0.517848
v 0.037294 3.508828 0.535960
v 0.111647 3.492919 0.550238
v -0.465175 3.446578 0.416398
v -0.399272 3.463961 0.450440
v -0.328339 3.477113 0.483044
v -0.253366 3.485322 0.513369
v -0.175669 3.488115 0.540643
v -0.096779 3.485322 0.564248
v -0.018301 3.477113 0.583783
v 0.058250 3.463961 0.599101
v 0.131575 3.446578 0.610297
v -0.512880 3.396405 0.450110
v -0.450131 3.414619 0.485867
v -0.381898 3.429210 0.520348
v -0.308975 3.439425 0.552661
v -0.232516 3.444688 0.581945
v -0.153956 3.444688 0.607471
v -0.074886 3.439425 0.628722
v 0.003102 3.429210 0.645444
v 0.078571 3.414619 0.657655
v 0.150354 3.396405 0.665611
v -0.556275 3.343562 0.480278
v -0.497009 3.361970 0.517479
v -0.431989 3.377372 0.553619
v -0.361804 3.389021 0.587779
v -0.287409 3.396291 0.619037
v -0.210088 3.398763 0.646571
v -0.131350 3.396291 0.669745
v -0.052790 3.389021 0.688185
v 0.024070 3.377372 0.701804
v 0.097915 3.361970 0.710785
v 0.167728 3.343562 0.715525
v -0.595028 3.289243 0.506728
v -0.539400 3.307270 0.545034
v -0.477919 3.322875 0.582522
v -0.410981 3.335355 0.618277
v -0.339334 3.344081 0.651350
v -0.264071 3.348574 0.680846
v -0.186561 3.348574 0.706031
v -0.108334 3.344081 0.726407
v -0.030931 3.335355 0.741765
v 0.044239 3.322875 0.752184
v 0.116012 3.307271 0.757994
v 0.183532 3.289243 0.759702
v -0.629059 3.234568 0.529474
v -0.577066 3.251743 0.568513
v -0.519272 3.267014 0.606982
v -0.455902 3.279753 0.643998
v -0.387506 3.289365 0.678615
v -0.314971 3.295353 0.709904
v -0.239488 3.297388 0.737054
v -0.162463 3.295353 0.759458
v -0.085389 3.289365 0.776780
v -0.009708 3.279754 0.788978
v 0.063316 3.267015 0.796280
v 0.132684 3.251743 0.799129
v 0.197694 3.234569 0.798107
v -0.658496 3.180512 0.548682
v -0.610017 3.196483 0.588081
v -0.555904 3.210992 0.627144
v -0.496244 3.223496 0.665042
v -0.431410 3.233459 0.700860
v -0.362092 3.240406 0.733668
v -0.289283 3.243976 0.762611
v -0.214225 3.243976 0.786999
v -0.138309 3.240406 0.806380
v -0.062946 3.233459 0.820583
v 0.010559 3.223496 0.829715
v 0.081101 3.210992 0.834123
v 0.147840 3.196484 0.834328
v 0.210218 3.180512 0.830949
v 0.078239 3.660722 0.056844
v 0.099707 3.653498 0.117212
v 0.142287 3.653498 0.058606
v 0.121993 3.641366 0.180622
v 0.166198 3.644080 0.120749
v 0.209481 3.641366 0.060207
v 0.144799 3.623712 0.246348
v 0.190654 3.629314 0.185841
v 0.235662 3.629314 0.123894
v 0.279039 3.623712 0.061587
v 0.167752 3.600085 0.313433
v 0.215245 3.608618 0.253036
v 0.262008 3.611514 0.190360
v 0.307167 3.608617 0.126518
v 0.349934 3.600084 0.062687
v 0.190420 3.570281 0.380720
v 0.239488 3.581623 0.321243
v 0.287990 3.587456 0.258631
v 0.334968 3.587456 0.193973
v 0.379528 3.581622 0.128497
v 0.420932 3.570279 0.063453
v 0.212348 3.534409 0.446931
v 0.262862 3.548264 0.389192
v 0.313023 3.556902 0.327500
v 0.361800 3.559838 0.262863
v 0.408202 3.556901 0.196500
v 0.451375 3.548263 0.129731
v 0.490679 3.534407 0.063847
v 0.233093 3.492918 0.510779
v 0.284855 3.508828 0.455524
v 0.336518 3.519958 0.395602
v 0.387002 3.525691 0.331880
v 0.435228 3.525691 0.265504
v 0.480232 3.519957 0.197801
v 0.521257 3.508826 0.130150
v 0.557813 3.492916 0.063847
v 0.252272 3.446578 0.571081
v 0.305014 3.463961 0.518924
v 0.357941 3.477112 0.461536
v 0.409951 3.485322 0.399604
v 0.459901 3.488114 0.334137
v 0.506729 3.485321 0.266403
v 0.549559 3.477110 0.197801
v 0.587783 3.463958 0.129731
v 0.621090 3.446575 0.063453
v 0.269592 3.396405 0.626869
v 0.322990 3.414619 0.578240
v 0.376869 3.429210 0.524002
v 0.430135 3.439424 0.464633
v 0.481614 3.444687 0.400965
v 0.530168 3.444687 0.334138
v 0.574813 3.439423 0.265505
v 0.614816 3.429208 0.196501
v 0.649751 3.414616 0.128498
v 0.679500 3.396401 0.062687
v 0.284874 3.343562 0.677462
v 0.338568 3.361970 0.632593
v 0.393032 3.377372 0.581923
v 0.447209 3.389020 0.525728
v 0.499928 3.396290 0.464634
v 0.550008 3.398762 0.399605
v 0.596379 3.396289 0.331881
v 0.638193 3.389019 0.262864
v 0.674897 3.377369 0.193974
v 0.706258 3.361967 0.126519
v 0.732339 3.343558 0.061587
v 0.298054 3.289243 0.722492
v 0.351676 3.307270 0.681424
v 0.406328 3.322875 0.634537
v 0.461018 3.335354 0.581923
v 0.514613 3.344080 0.524003
v 0.565924 3.348573 0.461538
v 0.613828 3.348572 0.395604
v 0.657381 3.344079 0.327502
v 0.695906 3.335352 0.258633
v 0.729044 3.322872 0.190361
v 0.756748 3.307267 0.123895
v 0.779238 3.289239 0.060208
v 0.309171 3.234569 0.761886
v 0.362366 3.251743 0.724502
v 0.416812 3.267014 0.681424
v 0.471599 3.279753 0.632594
v 0.525657 3.289364 0.578242
v 0.577830 3.295352 0.518926
v 0.626977 3.297386 0.455527
v 0.672087 3.295351 0.389194
v 0.712378 3.289363 0.321246
v 0.747366 3.279751 0.253038
v 0.776876 3.267011 0.185843
v 0.801022 3.251740 0.120750
v 0.820139 3.234564 0.058607
v 0.318342 3.180512 0.795818
v 0.370794 3.196483 0.761887
v 0.424667 3.210992 0.722494
v 0.479147 3.223495 0.677465
v 0.533246 3.233458 0.626872
v 0.585869 3.240405 0.571084
v 0.635896 3.243974 0.510782
v 0.682284 3.243974 0.446934
v 0.724176 3.240403 0.380723
v 0.760973 3.233457 0.313436
v 0.792372 3.223493 0.246351
v 0.818363 3.210989 0.180623
v 0.839181 3.196480 0.117213
v 0.855243 3.180508 0.056844
v 0.903599 3.083799 -0.091975
v 0.919847 3.035149 -0.131047
v 0.889036 3.096772 -0.153433
v 0.932887 2.981943 -0.171837
v 0.903740 3.046306 -0.195376
v 0.869580 3.108557 -0.217832
v 0.941900 2.924440 -0.213838
v 0.914839 2.991091 -0.238751
v 0.882270 3.056227 -0.262413
v 0.844763 3.118713 -0.284412
v 0.946128 2.863151 -0.256398
v 0.921508 2.931472 -0.282902
v 0.890978 2.999009 -0.308009
v 0.854992 3.064503 -0.331229
v 0.814300 3.126806 -0.352177
v 0.944956 2.798849 -0.298750
v 0.923024 2.868078 -0.327036
v 0.894907 2.937355 -0.353816
v 0.860914 3.005342 -0.378514
v 0.821689 3.070747 -0.400660
v 0.778156 3.132449 -0.419937
v 0.938003 2.732543 -0.340065
v 0.918856 2.801819 -0.370264
v 0.893411 2.872025 -0.398906
v 0.861804 2.941805 -0.425322
v 0.824539 3.009770 -0.448945
v 0.782447 3.074638 -0.469371
v 0.736599 3.135350 -0.486393
v 0.925181 2.665409 -0.379525
v 0.908757 2.733834 -0.411679
v 0.886086 2.804065 -0.442297
v 0.857134 2.874789 -0.470618
v 0.822237 2.944582 -0.495972
v 0.782093 3.012050 -0.517851
v 0.737693 3.075960 -0.535963
v 0.690211 3.135350 -0.550241
v 0.906730 2.598689 -0.416400
v 0.892805 2.665409 -0.450443
v 0.872846 2.734737 -0.483046
v 0.846660 2.805468 -0.513372
v 0.814409 2.876213 -0.540647
v 0.776630 2.945527 -0.564251
v 0.734189 3.012050 -0.583786
v 0.688190 3.074639 -0.599104
v 0.639849 3.132450 -0.610299
v 0.883188 2.533581 -0.450112
v 0.871417 2.597852 -0.485869
v 0.853952 2.665409 -0.520351
v 0.830476 2.735202 -0.552664
v 0.800990 2.805945 -0.581949
v 0.765856 2.876213 -0.607475
v 0.725786 2.944583 -0.628726
v 0.681771 3.009771 -0.645448
v 0.634968 3.070749 -0.657658
v 0.586574 3.126808 -0.665614
v 0.855329 2.471134 -0.480280
v 0.845290 2.532377 -0.517481
v 0.829988 2.597422 -0.553622
v 0.809019 2.665409 -0.587782
v 0.782251 2.735203 -0.619042
v 0.749882 2.805468 -0.646575
v 0.712457 2.874790 -0.669749
v 0.670821 2.941806 -0.688189
v 0.626028 3.005343 -0.701807
v 0.579226 3.064505 -0.710788
v 0.531539 3.118716 -0.715527
v 0.824075 2.412180 -0.506730
v 0.815322 2.469999 -0.545036
v 0.801784 2.531968 -0.582525
v 0.783011 2.597422 -0.618281
v 0.758774 2.665409 -0.651354
v 0.729133 2.734737 -0.680851
v 0.694469 2.804066 -0.706036
v 0.655465 2.872027 -0.726412
v 0.613044 2.937357 -0.741769
v 0.568263 2.999011 -0.752188
v 0.522207 3.056230 -0.757997
v 0.475885 3.108560 -0.759704
v 0.790392 2.357290 -0.529475
v 0.782502 2.411475 -0.568515
v 0.770314 2.469998 -0.606985
v 0.753368 2.532377 -0.644002
v 0.731377 2.597852 -0.678619
v 0.704293 2.665409 -0.709909
v 0.672356 2.733835 -0.737059
v 0.636088 2.801820 -0.759463
v 0.596263 2.868080 -0.776785
v 0.553820 2.931474 -0.788982
v 0.509767 2.991093 -0.796283
v 0.465085 3.046309 -0.799131
v 0.420649 3.096775 -0.798109
v 0.755206 2.306786 -0.548683
v 0.747811 2.357290 -0.588083
v 0.736588 2.412179 -0.627147
v 0.721091 2.471134 -0.665046
v 0.701007 2.533580 -0.700864
v 0.676220 2.598688 -0.733672
v 0.646851 2.665409 -0.762616
v 0.613284 2.732544 -0.787004
v 0.576139 2.798850 -0.806385
v 0.536221 2.863153 -0.820588
v 0.494436 2.924443 -0.829719
v 0.451705 2.981946 -0.834127
v 0.408880 3.035152 -0.834330
v 0.366698 3.083803 -0.830951
v 0.191749 3.083802 -0.887795
v 0.159610 3.035151 -0.915322
v 0.128798 3.096775 -0.892936
v 0.124846 2.981946 -0.940329
v 0.093451 3.046309 -0.919882
v 0.061538 3.108560 -0.894332
v 0.087685 2.924442 -0.961880
v 0.055630 2.991093 -0.943841
v 0.023061 3.056230 -0.920178
v -0.009452 3.118716 -0.891304
v 0.048515 2.863152 -0.979053
v 0.015700 2.931473 -0.963827
v -0.017612 2.999011 -0.942550
v -0.050816 3.064505 -0.915500
v -0.083314 3.126809 -0.883272
v 0.007874 2.798850 -0.991025
v -0.025806 2.868079 -0.978907
v -0.059963 2.937356 -0.960442
v -0.093957 3.005343 -0.935744
v -0.127141 3.070749 -0.905281
v -0.158927 3.132451 -0.869836
v -0.033567 2.732543 -0.997179
v -0.068205 2.801819 -0.988302
v -0.103309 2.872026 -0.972953
v -0.138199 2.941806 -0.951055
v -0.172181 3.009771 -0.922913
v -0.204615 3.074639 -0.889192
v -0.234971 3.135351 -0.850848
v -0.075057 2.665409 -0.997179
v -0.110713 2.733834 -0.991494
v -0.146839 2.804065 -0.979394
v -0.182720 2.874789 -0.960611
v -0.217617 2.944583 -0.935256
v -0.250831 3.012051 -0.903838
v -0.281777 3.075961 -0.867208
v -0.310028 3.135351 -0.826460
v -0.115828 2.598688 -0.991026
v -0.152509 2.665409 -0.988302
v -0.189685 2.734737 -0.979394
v -0.226618 2.805468 -0.963861
v -0.262524 2.876213 -0.941617
v -0.296648 2.945527 -0.912981
v -0.328341 3.012051 -0.878653
v -0.357124 3.074639 -0.839639
v -0.382710 3.132451 -0.797123
v -0.155165 2.533580 -0.979053
v -0.192810 2.597852 -0.978908
v -0.231001 2.665408 -0.972953
v -0.268988 2.735202 -0.960612
v -0.305951 2.805945 -0.941618
v -0.341085 2.876213 -0.916091
v -0.373678 2.944583 -0.884549
v -0.403182 3.009771 -0.847855
v -0.429258 3.070749 -0.807116
v -0.451779 3.126809 -0.763548
v -0.192465 2.471134 -0.961881
v -0.230948 2.532376 -0.963829
v -0.270048 2.597421 -0.960443
v -0.309016 2.665408 -0.951057
v -0.347018 2.735202 -0.935258
v -0.383207 2.805468 -0.912982
v -0.416812 2.874789 -0.884550
v -0.447215 2.941806 -0.850649
v -0.474009 3.005343 -0.812256
v -0.497012 3.064505 -0.770520
v -0.516256 3.118716 -0.726631
v -0.227278 2.412179 -0.940330
v -0.266414 2.469998 -0.943842
v -0.306252 2.531967 -0.942551
v -0.346059 2.597421 -0.935746
v -0.385003 2.665408 -0.922915
v -0.422216 2.734737 -0.903840
v -0.456880 2.804066 -0.878655
v -0.488312 2.872026 -0.847857
v -0.516026 2.937357 -0.812257
v -0.539773 2.999011 -0.772887
v -0.559530 3.056230 -0.730880
v -0.575467 3.108560 -0.687353
v -0.259318 2.357290 -0.915323
v -0.298885 2.411475 -0.919883
v -0.339238 2.469998 -0.920180
v -0.379680 2.532376 -0.915503
v -0.419399 2.597852 -0.905285
v -0.457527 2.665408 -0.889196
v -0.493217 2.733834 -0.867211
v -0.525732 2.801819 -0.839642
v -0.554513 2.868079 -0.807118
v -0.579229 2.931473 -0.770522
v -0.599786 2.991093 -0.730881
v -0.616302 3.046309 -0.689266
v -0.629060 3.096775 -0.646689
v -0.288458 2.306786 -0.887796
v -0.328215 2.357289 -0.892938
v -0.368835 2.412179 -0.894335
v -0.409668 2.471133 -0.891308
v -0.449939 2.533580 -0.883276
v -0.488802 2.598688 -0.869840
v -0.525404 2.665409 -0.850853
v -0.558972 2.732543 -0.826465
v -0.588882 2.798850 -0.797127
v -0.614725 2.863152 -0.763551
v -0.636322 2.924442 -0.726634
v -0.653718 2.981946 -0.687355
v -0.667145 3.035152 -0.646690
v -0.676966 3.083802 -0.605528
v -0.785090 3.083802 -0.456707
v -0.821202 3.035151 -0.434647
v -0.809432 3.096774 -0.398426
v -0.855727 2.981945 -0.409311
v -0.845982 3.046308 -0.373136
v -0.831545 3.108558 -0.334891
v -0.887707 2.924441 -0.380629
v -0.880456 2.991092 -0.344569
v -0.868016 3.056228 -0.306283
v -0.850602 3.118714 -0.266440
v -0.916144 2.863151 -0.348682
v -0.911804 2.931472 -0.312769
v -0.901861 2.999009 -0.274513
v -0.886396 3.064504 -0.234577
v -0.865787 3.126807 -0.193712
v -0.940089 2.798849 -0.313729
v -0.938971 2.868078 -0.277954
v -0.931965 2.937355 -0.239764
v -0.918980 3.005342 -0.199803
v -0.900263 3.070747 -0.158831
v -0.876374 3.132449 -0.117648
v -0.958748 2.732543 -0.276218
v -0.961008 2.801818 -0.240533
v -0.957257 2.872025 -0.202405
v -0.947213 2.941805 -0.162458
v -0.930950 3.009769 -0.121443
v -0.908902 3.074637 -0.080178
v -0.881816 3.135349 -0.039460
v -0.971569 2.665409 -0.236758
v -0.977180 2.733834 -0.201091
v -0.976835 2.804065 -0.162996
v -0.970059 2.874789 -0.123067
v -0.956729 2.944582 -0.082045
v -0.937113 3.012049 -0.040749
v -0.911838 3.075959 -0.000000
v -0.881816 3.135349 0.039460
v -0.978315 2.598689 -0.196080
v -0.987059 2.665409 -0.160355
v -0.990075 2.734737 -0.122247
v -0.986715 2.805468 -0.082322
v -0.976656 2.876212 -0.041301
v -0.959966 2.945526 0.000000
v -0.937112 3.012049 0.040749
v -0.908902 3.074637 0.080178
v -0.876374 3.132449 0.117648
v -0.979084 2.533581 -0.154969
v -0.990579 2.597853 -0.119123
v -0.996717 2.665409 -0.080962
v -0.996718 2.735202 -0.041022
v -0.990076 2.805945 0.000000
v -0.976655 2.876213 0.041302
v -0.956729 2.944582 0.082045
v -0.930950 3.009770 0.121443
v -0.900263 3.070748 0.158831
v -0.865787 3.126807 0.193712
v -0.974279 2.471136 -0.114188
v -0.988023 2.532378 -0.078192
v -0.996886 2.597423 -0.039960
v -1.000000 2.665410 0.000000
v -0.996718 2.735203 0.041023
v -0.986715 2.805468 0.082323
v -0.970059 2.874789 0.123068
v -0.947213 2.941805 0.162458
v -0.918980 3.005342 0.199803
v -0.886395 3.064504 0.234577
v -0.850602 3.118715 0.266440
v -0.964540 2.412182 -0.074420
v -0.979974 2.470001 -0.038285
v -0.991057 2.531970 0.000000
v -0.996886 2.597423 0.039961
v -0.996717 2.665410 0.080963
v -0.990075 2.734738 0.122248
v -0.976835 2.804066 0.162997
v -0.957257 2.872026 0.202406
v -0.931965 2.937356 0.239764
v -0.901861 2.999010 0.274513
v -0.868015 3.056229 0.306283
v -0.831545 3.108559 0.334891
v -0.950659 2.357293 -0.036220
v -0.967222 2.411478 0.000000
v -0.979974 2.470001 0.038286
v -0.988023 2.532379 0.078193
v -0.990579 2.597854 0.119124
v -0.987059 2.665410 0.160356
v -0.977180 2.733835 0.201092
v -0.961008 2.801820 0.240534
v -0.938971 2.868080 0.277955
v -0.911803 2.931473 0.312769
v -0.880456 2.991093 0.344569
v -0.845982 3.046309 0.373136
v -0.809432 3.096774 0.398426
v -0.933484 2.306789 0.000000
v -0.950659 2.357293 0.036221
v -0.964540 2.412183 0.074421
v -0.974279 2.471137 0.114189
v -0.979084 2.533583 0.154970
v -0.978315 2.598691 0.196082
v -0.971568 2.665411 0.236759
v -0.958747 2.732545 0.276219
v -0.940089 2.798851 0.313730
v -0.916143 2.863153 0.348683
v -0.887706 2.924442 0.380630
v -0.855727 2.981946 0.409312
v -0.821202 3.035151 0.434647
v -0.785090 3.083802 0.456707
v -0.676966 3.083802 0.605527
v -0.667145 3.035152 0.646689
v -0.629060 3.096775 0.646689
v -0.653718 2.981946 0.687355
v -0.616302 3.046309 0.689266
v -0.575467 3.108559 0.687353
v -0.636322 2.924442 0.726633
v -0.599786 2.991093 0.730881
v -0.559530 3.056229 0.730880
v -0.516256 3.118716 0.726631
v -0.614725 2.863152 0.763551
v -0.579229 2.931473 0.770521
v -0.539773 2.999011 0.772887
v -0.497012 3.064505 0.770520
v -0.451779 3.126808 0.763548
v -0.588883 2.798850 0.797126
v -0.554513 2.868079 0.807118
v -0.516027 2.937356 0.812257
v -0.474009 3.005343 0.812256
v -0.429259 3.070749 0.807116
v -0.382710 3.132451 0.797123
v -0.558972 2.732543 0.826464
v -0.525732 2.801819 0.839641
v -0.488312 2.872026 0.847857
v -0.447216 2.941806 0.850648
v -0.403183 3.009771 0.847855
v -0.357124 3.074639 0.839639
v -0.310029 3.135351 0.826461
v -0.525405 2.665409 0.850853
v -0.493218 2.733834 0.867211
v -0.456881 2.804065 0.878655
v -0.416812 2.874789 0.884549
v -0.373679 2.944582 0.884549
v -0.328342 3.012050 0.878653
v -0.281777 3.075961 0.867208
v -0.234971 3.135351 0.850848
v -0.488802 2.598688 0.869840
v -0.457527 2.665408 0.889196
v -0.422217 2.734737 0.903840
v -0.383208 2.805468 0.912982
v -0.341086 2.876213 0.916091
v -0.296648 2.945527 0.912981
v -0.250832 3.012050 0.903838
v -0.204616 3.074639 0.889193
v -0.158927 3.132451 0.869836
v -0.449939 2.533579 0.883276
v -0.419400 2.597851 0.905284
v -0.385003 2.665408 0.922915
v -0.347019 2.735202 0.935258
v -0.305952 2.805944 0.941617
v -0.262525 2.876213 0.941617
v -0.217618 2.944582 0.935256
v -0.172182 3.009771 0.922913
v -0.127141 3.070749 0.905281
v -0.083314 3.126808 0.883272
v -0.409668 2.471133 0.891308
v -0.379681 2.532376 0.915502
v -0.346059 2.597421 0.935746
v -0.309017 2.665408 0.951056
v -0.268988 2.735202 0.960611
v -0.226619 2.805468 0.963861
v -0.182721 2.874789 0.960611
v -0.138199 2.941806 0.951055
v -0.093957 3.005343 0.935744
v -0.050817 3.064505 0.915500
v -0.009452 3.118716 0.891304
v -0.368835 2.412179 0.894335
v -0.339239 2.469998 0.920180
v -0.306252 2.531967 0.942551
v -0.270049 2.597421 0.960443
v -0.231002 2.665408 0.972953
v -0.189685 2.734737 0.979394
v -0.146839 2.804065 0.979394
v -0.103309 2.872026 0.972953
v -0.059964 2.937356 0.960442
v -0.017613 2.999011 0.942550
v 0.023061 3.056229 0.920178
v 0.061538 3.108560 0.894332
v -0.328215 2.357289 0.892938
v -0.298885 2.411475 0.919883
v -0.266415 2.469998 0.943842
v -0.230948 2.532376 0.963828
v -0.192810 2.597852 0.978908
v -0.152509 2.665408 0.988302
v -0.110714 2.733834 0.991494
v -0.068205 2.801819 0.988302
v -0.025806 2.868079 0.978907
v 0.015699 2.931473 0.963827
v 0.055629 2.991093 0.943841
v 0.093451 3.046309 0.919882
v 0.128798 3.096775 0.892936
v -0.288458 2.306786 0.887796
v -0.259318 2.357289 0.915323
v -0.227278 2.412179 0.940329
v -0.192465 2.471134 0.961881
v -0.155165 2.533580 0.979053
v -0.115829 2.598688 0.991026
v -0.075058 2.665409 0.997179
v -0.033568 2.732543 0.997179
v 0.007874 2.798850 0.991026
v 0.048515 2.863152 0.979053
v 0.087685 2.924442 0.961880
v 0.124845 2.981945 0.940329
v 0.159610 3.035151 0.915322
v 0.191749 3.083802 0.887795
v 0.366698 3.083802 0.830951
v 0.408880 3.035152 0.834330
v 0.420649 3.096775 0.798109
v 0.451705 2.981946 0.834127
v 0.465085 3.046309 0.799132
v 0.475885 3.108560 0.759704
v 0.494436 2.924442 0.829719
v 0.509767 2.991093 0.796284
v 0.522206 3.056229 0.757997
v 0.531539 3.118716 0.715528
v 0.536221 2.863152 0.820588
v 0.553820 2.931473 0.788983
v 0.568263 2.999010 0.752189
v 0.579226 3.064505 0.710788
v 0.586574 3.126808 0.665614
v 0.576139 2.798850 0.806386
v 0.596263 2.868079 0.776785
v 0.613043 2.937356 0.741770
v 0.626027 3.005342 0.701808
v 0.634968 3.070748 0.657659
v 0.639849 3.132450 0.610300
v 0.613284 2.732543 0.787004
v 0.636088 2.801819 0.759463
v 0.655465 2.872025 0.726413
v 0.670820 2.941805 0.688190
v 0.681771 3.009770 0.645448
v 0.688190 3.074638 0.599104
v 0.690211 3.135349 0.550241
v 0.646851 2.665408 0.762616
v 0.672355 2.733833 0.737059
v 0.694469 2.804065 0.706037
v 0.712457 2.874788 0.669750
v 0.725786 2.944582 0.628727
v 0.734189 3.012049 0.583787
v 0.737693 3.075959 0.535964
v 0.736599 3.135349 0.486393
v 0.676220 2.598688 0.733672
v 0.704293 2.665408 0.709909
v 0.729133 2.734736 0.680852
v 0.749882 2.805467 0.646577
v 0.765855 2.876212 0.607477
v 0.776630 2.945525 0.564252
v 0.782093 3.012049 0.517852
v 0.782446 3.074637 0.469372
v 0.778156 3.132449 0.419938
v 0.701007 2.533579 0.700864
v 0.731376 2.597851 0.678619
v 0.758774 2.665407 0.651354
v 0.782250 2.735201 0.619042
v 0.800989 2.805943 0.581950
v 0.814409 2.876211 0.540648
v 0.822237 2.944581 0.495973
v 0.824539 3.009768 0.448946
v 0.821689 3.070746 0.400661
v 0.814300 3.126806 0.352177
v 0.721090 2.471133 0.665046
v 0.753368 2.532375 0.644002
v 0.783011 2.597420 0.618281
v 0.809019 2.665407 0.587783
v 0.830476 2.735200 0.552665
v 0.846659 2.805466 0.513373
v 0.857134 2.874787 0.470619
v 0.861804 2.941803 0.425323
v 0.860914 3.005340 0.378515
v 0.854992 3.064502 0.331230
v 0.844763 3.118713 0.284412
v 0.736587 2.412179 0.627147
v 0.770314 2.469997 0.606985
v 0.801784 2.531966 0.582526
v 0.829988 2.597420 0.553623
v 0.853952 2.665407 0.520352
v 0.872845 2.734735 0.483048
v 0.886085 2.804063 0.442298
v 0.893411 2.872023 0.398908
v 0.894907 2.937353 0.353818
v 0.890978 2.999007 0.308010
v 0.882270 3.056226 0.262413
v 0.869580 3.108556 0.217833
v 0.747811 2.357289 0.588083
v 0.782501 2.411474 0.568515
v 0.815321 2.469997 0.545037
v 0.845289 2.532375 0.517482
v 0.871416 2.597850 0.485870
v 0.892805 2.665406 0.450444
v 0.908756 2.733832 0.411680
v 0.918856 2.801816 0.370266
v 0.923023 2.868076 0.327038
v 0.921508 2.931470 0.282904
v 0.914839 2.991089 0.238752
v 0.903740 3.046305 0.195377
v 0.889036 3.096771 0.153433
v 0.755206 2.306786 0.548683
v 0.790391 2.357289 0.529476
v 0.824075 2.412179 0.506730
v 0.855329 2.471133 0.480281
v 0.883187 2.533578 0.450113
v 0.906730 2.598686 0.416401
v 0.925181 2.665406 0.379526
v 0.938002 2.732541 0.340067
v 0.944956 2.798847 0.298752
v 0.946128 2.863149 0.256400
v 0.941900 2.924438 0.213840
v 0.932887 2.981942 0.171838
v 0.919848 3.035148 0.131048
v 0.903599 3.083798 0.091975
v 0.288459 3.024032 -0.887796
v 0.328215 2.973528 -0.892938
v 0.259318 2.973528 -0.915323
v 0.368835 2.918639 -0.894335
v 0.298886 2.919343 -0.919883
v 0.227278 2.918638 -0.940329
v 0.409668 2.859684 -0.891308
v 0.339239 2.860820 -0.920180
v 0.266415 2.860820 -0.943842
v 0.192465 2.859684 -0.961881
v 0.449939 2.797238 -0.883276
v 0.379681 2.798441 -0.915502
v 0.306252 2.798850 -0.942551
v 0.230948 2.798441 -0.963828
v 0.155166 2.797238 -0.979053
v 0.488802 2.732130 -0.869840
v 0.419400 2.732966 -0.905285
v 0.346059 2.733396 -0.935746
v 0.270049 2.733396 -0.960443
v 0.192810 2.732966 -0.978908
v 0.115829 2.732129 -0.991026
v 0.525405 2.665409 -0.850853
v 0.457527 2.665409 -0.889196
v 0.385003 2.665409 -0.922915
v 0.309017 2.665409 -0.951056
v 0.231002 2.665409 -0.972953
v 0.152509 2.665409 -0.988302
v 0.075058 2.665409 -0.997179
v 0.558972 2.598274 -0.826464
v 0.493218 2.596983 -0.867210
v 0.422217 2.596080 -0.903840
v 0.347019 2.595615 -0.935258
v 0.268988 2.595615 -0.960611
v 0.189685 2.596080 -0.979394
v 0.110714 2.596983 -0.991494
v 0.033568 2.598274 -0.997179
v 0.588883 2.531968 -0.797126
v 0.525732 2.528998 -0.839641
v 0.456881 2.526752 -0.878655
v 0.383208 2.525349 -0.912982
v 0.305952 2.524872 -0.941617
v 0.226619 2.525349 -0.963861
v 0.146839 2.526752 -0.979394
v 0.068206 2.528998 -0.988302
v -0.007874 2.531968 -0.991025
v 0.614725 2.467665 -0.763551
v 0.554513 2.462738 -0.807118
v 0.488312 2.458791 -0.847856
v 0.416812 2.456028 -0.884549
v 0.341086 2.454604 -0.916091
v 0.262525 2.454604 -0.941617
v 0.182721 2.456028 -0.960611
v 0.103309 2.458791 -0.972952
v 0.025806 2.462738 -0.978907
v -0.048515 2.467666 -0.979053
v 0.636322 2.406375 -0.726633
v 0.579229 2.399344 -0.770521
v 0.516026 2.393461 -0.812257
v 0.447216 2.389011 -0.850648
v 0.373678 2.386234 -0.884548
v 0.296648 2.385290 -0.912980
v 0.217618 2.386234 -0.935256
v 0.138199 2.389011 -0.951055
v 0.059964 2.393461 -0.960442
v -0.015699 2.399344 -0.963827
v -0.087685 2.406376 -0.961880
v 0.653718 2.348872 -0.687355
v 0.599786 2.339725 -0.730881
v 0.539773 2.331807 -0.772887
v 0.474009 2.325474 -0.812256
v 0.403183 2.321046 -0.847855
v 0.328342 2.318767 -0.878653
v 0.250832 2.318767 -0.903838
v 0.172182 2.321046 -0.922913
v 0.093957 2.325474 -0.935744
v 0.017613 2.331807 -0.942550
v -0.055629 2.339725 -0.943841
v -0.124845 2.348872 -0.940329
v 0.667145 2.295666 -0.646689
v 0.616302 2.284509 -0.689265
v 0.559530 2.274588 -0.730880
v 0.497012 2.266312 -0.770520
v 0.429259 2.260068 -0.807116
v 0.357124 2.256178 -0.839639
v 0.281777 2.254857 -0.867207
v 0.204615 2.256178 -0.889192
v 0.127141 2.260068 -0.905281
v 0.050817 2.266312 -0.915500
v -0.023061 2.274588 -0.920178
v -0.093451 2.284509 -0.919882
v -0.159610 2.295666 -0.915322
v 0.676966 2.247015 -0.605527
v 0.629060 2.234043 -0.646689
v 0.575467 2.222258 -0.687353
v 0.516256 2.212102 -0.726631
v 0.451779 2.204009 -0.763548
v 0.382710 2.198367 -0.797123
v 0.310028 2.195467 -0.826460
v 0.234971 2.195467 -0.850848
v 0.158927 2.198367 -0.869835
v 0.083314 2.204009 -0.883272
v 0.009452 2.212102 -0.891304
v -0.061538 2.222258 -0.894332
v -0.128798 2.234043 -0.892936
v -0.191749 2.247015 -0.887795
v -0.755206 3.024032 -0.548683
v -0.747811 2.973528 -0.588083
v -0.790391 2.973528 -0.529475
v -0.736588 2.918638 -0.627147
v -0.782501 2.919342 -0.568515
v -0.824075 2.918638 -0.506730
v -0.721090 2.859684 -0.665046
v -0.770314 2.860820 -0.606985
v -0.815322 2.860819 -0.545037
v -0.855329 2.859683 -0.480281
v -0.701007 2.797238 -0.700864
v -0.753368 2.798441 -0.644002
v -0.801784 2.798850 -0.582526
v -0.845290 2.798441 -0.517482
v -0.883188 2.797237 -0.450112
v -0.676220 2.732129 -0.733673
v -0.731376 2.732966 -0.678620
v -0.783011 2.733396 -0.618282
v -0.829988 2.733396 -0.553623
v -0.871416 2.732965 -0.485870
v -0.906730 2.732129 -0.416400
v -0.646851 2.665409 -0.762617
v -0.704293 2.665409 -0.709910
v -0.758773 2.665409 -0.651355
v -0.809018 2.665409 -0.587783
v -0.853952 2.665409 -0.520352
v -0.892805 2.665409 -0.450444
v -0.925181 2.665409 -0.379526
v -0.613283 2.598274 -0.787005
v -0.672355 2.596983 -0.737060
v -0.729132 2.596080 -0.680852
v -0.782250 2.595615 -0.619043
v -0.830475 2.595615 -0.552666
v -0.872845 2.596081 -0.483048
v -0.908756 2.596984 -0.411680
v -0.938002 2.598274 -0.340066
v -0.576138 2.531968 -0.806386
v -0.636087 2.528998 -0.759464
v -0.694468 2.526752 -0.706037
v -0.749881 2.525349 -0.646577
v -0.800989 2.524873 -0.581951
v -0.846659 2.525350 -0.513374
v -0.886085 2.526752 -0.442298
v -0.918856 2.528999 -0.370265
v -0.944956 2.531969 -0.298751
v -0.536221 2.467665 -0.820588
v -0.596262 2.462738 -0.776786
v -0.655464 2.458791 -0.726413
v -0.712456 2.456028 -0.669751
v -0.765854 2.454604 -0.607477
v -0.814408 2.454605 -0.540649
v -0.857133 2.456029 -0.470620
v -0.893410 2.458792 -0.398908
v -0.923023 2.462739 -0.327038
v -0.946128 2.467667 -0.256399
v -0.494436 2.406375 -0.829720
v -0.553819 2.399344 -0.788983
v -0.613042 2.393461 -0.741770
v -0.670819 2.389011 -0.688191
v -0.725784 2.386235 -0.628728
v -0.776629 2.385291 -0.564253
v -0.822236 2.386235 -0.495974
v -0.861803 2.389012 -0.425324
v -0.894907 2.393462 -0.353818
v -0.921507 2.399346 -0.282904
v -0.941900 2.406378 -0.213839
v -0.451704 2.348872 -0.834127
v -0.509766 2.339725 -0.796284
v -0.568261 2.331807 -0.752189
v -0.626026 2.325474 -0.701809
v -0.681769 2.321047 -0.645450
v -0.734187 2.318768 -0.583788
v -0.782092 2.318768 -0.517854
v -0.824537 2.321048 -0.448947
v -0.860913 2.325476 -0.378516
v -0.890977 2.331809 -0.308010
v -0.914838 2.339727 -0.238752
v -0.932887 2.348875 -0.171838
v -0.408880 2.295666 -0.834330
v -0.465084 2.284509 -0.799132
v -0.522205 2.274588 -0.757998
v -0.579224 2.266313 -0.710789
v -0.634967 2.260069 -0.657660
v -0.688189 2.256179 -0.599106
v -0.737692 2.254858 -0.535965
v -0.782445 2.256180 -0.469374
v -0.821687 2.260070 -0.400662
v -0.854991 2.266315 -0.331231
v -0.882270 2.274590 -0.262414
v -0.903739 2.284512 -0.195378
v -0.919847 2.295669 -0.131048
v -0.366697 2.247015 -0.830951
v -0.420648 2.234043 -0.798109
v -0.475884 2.222258 -0.759705
v -0.531537 2.212102 -0.715529
v -0.586572 2.204010 -0.665616
v -0.639847 2.198368 -0.610302
v -0.690209 2.195468 -0.550243
v -0.736597 2.195468 -0.486395
v -0.778154 2.198369 -0.419940
v -0.814299 2.204011 -0.352179
v -0.844763 2.212104 -0.284414
v -0.869579 2.222261 -0.217834
v -0.889035 2.234046 -0.153434
v -0.903599 2.247019 -0.091975
v -0.755206 3.024032 0.548683
v -0.790392 2.973528 0.529475
v -0.747811 2.973528 0.588083
v -0.824075 2.918638 0.506730
v -0.782501 2.919342 0.568515
v -0.736588 2.918638 0.627147
v -0.855329 2.859683 0.480280
v -0.815322 2.860819 0.545037
v -0.770314 2.860820 0.606985
v -0.721090 2.859684 0.665046
v -0.883188 2.797237 0.450112
v -0.845290 2.798441 0.517482
v -0.801784 2.798850 0.582526
v -0.753368 2.798441 0.644002
v -0.701007 2.797238 0.700864
v -0.906730 2.732129 0.416400
v -0.871416 2.732965 0.485870
v -0.829988 2.733396 0.553623
v -0.783011 2.733396 0.618282
v -0.731376 2.732966 0.678620
v -0.676220 2.732130 0.733673
v -0.925181 2.665409 0.379526
v -0.892805 2.665409 0.450444
v -0.853952 2.665409 0.520352
v -0.809018 2.665409 0.587783
v -0.758773 2.665409 0.651355
v -0.704293 2.665409 0.709910
v -0.646851 2.665409 0.762616
v -0.938002 2.598274 0.340066
v -0.908756 2.596984 0.411680
v -0.872845 2.596081 0.483048
v -0.830476 2.595615 0.552666
v -0.782250 2.595615 0.619043
v -0.729132 2.596080 0.680852
v -0.672355 2.596983 0.737060
v -0.613283 2.598274 0.787005
v -0.944956 2.531969 0.298751
v -0.918856 2.528999 0.370265
v -0.886085 2.526752 0.442298
v -0.846659 2.525350 0.513374
v -0.800989 2.524873 0.581951
v -0.749881 2.525350 0.646577
v -0.694468 2.526752 0.706037
v -0.636087 2.528998 0.759464
v -0.576138 2.531968 0.806386
v -0.946128 2.467667 0.256399
v -0.923023 2.462739 0.327038
v -0.893410 2.458792 0.398908
v -0.857133 2.456029 0.470620
v -0.814408 2.454605 0.540649
v -0.765854 2.454604 0.607477
v -0.712456 2.456028 0.669751
v -0.655464 2.458791 0.726413
v -0.596262 2.462738 0.776786
v -0.536221 2.467665 0.820588
v -0.941900 2.406378 0.213839
v -0.921508 2.399346 0.282904
v -0.894907 2.393462 0.353818
v -0.861803 2.389012 0.425324
v -0.822236 2.386235 0.495974
v -0.776629 2.385291 0.564253
v -0.725784 2.386235 0.628728
v -0.670819 2.389011 0.688191
v -0.613042 2.393461 0.741770
v -0.553819 2.399344 0.788983
v -0.494436 2.406375 0.829720
v -0.932887 2.348875 0.171838
v -0.914838 2.339727 0.238752
v -0.890977 2.331809 0.308010
v -0.860913 2.325476 0.378516
v -0.824537 2.321048 0.448947
v -0.782092 2.318768 0.517854
v -0.734187 2.318768 0.583788
v -0.681770 2.321047 0.645450
v -0.626026 2.325475 0.701809
v -0.568262 2.331807 0.752189
v -0.509766 2.339725 0.796284
v -0.451704 2.348872 0.834127
v -0.919847 2.295669 0.131048
v -0.903739 2.284512 0.195378
v -0.882270 2.274590 0.262414
v -0.854991 2.266315 0.331231
v -0.821687 2.260070 0.400662
v -0.782445 2.256180 0.469374
v -0.737692 2.254858 0.535965
v -0.688188 2.256179 0.599106
v -0.634966 2.260069 0.657660
v -0.579224 2.266313 0.710789
v -0.522205 2.274588 0.757998
v -0.465084 2.284509 0.799132
v -0.408880 2.295666 0.834331
v -0.903598 2.247019 0.091975
v -0.889035 2.234046 0.153434
v -0.869579 2.222261 0.217834
v -0.844762 2.212104 0.284414
v -0.814299 2.204011 0.352179
v -0.778154 2.198369 0.419940
v -0.736597 2.195468 0.486395
v -0.690209 2.195468 0.550243
v -0.639847 2.198368 0.610301
v -0.586572 2.204010 0.665616
v -0.531537 2.212102 0.715529
v -0.475884 2.222258 0.759705
v -0.420648 2.234043 0.798109
v -0.366697 2.247015 0.830951
v 0.288458 3.024032 0.887796
v 0.259318 2.973528 0.915323
v 0.328215 2.973528 0.892938
v 0.227278 2.918638 0.940330
v 0.298886 2.919343 0.919883
v 0.368835 2.918639 0.894335
v 0.192465 2.859684 0.961881
v 0.266415 2.860820 0.943842
v 0.339239 2.860820 0.920180
v 0.409668 2.859684 0.891308
v 0.155165 2.797238 0.979053
v 0.230948 2.798441 0.963828
v 0.306252 2.798850 0.942551
v 0.379681 2.798441 0.915502
v 0.449939 2.797238 0.883276
v 0.115829 2.732129 0.991026
v 0.192810 2.732966 0.978908
v 0.270049 2.733396 0.960443
v 0.346059 2.733396 0.935746
v 0.419400 2.732966 0.905285
v 0.488802 2.732130 0.869840
v 0.075058 2.665409 0.997179
v 0.152509 2.665409 0.988302
v 0.231002 2.665409 0.972953
v 0.309017 2.665409 0.951056
v 0.385003 2.665409 0.922915
v 0.457527 2.665409 0.889196
v 0.525405 2.665409 0.850852
v 0.033568 2.598274 0.997179
v 0.110714 2.596983 0.991494
v 0.189685 2.596080 0.979394
v 0.268988 2.595615 0.960611
v 0.347019 2.595615 0.935258
v 0.422217 2.596080 0.903840
v 0.493218 2.596983 0.867211
v 0.558972 2.598274 0.826464
v -0.007874 2.531968 0.991025
v 0.068205 2.528998 0.988302
v 0.146839 2.526752 0.979394
v 0.226619 2.525349 0.963861
v 0.305952 2.524872 0.941617
v 0.383208 2.525349 0.912982
v 0.456881 2.526752 0.878655
v 0.525732 2.528998 0.839641
v 0.588883 2.531968 0.797126
v -0.048515 2.467666 0.979053
v 0.025806 2.462738 0.978907
v 0.103309 2.458791 0.972952
v 0.182721 2.456028 0.960611
v 0.262525 2.454604 0.941617
v 0.341086 2.454604 0.916091
v 0.416812 2.456028 0.884549
v 0.488312 2.458791 0.847856
v 0.554513 2.462738 0.807118
v 0.614725 2.467665 0.763551
v -0.087685 2.406376 0.961880
v -0.015699 2.399344 0.963827
v 0.059964 2.393461 0.960442
v 0.138199 2.389011 0.951055
v 0.217618 2.386234 0.935256
v 0.296648 2.385290 0.912980
v 0.373678 2.386234 0.884548
v 0.447216 2.389011 0.850648
v 0.516027 2.393461 0.812257
v 0.579229 2.399344 0.770521
v 0.636322 2.406375 0.726633
v -0.124845 2.348872 0.940329
v -0.055629 2.339725 0.943841
v 0.017613 2.331807 0.942549
v 0.093957 2.325474 0.935744
v 0.172182 2.321046 0.922913
v 0.250832 2.318767 0.903838
v 0.328342 2.318767 0.878653
v 0.403183 2.321046 0.847855
v 0.474009 2.325474 0.812256
v 0.539773 2.331807 0.772887
v 0.599786 2.339725 0.730881
v 0.653718 2.348872 0.687355
v -0.159610 2.295666 0.915322
v -0.093451 2.284509 0.919882
v -0.023061 2.274588 0.920178
v 0.050817 2.266312 0.915500
v 0.127141 2.260068 0.905281
v 0.204615 2.256178 0.889192
v 0.281777 2.254857 0.867207
v 0.357124 2.256178 0.839639
v 0.429259 2.260068 0.807116
v 0.497012 2.266312 0.770520
v 0.559530 2.274588 0.730880
v 0.616302 2.284509 0.689266
v 0.667145 2.295666 0.646689
v -0.191749 2.247015 0.887795
v -0.128798 2.234043 0.892936
v -0.061538 2.222258 0.894332
v 0.009452 2.212101 0.891304
v 0.083314 2.204009 0.883272
v 0.158927 2.198367 0.869835
v 0.234971 2.195467 0.850848
v 0.310028 2.195467 0.826460
v 0.382710 2.198367 0.797123
v 0.451779 2.204009 0.763548
v 0.516256 2.212101 0.726631
v 0.575467 2.222258 0.687353
v 0.629060 2.234043 0.646689
v 0.676966 2.247015 0.605527
v 0.933484 3.024029 0.000000
v 0.950659 2.973525 0.036220
v 0.950659 2.973525 -0.036220
v 0.964540 2.918636 0.074420
v 0.967222 2.919340 0.000000
v 0.964540 2.918636 -0.074420
v 0.974279 2.859682 0.114188
v 0.979974 2.860818 0.038285
v 0.979974 2.860818 -0.038285
v 0.974279 2.859682 -0.114188
v 0.979084 2.797237 0.154969
v 0.988023 2.798440 0.078192
v 0.991057 2.798849 0.000000
v 0.988023 2.798440 -0.078192
v 0.979084 2.797237 -0.154969
v 0.978315 2.732129 0.196080
v 0.990579 2.732965 0.119123
v 0.996886 2.733395 0.039961
v 0.996886 2.733395 -0.039960
v 0.990579 2.732965 -0.119123
v 0.978315 2.732129 -0.196080
v 0.971569 2.665409 0.236758
v 0.987059 2.665409 0.160355
v 0.996717 2.665409 0.080962
v 1.000000 2.665409 0.000000
v 0.996717 2.665409 -0.080962
v 0.987059 2.665409 -0.160355
v 0.971569 2.665409 -0.236758
v 0.958748 2.598274 0.276217
v 0.977180 2.596984 0.201091
v 0.990075 2.596081 0.122247
v 0.996718 2.595616 0.041022
v 0.996718 2.595616 -0.041022
v 0.990075 2.596081 -0.122247
v 0.977180 2.596984 -0.201091
v 0.958748 2.598274 -0.276217
v 0.940089 2.531969 0.313729
v 0.961008 2.528999 0.240533
v 0.976835 2.526753 0.162996
v 0.986715 2.525350 0.082322
v 0.990076 2.524873 0.000000
v 0.986715 2.525350 -0.082322
v 0.976835 2.526753 -0.162996
v 0.961008 2.528999 -0.240533
v 0.940089 2.531969 -0.313729
v 0.916143 2.467666 0.348682
v 0.938971 2.462739 0.277954
v 0.957257 2.458792 0.202405
v 0.970059 2.456029 0.123067
v 0.976656 2.454605 0.041301
v 0.976656 2.454605 -0.041301
v 0.970059 2.456029 -0.123067
v 0.957257 2.458792 -0.202405
v 0.938971 2.462739 -0.277954
v 0.916144 2.467666 -0.348682
v 0.887707 2.406377 0.380629
v 0.911804 2.399345 0.312769
v 0.931965 2.393462 0.239763
v 0.947213 2.389013 0.162458
v 0.956729 2.386236 0.082045
v 0.959966 2.385292 0.000000
v 0.956729 2.386236 -0.082045
v 0.947213 2.389013 -0.162458
v 0.931965 2.393462 -0.239763
v 0.911804 2.399345 -0.312769
v 0.887707 2.406377 -0.380629
v 0.855727 2.348873 0.409311
v 0.880456 2.339726 0.344569
v 0.901861 2.331808 0.274513
v 0.918980 2.325476 0.199803
v 0.930950 2.321048 0.121443
v 0.937113 2.318769 0.040749
v 0.937113 2.318769 -0.040749
v 0.930950 2.321048 -0.121443
v 0.918980 2.325476 -0.199803
v 0.901861 2.331808 -0.274513
v 0.880456 2.339726 -0.344569
v 0.855727 2.348873 -0.409311
v 0.821202 2.295667 0.434647
v 0.845982 2.284510 0.373136
v 0.868015 2.274590 0.306283
v 0.886396 2.266314 0.234576
v 0.900263 2.260070 0.158831
v 0.908902 2.256180 0.080178
v 0.911838 2.254858 0.000000
v 0.908902 2.256180 -0.080178
v 0.900263 2.260070 -0.158831
v 0.886396 2.266314 -0.234576
v 0.868015 2.274590 -0.306283
v 0.845982 2.284510 -0.373136
v 0.821202 2.295667 -0.434647
v 0.785090 2.247016 0.456707
v 0.809432 2.234044 0.398426
v 0.831545 2.222259 0.334891
v 0.850602 2.212103 0.266440
v 0.865787 2.204010 0.193712
v 0.876374 2.198369 0.117648
v 0.881816 2.195468 0.039460
v 0.881816 2.195468 -0.039460
v 0.876374 2.198369 -0.117648
v 0.865787 2.204010 -0.193712
v 0.850602 2.212103 -0.266440
v 0.831545 2.222260 -0.334891
v 0.809432 2.234044 -0.398426
v 0.785090 2.247016 -0.456707
v 0.658496 2.150306 -0.548682
v 0.629059 2.096250 -0.529474
v 0.610017 2.134335 -0.588081
v 0.595028 2.041575 -0.506728
v 0.577066 2.079075 -0.568513
v 0.555904 2.119826 -0.627145
v 0.556275 1.987256 -0.480279
v 0.539400 2.023548 -0.545034
v 0.519272 2.063804 -0.606982
v 0.496244 2.107322 -0.665042
v 0.512880 1.934413 -0.450110
v 0.497009 1.968848 -0.517479
v 0.477919 2.007943 -0.582522
v 0.455902 2.051064 -0.643999
v 0.431410 2.097359 -0.700860
v 0.465175 1.884240 -0.416398
v 0.450131 1.916199 -0.485867
v 0.431989 1.953446 -0.553619
v 0.410981 1.995463 -0.618278
v 0.387506 2.041453 -0.678615
v 0.362092 2.090413 -0.733668
v 0.413751 1.837899 -0.379524
v 0.399272 1.866858 -0.450441
v 0.381897 1.901608 -0.520349
v 0.361803 1.941797 -0.587779
v 0.339334 1.986737 -0.651350
v 0.314971 2.035465 -0.709905
v 0.289283 2.086843 -0.762611
v 0.359439 1.796409 -0.340064
v 0.345205 1.821990 -0.411677
v 0.328338 1.853706 -0.483045
v 0.308975 1.891394 -0.552662
v 0.287409 1.934527 -0.619039
v 0.264071 1.982244 -0.680847
v 0.239488 2.033431 -0.737055
v 0.214225 2.086843 -0.787000
v 0.303243 1.760538 -0.298749
v 0.288916 1.782554 -0.370263
v 0.272251 1.810860 -0.442295
v 0.253366 1.845496 -0.513370
v 0.232516 1.886130 -0.581946
v 0.210087 1.932055 -0.646572
v 0.186561 1.982244 -0.706032
v 0.162463 2.035466 -0.759459
v 0.138309 2.090413 -0.806381
v 0.246255 1.730733 -0.256398
v 0.231516 1.749195 -0.327036
v 0.214743 1.773916 -0.398906
v 0.196048 1.805127 -0.470617
v 0.175668 1.842704 -0.540645
v 0.153955 1.886131 -0.607473
v 0.131349 1.934528 -0.669746
v 0.108334 1.986738 -0.726408
v 0.085389 2.041453 -0.776781
v 0.062946 2.097359 -0.820583
v 0.189546 1.707106 -0.213838
v 0.174138 1.722200 -0.282902
v 0.156980 1.743361 -0.353816
v 0.138197 1.770980 -0.425321
v 0.118019 1.805127 -0.495971
v 0.096779 1.845497 -0.564250
v 0.074886 1.891395 -0.628724
v 0.052789 1.941798 -0.688186
v 0.030931 1.995464 -0.741766
v 0.009708 2.051065 -0.788979
v -0.010559 2.107322 -0.829716
v 0.134084 1.689451 -0.171837
v 0.117831 1.701503 -0.238751
v 0.100079 1.719304 -0.308009
v 0.080971 1.743361 -0.378514
v 0.060743 1.773916 -0.448944
v 0.039723 1.810861 -0.517851
v 0.018300 1.853706 -0.583785
v -0.003102 1.901609 -0.645446
v -0.024071 1.953447 -0.701805
v -0.044239 2.007944 -0.752185
v -0.063317 2.063804 -0.796281
v -0.081101 2.119826 -0.834124
v 0.080665 1.677320 -0.131047
v 0.063482 1.686738 -0.195377
v 0.045008 1.701503 -0.262413
v 0.025407 1.722201 -0.331229
v 0.004929 1.749196 -0.400661
v -0.016099 1.782555 -0.469371
v -0.037295 1.821991 -0.535963
v -0.058250 1.866858 -0.599103
v -0.078572 1.916200 -0.657657
v -0.097915 1.968849 -0.710786
v -0.116013 2.023549 -0.757995
v -0.132684 2.079075 -0.799129
v -0.147840 2.134335 -0.834328
v 0.029885 1.670096 -0.091975
v 0.011769 1.677320 -0.153434
v -0.007472 1.689451 -0.217833
v -0.027653 1.707106 -0.284413
v -0.048515 1.730734 -0.352178
v -0.069725 1.760539 -0.419938
v -0.090903 1.796411 -0.486393
v -0.111648 1.837901 -0.550241
v -0.131576 1.884241 -0.610299
v -0.150354 1.934415 -0.665613
v -0.167728 1.987257 -0.715526
v -0.183532 2.041576 -0.759703
v -0.197694 2.096250 -0.798108
v -0.210218 2.150306 -0.830950
v -0.318343 2.150306 -0.795818
v -0.309171 2.096249 -0.761886
v -0.370794 2.134334 -0.761887
v -0.298055 2.041575 -0.722492
v -0.362367 2.079074 -0.724501
v -0.424669 2.119826 -0.722493
v -0.284875 1.987256 -0.677462
v -0.351677 2.023548 -0.681423
v -0.416813 2.063804 -0.681423
v -0.479148 2.107322 -0.677463
v -0.269592 1.934413 -0.626869
v -0.338569 1.968848 -0.632592
v -0.406329 2.007943 -0.634536
v -0.471601 2.051064 -0.632593
v -0.533248 2.097359 -0.626870
v -0.252272 1.884240 -0.571081
v -0.322991 1.916199 -0.578240
v -0.393034 1.953446 -0.581922
v -0.461020 1.995463 -0.581922
v -0.525659 2.041454 -0.578241
v -0.585871 2.090413 -0.571082
v -0.233093 1.837899 -0.510779
v -0.305014 1.866857 -0.518923
v -0.376871 1.901608 -0.524001
v -0.447211 1.941797 -0.525727
v -0.514614 1.986738 -0.524001
v -0.577832 2.035466 -0.518924
v -0.635898 2.086843 -0.510780
v -0.212348 1.796409 -0.446931
v -0.284855 1.821990 -0.455524
v -0.357942 1.853705 -0.461536
v -0.430137 1.891394 -0.464632
v -0.499929 1.934528 -0.464633
v -0.565925 1.982245 -0.461536
v -0.626979 2.033432 -0.455525
v -0.682286 2.086844 -0.446932
v -0.190421 1.760537 -0.380719
v -0.262862 1.782554 -0.389192
v -0.336519 1.810860 -0.395602
v -0.409952 1.845496 -0.399603
v -0.481616 1.886131 -0.400964
v -0.550010 1.932056 -0.399603
v -0.613830 1.982246 -0.395602
v -0.672088 2.035467 -0.389192
v -0.724178 2.090415 -0.380720
v -0.167752 1.730733 -0.313433
v -0.239488 1.749195 -0.321243
v -0.313024 1.773916 -0.327500
v -0.387003 1.805127 -0.331880
v -0.459902 1.842704 -0.334137
v -0.530169 1.886131 -0.334137
v -0.596381 1.934529 -0.331880
v -0.657382 1.986739 -0.327500
v -0.712380 2.041456 -0.321244
v -0.760974 2.097362 -0.313434
v -0.144799 1.707105 -0.246348
v -0.215245 1.722200 -0.253036
v -0.287991 1.743361 -0.258631
v -0.361801 1.770980 -0.262863
v -0.435229 1.805128 -0.265504
v -0.506730 1.845497 -0.266402
v -0.574814 1.891396 -0.265504
v -0.638195 1.941799 -0.262863
v -0.695907 1.995466 -0.258631
v -0.747367 2.051067 -0.253036
v -0.792373 2.107325 -0.246349
v -0.121993 1.689451 -0.180622
v -0.190654 1.701503 -0.185841
v -0.262009 1.719304 -0.190359
v -0.334968 1.743362 -0.193973
v -0.408203 1.773917 -0.196500
v -0.480233 1.810861 -0.197801
v -0.549560 1.853708 -0.197801
v -0.614817 1.901611 -0.196500
v -0.674898 1.953449 -0.193973
v -0.729045 2.007946 -0.190360
v -0.776877 2.063807 -0.185842
v -0.818363 2.119830 -0.180622
v -0.099707 1.677320 -0.117212
v -0.166198 1.686738 -0.120749
v -0.235662 1.701504 -0.123894
v -0.307168 1.722201 -0.126518
v -0.379529 1.749196 -0.128497
v -0.451376 1.782556 -0.129730
v -0.521258 1.821992 -0.130149
v -0.587784 1.866860 -0.129730
v -0.649752 1.916202 -0.128497
v -0.706258 1.968852 -0.126518
v -0.756749 2.023551 -0.123894
v -0.801022 2.079079 -0.120749
v -0.839181 2.134338 -0.117212
v -0.078239 1.670096 -0.056844
v -0.142288 1.677320 -0.058606
v -0.209481 1.689452 -0.060207
v -0.279039 1.707106 -0.061587
v -0.349934 1.730734 -0.062687
v -0.420933 1.760539 -0.063453
v -0.490680 1.796412 -0.063847
v -0.557814 1.837902 -0.063847
v -0.621091 1.884243 -0.063453
v -0.679501 1.934417 -0.062687
v -0.732340 1.987260 -0.061587
v -0.779238 2.041579 -0.060207
v -0.820139 2.096254 -0.058606
v -0.855244 2.150310 -0.056844
v -0.855244 2.150310 0.056844
v -0.820139 2.096253 0.058606
v -0.839181 2.134338 0.117212
v -0.779238 2.041579 0.060207
v -0.801022 2.079079 0.120750
v -0.818363 2.119830 0.180622
v -0.732340 1.987260 0.061587
v -0.756749 2.023551 0.123895
v -0.776877 2.063807 0.185842
v -0.792373 2.107325 0.246349
v -0.679500 1.934417 0.062687
v -0.706258 1.968851 0.126518
v -0.729045 2.007946 0.190360
v -0.747367 2.051067 0.253036
v -0.760974 2.097362 0.313434
v -0.621091 1.884243 0.063453
v -0.649752 1.916202 0.128498
v -0.674898 1.953449 0.193974
v -0.695907 1.995466 0.258632
v -0.712380 2.041456 0.321244
v -0.724178 2.090415 0.380721
v -0.557813 1.837902 0.063848
v -0.587783 1.866860 0.129731
v -0.614817 1.901611 0.196501
v -0.638195 1.941800 0.262864
v -0.657382 1.986739 0.327501
v -0.672088 2.035467 0.389193
v -0.682286 2.086844 0.446933
v -0.490680 1.796412 0.063848
v -0.521258 1.821992 0.130150
v -0.549560 1.853708 0.197802
v -0.574814 1.891396 0.265505
v -0.596381 1.934529 0.331881
v -0.613830 1.982246 0.395603
v -0.626979 2.033432 0.455525
v -0.635897 2.086843 0.510780
v -0.420933 1.760539 0.063454
v -0.451375 1.782556 0.129731
v -0.480233 1.810862 0.197802
v -0.506730 1.845498 0.266403
v -0.530169 1.886132 0.334138
v -0.550009 1.932056 0.399605
v -0.565925 1.982245 0.461537
v -0.577832 2.035467 0.518925
v -0.585871 2.090414 0.571082
v -0.349934 1.730734 0.062687
v -0.379529 1.749196 0.128498
v -0.408203 1.773917 0.196501
v -0.435229 1.805128 0.265505
v -0.459902 1.842705 0.334138
v -0.481615 1.886132 0.400966
v -0.499929 1.934528 0.464634
v -0.514614 1.986738 0.524002
v -0.525659 2.041454 0.578241
v -0.533248 2.097360 0.626871
v -0.279039 1.707106 0.061588
v -0.307168 1.722201 0.126519
v -0.334968 1.743362 0.193974
v -0.361801 1.770980 0.262864
v -0.387003 1.805128 0.331882
v -0.409952 1.845497 0.399605
v -0.430137 1.891395 0.464634
v -0.447211 1.941798 0.525729
v -0.461020 1.995464 0.581923
v -0.471601 2.051065 0.632594
v -0.479148 2.107323 0.677464
v -0.209481 1.689452 0.060208
v -0.235663 1.701504 0.123895
v -0.262009 1.719304 0.190361
v -0.287991 1.743362 0.258633
v -0.313024 1.773917 0.327502
v -0.336520 1.810861 0.395604
v -0.357943 1.853707 0.461538
v -0.376871 1.901609 0.524003
v -0.393034 1.953447 0.581924
v -0.406329 2.007944 0.634537
v -0.416813 2.063805 0.681424
v -0.424669 2.119826 0.722493
v -0.142288 1.677320 0.058607
v -0.166198 1.686738 0.120750
v -0.190655 1.701504 0.185843
v -0.215246 1.722201 0.253038
v -0.239489 1.749196 0.321245
v -0.262863 1.782555 0.389194
v -0.284856 1.821991 0.455526
v -0.305015 1.866858 0.518925
v -0.322991 1.916200 0.578242
v -0.338570 1.968849 0.632594
v -0.351677 2.023549 0.681424
v -0.362367 2.079075 0.724502
v -0.370795 2.134335 0.761887
v -0.078239 1.670096 0.056844
v -0.099707 1.677320 0.117213
v -0.121993 1.689451 0.180623
v -0.144800 1.707106 0.246350
v -0.167753 1.730734 0.313436
v -0.190421 1.760539 0.380722
v -0.212349 1.796411 0.446934
v -0.233094 1.837901 0.510781
v -0.252273 1.884241 0.571083
v -0.269593 1.934415 0.626871
v -0.284875 1.987257 0.677464
v -0.298055 2.041576 0.722493
v -0.309171 2.096250 0.761887
v -0.318343 2.150306 0.795818
v 0.725319 2.150306 -0.456707
v 0.747808 2.134335 -0.398426
v 0.697954 2.096250 -0.434647
v 0.768237 2.119827 -0.334890
v 0.719015 2.079075 -0.373135
v 0.665806 2.041575 -0.409310
v 0.785844 2.107323 -0.266440
v 0.737742 2.063805 -0.306283
v 0.685046 2.023548 -0.344568
v 0.628675 1.987257 -0.380628
v 0.799873 2.097360 -0.193712
v 0.753364 2.051065 -0.234576
v 0.701700 2.007944 -0.274512
v 0.645740 1.968849 -0.312768
v 0.586573 1.934413 -0.348681
v 0.809654 2.090414 -0.117648
v 0.765150 2.041454 -0.158830
v 0.715020 1.995464 -0.199802
v 0.660018 1.953447 -0.239763
v 0.601188 1.916200 -0.277953
v 0.539769 1.884240 -0.313728
v 0.814681 2.086844 -0.039459
v 0.772492 2.035467 -0.080177
v 0.724333 1.986738 -0.121443
v 0.670817 1.941798 -0.162457
v 0.612897 1.901609 -0.202404
v 0.551780 1.866858 -0.240532
v 0.488808 1.837900 -0.276216
v 0.814681 2.086844 0.039460
v 0.774988 2.033432 0.000000
v 0.729128 1.982246 -0.040749
v 0.677556 1.934528 -0.082044
v 0.621093 1.891395 -0.123066
v 0.560867 1.853706 -0.162995
v 0.498205 1.821990 -0.201090
v 0.434495 1.796410 -0.236757
v 0.809654 2.090414 0.117648
v 0.772493 2.035467 0.080178
v 0.729128 1.982246 0.040749
v 0.679849 1.932056 0.000000
v 0.625317 1.886131 -0.041301
v 0.566540 1.845497 -0.082322
v 0.504780 1.810861 -0.122246
v 0.441423 1.782555 -0.160354
v 0.377837 1.760538 -0.196079
v 0.799873 2.097361 0.193712
v 0.765150 2.041455 0.158831
v 0.724333 1.986739 0.121443
v 0.677557 1.934529 0.082045
v 0.625317 1.886132 0.041302
v 0.568470 1.842705 0.000001
v 0.508167 1.805128 -0.041022
v 0.445743 1.773916 -0.080961
v 0.382574 1.749195 -0.119122
v 0.319948 1.730733 -0.154968
v 0.785844 2.107324 0.266440
v 0.753364 2.051066 0.234576
v 0.715020 1.995465 0.199803
v 0.670818 1.941799 0.162458
v 0.621094 1.891396 0.123068
v 0.566541 1.845498 0.082323
v 0.508167 1.805128 0.041023
v 0.447211 1.770980 0.000001
v 0.385010 1.743362 -0.039960
v 0.322869 1.722201 -0.078191
v 0.261947 1.707106 -0.114188
v 0.768238 2.119827 0.334891
v 0.737742 2.063805 0.306283
v 0.701701 2.007945 0.274513
v 0.660019 1.953448 0.239763
v 0.612897 1.901610 0.202405
v 0.560868 1.853707 0.162996
v 0.504781 1.810861 0.122248
v 0.445743 1.773917 0.080963
v 0.385010 1.743362 0.039961
v 0.323861 1.719304 0.000001
v 0.263478 1.701504 -0.038285
v 0.204862 1.689451 -0.074419
v 0.747809 2.134336 0.398426
v 0.719016 2.079076 0.373136
v 0.685047 2.023549 0.344569
v 0.645741 1.968850 0.312769
v 0.601190 1.916201 0.277954
v 0.551781 1.866859 0.240533
v 0.498207 1.821992 0.201092
v 0.441424 1.782555 0.160356
v 0.382575 1.749196 0.119124
v 0.322870 1.722201 0.078193
v 0.263479 1.701504 0.038286
v 0.205432 1.686738 0.000001
v 0.149561 1.677320 -0.036220
v 0.725320 2.150307 0.456707
v 0.697955 2.096251 0.434647
v 0.665806 2.041577 0.409311
v 0.628676 1.987258 0.380629
v 0.586574 1.934415 0.348682
v 0.539770 1.884242 0.313729
v 0.488809 1.837901 0.276218
v 0.434497 1.796411 0.236758
v 0.377839 1.760539 0.196081
v 0.319949 1.730734 0.154970
v 0.261948 1.707106 0.114189
v 0.204863 1.689452 0.074420
v 0.149561 1.677320 0.036221
v 0.096709 1.670096 0.000000
v -0.210218 2.150306 0.830949
v -0.197694 2.096249 0.798107
v -0.147840 2.134334 0.834328
v -0.183532 2.041575 0.759702
v -0.132684 2.079074 0.799129
v -0.081100 2.119826 0.834123
v -0.167727 1.987256 0.715525
v -0.116012 2.023547 0.757994
v -0.063316 2.063803 0.796280
v -0.010559 2.107322 0.829715
v -0.150354 1.934413 0.665612
v -0.097915 1.968848 0.710785
v -0.044238 2.007943 0.752185
v 0.009709 2.051064 0.788978
v 0.062946 2.097359 0.820583
v -0.131575 1.884240 0.610297
v -0.078571 1.916199 0.657656
v -0.024070 1.953446 0.701804
v 0.030932 1.995463 0.741765
v 0.085390 2.041453 0.776780
v 0.138310 2.090412 0.806380
v -0.111647 1.837899 0.550239
v -0.058249 1.866857 0.599101
v -0.003101 1.901608 0.645445
v 0.052790 1.941797 0.688185
v 0.108335 1.986737 0.726408
v 0.162463 2.035465 0.759458
v 0.214226 2.086842 0.786999
v -0.090902 1.796409 0.486391
v -0.037293 1.821990 0.535961
v 0.018301 1.853705 0.583783
v 0.074887 1.891394 0.628723
v 0.131351 1.934527 0.669746
v 0.186562 1.982244 0.706032
v 0.239489 2.033431 0.737054
v 0.289283 2.086842 0.762611
v -0.069724 1.760537 0.419936
v -0.016097 1.782554 0.469369
v 0.039724 1.810860 0.517849
v 0.096780 1.845496 0.564249
v 0.153957 1.886130 0.607472
v 0.210089 1.932055 0.646572
v 0.264072 1.982244 0.680847
v 0.314971 2.035466 0.709904
v 0.362092 2.090413 0.733668
v -0.048514 1.730733 0.352176
v 0.004931 1.749195 0.400659
v 0.060745 1.773916 0.448943
v 0.118021 1.805127 0.495970
v 0.175670 1.842704 0.540644
v 0.232518 1.886131 0.581946
v 0.287410 1.934528 0.619038
v 0.339335 1.986738 0.651350
v 0.387507 2.041454 0.678615
v 0.431411 2.097359 0.700860
v -0.027652 1.707105 0.284411
v 0.025409 1.722200 0.331228
v 0.080972 1.743361 0.378513
v 0.138199 1.770980 0.425321
v 0.196050 1.805127 0.470616
v 0.253368 1.845497 0.513370
v 0.308977 1.891395 0.552662
v 0.361805 1.941798 0.587779
v 0.410982 1.995464 0.618278
v 0.455903 2.051065 0.643999
v 0.496244 2.107323 0.665042
v -0.007471 1.689451 0.217832
v 0.045009 1.701503 0.262412
v 0.100081 1.719304 0.308008
v 0.156982 1.743361 0.353816
v 0.214745 1.773916 0.398905
v 0.272254 1.810861 0.442295
v 0.328341 1.853707 0.483045
v 0.381899 1.901609 0.520349
v 0.431991 1.953447 0.553619
v 0.477920 2.007944 0.582523
v 0.519273 2.063804 0.606982
v 0.555904 2.119826 0.627145
v 0.011770 1.677320 0.153433
v 0.063484 1.686738 0.195376
v 0.117833 1.701503 0.238751
v 0.174140 1.722201 0.282902
v 0.231518 1.749196 0.327036
v 0.288918 1.782555 0.370264
v 0.345207 1.821991 0.411678
v 0.399274 1.866858 0.450441
v 0.450133 1.916201 0.485868
v 0.497011 1.968849 0.517480
v 0.539401 2.023549 0.545035
v 0.577067 2.079075 0.568513
v 0.610017 2.134335 0.588081
v 0.029885 1.670096 0.091975
v 0.080666 1.677320 0.131047
v 0.134086 1.689451 0.171838
v 0.189548 1.707106 0.213839
v 0.246257 1.730734 0.256399
v 0.303246 1.760539 0.298750
v 0.359441 1.796411 0.340065
v 0.413753 1.837901 0.379525
v 0.465177 1.884242 0.416399
v 0.512882 1.934415 0.450111
v 0.556276 1.987258 0.480279
v 0.595029 2.041576 0.506729
v 0.629059 2.096251 0.529474
v 0.658496 2.150306 0.548682
v -1.000000 3.599298 1.000000
v -1.000000 5.599298 1.000000
v -1.000000 3.599298 -1.000000
v -1.000000 5.599298 -1.000000
v 1.000000 3.599298 1.000000
v 1.000000 5.599298 1.000000
v 1.000000 3.599298 -1.000000
v 1.000000 5.599298 -1.000000
v -0.514536 7.196966 1.000000
v -0.514536 9.196966 1.000000
v -0.514536 7.196966 -1.000000
v -0.514536 9.196966 -1.000000
v 0.477215 7.196966 1.000000
v 0.477215 9.196966 1.000000
v 0.477215 7.196966 -1.000000
v 0.477215 9.196966 -1.000000
v 0.860455 5.575788 1.000000
v 0.860455 7.575788 1.000000
v 0.860455 5.575788 -1.000000
v 0.860455 7.575788 -1.000000
v 2.860455 5.575788 1.000000
v 2.860455 7.575788 1.000000
v 2.860455 5.575788 -1.000000
v 2.860455 7.575788 -1.000000
v -2.929821 5.575788 1.000000
v -2.929821 7.575788 1.000000
v -2.929821 5.575788 -1.000000
v -2.929821 7.575788 -1.000000
v -0.929821 5.575788 1.000000
v -0.929821 7.575788 1.000000
v -0.929821 5.575788 -1.000000
v -0.929821 7.575788 -1.000000
vn 0.0110 -0.9994 0.0340
vn 0.7250 -0.4728 0.5008
vn -0.0289 -0.9994 0.0210
vn -0.0289 -0.9994 -0.0210
vn 0.0110 -0.9994 -0.0340
vn 0.7471 -0.4371 0.5008
vn -0.2454 -0.4371 0.8653
vn -0.8988 -0.4371 0.0340
vn -0.3101 -0.4371 -0.8443
vn 0.7072 -0.4371 -0.5558
vn 0.7361 -0.4150 0.5348
vn -0.2812 -0.4150 0.8653
vn -0.9098 -0.4150 -0.0000
vn -0.2812 -0.4150 -0.8653
vn 0.7361 -0.4150 -0.5348
vn 0.2922 0.4728 0.8313
vn -0.7003 0.4728 0.5348
vn -0.7250 0.4728 -0.5008
vn 0.2522 0.4728 -0.8443
vn 0.8809 0.4728 -0.0210
vn 0.0289 0.9994 -0.0210
vn 0.0885 0.9959 -0.0210
vn 0.1516 0.9882 -0.0209
vn 0.2176 0.9758 -0.0208
vn 0.2857 0.9581 -0.0207
vn 0.3551 0.9346 -0.0205
vn 0.4244 0.9053 -0.0204
vn 0.4925 0.8701 -0.0203
vn 0.5580 0.8296 -0.0203
vn 0.6199 0.7844 -0.0204
vn 0.6772 0.7355 -0.0205
vn 0.7291 0.6840 -0.0207
vn 0.7755 0.6310 -0.0208
vn 0.8161 0.5776 -0.0209
vn 0.8511 0.5246 -0.0210
vn 0.0488 0.9982 -0.0354
vn 0.0473 0.9959 -0.0777
vn 0.1110 0.9931 -0.0373
vn 0.1096 0.9908 -0.0796
vn 0.0698 0.9931 -0.0940
vn 0.0667 0.9882 -0.1377
vn 0.1766 0.9835 -0.0391
vn 0.1752 0.9812 -0.0813
vn 0.1345 0.9861 -0.0977
vn 0.1314 0.9812 -0.1415
vn 0.0918 0.9835 -0.1559
vn 0.0870 0.9758 -0.2005
vn 0.2450 0.9687 -0.0407
vn 0.2436 0.9663 -0.0827
vn 0.2025 0.9741 -0.1011
vn 0.1994 0.9691 -0.1449
vn 0.1587 0.9741 -0.1613
vn 0.1540 0.9663 -0.2061
vn 0.1145 0.9687 -0.2205
vn 0.1079 0.9581 -0.2654
vn 0.3153 0.9480 -0.0421
vn 0.3139 0.9457 -0.0839
vn 0.2730 0.9564 -0.1041
vn 0.2700 0.9515 -0.1478
vn 0.2288 0.9592 -0.1662
vn 0.2240 0.9515 -0.2111
vn 0.1833 0.9564 -0.2275
vn 0.1768 0.9457 -0.2726
vn 0.1375 0.9481 -0.2869
vn 0.1292 0.9346 -0.3313
vn 0.3863 0.9214 -0.0432
vn 0.3849 0.9191 -0.0847
vn 0.3450 0.9326 -0.1065
vn 0.3420 0.9277 -0.1501
vn 0.3010 0.9383 -0.1703
vn 0.2962 0.9306 -0.2152
vn 0.2550 0.9383 -0.2336
vn 0.2484 0.9277 -0.2788
vn 0.2079 0.9326 -0.2952
vn 0.1995 0.9191 -0.3399
vn 0.1605 0.9214 -0.3540
vn 0.1505 0.9053 -0.3973
vn 0.4567 0.8885 -0.0439
vn 0.4553 0.8862 -0.0853
vn 0.4171 0.9024 -0.1082
vn 0.4141 0.8975 -0.1516
vn 0.3741 0.9110 -0.1734
vn 0.3693 0.9033 -0.2183
vn 0.3283 0.9140 -0.2385
vn 0.3217 0.9033 -0.2838
vn 0.2806 0.9110 -0.3022
vn 0.2722 0.8975 -0.3470
vn 0.2318 0.9024 -0.3633
vn 0.2218 0.8862 -0.4067
vn 0.1829 0.8885 -0.4208
vn 0.1715 0.8701 -0.4621
vn 0.5252 0.8498 -0.0441
vn 0.5238 0.8475 -0.0854
vn 0.4880 0.8660 -0.1090
vn 0.4850 0.8611 -0.1525
vn 0.4468 0.8773 -0.1754
vn 0.4420 0.8696 -0.2202
vn 0.4020 0.8831 -0.2420
vn 0.3954 0.8724 -0.2873
vn 0.3544 0.8831 -0.3075
vn 0.3460 0.8696 -0.3523
vn 0.3049 0.8773 -0.3707
vn 0.2949 0.8611 -0.4142
vn 0.2545 0.8660 -0.4305
vn 0.2431 0.8475 -0.4718
vn 0.2043 0.8498 -0.4859
vn 0.1918 0.8296 -0.5244
vn 0.5905 0.8059 -0.0439
vn 0.5890 0.8036 -0.0853
vn 0.5563 0.8238 -0.1090
vn 0.5533 0.8189 -0.1525
vn 0.5175 0.8374 -0.1761
vn 0.5127 0.8297 -0.2208
vn 0.4745 0.8458 -0.2438
vn 0.4679 0.8352 -0.2890
vn 0.4279 0.8487 -0.3109
vn 0.4195 0.8352 -0.3557
vn 0.3785 0.8458 -0.3759
vn 0.3685 0.8297 -0.4194
vn 0.3274 0.8374 -0.4378
vn 0.3160 0.8189 -0.4791
vn 0.2756 0.8238 -0.4954
vn 0.2631 0.8036 -0.5339
vn 0.2242 0.8059 -0.5480
vn 0.2109 0.7844 -0.5833
vn 0.6513 0.7576 -0.0432
vn 0.6499 0.7553 -0.0847
vn 0.6206 0.7767 -0.1082
vn 0.6175 0.7718 -0.1516
vn 0.5848 0.7920 -0.1754
vn 0.5801 0.7842 -0.2202
vn 0.5443 0.8027 -0.2438
vn 0.5377 0.7920 -0.2890
vn 0.4995 0.8082 -0.3120
vn 0.4911 0.7947 -0.3568
vn 0.4511 0.8082 -0.3786
vn 0.4411 0.7920 -0.4221
vn 0.4000 0.8027 -0.4424
vn 0.3887 0.7842 -0.4836
vn 0.3475 0.7920 -0.5020
vn 0.3351 0.7718 -0.5405
vn 0.2946 0.7767 -0.5568
vn 0.2814 0.7553 -0.5919
vn 0.2424 0.7576 -0.6061
vn 0.2288 0.7356 -0.6377
vn 0.7069 0.7060 -0.0421
vn 0.7055 0.7037 -0.0839
vn 0.6798 0.7256 -0.1065
vn 0.6768 0.7207 -0.1501
vn 0.6475 0.7420 -0.1734
vn 0.6428 0.7343 -0.2183
vn 0.6101 0.7545 -0.2420
vn 0.6035 0.7438 -0.2873
vn 0.5678 0.7622 -0.3109
vn 0.5594 0.7487 -0.3557
vn 0.5211 0.7649 -0.3786
vn 0.5111 0.7487 -0.4221
vn 0.4711 0.7622 -0.4439
vn 0.4597 0.7438 -0.4852
vn 0.4187 0.7545 -0.5054
vn 0.4062 0.7343 -0.5438
vn 0.3650 0.7420 -0.5622
vn 0.3519 0.7207 -0.5973
vn 0.3113 0.7256 -0.6136
vn 0.2978 0.7037 -0.6451
vn 0.2585 0.7060 -0.6593
vn 0.2450 0.6841 -0.6871
vn 0.7568 0.6524 -0.0407
vn 0.7554 0.6501 -0.0827
vn 0.7333 0.6719 -0.1041
vn 0.7303 0.6670 -0.1478
vn 0.7046 0.6888 -0.1703
vn 0.6999 0.6811 -0.2152
vn 0.6706 0.7024 -0.2385
vn 0.6640 0.6917 -0.2838
vn 0.6314 0.7119 -0.3075
vn 0.6230 0.6984 -0.3523
vn 0.5873 0.7168 -0.3759
vn 0.5773 0.7006 -0.4194
vn 0.5390 0.7168 -0.4424
vn 0.5276 0.6984 -0.4836
vn 0.4876 0.7119 -0.5054
vn 0.4751 0.6917 -0.5438
vn 0.4341 0.7024 -0.5641
vn 0.4209 0.6811 -0.5991
vn 0.3797 0.6888 -0.6175
vn 0.3662 0.6670 -0.6489
vn 0.3256 0.6719 -0.6653
vn 0.3121 0.6501 -0.6928
vn 0.2726 0.6524 -0.7072
vn 0.2594 0.6310 -0.7311
vn 0.8007 0.5978 -0.0391
vn 0.7992 0.5955 -0.0813
vn 0.7807 0.6167 -0.1011
vn 0.7776 0.6118 -0.1449
vn 0.7556 0.6336 -0.1662
vn 0.7508 0.6259 -0.2111
vn 0.7252 0.6477 -0.2336
vn 0.7186 0.6370 -0.2789
vn 0.6894 0.6584 -0.3022
vn 0.6810 0.6448 -0.3470
vn 0.6483 0.6650 -0.3707
vn 0.6383 0.6488 -0.4142
vn 0.6026 0.6673 -0.4378
vn 0.5912 0.6488 -0.4791
vn 0.5529 0.6650 -0.5020
vn 0.5405 0.6448 -0.5405
vn 0.5004 0.6584 -0.5622
vn 0.4873 0.6370 -0.5973
vn 0.4463 0.6477 -0.6175
vn 0.4328 0.6259 -0.6489
vn 0.3916 0.6336 -0.6673
vn 0.3781 0.6118 -0.6948
vn 0.3374 0.6167 -0.7112
vn 0.3243 0.5955 -0.7350
vn 0.2846 0.5978 -0.7494
vn 0.2721 0.5776 -0.7697
vn 0.8386 0.5434 -0.0373
vn 0.8372 0.5411 -0.0796
vn 0.8218 0.5613 -0.0977
vn 0.8188 0.5564 -0.1415
vn 0.8002 0.5776 -0.1613
vn 0.7955 0.5699 -0.2061
vn 0.7734 0.5917 -0.2275
vn 0.7668 0.5811 -0.2726
vn 0.7411 0.6030 -0.2952
vn 0.7328 0.5895 -0.3399
vn 0.7035 0.6109 -0.3633
vn 0.6935 0.5947 -0.4067
vn 0.6607 0.6149 -0.4305
vn 0.6493 0.5965 -0.4718
vn 0.6136 0.6149 -0.4954
vn 0.6011 0.5947 -0.5339
vn 0.5629 0.6109 -0.5568
vn 0.5497 0.5895 -0.5919
vn 0.5098 0.6030 -0.6136
vn 0.4962 0.5811 -0.6451
vn 0.4553 0.5917 -0.6653
vn 0.4419 0.5699 -0.6928
vn 0.4007 0.5776 -0.7112
vn 0.3876 0.5564 -0.7350
vn 0.3469 0.5613 -0.7514
vn 0.3344 0.5411 -0.7716
vn 0.2946 0.5434 -0.7861
vn 0.2830 0.5246 -0.8030
vn 0.8710 0.4900 -0.0354
vn 0.8695 0.4877 -0.0777
vn 0.8571 0.5065 -0.0940
vn 0.8540 0.5016 -0.1377
vn 0.8386 0.5219 -0.1559
vn 0.8339 0.5142 -0.2005
vn 0.8152 0.5356 -0.2205
vn 0.8087 0.5250 -0.2654
vn 0.7865 0.5470 -0.2869
vn 0.7782 0.5336 -0.3313
vn 0.7523 0.5556 -0.3540
vn 0.7424 0.5395 -0.3973
vn 0.7129 0.5609 -0.4208
vn 0.7015 0.5425 -0.4621
vn 0.6687 0.5628 -0.4859
vn 0.6562 0.5425 -0.5244
vn 0.6205 0.5609 -0.5480
vn 0.6073 0.5395 -0.5833
vn 0.5692 0.5556 -0.6061
vn 0.5556 0.5336 -0.6377
vn 0.5158 0.5470 -0.6593
vn 0.5023 0.5250 -0.6871
vn 0.4616 0.5356 -0.7072
vn 0.4484 0.5142 -0.7311
vn 0.4074 0.5219 -0.7494
vn 0.3949 0.5017 -0.7697
vn 0.3543 0.5065 -0.7861
vn 0.3426 0.4877 -0.8030
vn 0.3028 0.4900 -0.8174
vn 0.2922 0.4728 -0.8313
vn -0.0110 0.9994 -0.0340
vn 0.0074 0.9959 -0.0907
vn 0.0270 0.9882 -0.1507
vn 0.0475 0.9758 -0.2134
vn 0.0687 0.9581 -0.2781
vn 0.0902 0.9346 -0.3440
vn 0.1117 0.9053 -0.4099
vn 0.1328 0.8701 -0.4746
vn 0.1531 0.8296 -0.5370
vn 0.1722 0.7844 -0.5959
vn 0.1898 0.7356 -0.6504
vn 0.2057 0.6841 -0.6998
vn 0.2199 0.6310 -0.7439
vn 0.2323 0.5776 -0.7826
vn 0.2430 0.5246 -0.8159
vn -0.0186 0.9982 -0.0573
vn -0.0593 0.9959 -0.0690
vn -0.0012 0.9931 -0.1171
vn -0.0418 0.9908 -0.1288
vn -0.0679 0.9931 -0.0954
vn -0.1104 0.9882 -0.1060
vn 0.0174 0.9835 -0.1801
vn -0.0232 0.9812 -0.1917
vn -0.0514 0.9861 -0.1581
vn -0.0940 0.9812 -0.1687
vn -0.1199 0.9835 -0.1355
vn -0.1638 0.9758 -0.1447
vn 0.0370 0.9687 -0.2456
vn -0.0034 0.9663 -0.2573
vn -0.0336 0.9741 -0.2238
vn -0.0762 0.9691 -0.2345
vn -0.1044 0.9741 -0.2008
vn -0.1485 0.9663 -0.2101
vn -0.1743 0.9687 -0.1770
vn -0.2190 0.9581 -0.1847
vn 0.0574 0.9481 -0.3129
vn 0.0172 0.9457 -0.3245
vn -0.0146 0.9564 -0.2918
vn -0.0571 0.9515 -0.3024
vn -0.0874 0.9592 -0.2689
vn -0.1315 0.9515 -0.2783
vn -0.1597 0.9564 -0.2447
vn -0.2046 0.9457 -0.2524
vn -0.2303 0.9481 -0.2194
vn -0.2752 0.9346 -0.2253
vn 0.0783 0.9214 -0.3808
vn 0.0384 0.9191 -0.3922
vn 0.0053 0.9326 -0.3610
vn -0.0371 0.9277 -0.3716
vn -0.0690 0.9383 -0.3389
vn -0.1131 0.9306 -0.3482
vn -0.1434 0.9383 -0.3147
vn -0.1884 0.9277 -0.3224
vn -0.2165 0.9326 -0.2889
vn -0.2616 0.9191 -0.2948
vn -0.2871 0.9214 -0.2620
vn -0.3313 0.9053 -0.2659
vn 0.0994 0.8885 -0.4479
vn 0.0596 0.8862 -0.4594
vn 0.0260 0.9024 -0.4301
vn -0.0163 0.8975 -0.4407
vn -0.0493 0.9110 -0.4094
vn -0.0935 0.9033 -0.4187
vn -0.1254 0.9140 -0.3859
vn -0.1705 0.9033 -0.3937
vn -0.2007 0.9110 -0.3602
vn -0.2459 0.8975 -0.3661
vn -0.2739 0.9024 -0.3327
vn -0.3183 0.8862 -0.3366
vn -0.3437 0.8885 -0.3040
vn -0.3865 0.8701 -0.3059
vn 0.1203 0.8498 -0.5131
vn 0.0806 0.8475 -0.5246
vn 0.0471 0.8660 -0.4979
vn 0.0049 0.8611 -0.5084
vn -0.0287 0.8773 -0.4791
vn -0.0728 0.8696 -0.4884
vn -0.1059 0.8831 -0.4571
vn -0.1510 0.8724 -0.4648
vn -0.1830 0.8831 -0.4321
vn -0.2282 0.8696 -0.4379
vn -0.2584 0.8773 -0.4045
vn -0.3028 0.8611 -0.4084
vn -0.3307 0.8660 -0.3751
vn -0.3736 0.8475 -0.3770
vn -0.3990 0.8498 -0.3444
vn -0.4395 0.8296 -0.3444
vn 0.1407 0.8059 -0.5751
vn 0.1009 0.8036 -0.5866
vn 0.0682 0.8238 -0.5628
vn 0.0260 0.8189 -0.5733
vn -0.0075 0.8374 -0.5466
vn -0.0516 0.8297 -0.5559
vn -0.0852 0.8458 -0.5266
vn -0.1303 0.8352 -0.5343
vn -0.1634 0.8487 -0.5030
vn -0.2086 0.8352 -0.5089
vn -0.2406 0.8458 -0.4761
vn -0.2850 0.8297 -0.4800
vn -0.3152 0.8374 -0.4466
vn -0.3580 0.8189 -0.4485
vn -0.3860 0.8238 -0.4152
vn -0.4264 0.8036 -0.4152
vn -0.4519 0.8059 -0.3826
vn -0.4895 0.7844 -0.3809
vn 0.1602 0.7576 -0.6328
vn 0.1202 0.7553 -0.6443
vn 0.0889 0.7767 -0.6236
vn 0.0466 0.7718 -0.6342
vn 0.0139 0.7920 -0.6104
vn -0.0302 0.7842 -0.6197
vn -0.0636 0.8027 -0.5930
vn -0.1087 0.7920 -0.6007
vn -0.1424 0.8082 -0.5714
vn -0.1876 0.7947 -0.5773
vn -0.2207 0.8082 -0.5460
vn -0.2651 0.7920 -0.5499
vn -0.2971 0.8027 -0.5172
vn -0.3399 0.7842 -0.5191
vn -0.3701 0.7920 -0.4857
vn -0.4105 0.7718 -0.4857
vn -0.4385 0.7767 -0.4523
vn -0.4760 0.7553 -0.4505
vn -0.5015 0.7576 -0.4178
vn -0.5358 0.7356 -0.4146
vn 0.1784 0.7060 -0.6854
vn 0.1382 0.7037 -0.6969
vn 0.1088 0.7256 -0.6794
vn 0.0664 0.7207 -0.6900
vn 0.0351 0.7420 -0.6694
vn -0.0090 0.7343 -0.6787
vn -0.0416 0.7545 -0.6550
vn -0.0867 0.7438 -0.6627
vn -0.1202 0.7622 -0.6360
vn -0.1654 0.7487 -0.6419
vn -0.1991 0.7649 -0.6126
vn -0.2435 0.7487 -0.6166
vn -0.2766 0.7622 -0.5852
vn -0.3194 0.7438 -0.5871
vn -0.3513 0.7545 -0.5544
vn -0.3917 0.7343 -0.5544
vn -0.4219 0.7420 -0.5209
vn -0.4593 0.7207 -0.5192
vn -0.4874 0.7256 -0.4857
vn -0.5215 0.7037 -0.4825
vn -0.5472 0.7060 -0.4496
vn -0.5778 0.6841 -0.4453
vn 0.1951 0.6524 -0.7323
vn 0.1547 0.6501 -0.7439
vn 0.1276 0.6719 -0.7296
vn 0.0851 0.6670 -0.7402
vn 0.0558 0.6888 -0.7228
vn 0.0116 0.6811 -0.7321
vn -0.0196 0.7024 -0.7115
vn -0.0647 0.6917 -0.7192
vn -0.0974 0.7119 -0.6955
vn -0.1426 0.6984 -0.7014
vn -0.1761 0.7168 -0.6747
vn -0.2205 0.7006 -0.6786
vn -0.2541 0.7168 -0.6493
vn -0.2969 0.6984 -0.6513
vn -0.3300 0.7119 -0.6199
vn -0.3704 0.6917 -0.6199
vn -0.4024 0.7024 -0.5872
vn -0.4397 0.6811 -0.5855
vn -0.4700 0.6888 -0.5520
vn -0.5039 0.6670 -0.5488
vn -0.5321 0.6719 -0.5152
vn -0.5625 0.6501 -0.5109
vn -0.5883 0.6524 -0.4778
vn -0.6151 0.6310 -0.4726
vn 0.2102 0.5978 -0.7736
vn 0.1697 0.5955 -0.7852
vn 0.1451 0.6167 -0.7737
vn 0.1025 0.6118 -0.7843
vn 0.0754 0.6336 -0.7700
vn 0.0313 0.6259 -0.7793
vn 0.0019 0.6477 -0.7619
vn -0.0431 0.6370 -0.7696
vn -0.0744 0.6584 -0.7490
vn -0.1196 0.6448 -0.7549
vn -0.1522 0.6650 -0.7311
vn -0.1967 0.6489 -0.7351
vn -0.2302 0.6673 -0.7083
vn -0.2730 0.6489 -0.7103
vn -0.3066 0.6650 -0.6810
vn -0.3470 0.6448 -0.6810
vn -0.3801 0.6584 -0.6497
vn -0.4175 0.6370 -0.6480
vn -0.4494 0.6477 -0.6153
vn -0.4834 0.6259 -0.6121
vn -0.5136 0.6336 -0.5786
vn -0.5439 0.6118 -0.5743
vn -0.5722 0.6167 -0.5406
vn -0.5988 0.5955 -0.5355
vn -0.6248 0.5978 -0.5022
vn -0.6479 0.5776 -0.4966
vn 0.2237 0.5434 -0.8091
vn 0.1830 0.5411 -0.8208
vn 0.1610 0.5613 -0.8118
vn 0.1184 0.5564 -0.8225
vn 0.0938 0.5776 -0.8109
vn 0.0498 0.5699 -0.8202
vn 0.0226 0.5917 -0.8058
vn -0.0223 0.5811 -0.8136
vn -0.0517 0.6030 -0.7961
vn -0.0968 0.5895 -0.8020
vn -0.1281 0.6109 -0.7813
vn -0.1725 0.5947 -0.7852
vn -0.2052 0.6149 -0.7614
vn -0.2480 0.5965 -0.7633
vn -0.2815 0.6149 -0.7366
vn -0.3220 0.5947 -0.7366
vn -0.3556 0.6109 -0.7074
vn -0.3931 0.5895 -0.7057
vn -0.4261 0.6030 -0.6744
vn -0.4601 0.5811 -0.6713
vn -0.4920 0.5917 -0.6386
vn -0.5224 0.5699 -0.6343
vn -0.5526 0.5776 -0.6009
vn -0.5792 0.5564 -0.5958
vn -0.6075 0.5613 -0.5621
vn -0.6305 0.5411 -0.5565
vn -0.6566 0.5434 -0.5231
vn -0.6762 0.5246 -0.5173
vn 0.2355 0.4900 -0.8393
vn 0.1948 0.4877 -0.8510
vn 0.1754 0.5065 -0.8442
vn 0.1329 0.5017 -0.8548
vn 0.1109 0.5219 -0.8458
vn 0.0670 0.5142 -0.8550
vn 0.0422 0.5356 -0.8434
vn -0.0025 0.5250 -0.8511
vn -0.0298 0.5470 -0.8366
vn -0.0747 0.5336 -0.8425
vn -0.1042 0.5556 -0.8249
vn -0.1485 0.5395 -0.8288
vn -0.1799 0.5609 -0.8081
vn -0.2227 0.5425 -0.8100
vn -0.2554 0.5628 -0.7862
vn -0.2960 0.5425 -0.7862
vn -0.3294 0.5609 -0.7595
vn -0.3671 0.5395 -0.7578
vn -0.4005 0.5556 -0.7286
vn -0.4348 0.5336 -0.7254
vn -0.4676 0.5470 -0.6943
vn -0.4982 0.5250 -0.6900
vn -0.5299 0.5356 -0.6575
vn -0.5568 0.5142 -0.6524
vn -0.5868 0.5219 -0.6191
vn -0.6100 0.5017 -0.6134
vn -0.6381 0.5065 -0.5798
vn -0.6578 0.4877 -0.5740
vn -0.6838 0.4900 -0.5406
vn -0.7003 0.4728 -0.5348
vn -0.0357 0.9994 -0.0000
vn -0.0840 0.9959 -0.0351
vn -0.1350 0.9882 -0.0722
vn -0.1883 0.9758 -0.1111
vn -0.2433 0.9581 -0.1512
vn -0.2993 0.9346 -0.1921
vn -0.3553 0.9053 -0.2329
vn -0.4103 0.8701 -0.2730
vn -0.4634 0.8296 -0.3115
vn -0.5135 0.7844 -0.3479
vn -0.5599 0.7356 -0.3814
vn -0.6020 0.6841 -0.4119
vn -0.6396 0.6310 -0.4390
vn -0.6725 0.5776 -0.4627
vn -0.7009 0.5246 -0.4833
vn -0.0603 0.9982 -0.0000
vn -0.0840 0.9959 0.0351
vn -0.1117 0.9931 -0.0351
vn -0.1354 0.9908 -0.0000
vn -0.1117 0.9931 0.0351
vn -0.1350 0.9882 0.0722
vn -0.1659 0.9835 -0.0722
vn -0.1895 0.9812 -0.0372
vn -0.1662 0.9861 -0.0000
vn -0.1895 0.9812 0.0372
vn -0.1659 0.9835 0.0722
vn -0.1883 0.9758 0.1111
vn -0.2222 0.9687 -0.1111
vn -0.2457 0.9663 -0.0763
vn -0.2232 0.9741 -0.0372
vn -0.2465 0.9691 -0.0000
vn -0.2232 0.9741 0.0372
vn -0.2457 0.9663 0.0763
vn -0.2222 0.9687 0.1111
vn -0.2433 0.9581 0.1512
vn -0.2799 0.9481 -0.1512
vn -0.3033 0.9457 -0.1166
vn -0.2820 0.9564 -0.0763
vn -0.3053 0.9515 -0.0391
vn -0.2828 0.9592 -0.0000
vn -0.3053 0.9515 0.0391
vn -0.2820 0.9564 0.0763
vn -0.3033 0.9457 0.1166
vn -0.2799 0.9481 0.1512
vn -0.2993 0.9346 0.1921
vn -0.3379 0.9214 -0.1921
vn -0.3612 0.9191 -0.1577
vn -0.3417 0.9326 -0.1166
vn -0.3649 0.9277 -0.0796
vn -0.3436 0.9383 -0.0391
vn -0.3661 0.9306 -0.0000
vn -0.3436 0.9383 0.0391
vn -0.3649 0.9277 0.0796
vn -0.3417 0.9326 0.1166
vn -0.3612 0.9191 0.1577
vn -0.3379 0.9214 0.1921
vn -0.3553 0.9053 0.2329
vn -0.3953 0.8885 -0.2329
vn -0.4185 0.8862 -0.1987
vn -0.4010 0.9024 -0.1577
vn -0.4242 0.8975 -0.1207
vn -0.4046 0.9110 -0.0796
vn -0.4271 0.9033 -0.0405
vn -0.4058 0.9140 -0.0000
vn -0.4271 0.9033 0.0405
vn -0.4046 0.9110 0.0796
vn -0.4242 0.8975 0.1207
vn -0.4010 0.9024 0.1577
vn -0.4185 0.8862 0.1987
vn -0.3953 0.8885 0.2329
vn -0.4103 0.8701 0.2730
vn -0.4509 0.8498 -0.2730
vn -0.4740 0.8475 -0.2388
vn -0.4589 0.8660 -0.1987
vn -0.4820 0.8611 -0.1618
vn -0.4646 0.8773 -0.1207
vn -0.4870 0.8696 -0.0817
vn -0.4674 0.8831 -0.0405
vn -0.4887 0.8724 -0.0000
vn -0.4674 0.8831 0.0405
vn -0.4870 0.8696 0.0817
vn -0.4646 0.8773 0.1207
vn -0.4820 0.8611 0.1618
vn -0.4589 0.8660 0.1987
vn -0.4740 0.8475 0.2388
vn -0.4509 0.8498 0.2730
vn -0.4634 0.8296 0.3115
vn -0.5035 0.8059 -0.3115
vn -0.5267 0.8036 -0.2773
vn -0.5141 0.8238 -0.2388
vn -0.5372 0.8189 -0.2019
vn -0.5222 0.8374 -0.1618
vn -0.5446 0.8297 -0.1227
vn -0.5272 0.8458 -0.0817
vn -0.5484 0.8352 -0.0412
vn -0.5289 0.8487 -0.0000
vn -0.5484 0.8352 0.0412
vn -0.5272 0.8458 0.0817
vn -0.5446 0.8297 0.1227
vn -0.5222 0.8374 0.1618
vn -0.5372 0.8189 0.2019
vn -0.5141 0.8238 0.2388
vn -0.5267 0.8036 0.2773
vn -0.5035 0.8059 0.3115
vn -0.5135 0.7844 0.3479
vn -0.5523 0.7576 -0.3479
vn -0.5756 0.7553 -0.3134
vn -0.5656 0.7767 -0.2773
vn -0.5887 0.7718 -0.2403
vn -0.5762 0.7920 -0.2019
vn -0.5987 0.7842 -0.1628
vn -0.5837 0.8027 -0.1227
vn -0.6049 0.7920 -0.0822
vn -0.5875 0.8082 -0.0412
vn -0.6071 0.7947 -0.0000
vn -0.5875 0.8082 0.0412
vn -0.6049 0.7920 0.0822
vn -0.5837 0.8027 0.1227
vn -0.5987 0.7842 0.1628
vn -0.5762 0.7920 0.2019
vn -0.5887 0.7718 0.2403
vn -0.5656 0.7767 0.2773
vn -0.5756 0.7553 0.3134
vn -0.5523 0.7576 0.3479
vn -0.5599 0.7356 0.3814
vn -0.5967 0.7060 -0.3814
vn -0.6201 0.7037 -0.3468
vn -0.6126 0.7256 -0.3134
vn -0.6357 0.7207 -0.2764
vn -0.6258 0.7420 -0.2403
vn -0.6483 0.7343 -0.2012
vn -0.6358 0.7545 -0.1628
vn -0.6571 0.7438 -0.1223
vn -0.6420 0.7622 -0.0822
vn -0.6616 0.7487 -0.0410
vn -0.6442 0.7649 -0.0000
vn -0.6616 0.7487 0.0410
vn -0.6420 0.7622 0.0822
vn -0.6571 0.7438 0.1223
vn -0.6358 0.7545 0.1628
vn -0.6483 0.7343 0.2012
vn -0.6258 0.7420 0.2403
vn -0.6357 0.7207 0.2764
vn -0.6126 0.7256 0.3134
vn -0.6201 0.7037 0.3468
vn -0.5967 0.7060 0.3814
vn -0.6020 0.6841 0.4119
vn -0.6362 0.6524 -0.4119
vn -0.6597 0.6501 -0.3771
vn -0.6544 0.6719 -0.3468
vn -0.6777 0.6670 -0.3097
vn -0.6702 0.6888 -0.2764
vn -0.6927 0.6811 -0.2373
vn -0.6828 0.7024 -0.2012
vn -0.7040 0.6917 -0.1607
vn -0.6916 0.7119 -0.1223
vn -0.7111 0.6984 -0.0811
vn -0.6961 0.7168 -0.0410
vn -0.7135 0.7006 -0.0000
vn -0.6961 0.7168 0.0410
vn -0.7111 0.6984 0.0811
vn -0.6916 0.7119 0.1223
vn -0.7040 0.6917 0.1607
vn -0.6828 0.7024 0.2012
vn -0.6927 0.6811 0.2373
vn -0.6702 0.6888 0.2764
vn -0.6777 0.6670 0.3097
vn -0.6544 0.6719 0.3468
vn -0.6597 0.6501 0.3771
vn -0.6362 0.6524 0.4119
vn -0.6396 0.6310 0.4390
vn -0.6707 0.5978 -0.4390
vn -0.6944 0.5955 -0.4040
vn -0.6910 0.6167 -0.3771
vn -0.7143 0.6118 -0.3398
vn -0.7090 0.6336 -0.3097
vn -0.7315 0.6259 -0.2705
vn -0.7240 0.6477 -0.2373
vn -0.7453 0.6370 -0.1968
vn -0.7353 0.6584 -0.1607
vn -0.7549 0.6448 -0.1196
vn -0.7424 0.6650 -0.0811
vn -0.7599 0.6488 -0.0401
vn -0.7448 0.6673 -0.0000
vn -0.7599 0.6488 0.0401
vn -0.7424 0.6650 0.0811
vn -0.7549 0.6448 0.1196
vn -0.7353 0.6584 0.1607
vn -0.7453 0.6370 0.1968
vn -0.7240 0.6477 0.2373
vn -0.7315 0.6259 0.2705
vn -0.7090 0.6336 0.3097
vn -0.7143 0.6118 0.3398
vn -0.6910 0.6167 0.3771
vn -0.6944 0.5955 0.4040
vn -0.6707 0.5978 0.4390
vn -0.6725 0.5776 0.4627
vn -0.7004 0.5434 -0.4628
vn -0.7241 0.5411 -0.4277
vn -0.7223 0.5613 -0.4040
vn -0.7456 0.5564 -0.3668
vn -0.7422 0.5776 -0.3398
vn -0.7647 0.5699 -0.3008
vn -0.7594 0.5917 -0.2706
vn -0.7806 0.5811 -0.2302
vn -0.7731 0.6030 -0.1968
vn -0.7926 0.5895 -0.1558
vn -0.7827 0.6109 -0.1196
vn -0.8001 0.5947 -0.0786
vn -0.7876 0.6149 -0.0401
vn -0.8026 0.5965 -0.0000
vn -0.7876 0.6149 0.0401
vn -0.8001 0.5947 0.0786
vn -0.7827 0.6109 0.1196
vn -0.7926 0.5895 0.1558
vn -0.7731 0.6030 0.1968
vn -0.7806 0.5811 0.2302
vn -0.7594 0.5917 0.2706
vn -0.7647 0.5699 0.3008
vn -0.7422 0.5776 0.3398
vn -0.7456 0.5564 0.3668
vn -0.7223 0.5613 0.4040
vn -0.7241 0.5411 0.4277
vn -0.7004 0.5434 0.4628
vn -0.7009 0.5246 0.4833
vn -0.7255 0.4900 -0.4833
vn -0.7492 0.4877 -0.4482
vn -0.7487 0.5065 -0.4277
vn -0.7719 0.5017 -0.3906
vn -0.7701 0.5219 -0.3668
vn -0.7925 0.5142 -0.3279
vn -0.7891 0.5356 -0.3008
vn -0.8102 0.5250 -0.2606
vn -0.8049 0.5470 -0.2302
vn -0.8243 0.5336 -0.1893
vn -0.8167 0.5556 -0.1558
vn -0.8341 0.5395 -0.1149
vn -0.8241 0.5609 -0.0786
vn -0.8392 0.5425 -0.0385
vn -0.8266 0.5628 -0.0000
vn -0.8392 0.5425 0.0385
vn -0.8241 0.5609 0.0786
vn -0.8341 0.5395 0.1149
vn -0.8167 0.5556 0.1558
vn -0.8243 0.5336 0.1893
vn -0.8049 0.5470 0.2302
vn -0.8102 0.5250 0.2606
vn -0.7891 0.5356 0.3008
vn -0.7925 0.5142 0.3279
vn -0.7701 0.5219 0.3668
vn -0.7719 0.5017 0.3906
vn -0.7487 0.5065 0.4277
vn -0.7492 0.4877 0.4482
vn -0.7255 0.4900 0.4833
vn -0.7250 0.4728 0.5008
vn -0.0110 0.9994 0.0340
vn -0.0593 0.9959 0.0690
vn -0.1104 0.9882 0.1060
vn -0.1638 0.9758 0.1447
vn -0.2190 0.9581 0.1847
vn -0.2752 0.9346 0.2253
vn -0.3313 0.9053 0.2659
vn -0.3865 0.8701 0.3059
vn -0.4395 0.8296 0.3444
vn -0.4895 0.7844 0.3809
vn -0.5358 0.7356 0.4146
vn -0.5778 0.6841 0.4453
vn -0.6151 0.6310 0.4726
vn -0.6479 0.5776 0.4966
vn -0.6762 0.5246 0.5173
vn -0.0186 0.9982 0.0573
vn 0.0074 0.9959 0.0907
vn -0.0679 0.9931 0.0954
vn -0.0418 0.9908 0.1288
vn -0.0012 0.9931 0.1171
vn 0.0270 0.9882 0.1507
vn -0.1199 0.9835 0.1355
vn -0.0940 0.9812 0.1687
vn -0.0514 0.9861 0.1581
vn -0.0232 0.9812 0.1917
vn 0.0174 0.9835 0.1801
vn 0.0475 0.9758 0.2134
vn -0.1743 0.9687 0.1770
vn -0.1485 0.9663 0.2101
vn -0.1044 0.9741 0.2008
vn -0.0762 0.9691 0.2345
vn -0.0336 0.9741 0.2238
vn -0.0034 0.9663 0.2573
vn 0.0370 0.9687 0.2456
vn 0.0687 0.9581 0.2781
vn -0.2303 0.9481 0.2194
vn -0.2046 0.9457 0.2524
vn -0.1597 0.9564 0.2447
vn -0.1315 0.9515 0.2783
vn -0.0874 0.9592 0.2689
vn -0.0571 0.9515 0.3024
vn -0.0146 0.9564 0.2918
vn 0.0172 0.9457 0.3245
vn 0.0574 0.9481 0.3129
vn 0.0902 0.9346 0.3440
vn -0.2871 0.9214 0.2620
vn -0.2616 0.9191 0.2948
vn -0.2165 0.9326 0.2889
vn -0.1884 0.9277 0.3224
vn -0.1434 0.9383 0.3147
vn -0.1131 0.9306 0.3482
vn -0.0690 0.9383 0.3389
vn -0.0371 0.9277 0.3716
vn 0.0053 0.9326 0.3610
vn 0.0384 0.9191 0.3922
vn 0.0783 0.9214 0.3808
vn 0.1117 0.9053 0.4099
vn -0.3437 0.8885 0.3040
vn -0.3183 0.8862 0.3366
vn -0.2739 0.9024 0.3327
vn -0.2459 0.8975 0.3661
vn -0.2007 0.9110 0.3602
vn -0.1705 0.9033 0.3937
vn -0.1254 0.9140 0.3859
vn -0.0935 0.9033 0.4187
vn -0.0493 0.9110 0.4094
vn -0.0163 0.8975 0.4407
vn 0.0260 0.9024 0.4301
vn 0.0596 0.8862 0.4594
vn 0.0994 0.8885 0.4479
vn 0.1328 0.8701 0.4746
vn -0.3990 0.8498 0.3444
vn -0.3736 0.8475 0.3770
vn -0.3307 0.8660 0.3751
vn -0.3028 0.8611 0.4084
vn -0.2584 0.8773 0.4045
vn -0.2282 0.8696 0.4379
vn -0.1830 0.8831 0.4320
vn -0.1510 0.8724 0.4648
vn -0.1059 0.8831 0.4571
vn -0.0728 0.8696 0.4884
vn -0.0287 0.8773 0.4791
vn 0.0049 0.8611 0.5084
vn 0.0471 0.8660 0.4979
vn 0.0806 0.8475 0.5246
vn 0.1203 0.8498 0.5131
vn 0.1531 0.8296 0.5370
vn -0.4519 0.8059 0.3826
vn -0.4264 0.8036 0.4152
vn -0.3860 0.8238 0.4152
vn -0.3580 0.8189 0.4485
vn -0.3152 0.8374 0.4466
vn -0.2850 0.8297 0.4800
vn -0.2406 0.8458 0.4761
vn -0.2086 0.8352 0.5089
vn -0.1634 0.8487 0.5030
vn -0.1303 0.8352 0.5343
vn -0.0852 0.8458 0.5266
vn -0.0516 0.8297 0.5559
vn -0.0075 0.8374 0.5466
vn 0.0260 0.8189 0.5733
vn 0.0682 0.8238 0.5628
vn 0.1009 0.8036 0.5866
vn 0.1407 0.8059 0.5751
vn 0.1722 0.7844 0.5959
vn -0.5015 0.7576 0.4178
vn -0.4760 0.7553 0.4505
vn -0.4385 0.7767 0.4523
vn -0.4105 0.7718 0.4857
vn -0.3701 0.7920 0.4857
vn -0.3399 0.7842 0.5191
vn -0.2971 0.8027 0.5172
vn -0.2651 0.7920 0.5499
vn -0.2207 0.8082 0.5460
vn -0.1876 0.7947 0.5773
vn -0.1424 0.8082 0.5714
vn -0.1087 0.7920 0.6007
vn -0.0636 0.8027 0.5930
vn -0.0302 0.7842 0.6197
vn 0.0139 0.7920 0.6104
vn 0.0466 0.7718 0.6342
vn 0.0889 0.7767 0.6236
vn 0.1202 0.7553 0.6443
vn 0.1602 0.7576 0.6328
vn 0.1897 0.7356 0.6504
vn -0.5472 0.7060 0.4496
vn -0.5215 0.7037 0.4825
vn -0.4874 0.7256 0.4857
vn -0.4593 0.7207 0.5192
vn -0.4219 0.7420 0.5209
vn -0.3917 0.7343 0.5544
vn -0.3513 0.7545 0.5544
vn -0.3194 0.7438 0.5871
vn -0.2766 0.7622 0.5852
vn -0.2435 0.7487 0.6166
vn -0.1991 0.7649 0.6126
vn -0.1654 0.7487 0.6419
vn -0.1202 0.7622 0.6360
vn -0.0867 0.7438 0.6627
vn -0.0416 0.7545 0.6550
vn -0.0090 0.7343 0.6787
vn 0.0351 0.7420 0.6694
vn 0.0664 0.7207 0.6900
vn 0.1088 0.7256 0.6794
vn 0.1382 0.7037 0.6969
vn 0.1784 0.7060 0.6854
vn 0.2057 0.6841 0.6998
vn -0.5883 0.6524 0.4778
vn -0.5625 0.6501 0.5109
vn -0.5321 0.6719 0.5152
vn -0.5039 0.6670 0.5488
vn -0.4700 0.6888 0.5520
vn -0.4397 0.6811 0.5855
vn -0.4024 0.7024 0.5872
vn -0.3704 0.6917 0.6199
vn -0.3300 0.7119 0.6199
vn -0.2969 0.6984 0.6513
vn -0.2541 0.7168 0.6493
vn -0.2205 0.7006 0.6786
vn -0.1761 0.7168 0.6747
vn -0.1426 0.6984 0.7014
vn -0.0974 0.7119 0.6955
vn -0.0647 0.6917 0.7192
vn -0.0196 0.7024 0.7115
vn 0.0116 0.6811 0.7321
vn 0.0558 0.6888 0.7228
vn 0.0851 0.6670 0.7402
vn 0.1276 0.6719 0.7296
vn 0.1547 0.6501 0.7439
vn 0.1951 0.6524 0.7323
vn 0.2199 0.6310 0.7439
vn -0.6248 0.5978 0.5022
vn -0.5988 0.5955 0.5355
vn -0.5722 0.6167 0.5406
vn -0.5439 0.6118 0.5743
vn -0.5136 0.6336 0.5786
vn -0.4834 0.6259 0.6121
vn -0.4494 0.6477 0.6153
vn -0.4175 0.6370 0.6480
vn -0.3801 0.6584 0.6497
vn -0.3470 0.6448 0.6810
vn -0.3066 0.6650 0.6810
vn -0.2730 0.6488 0.7103
vn -0.2302 0.6673 0.7083
vn -0.1967 0.6488 0.7351
vn -0.1522 0.6650 0.7311
vn -0.1196 0.6448 0.7549
vn -0.0744 0.6584 0.7490
vn -0.0431 0.6370 0.7696
vn 0.0019 0.6477 0.7619
vn 0.0313 0.6259 0.7793
vn 0.0754 0.6336 0.7700
vn 0.1025 0.6118 0.7843
vn 0.1451 0.6167 0.7737
vn 0.1697 0.5955 0.7852
vn 0.2102 0.5978 0.7736
vn 0.2323 0.5776 0.7826
vn -0.6566 0.5434 0.5231
vn -0.6305 0.5411 0.5565
vn -0.6075 0.5613 0.5621
vn -0.5792 0.5564 0.5958
vn -0.5526 0.5776 0.6009
vn -0.5224 0.5699 0.6343
vn -0.4920 0.5917 0.6386
vn -0.4601 0.5811 0.6713
vn -0.4261 0.6030 0.6744
vn -0.3931 0.5895 0.7057
vn -0.3556 0.6109 0.7074
vn -0.3220 0.5947 0.7366
vn -0.2815 0.6149 0.7366
vn -0.2480 0.5965 0.7633
vn -0.2052 0.6149 0.7614
vn -0.1725 0.5947 0.7852
vn -0.1281 0.6109 0.7813
vn -0.0968 0.5895 0.8020
vn -0.0517 0.6030 0.7961
vn -0.0223 0.5811 0.8135
vn 0.0226 0.5917 0.8058
vn 0.0498 0.5699 0.8202
vn 0.0938 0.5776 0.8109
vn 0.1184 0.5564 0.8225
vn 0.1610 0.5613 0.8118
vn 0.1830 0.5411 0.8208
vn 0.2237 0.5434 0.8091
vn 0.2430 0.5246 0.8159
vn -0.6838 0.4900 0.5406
vn -0.6578 0.4877 0.5740
vn -0.6381 0.5065 0.5798
vn -0.6100 0.5017 0.6134
vn -0.5868 0.5219 0.6191
vn -0.5568 0.5142 0.6524
vn -0.5299 0.5356 0.6575
vn -0.4982 0.5250 0.6900
vn -0.4676 0.5470 0.6943
vn -0.4348 0.5336 0.7254
vn -0.4005 0.5556 0.7286
vn -0.3671 0.5395 0.7578
vn -0.3294 0.5610 0.7595
vn -0.2960 0.5425 0.7862
vn -0.2554 0.5628 0.7862
vn -0.2227 0.5425 0.8100
vn -0.1799 0.5609 0.8081
vn -0.1485 0.5395 0.8288
vn -0.1042 0.5556 0.8249
vn -0.0747 0.5336 0.8425
vn -0.0298 0.5470 0.8366
vn -0.0025 0.5250 0.8511
vn 0.0422 0.5356 0.8434
vn 0.0670 0.5142 0.8550
vn 0.1109 0.5219 0.8458
vn 0.1329 0.5017 0.8548
vn 0.1754 0.5065 0.8442
vn 0.1948 0.4877 0.8510
vn 0.2355 0.4900 0.8393
vn 0.2522 0.4728 0.8443
vn 0.0289 0.9994 0.0210
vn 0.0473 0.9959 0.0777
vn 0.0667 0.9882 0.1377
vn 0.0870 0.9758 0.2005
vn 0.1079 0.9581 0.2654
vn 0.1292 0.9346 0.3313
vn 0.1505 0.9053 0.3973
vn 0.1715 0.8701 0.4621
vn 0.1918 0.8296 0.5244
vn 0.2109 0.7844 0.5833
vn 0.2288 0.7356 0.6377
vn 0.2450 0.6841 0.6871
vn 0.2594 0.6310 0.7311
vn 0.2721 0.5776 0.7697
vn 0.2830 0.5246 0.8030
vn 0.0488 0.9982 0.0354
vn 0.0885 0.9959 0.0210
vn 0.0698 0.9931 0.0940
vn 0.1096 0.9908 0.0796
vn 0.1110 0.9931 0.0373
vn 0.1516 0.9882 0.0209
vn 0.0918 0.9835 0.1559
vn 0.1314 0.9812 0.1415
vn 0.1345 0.9861 0.0977
vn 0.1752 0.9812 0.0813
vn 0.1766 0.9835 0.0391
vn 0.2176 0.9758 0.0208
vn 0.1145 0.9687 0.2205
vn 0.1539 0.9663 0.2061
vn 0.1587 0.9741 0.1613
vn 0.1995 0.9691 0.1449
vn 0.2025 0.9741 0.1011
vn 0.2436 0.9663 0.0827
vn 0.2450 0.9687 0.0407
vn 0.2857 0.9581 0.0207
vn 0.1375 0.9481 0.2869
vn 0.1768 0.9457 0.2726
vn 0.1833 0.9564 0.2275
vn 0.2240 0.9515 0.2111
vn 0.2288 0.9592 0.1662
vn 0.2700 0.9515 0.1478
vn 0.2730 0.9564 0.1041
vn 0.3139 0.9457 0.0839
vn 0.3153 0.9480 0.0421
vn 0.3551 0.9346 0.0205
vn 0.1605 0.9214 0.3540
vn 0.1995 0.9191 0.3399
vn 0.2079 0.9326 0.2952
vn 0.2484 0.9277 0.2788
vn 0.2550 0.9383 0.2336
vn 0.2962 0.9306 0.2152
vn 0.3010 0.9383 0.1703
vn 0.3420 0.9277 0.1501
vn 0.3450 0.9326 0.1065
vn 0.3849 0.9191 0.0847
vn 0.3863 0.9214 0.0432
vn 0.4244 0.9053 0.0204
vn 0.1829 0.8885 0.4208
vn 0.2218 0.8862 0.4067
vn 0.2318 0.9024 0.3633
vn 0.2722 0.8975 0.3470
vn 0.2806 0.9110 0.3022
vn 0.3217 0.9033 0.2838
vn 0.3283 0.9140 0.2385
vn 0.3693 0.9033 0.2183
vn 0.3741 0.9110 0.1734
vn 0.4141 0.8975 0.1516
vn 0.4171 0.9024 0.1082
vn 0.4553 0.8862 0.0853
vn 0.4567 0.8885 0.0439
vn 0.4925 0.8701 0.0203
vn 0.2043 0.8498 0.4859
vn 0.2431 0.8475 0.4718
vn 0.2545 0.8660 0.4305
vn 0.2949 0.8611 0.4142
vn 0.3049 0.8773 0.3707
vn 0.3460 0.8696 0.3523
vn 0.3544 0.8831 0.3075
vn 0.3954 0.8724 0.2873
vn 0.4020 0.8831 0.2420
vn 0.4420 0.8696 0.2202
vn 0.4468 0.8773 0.1754
vn 0.4850 0.8611 0.1525
vn 0.4880 0.8660 0.1090
vn 0.5238 0.8475 0.0854
vn 0.5252 0.8498 0.0441
vn 0.5580 0.8296 0.0203
vn 0.2242 0.8059 0.5480
vn 0.2631 0.8036 0.5339
vn 0.2756 0.8238 0.4954
vn 0.3160 0.8189 0.4791
vn 0.3274 0.8374 0.4378
vn 0.3685 0.8297 0.4194
vn 0.3785 0.8458 0.3759
vn 0.4195 0.8352 0.3557
vn 0.4279 0.8487 0.3109
vn 0.4679 0.8352 0.2890
vn 0.4745 0.8458 0.2438
vn 0.5127 0.8297 0.2208
vn 0.5175 0.8374 0.1761
vn 0.5533 0.8189 0.1525
vn 0.5563 0.8238 0.1090
vn 0.5890 0.8036 0.0853
vn 0.5905 0.8059 0.0439
vn 0.6199 0.7844 0.0204
vn 0.2424 0.7576 0.6061
vn 0.2814 0.7553 0.5919
vn 0.2946 0.7767 0.5568
vn 0.3351 0.7718 0.5405
vn 0.3475 0.7920 0.5020
vn 0.3887 0.7842 0.4836
vn 0.4001 0.8027 0.4424
vn 0.4411 0.7920 0.4221
vn 0.4511 0.8082 0.3786
vn 0.4911 0.7947 0.3568
vn 0.4995 0.8082 0.3120
vn 0.5377 0.7920 0.2890
vn 0.5443 0.8027 0.2438
vn 0.5801 0.7842 0.2202
vn 0.5848 0.7920 0.1754
vn 0.6175 0.7718 0.1516
vn 0.6206 0.7767 0.1082
vn 0.6499 0.7553 0.0847
vn 0.6513 0.7576 0.0432
vn 0.6772 0.7355 0.0205
vn 0.2585 0.7060 0.6593
vn 0.2978 0.7037 0.6451
vn 0.3113 0.7256 0.6136
vn 0.3519 0.7207 0.5973
vn 0.3650 0.7420 0.5622
vn 0.4062 0.7343 0.5438
vn 0.4187 0.7545 0.5054
vn 0.4597 0.7438 0.4852
vn 0.4711 0.7622 0.4439
vn 0.5111 0.7487 0.4221
vn 0.5211 0.7649 0.3786
vn 0.5594 0.7487 0.3557
vn 0.5678 0.7622 0.3109
vn 0.6035 0.7438 0.2873
vn 0.6101 0.7545 0.2420
vn 0.6428 0.7343 0.2183
vn 0.6475 0.7420 0.1734
vn 0.6768 0.7207 0.1501
vn 0.6798 0.7256 0.1065
vn 0.7055 0.7037 0.0839
vn 0.7069 0.7060 0.0421
vn 0.7291 0.6840 0.0206
vn 0.2726 0.6524 0.7072
vn 0.3121 0.6501 0.6928
vn 0.3256 0.6719 0.6653
vn 0.3662 0.6670 0.6489
vn 0.3797 0.6888 0.6175
vn 0.4209 0.6811 0.5991
vn 0.4341 0.7024 0.5641
vn 0.4751 0.6917 0.5438
vn 0.4876 0.7119 0.5054
vn 0.5276 0.6984 0.4836
vn 0.5390 0.7168 0.4424
vn 0.5773 0.7006 0.4194
vn 0.5873 0.7168 0.3759
vn 0.6230 0.6984 0.3524
vn 0.6314 0.7119 0.3075
vn 0.6640 0.6917 0.2838
vn 0.6706 0.7024 0.2385
vn 0.6999 0.6811 0.2152
vn 0.7046 0.6888 0.1703
vn 0.7303 0.6670 0.1478
vn 0.7333 0.6719 0.1041
vn 0.7554 0.6501 0.0827
vn 0.7568 0.6524 0.0407
vn 0.7755 0.6310 0.0208
vn 0.2846 0.5978 0.7494
vn 0.3243 0.5955 0.7350
vn 0.3374 0.6167 0.7112
vn 0.3781 0.6118 0.6948
vn 0.3916 0.6336 0.6673
vn 0.4328 0.6259 0.6489
vn 0.4463 0.6477 0.6175
vn 0.4873 0.6370 0.5973
vn 0.5004 0.6584 0.5622
vn 0.5405 0.6448 0.5405
vn 0.5529 0.6650 0.5020
vn 0.5912 0.6488 0.4791
vn 0.6026 0.6673 0.4378
vn 0.6383 0.6488 0.4142
vn 0.6483 0.6650 0.3707
vn 0.6810 0.6448 0.3470
vn 0.6894 0.6584 0.3022
vn 0.7186 0.6370 0.2789
vn 0.7252 0.6477 0.2336
vn 0.7508 0.6259 0.2111
vn 0.7556 0.6336 0.1662
vn 0.7776 0.6118 0.1449
vn 0.7807 0.6167 0.1011
vn 0.7992 0.5955 0.0813
vn 0.8007 0.5978 0.0391
vn 0.8161 0.5776 0.0209
vn 0.2946 0.5434 0.7861
vn 0.3344 0.5411 0.7716
vn 0.3469 0.5613 0.7514
vn 0.3876 0.5564 0.7350
vn 0.4007 0.5776 0.7112
vn 0.4419 0.5699 0.6928
vn 0.4553 0.5917 0.6653
vn 0.4962 0.5811 0.6451
vn 0.5098 0.6030 0.6136
vn 0.5497 0.5895 0.5919
vn 0.5629 0.6109 0.5568
vn 0.6011 0.5947 0.5339
vn 0.6136 0.6149 0.4954
vn 0.6493 0.5965 0.4718
vn 0.6607 0.6149 0.4305
vn 0.6935 0.5947 0.4067
vn 0.7035 0.6109 0.3633
vn 0.7328 0.5895 0.3399
vn 0.7411 0.6030 0.2952
vn 0.7668 0.5811 0.2726
vn 0.7734 0.5917 0.2275
vn 0.7955 0.5699 0.2061
vn 0.8002 0.5776 0.1613
vn 0.8188 0.5564 0.1415
vn 0.8218 0.5613 0.0977
vn 0.8372 0.5411 0.0796
vn 0.8386 0.5434 0.0373
vn 0.8511 0.5246 0.0210
vn 0.3028 0.4900 0.8174
vn 0.3426 0.4877 0.8030
vn 0.3543 0.5065 0.7861
vn 0.3949 0.5017 0.7697
vn 0.4074 0.5219 0.7494
vn 0.4484 0.5142 0.7311
vn 0.4616 0.5356 0.7072
vn 0.5023 0.5250 0.6871
vn 0.5158 0.5470 0.6593
vn 0.5556 0.5336 0.6377
vn 0.5692 0.5556 0.6061
vn 0.6073 0.5395 0.5833
vn 0.6205 0.5609 0.5480
vn 0.6562 0.5425 0.5244
vn 0.6687 0.5628 0.4859
vn 0.7015 0.5425 0.4621
vn 0.7129 0.5609 0.4208
vn 0.7424 0.5395 0.3973
vn 0.7523 0.5556 0.3540
vn 0.7782 0.5336 0.3313
vn 0.7865 0.5470 0.2869
vn 0.8087 0.5250 0.2654
vn 0.8152 0.5356 0.2205
vn 0.8339 0.5142 0.2005
vn 0.8386 0.5219 0.1559
vn 0.8540 0.5016 0.1377
vn 0.8571 0.5065 0.0940
vn 0.8695 0.4877 0.0777
vn 0.8710 0.4900 0.0354
vn 0.8809 0.4728 0.0210
vn 0.8988 0.4371 -0.0340
vn 0.9172 0.3923 -0.0690
vn 0.9332 0.3432 -0.1060
vn 0.9461 0.2899 -0.1447
vn 0.9549 0.2326 -0.1847
vn 0.9590 0.1718 -0.2253
vn 0.9579 0.1085 -0.2659
vn 0.9511 0.0435 -0.3059
vn 0.9386 -0.0221 -0.3444
vn 0.9205 -0.0870 -0.3809
vn 0.8975 -0.1503 -0.4146
vn 0.8702 -0.2108 -0.4453
vn 0.8395 -0.2680 -0.4726
vn 0.8063 -0.3212 -0.4966
vn 0.7716 -0.3703 -0.5173
vn 0.9011 0.4297 -0.0573
vn 0.8874 0.4520 -0.0907
vn 0.9186 0.3834 -0.0954
vn 0.9049 0.4057 -0.1288
vn 0.8888 0.4431 -0.1171
vn 0.8718 0.4661 -0.1507
vn 0.9333 0.3326 -0.1354
vn 0.9196 0.3547 -0.1687
vn 0.9050 0.3951 -0.1581
vn 0.8879 0.4181 -0.1917
vn 0.8719 0.4554 -0.1801
vn 0.8516 0.4789 -0.2134
vn 0.9443 0.2773 -0.1770
vn 0.9307 0.2994 -0.2101
vn 0.9179 0.3422 -0.2008
vn 0.9009 0.3653 -0.2345
vn 0.8862 0.4056 -0.2238
vn 0.8658 0.4291 -0.2573
vn 0.8499 0.4663 -0.2456
vn 0.8262 0.4899 -0.2781
vn 0.9510 0.2180 -0.2194
vn 0.9374 0.2399 -0.2524
vn 0.9268 0.2849 -0.2447
vn 0.9098 0.3078 -0.2783
vn 0.8970 0.3508 -0.2689
vn 0.8766 0.3744 -0.3024
vn 0.8619 0.4146 -0.2918
vn 0.8382 0.4384 -0.3245
vn 0.8223 0.4753 -0.3129
vn 0.7956 0.4987 -0.3440
vn 0.9525 0.1552 -0.2620
vn 0.9390 0.1770 -0.2948
vn 0.9309 0.2234 -0.2889
vn 0.9140 0.2463 -0.3224
vn 0.9034 0.2914 -0.3147
vn 0.8829 0.3150 -0.3482
vn 0.8701 0.3579 -0.3389
vn 0.8463 0.3817 -0.3716
vn 0.8317 0.4218 -0.3610
vn 0.8049 0.4453 -0.3922
vn 0.7891 0.4821 -0.3808
vn 0.7597 0.5048 -0.4099
vn 0.9484 0.0899 -0.3040
vn 0.9350 0.1117 -0.3366
vn 0.9296 0.1586 -0.3327
vn 0.9127 0.1814 -0.3661
vn 0.9046 0.2279 -0.3602
vn 0.8842 0.2515 -0.3937
vn 0.8735 0.2966 -0.3859
vn 0.8497 0.3204 -0.4187
vn 0.8369 0.3633 -0.4094
vn 0.8100 0.3868 -0.4407
vn 0.7955 0.4269 -0.4301
vn 0.7660 0.4497 -0.4594
vn 0.7503 0.4863 -0.4479
vn 0.7188 0.5079 -0.4746
vn 0.9385 0.0232 -0.3444
vn 0.9251 0.0449 -0.3770
vn 0.9225 0.0914 -0.3751
vn 0.9056 0.1143 -0.4084
vn 0.9002 0.1612 -0.4045
vn 0.8798 0.1848 -0.4379
vn 0.8717 0.2313 -0.4321
vn 0.8479 0.2551 -0.4648
vn 0.8372 0.3002 -0.4571
vn 0.8103 0.3238 -0.4884
vn 0.7975 0.3666 -0.4791
vn 0.7680 0.3895 -0.5084
vn 0.7535 0.4294 -0.4979
vn 0.7220 0.4511 -0.5246
vn 0.7063 0.4877 -0.5131
vn 0.6735 0.5079 -0.5370
vn 0.9229 -0.0438 -0.3826
vn 0.9095 -0.0220 -0.4152
vn 0.9094 0.0232 -0.4152
vn 0.8926 0.0460 -0.4485
vn 0.8899 0.0926 -0.4466
vn 0.8695 0.1161 -0.4800
vn 0.8641 0.1631 -0.4761
vn 0.8403 0.1869 -0.5089
vn 0.8322 0.2334 -0.5030
vn 0.8053 0.2570 -0.5343
vn 0.7946 0.3020 -0.5266
vn 0.7651 0.3249 -0.5559
vn 0.7523 0.3678 -0.5466
vn 0.7209 0.3895 -0.5733
vn 0.7063 0.4294 -0.5628
vn 0.6736 0.4497 -0.5866
vn 0.6579 0.4863 -0.5751
vn 0.6246 0.5048 -0.5959
vn 0.9019 -0.1098 -0.4178
vn 0.8884 -0.0880 -0.4505
vn 0.8908 -0.0449 -0.4523
vn 0.8739 -0.0220 -0.4857
vn 0.8738 0.0232 -0.4857
vn 0.8534 0.0467 -0.5191
vn 0.8508 0.0932 -0.5172
vn 0.8270 0.1170 -0.5499
vn 0.8216 0.1640 -0.5460
vn 0.7947 0.1876 -0.5773
vn 0.7865 0.2341 -0.5715
vn 0.7570 0.2570 -0.6007
vn 0.7464 0.3020 -0.5930
vn 0.7149 0.3238 -0.6197
vn 0.7021 0.3666 -0.6104
vn 0.6695 0.3868 -0.6342
vn 0.6549 0.4269 -0.6236
vn 0.6218 0.4453 -0.6443
vn 0.6060 0.4821 -0.6328
vn 0.5730 0.4987 -0.6504
vn 0.8762 -0.1737 -0.4496
vn 0.8626 -0.1517 -0.4825
vn 0.8670 -0.1114 -0.4857
vn 0.8500 -0.0885 -0.5192
vn 0.8524 -0.0455 -0.5209
vn 0.8320 -0.0220 -0.5544
vn 0.8319 0.0232 -0.5544
vn 0.8081 0.0470 -0.5871
vn 0.8055 0.0935 -0.5852
vn 0.7786 0.1170 -0.6166
vn 0.7732 0.1640 -0.6126
vn 0.7436 0.1869 -0.6419
vn 0.7355 0.2334 -0.6360
vn 0.7041 0.2551 -0.6627
vn 0.6934 0.3002 -0.6550
vn 0.6608 0.3204 -0.6787
vn 0.6480 0.3633 -0.6694
vn 0.6149 0.3817 -0.6900
vn 0.6003 0.4218 -0.6794
vn 0.5676 0.4384 -0.6969
vn 0.5517 0.4753 -0.6854
vn 0.5198 0.4899 -0.6998
vn 0.8466 -0.2345 -0.4778
vn 0.8330 -0.2124 -0.5109
vn 0.8389 -0.1754 -0.5152
vn 0.8219 -0.1524 -0.5488
vn 0.8263 -0.1123 -0.5520
vn 0.8058 -0.0887 -0.5855
vn 0.8082 -0.0458 -0.5872
vn 0.7844 -0.0220 -0.6199
vn 0.7843 0.0232 -0.6199
vn 0.7574 0.0467 -0.6513
vn 0.7548 0.0932 -0.6493
vn 0.7253 0.1161 -0.6786
vn 0.7199 0.1631 -0.6747
vn 0.6884 0.1848 -0.7014
vn 0.6803 0.2313 -0.6955
vn 0.6476 0.2515 -0.7193
vn 0.6370 0.2966 -0.7115
vn 0.6040 0.3150 -0.7321
vn 0.5912 0.3579 -0.7228
vn 0.5585 0.3744 -0.7402
vn 0.5439 0.4146 -0.7296
vn 0.5122 0.4291 -0.7440
vn 0.4962 0.4663 -0.7323
vn 0.4661 0.4789 -0.7439
vn 0.8141 -0.2915 -0.5022
vn 0.8004 -0.2693 -0.5355
vn 0.8075 -0.2359 -0.5406
vn 0.7905 -0.2129 -0.5743
vn 0.7964 -0.1760 -0.5786
vn 0.7759 -0.1524 -0.6121
vn 0.7803 -0.1123 -0.6153
vn 0.7565 -0.0885 -0.6480
vn 0.7588 -0.0455 -0.6497
vn 0.7319 -0.0220 -0.6810
vn 0.7319 0.0232 -0.6810
vn 0.7024 0.0460 -0.7103
vn 0.6998 0.0926 -0.7083
vn 0.6683 0.1143 -0.7351
vn 0.6629 0.1612 -0.7311
vn 0.6302 0.1814 -0.7549
vn 0.6221 0.2279 -0.7490
vn 0.5891 0.2463 -0.7696
vn 0.5784 0.2914 -0.7619
vn 0.5458 0.3079 -0.7793
vn 0.5330 0.3508 -0.7700
vn 0.5014 0.3653 -0.7843
vn 0.4867 0.4056 -0.7737
vn 0.4568 0.4181 -0.7852
vn 0.4407 0.4554 -0.7736
vn 0.4127 0.4661 -0.7826
vn 0.7797 -0.3442 -0.5231
vn 0.7659 -0.3220 -0.5565
vn 0.7737 -0.2923 -0.5621
vn 0.7567 -0.2693 -0.5958
vn 0.7637 -0.2359 -0.6009
vn 0.7433 -0.2124 -0.6343
vn 0.7492 -0.1754 -0.6386
vn 0.7255 -0.1517 -0.6713
vn 0.7299 -0.1114 -0.6745
vn 0.7030 -0.0880 -0.7057
vn 0.7054 -0.0449 -0.7074
vn 0.6759 -0.0220 -0.7366
vn 0.6759 0.0232 -0.7366
vn 0.6444 0.0449 -0.7633
vn 0.6418 0.0914 -0.7614
vn 0.6091 0.1117 -0.7852
vn 0.6037 0.1586 -0.7813
vn 0.5705 0.1770 -0.8020
vn 0.5624 0.2234 -0.7961
vn 0.5297 0.2399 -0.8136
vn 0.5191 0.2849 -0.8059
vn 0.4874 0.2994 -0.8202
vn 0.4746 0.3422 -0.8109
vn 0.4447 0.3547 -0.8225
vn 0.4300 0.3951 -0.8118
vn 0.4021 0.4057 -0.8208
vn 0.3860 0.4431 -0.8091
vn 0.3605 0.4520 -0.8159
vn 0.7441 -0.3925 -0.5406
vn 0.7304 -0.3703 -0.5740
vn 0.7384 -0.3442 -0.5798
vn 0.7215 -0.3212 -0.6134
vn 0.7292 -0.2915 -0.6191
vn 0.7089 -0.2680 -0.6524
vn 0.7160 -0.2345 -0.6575
vn 0.6924 -0.2108 -0.6900
vn 0.6984 -0.1737 -0.6943
vn 0.6717 -0.1503 -0.7255
vn 0.6761 -0.1098 -0.7286
vn 0.6467 -0.0870 -0.7578
vn 0.6490 -0.0438 -0.7595
vn 0.6176 -0.0221 -0.7862
vn 0.6176 0.0232 -0.7862
vn 0.5848 0.0435 -0.8100
vn 0.5822 0.0899 -0.8081
vn 0.5489 0.1085 -0.8288
vn 0.5435 0.1552 -0.8249
vn 0.5106 0.1718 -0.8425
vn 0.5026 0.2180 -0.8366
vn 0.4707 0.2326 -0.8511
vn 0.4601 0.2773 -0.8434
vn 0.4300 0.2899 -0.8550
vn 0.4172 0.3326 -0.8458
vn 0.3892 0.3432 -0.8548
vn 0.3746 0.3834 -0.8442
vn 0.3491 0.3923 -0.8510
vn 0.3330 0.4298 -0.8393
vn 0.3101 0.4371 -0.8443
vn 0.2454 0.4371 -0.8653
vn 0.2178 0.3923 -0.8937
vn 0.1875 0.3432 -0.9203
vn 0.1547 0.2899 -0.9445
vn 0.1194 0.2326 -0.9652
vn 0.0821 0.1718 -0.9817
vn 0.0431 0.1085 -0.9932
vn 0.0030 0.0435 -0.9991
vn -0.0375 -0.0221 -0.9991
vn -0.0778 -0.0870 -0.9932
vn -0.1170 -0.1503 -0.9817
vn -0.1546 -0.2108 -0.9652
vn -0.1901 -0.2680 -0.9445
vn -0.2231 -0.3212 -0.9203
vn -0.2535 -0.3703 -0.8937
vn 0.2240 0.4297 -0.8747
vn 0.1880 0.4520 -0.8720
vn 0.1931 0.3834 -0.9031
vn 0.1571 0.4057 -0.9004
vn 0.1633 0.4431 -0.8815
vn 0.1261 0.4661 -0.8757
vn 0.1596 0.3326 -0.9295
vn 0.1237 0.3547 -0.9267
vn 0.1293 0.3951 -0.9095
vn 0.0920 0.4181 -0.9037
vn 0.0982 0.4554 -0.8849
vn 0.0602 0.4789 -0.8758
vn 0.1235 0.2773 -0.9528
vn 0.0878 0.2994 -0.9501
vn 0.0927 0.3422 -0.9350
vn 0.0554 0.3653 -0.9293
vn 0.0610 0.4056 -0.9120
vn 0.0229 0.4291 -0.9029
vn 0.0290 0.4663 -0.8842
vn -0.0092 0.4899 -0.8717
vn 0.0852 0.2180 -0.9722
vn 0.0497 0.2399 -0.9695
vn 0.0537 0.2849 -0.9571
vn 0.0165 0.3079 -0.9513
vn 0.0214 0.3508 -0.9362
vn -0.0168 0.3744 -0.9271
vn -0.0112 0.4146 -0.9099
vn -0.0496 0.4384 -0.8974
vn -0.0435 0.4753 -0.8788
vn -0.0813 0.4987 -0.8630
vn 0.0451 0.1552 -0.9868
vn 0.0098 0.1770 -0.9842
vn 0.0129 0.2234 -0.9746
vn -0.0242 0.2463 -0.9689
vn -0.0201 0.2914 -0.9564
vn -0.0583 0.3150 -0.9473
vn -0.0534 0.3579 -0.9322
vn -0.0919 0.3817 -0.9197
vn -0.0863 0.4218 -0.9026
vn -0.1243 0.4453 -0.8867
vn -0.1183 0.4821 -0.8681
vn -0.1551 0.5048 -0.8492
vn 0.0040 0.0899 -0.9959
vn -0.0312 0.1117 -0.9933
vn -0.0291 0.1586 -0.9869
vn -0.0661 0.1814 -0.9812
vn -0.0630 0.2279 -0.9716
vn -0.1012 0.2515 -0.9626
vn -0.0971 0.2966 -0.9501
vn -0.1356 0.3204 -0.9375
vn -0.1307 0.3633 -0.9225
vn -0.1688 0.3868 -0.9066
vn -0.1633 0.4269 -0.8895
vn -0.2002 0.4497 -0.8705
vn -0.1942 0.4863 -0.8520
vn -0.2293 0.5079 -0.8303
vn -0.0375 0.0232 -0.9990
vn -0.0727 0.0449 -0.9963
vn -0.0717 0.0914 -0.9932
vn -0.1086 0.1143 -0.9875
vn -0.1065 0.1612 -0.9811
vn -0.1446 0.1848 -0.9721
vn -0.1415 0.2313 -0.9625
vn -0.1801 0.2551 -0.9500
vn -0.1760 0.3002 -0.9375
vn -0.2141 0.3238 -0.9216
vn -0.2092 0.3666 -0.9065
vn -0.2462 0.3895 -0.8875
vn -0.2407 0.4294 -0.8704
vn -0.2758 0.4511 -0.8488
vn -0.2698 0.4877 -0.8303
vn -0.3026 0.5079 -0.8065
vn -0.0787 -0.0438 -0.9959
vn -0.1138 -0.0220 -0.9933
vn -0.1138 0.0232 -0.9932
vn -0.1508 0.0460 -0.9875
vn -0.1498 0.0926 -0.9844
vn -0.1879 0.1161 -0.9753
vn -0.1858 0.1631 -0.9690
vn -0.2243 0.1869 -0.9564
vn -0.2212 0.2334 -0.9469
vn -0.2593 0.2569 -0.9310
vn -0.2553 0.3020 -0.9185
vn -0.2923 0.3249 -0.8995
vn -0.2874 0.3678 -0.8844
vn -0.3225 0.3895 -0.8627
vn -0.3170 0.4294 -0.8457
vn -0.3497 0.4497 -0.8219
vn -0.3437 0.4863 -0.8034
vn -0.3737 0.5048 -0.7782
vn -0.1187 -0.1098 -0.9868
vn -0.1540 -0.0880 -0.9842
vn -0.1549 -0.0449 -0.9869
vn -0.1919 -0.0220 -0.9812
vn -0.1919 0.0232 -0.9811
vn -0.2300 0.0467 -0.9721
vn -0.2289 0.0932 -0.9690
vn -0.2675 0.1171 -0.9564
vn -0.2654 0.1640 -0.9501
vn -0.3035 0.1876 -0.9342
vn -0.3004 0.2341 -0.9246
vn -0.3374 0.2569 -0.9056
vn -0.3334 0.3020 -0.8931
vn -0.3685 0.3238 -0.8714
vn -0.3636 0.3666 -0.8564
vn -0.3963 0.3868 -0.8327
vn -0.3907 0.4269 -0.8156
vn -0.4206 0.4453 -0.7904
vn -0.4146 0.4821 -0.7718
vn -0.4415 0.4987 -0.7460
vn -0.1569 -0.1737 -0.9722
vn -0.1924 -0.1517 -0.9695
vn -0.1940 -0.1114 -0.9746
vn -0.2311 -0.0885 -0.9689
vn -0.2320 -0.0455 -0.9716
vn -0.2702 -0.0220 -0.9626
vn -0.2702 0.0232 -0.9625
vn -0.3087 0.0470 -0.9500
vn -0.3077 0.0935 -0.9469
vn -0.3458 0.1170 -0.9310
vn -0.3437 0.1640 -0.9246
vn -0.3807 0.1869 -0.9056
vn -0.3776 0.2334 -0.8961
vn -0.4127 0.2551 -0.8744
vn -0.4087 0.3002 -0.8619
vn -0.4413 0.3204 -0.8382
vn -0.4364 0.3633 -0.8231
vn -0.4662 0.3817 -0.7981
vn -0.4607 0.4218 -0.7809
vn -0.4874 0.4384 -0.7552
vn -0.4813 0.4753 -0.7365
vn -0.5049 0.4899 -0.7107
vn -0.1928 -0.2345 -0.9528
vn -0.2285 -0.2124 -0.9501
vn -0.2308 -0.1754 -0.9571
vn -0.2680 -0.1524 -0.9513
vn -0.2696 -0.1123 -0.9564
vn -0.3078 -0.0887 -0.9473
vn -0.3087 -0.0458 -0.9501
vn -0.3472 -0.0220 -0.9375
vn -0.3472 0.0232 -0.9375
vn -0.3853 0.0467 -0.9216
vn -0.3843 0.0932 -0.9185
vn -0.4213 0.1161 -0.8995
vn -0.4192 0.1631 -0.8931
vn -0.4544 0.1848 -0.8714
vn -0.4513 0.2313 -0.8619
vn -0.4839 0.2515 -0.8382
vn -0.4799 0.2966 -0.8257
vn -0.5096 0.3150 -0.8007
vn -0.5047 0.3579 -0.7856
vn -0.5314 0.3744 -0.7599
vn -0.5258 0.4146 -0.7427
vn -0.5493 0.4291 -0.7170
vn -0.5432 0.4663 -0.6983
vn -0.5635 0.4789 -0.6732
vn -0.2261 -0.2915 -0.9295
vn -0.2620 -0.2693 -0.9267
vn -0.2647 -0.2360 -0.9350
vn -0.3019 -0.2129 -0.9293
vn -0.3042 -0.1760 -0.9362
vn -0.3424 -0.1524 -0.9271
vn -0.3440 -0.1123 -0.9322
vn -0.3825 -0.0885 -0.9197
vn -0.3834 -0.0455 -0.9225
vn -0.4215 -0.0220 -0.9066
vn -0.4215 0.0232 -0.9065
vn -0.4585 0.0460 -0.8875
vn -0.4574 0.0926 -0.8844
vn -0.4926 0.1143 -0.8627
vn -0.4905 0.1612 -0.8564
vn -0.5232 0.1814 -0.8327
vn -0.5201 0.2279 -0.8231
vn -0.5499 0.2463 -0.7981
vn -0.5459 0.2914 -0.7856
vn -0.5725 0.3079 -0.7599
vn -0.5676 0.3508 -0.7448
vn -0.5910 0.3653 -0.7192
vn -0.5854 0.4056 -0.7020
vn -0.6057 0.4181 -0.6770
vn -0.5995 0.4554 -0.6582
vn -0.6168 0.4661 -0.6343
vn -0.2566 -0.3442 -0.9031
vn -0.2926 -0.3220 -0.9004
vn -0.2955 -0.2923 -0.9095
vn -0.3328 -0.2693 -0.9037
vn -0.3355 -0.2360 -0.9120
vn -0.3736 -0.2124 -0.9030
vn -0.3759 -0.1754 -0.9099
vn -0.4142 -0.1517 -0.8974
vn -0.4159 -0.1114 -0.9026
vn -0.4539 -0.0880 -0.8867
vn -0.4548 -0.0449 -0.8895
vn -0.4917 -0.0220 -0.8705
vn -0.4917 0.0232 -0.8705
vn -0.5268 0.0449 -0.8488
vn -0.5258 0.0914 -0.8457
vn -0.5586 0.1117 -0.8219
vn -0.5565 0.1586 -0.8156
vn -0.5864 0.1770 -0.7904
vn -0.5833 0.2234 -0.7809
vn -0.6101 0.2399 -0.7552
vn -0.6060 0.2849 -0.7427
vn -0.6295 0.2994 -0.7170
vn -0.6246 0.3422 -0.7020
vn -0.6448 0.3547 -0.6770
vn -0.6392 0.3951 -0.6598
vn -0.6564 0.4057 -0.6361
vn -0.6502 0.4431 -0.6171
vn -0.6646 0.4520 -0.5950
vn -0.2842 -0.3925 -0.8747
vn -0.3202 -0.3703 -0.8720
vn -0.3233 -0.3442 -0.8815
vn -0.3604 -0.3212 -0.8757
vn -0.3634 -0.2915 -0.8849
vn -0.4014 -0.2680 -0.8758
vn -0.4041 -0.2345 -0.8842
vn -0.4423 -0.2108 -0.8717
vn -0.4446 -0.1737 -0.8788
vn -0.4824 -0.1503 -0.8630
vn -0.4841 -0.1098 -0.8681
vn -0.5209 -0.0870 -0.8492
vn -0.5218 -0.0438 -0.8520
vn -0.5569 -0.0221 -0.8303
vn -0.5568 0.0232 -0.8303
vn -0.5896 0.0435 -0.8065
vn -0.5886 0.0899 -0.8034
vn -0.6186 0.1085 -0.7782
vn -0.6166 0.1552 -0.7719
vn -0.6434 0.1718 -0.7460
vn -0.6404 0.2180 -0.7365
vn -0.6640 0.2326 -0.7107
vn -0.6600 0.2773 -0.6983
vn -0.6803 0.2899 -0.6732
vn -0.6754 0.3326 -0.6582
vn -0.6927 0.3432 -0.6343
vn -0.6871 0.3834 -0.6171
vn -0.7015 0.3923 -0.5950
vn -0.6953 0.4297 -0.5760
vn -0.7072 0.4371 -0.5558
vn -0.7471 0.4371 -0.5008
vn -0.7826 0.3923 -0.4833
vn -0.8173 0.3432 -0.4628
vn -0.8505 0.2899 -0.4390
vn -0.8811 0.2326 -0.4119
vn -0.9083 0.1718 -0.3814
vn -0.9312 0.1085 -0.3479
vn -0.9492 0.0435 -0.3115
vn -0.9618 -0.0221 -0.2730
vn -0.9686 -0.0870 -0.2329
vn -0.9698 -0.1503 -0.1921
vn -0.9657 -0.2108 -0.1512
vn -0.9570 -0.2680 -0.1111
vn -0.9442 -0.3212 -0.0722
vn -0.9283 -0.3703 -0.0351
vn -0.7627 0.4297 -0.4833
vn -0.7712 0.4520 -0.4482
vn -0.7993 0.3834 -0.4628
vn -0.8078 0.4057 -0.4277
vn -0.7879 0.4431 -0.4277
vn -0.7939 0.4661 -0.3905
vn -0.8347 0.3326 -0.4390
vn -0.8432 0.3547 -0.4040
vn -0.8250 0.3951 -0.4040
vn -0.8311 0.4181 -0.3668
vn -0.8112 0.4554 -0.3668
vn -0.8144 0.4789 -0.3279
vn -0.8680 0.2773 -0.4119
vn -0.8765 0.2994 -0.3771
vn -0.8606 0.3422 -0.3771
vn -0.8667 0.3653 -0.3398
vn -0.8485 0.4056 -0.3398
vn -0.8517 0.4291 -0.3008
vn -0.8319 0.4663 -0.3008
vn -0.8319 0.4899 -0.2606
vn -0.8983 0.2180 -0.3814
vn -0.9067 0.2399 -0.3468
vn -0.8936 0.2849 -0.3468
vn -0.8996 0.3078 -0.3097
vn -0.8838 0.3508 -0.3097
vn -0.8869 0.3744 -0.2705
vn -0.8688 0.4146 -0.2706
vn -0.8688 0.4384 -0.2302
vn -0.8492 0.4753 -0.2302
vn -0.8459 0.4987 -0.1893
vn -0.9246 0.1552 -0.3479
vn -0.9330 0.1770 -0.3134
vn -0.9230 0.2234 -0.3134
vn -0.9289 0.2463 -0.2764
vn -0.9158 0.2914 -0.2764
vn -0.9190 0.3150 -0.2373
vn -0.9031 0.3579 -0.2373
vn -0.9031 0.3817 -0.1968
vn -0.8851 0.4218 -0.1968
vn -0.8817 0.4453 -0.1558
vn -0.8622 0.4821 -0.1558
vn -0.8556 0.5048 -0.1149
vn -0.9460 0.0899 -0.3115
vn -0.9543 0.1117 -0.2773
vn -0.9476 0.1586 -0.2773
vn -0.9536 0.1814 -0.2403
vn -0.9436 0.2279 -0.2403
vn -0.9467 0.2515 -0.2012
vn -0.9336 0.2966 -0.2012
vn -0.9336 0.3204 -0.1607
vn -0.9177 0.3633 -0.1607
vn -0.9144 0.3868 -0.1196
vn -0.8964 0.4269 -0.1196
vn -0.8897 0.4497 -0.0786
vn -0.8703 0.4863 -0.0786
vn -0.8605 0.5079 -0.0385
vn -0.9617 0.0232 -0.2730
vn -0.9700 0.0449 -0.2388
vn -0.9668 0.0914 -0.2388
vn -0.9727 0.1143 -0.2019
vn -0.9661 0.1612 -0.2019
vn -0.9692 0.1848 -0.1628
vn -0.9592 0.2313 -0.1628
vn -0.9592 0.2551 -0.1223
vn -0.9460 0.3002 -0.1223
vn -0.9427 0.3238 -0.0811
vn -0.9268 0.3666 -0.0811
vn -0.9202 0.3895 -0.0401
vn -0.9022 0.4294 -0.0401
vn -0.8925 0.4511 -0.0000
vn -0.8730 0.4877 -0.0000
vn -0.8605 0.5079 0.0385
vn -0.9715 -0.0438 -0.2329
vn -0.9798 -0.0220 -0.1987
vn -0.9798 0.0232 -0.1987
vn -0.9858 0.0460 -0.1618
vn -0.9825 0.0926 -0.1618
vn -0.9856 0.1161 -0.1227
vn -0.9789 0.1631 -0.1227
vn -0.9789 0.1869 -0.0822
vn -0.9689 0.2334 -0.0822
vn -0.9656 0.2569 -0.0410
vn -0.9524 0.3020 -0.0410
vn -0.9457 0.3249 -0.0000
vn -0.9299 0.3678 -0.0000
vn -0.9202 0.3895 0.0401
vn -0.9022 0.4294 0.0401
vn -0.8897 0.4497 0.0786
vn -0.8703 0.4863 0.0786
vn -0.8556 0.5048 0.1149
vn -0.9752 -0.1098 -0.1921
vn -0.9836 -0.0880 -0.1577
vn -0.9865 -0.0449 -0.1577
vn -0.9924 -0.0220 -0.1207
vn -0.9924 0.0232 -0.1207
vn -0.9956 0.0467 -0.0817
vn -0.9923 0.0932 -0.0817
vn -0.9923 0.1170 -0.0412
vn -0.9856 0.1640 -0.0412
vn -0.9822 0.1876 -0.0000
vn -0.9722 0.2341 -0.0000
vn -0.9656 0.2569 0.0410
vn -0.9524 0.3020 0.0410
vn -0.9427 0.3238 0.0811
vn -0.9268 0.3666 0.0811
vn -0.9144 0.3868 0.1196
vn -0.8964 0.4269 0.1196
vn -0.8817 0.4453 0.1558
vn -0.8622 0.4821 0.1558
vn -0.8459 0.4987 0.1893
vn -0.9731 -0.1737 -0.1512
vn -0.9815 -0.1517 -0.1166
vn -0.9869 -0.1114 -0.1166
vn -0.9929 -0.0885 -0.0796
vn -0.9958 -0.0455 -0.0796
vn -0.9989 -0.0220 -0.0405
vn -0.9989 0.0232 -0.0405
vn -0.9989 0.0470 -0.0000
vn -0.9956 0.0935 -0.0000
vn -0.9923 0.1170 0.0412
vn -0.9856 0.1640 0.0412
vn -0.9789 0.1869 0.0822
vn -0.9689 0.2334 0.0822
vn -0.9592 0.2551 0.1223
vn -0.9460 0.3002 0.1223
vn -0.9336 0.3204 0.1607
vn -0.9177 0.3633 0.1607
vn -0.9031 0.3817 0.1968
vn -0.8851 0.4218 0.1968
vn -0.8688 0.4384 0.2302
vn -0.8492 0.4753 0.2302
vn -0.8319 0.4899 0.2606
vn -0.9658 -0.2345 -0.1111
vn -0.9742 -0.2124 -0.0763
vn -0.9815 -0.1754 -0.0763
vn -0.9875 -0.1524 -0.0391
vn -0.9929 -0.1123 -0.0391
vn -0.9961 -0.0887 -0.0000
vn -0.9990 -0.0458 -0.0000
vn -0.9989 -0.0220 0.0405
vn -0.9989 0.0232 0.0405
vn -0.9956 0.0467 0.0817
vn -0.9923 0.0932 0.0817
vn -0.9856 0.1161 0.1227
vn -0.9790 0.1631 0.1227
vn -0.9692 0.1848 0.1628
vn -0.9592 0.2313 0.1628
vn -0.9467 0.2515 0.2012
vn -0.9336 0.2966 0.2012
vn -0.9190 0.3150 0.2373
vn -0.9031 0.3579 0.2373
vn -0.8869 0.3744 0.2705
vn -0.8688 0.4146 0.2706
vn -0.8517 0.4291 0.3008
vn -0.8319 0.4663 0.3008
vn -0.8144 0.4789 0.3279
vn -0.9539 -0.2915 -0.0722
vn -0.9623 -0.2693 -0.0372
vn -0.9711 -0.2359 -0.0372
vn -0.9771 -0.2129 -0.0000
vn -0.9844 -0.1760 -0.0000
vn -0.9875 -0.1524 0.0391
vn -0.9929 -0.1123 0.0391
vn -0.9929 -0.0885 0.0796
vn -0.9958 -0.0455 0.0796
vn -0.9924 -0.0220 0.1207
vn -0.9924 0.0232 0.1207
vn -0.9858 0.0460 0.1618
vn -0.9825 0.0926 0.1618
vn -0.9727 0.1143 0.2019
vn -0.9661 0.1612 0.2019
vn -0.9536 0.1814 0.2403
vn -0.9436 0.2279 0.2403
vn -0.9289 0.2463 0.2764
vn -0.9158 0.2914 0.2764
vn -0.8996 0.3078 0.3097
vn -0.8838 0.3508 0.3097
vn -0.8667 0.3653 0.3398
vn -0.8485 0.4056 0.3398
vn -0.8311 0.4181 0.3668
vn -0.8112 0.4554 0.3668
vn -0.7939 0.4661 0.3906
vn -0.9382 -0.3442 -0.0351
vn -0.9468 -0.3220 -0.0000
vn -0.9563 -0.2923 -0.0000
vn -0.9623 -0.2693 0.0372
vn -0.9711 -0.2359 0.0372
vn -0.9742 -0.2124 0.0763
vn -0.9815 -0.1754 0.0763
vn -0.9815 -0.1517 0.1166
vn -0.9869 -0.1114 0.1166
vn -0.9836 -0.0880 0.1577
vn -0.9865 -0.0448 0.1577
vn -0.9798 -0.0220 0.1987
vn -0.9798 0.0232 0.1987
vn -0.9700 0.0449 0.2388
vn -0.9668 0.0914 0.2388
vn -0.9543 0.1117 0.2773
vn -0.9476 0.1586 0.2773
vn -0.9330 0.1770 0.3134
vn -0.9230 0.2234 0.3134
vn -0.9067 0.2399 0.3468
vn -0.8936 0.2849 0.3468
vn -0.8765 0.2994 0.3771
vn -0.8606 0.3422 0.3771
vn -0.8432 0.3547 0.4040
vn -0.8250 0.3951 0.4040
vn -0.8078 0.4057 0.4277
vn -0.7879 0.4431 0.4277
vn -0.7712 0.4520 0.4482
vn -0.9198 -0.3925 -0.0000
vn -0.9283 -0.3703 0.0351
vn -0.9382 -0.3442 0.0351
vn -0.9442 -0.3212 0.0722
vn -0.9539 -0.2915 0.0722
vn -0.9570 -0.2680 0.1111
vn -0.9658 -0.2345 0.1111
vn -0.9657 -0.2108 0.1512
vn -0.9731 -0.1737 0.1512
vn -0.9698 -0.1503 0.1921
vn -0.9752 -0.1098 0.1921
vn -0.9686 -0.0870 0.2329
vn -0.9715 -0.0438 0.2329
vn -0.9618 -0.0221 0.2730
vn -0.9617 0.0232 0.2730
vn -0.9492 0.0435 0.3115
vn -0.9460 0.0899 0.3115
vn -0.9312 0.1085 0.3479
vn -0.9246 0.1552 0.3479
vn -0.9083 0.1718 0.3814
vn -0.8983 0.2180 0.3814
vn -0.8811 0.2326 0.4119
vn -0.8680 0.2773 0.4119
vn -0.8505 0.2899 0.4390
vn -0.8347 0.3326 0.4390
vn -0.8173 0.3432 0.4628
vn -0.7993 0.3834 0.4628
vn -0.7826 0.3923 0.4833
vn -0.7627 0.4298 0.4833
vn -0.7471 0.4371 0.5008
vn -0.7072 0.4371 0.5558
vn -0.7015 0.3923 0.5950
vn -0.6927 0.3432 0.6343
vn -0.6803 0.2899 0.6732
vn -0.6640 0.2326 0.7107
vn -0.6434 0.1718 0.7460
vn -0.6186 0.1085 0.7782
vn -0.5896 0.0435 0.8065
vn -0.5569 -0.0221 0.8303
vn -0.5209 -0.0870 0.8492
vn -0.4824 -0.1503 0.8630
vn -0.4423 -0.2108 0.8717
vn -0.4014 -0.2680 0.8758
vn -0.3604 -0.3212 0.8757
vn -0.3202 -0.3703 0.8720
vn -0.6953 0.4297 0.5760
vn -0.6646 0.4520 0.5950
vn -0.6871 0.3834 0.6171
vn -0.6564 0.4057 0.6361
vn -0.6502 0.4431 0.6171
vn -0.6168 0.4661 0.6343
vn -0.6754 0.3326 0.6582
vn -0.6448 0.3547 0.6770
vn -0.6392 0.3951 0.6598
vn -0.6057 0.4181 0.6770
vn -0.5995 0.4554 0.6582
vn -0.5635 0.4789 0.6732
vn -0.6600 0.2773 0.6983
vn -0.6295 0.2994 0.7170
vn -0.6246 0.3422 0.7020
vn -0.5910 0.3653 0.7192
vn -0.5854 0.4056 0.7020
vn -0.5493 0.4291 0.7170
vn -0.5432 0.4663 0.6983
vn -0.5049 0.4899 0.7107
vn -0.6404 0.2180 0.7365
vn -0.6101 0.2399 0.7552
vn -0.6060 0.2849 0.7427
vn -0.5725 0.3079 0.7599
vn -0.5676 0.3508 0.7448
vn -0.5314 0.3744 0.7599
vn -0.5258 0.4146 0.7427
vn -0.4874 0.4384 0.7552
vn -0.4813 0.4753 0.7365
vn -0.4415 0.4987 0.7460
vn -0.6166 0.1552 0.7719
vn -0.5864 0.1770 0.7904
vn -0.5833 0.2234 0.7809
vn -0.5499 0.2463 0.7981
vn -0.5459 0.2914 0.7856
vn -0.5096 0.3150 0.8007
vn -0.5047 0.3579 0.7856
vn -0.4662 0.3817 0.7981
vn -0.4607 0.4218 0.7809
vn -0.4206 0.4453 0.7904
vn -0.4146 0.4821 0.7718
vn -0.3737 0.5048 0.7782
vn -0.5886 0.0899 0.8034
vn -0.5586 0.1117 0.8219
vn -0.5565 0.1586 0.8156
vn -0.5232 0.1814 0.8327
vn -0.5201 0.2279 0.8231
vn -0.4839 0.2515 0.8382
vn -0.4799 0.2966 0.8257
vn -0.4413 0.3204 0.8382
vn -0.4364 0.3633 0.8231
vn -0.3963 0.3868 0.8327
vn -0.3907 0.4269 0.8156
vn -0.3497 0.4497 0.8219
vn -0.3437 0.4863 0.8034
vn -0.3026 0.5079 0.8065
vn -0.5568 0.0232 0.8303
vn -0.5268 0.0449 0.8488
vn -0.5258 0.0914 0.8457
vn -0.4926 0.1143 0.8627
vn -0.4905 0.1612 0.8564
vn -0.4544 0.1848 0.8714
vn -0.4513 0.2313 0.8619
vn -0.4127 0.2551 0.8744
vn -0.4087 0.3002 0.8619
vn -0.3685 0.3238 0.8714
vn -0.3636 0.3666 0.8564
vn -0.3225 0.3895 0.8627
vn -0.3170 0.4294 0.8457
vn -0.2758 0.4511 0.8488
vn -0.2698 0.4877 0.8303
vn -0.2293 0.5079 0.8303
vn -0.5218 -0.0438 0.8520
vn -0.4917 -0.0220 0.8705
vn -0.4917 0.0232 0.8705
vn -0.4585 0.0460 0.8875
vn -0.4574 0.0926 0.8844
vn -0.4213 0.1161 0.8995
vn -0.4192 0.1631 0.8931
vn -0.3807 0.1869 0.9056
vn -0.3776 0.2334 0.8961
vn -0.3374 0.2570 0.9056
vn -0.3334 0.3020 0.8931
vn -0.2923 0.3249 0.8995
vn -0.2874 0.3678 0.8844
vn -0.2462 0.3895 0.8875
vn -0.2407 0.4294 0.8704
vn -0.2002 0.4497 0.8705
vn -0.1942 0.4863 0.8520
vn -0.1551 0.5048 0.8492
vn -0.4841 -0.1098 0.8681
vn -0.4539 -0.0880 0.8867
vn -0.4548 -0.0449 0.8895
vn -0.4215 -0.0220 0.9066
vn -0.4215 0.0232 0.9065
vn -0.3853 0.0467 0.9216
vn -0.3843 0.0932 0.9185
vn -0.3458 0.1170 0.9310
vn -0.3437 0.1640 0.9246
vn -0.3035 0.1876 0.9342
vn -0.3004 0.2341 0.9246
vn -0.2593 0.2569 0.9310
vn -0.2553 0.3021 0.9185
vn -0.2141 0.3238 0.9216
vn -0.2092 0.3666 0.9065
vn -0.1688 0.3868 0.9066
vn -0.1633 0.4269 0.8895
vn -0.1243 0.4453 0.8867
vn -0.1183 0.4821 0.8681
vn -0.0813 0.4987 0.8630
vn -0.4446 -0.1737 0.8788
vn -0.4142 -0.1517 0.8974
vn -0.4159 -0.1114 0.9026
vn -0.3825 -0.0885 0.9197
vn -0.3834 -0.0455 0.9225
vn -0.3472 -0.0220 0.9375
vn -0.3472 0.0232 0.9375
vn -0.3087 0.0470 0.9500
vn -0.3077 0.0935 0.9469
vn -0.2675 0.1170 0.9564
vn -0.2654 0.1640 0.9501
vn -0.2243 0.1869 0.9564
vn -0.2212 0.2334 0.9469
vn -0.1801 0.2551 0.9500
vn -0.1760 0.3002 0.9375
vn -0.1356 0.3204 0.9375
vn -0.1307 0.3633 0.9225
vn -0.0919 0.3817 0.9197
vn -0.0863 0.4218 0.9026
vn -0.0496 0.4384 0.8974
vn -0.0435 0.4753 0.8788
vn -0.0092 0.4899 0.8717
vn -0.4041 -0.2345 0.8842
vn -0.3736 -0.2124 0.9030
vn -0.3759 -0.1754 0.9099
vn -0.3424 -0.1524 0.9271
vn -0.3440 -0.1123 0.9322
vn -0.3078 -0.0887 0.9473
vn -0.3087 -0.0458 0.9501
vn -0.2702 -0.0220 0.9626
vn -0.2702 0.0232 0.9625
vn -0.2300 0.0467 0.9721
vn -0.2290 0.0932 0.9690
vn -0.1879 0.1161 0.9753
vn -0.1858 0.1631 0.9690
vn -0.1446 0.1848 0.9721
vn -0.1415 0.2313 0.9625
vn -0.1012 0.2515 0.9626
vn -0.0971 0.2966 0.9501
vn -0.0583 0.3150 0.9473
vn -0.0534 0.3579 0.9322
vn -0.0168 0.3744 0.9271
vn -0.0112 0.4146 0.9099
vn 0.0229 0.4291 0.9029
vn 0.0290 0.4663 0.8842
vn 0.0602 0.4789 0.8758
vn -0.3634 -0.2915 0.8849
vn -0.3328 -0.2693 0.9037
vn -0.3355 -0.2360 0.9120
vn -0.3019 -0.2129 0.9293
vn -0.3042 -0.1761 0.9362
vn -0.2680 -0.1524 0.9513
vn -0.2696 -0.1123 0.9564
vn -0.2311 -0.0885 0.9689
vn -0.2320 -0.0455 0.9716
vn -0.1919 -0.0220 0.9812
vn -0.1919 0.0232 0.9811
vn -0.1508 0.0460 0.9875
vn -0.1498 0.0926 0.9844
vn -0.1086 0.1143 0.9875
vn -0.1065 0.1612 0.9811
vn -0.0661 0.1814 0.9812
vn -0.0630 0.2279 0.9716
vn -0.0242 0.2463 0.9689
vn -0.0201 0.2914 0.9564
vn 0.0165 0.3078 0.9513
vn 0.0214 0.3508 0.9362
vn 0.0554 0.3653 0.9293
vn 0.0610 0.4056 0.9120
vn 0.0920 0.4181 0.9037
vn 0.0982 0.4554 0.8849
vn 0.1261 0.4661 0.8757
vn -0.3233 -0.3442 0.8815
vn -0.2926 -0.3220 0.9004
vn -0.2955 -0.2923 0.9095
vn -0.2620 -0.2693 0.9267
vn -0.2647 -0.2359 0.9350
vn -0.2285 -0.2124 0.9501
vn -0.2308 -0.1754 0.9571
vn -0.1924 -0.1517 0.9695
vn -0.1940 -0.1114 0.9746
vn -0.1540 -0.0880 0.9842
vn -0.1549 -0.0449 0.9869
vn -0.1138 -0.0220 0.9933
vn -0.1138 0.0232 0.9932
vn -0.0727 0.0449 0.9963
vn -0.0717 0.0914 0.9932
vn -0.0312 0.1117 0.9933
vn -0.0291 0.1586 0.9869
vn 0.0098 0.1770 0.9842
vn 0.0129 0.2234 0.9746
vn 0.0497 0.2399 0.9695
vn 0.0537 0.2849 0.9571
vn 0.0878 0.2994 0.9501
vn 0.0927 0.3422 0.9350
vn 0.1237 0.3547 0.9267
vn 0.1293 0.3951 0.9095
vn 0.1571 0.4057 0.9004
vn 0.1633 0.4431 0.8815
vn 0.1880 0.4520 0.8720
vn -0.2842 -0.3925 0.8747
vn -0.2535 -0.3703 0.8937
vn -0.2566 -0.3442 0.9031
vn -0.2231 -0.3212 0.9203
vn -0.2261 -0.2915 0.9295
vn -0.1901 -0.2680 0.9445
vn -0.1928 -0.2345 0.9528
vn -0.1546 -0.2108 0.9652
vn -0.1569 -0.1737 0.9722
vn -0.1170 -0.1503 0.9817
vn -0.1187 -0.1098 0.9868
vn -0.0778 -0.0870 0.9932
vn -0.0787 -0.0438 0.9959
vn -0.0375 -0.0221 0.9991
vn -0.0375 0.0232 0.9990
vn 0.0030 0.0435 0.9991
vn 0.0040 0.0899 0.9959
vn 0.0431 0.1085 0.9932
vn 0.0451 0.1552 0.9868
vn 0.0821 0.1718 0.9817
vn 0.0852 0.2180 0.9722
vn 0.1194 0.2326 0.9652
vn 0.1235 0.2773 0.9528
vn 0.1547 0.2899 0.9445
vn 0.1596 0.3326 0.9295
vn 0.1875 0.3432 0.9203
vn 0.1931 0.3834 0.9031
vn 0.2178 0.3923 0.8937
vn 0.2240 0.4298 0.8747
vn 0.2454 0.4371 0.8653
vn 0.3101 0.4371 0.8443
vn 0.3491 0.3923 0.8510
vn 0.3892 0.3432 0.8548
vn 0.4300 0.2899 0.8550
vn 0.4707 0.2326 0.8511
vn 0.5106 0.1718 0.8425
vn 0.5489 0.1085 0.8288
vn 0.5848 0.0435 0.8100
vn 0.6176 -0.0221 0.7862
vn 0.6467 -0.0870 0.7578
vn 0.6717 -0.1503 0.7255
vn 0.6924 -0.2108 0.6900
vn 0.7089 -0.2680 0.6524
vn 0.7215 -0.3212 0.6134
vn 0.7304 -0.3703 0.5740
vn 0.3330 0.4297 0.8393
vn 0.3605 0.4520 0.8159
vn 0.3746 0.3834 0.8442
vn 0.4021 0.4057 0.8208
vn 0.3860 0.4431 0.8091
vn 0.4127 0.4661 0.7826
vn 0.4172 0.3326 0.8458
vn 0.4447 0.3547 0.8225
vn 0.4300 0.3951 0.8118
vn 0.4568 0.4181 0.7852
vn 0.4407 0.4554 0.7736
vn 0.4661 0.4789 0.7439
vn 0.4601 0.2773 0.8434
vn 0.4874 0.2994 0.8202
vn 0.4746 0.3422 0.8109
vn 0.5014 0.3653 0.7843
vn 0.4867 0.4056 0.7737
vn 0.5122 0.4291 0.7440
vn 0.4962 0.4663 0.7323
vn 0.5198 0.4899 0.6998
vn 0.5026 0.2180 0.8366
vn 0.5297 0.2399 0.8136
vn 0.5191 0.2849 0.8059
vn 0.5458 0.3079 0.7793
vn 0.5330 0.3508 0.7700
vn 0.5585 0.3744 0.7402
vn 0.5439 0.4146 0.7296
vn 0.5676 0.4384 0.6969
vn 0.5517 0.4753 0.6854
vn 0.5730 0.4987 0.6504
vn 0.5435 0.1552 0.8249
vn 0.5705 0.1770 0.8020
vn 0.5624 0.2234 0.7961
vn 0.5891 0.2463 0.7696
vn 0.5784 0.2914 0.7619
vn 0.6040 0.3150 0.7321
vn 0.5912 0.3579 0.7228
vn 0.6149 0.3817 0.6900
vn 0.6003 0.4218 0.6794
vn 0.6218 0.4453 0.6443
vn 0.6060 0.4821 0.6328
vn 0.6246 0.5048 0.5959
vn 0.5822 0.0899 0.8081
vn 0.6091 0.1117 0.7852
vn 0.6037 0.1586 0.7813
vn 0.6302 0.1814 0.7549
vn 0.6221 0.2279 0.7490
vn 0.6476 0.2515 0.7193
vn 0.6370 0.2966 0.7115
vn 0.6608 0.3204 0.6787
vn 0.6480 0.3633 0.6694
vn 0.6695 0.3868 0.6342
vn 0.6549 0.4269 0.6236
vn 0.6736 0.4497 0.5866
vn 0.6579 0.4863 0.5751
vn 0.6735 0.5079 0.5370
vn 0.6176 0.0232 0.7862
vn 0.6444 0.0449 0.7633
vn 0.6418 0.0914 0.7614
vn 0.6683 0.1143 0.7351
vn 0.6629 0.1612 0.7311
vn 0.6884 0.1848 0.7014
vn 0.6803 0.2313 0.6955
vn 0.7041 0.2551 0.6627
vn 0.6934 0.3002 0.6550
vn 0.7149 0.3238 0.6197
vn 0.7021 0.3666 0.6104
vn 0.7209 0.3895 0.5733
vn 0.7063 0.4294 0.5628
vn 0.7220 0.4511 0.5246
vn 0.7063 0.4877 0.5131
vn 0.7188 0.5079 0.4746
vn 0.6490 -0.0438 0.7595
vn 0.6759 -0.0220 0.7366
vn 0.6759 0.0232 0.7366
vn 0.7024 0.0460 0.7103
vn 0.6998 0.0926 0.7084
vn 0.7253 0.1161 0.6786
vn 0.7198 0.1631 0.6747
vn 0.7436 0.1869 0.6419
vn 0.7355 0.2334 0.6360
vn 0.7570 0.2569 0.6007
vn 0.7464 0.3020 0.5930
vn 0.7651 0.3249 0.5559
vn 0.7523 0.3678 0.5466
vn 0.7680 0.3895 0.5084
vn 0.7535 0.4294 0.4979
vn 0.7660 0.4497 0.4594
vn 0.7503 0.4863 0.4479
vn 0.7597 0.5048 0.4099
vn 0.6761 -0.1098 0.7286
vn 0.7030 -0.0880 0.7057
vn 0.7054 -0.0449 0.7074
vn 0.7319 -0.0220 0.6810
vn 0.7319 0.0232 0.6810
vn 0.7574 0.0467 0.6513
vn 0.7548 0.0932 0.6493
vn 0.7786 0.1170 0.6166
vn 0.7732 0.1640 0.6126
vn 0.7947 0.1876 0.5773
vn 0.7865 0.2341 0.5714
vn 0.8053 0.2569 0.5343
vn 0.7946 0.3020 0.5266
vn 0.8103 0.3237 0.4884
vn 0.7975 0.3666 0.4791
vn 0.8100 0.3868 0.4407
vn 0.7955 0.4268 0.4301
vn 0.8049 0.4453 0.3922
vn 0.7891 0.4821 0.3808
vn 0.7956 0.4987 0.3440
vn 0.6984 -0.1737 0.6943
vn 0.7255 -0.1517 0.6713
vn 0.7299 -0.1114 0.6745
vn 0.7565 -0.0885 0.6480
vn 0.7588 -0.0455 0.6497
vn 0.7844 -0.0220 0.6199
vn 0.7843 0.0232 0.6199
vn 0.8081 0.0470 0.5871
vn 0.8055 0.0935 0.5852
vn 0.8270 0.1170 0.5499
vn 0.8216 0.1640 0.5460
vn 0.8403 0.1869 0.5089
vn 0.8322 0.2334 0.5030
vn 0.8479 0.2551 0.4648
vn 0.8372 0.3002 0.4571
vn 0.8497 0.3204 0.4187
vn 0.8369 0.3633 0.4094
vn 0.8463 0.3817 0.3716
vn 0.8317 0.4218 0.3610
vn 0.8382 0.4384 0.3245
vn 0.8223 0.4753 0.3129
vn 0.8262 0.4899 0.2781
vn 0.7160 -0.2345 0.6575
vn 0.7433 -0.2124 0.6343
vn 0.7492 -0.1754 0.6386
vn 0.7759 -0.1524 0.6121
vn 0.7803 -0.1123 0.6153
vn 0.8058 -0.0887 0.5855
vn 0.8082 -0.0458 0.5872
vn 0.8320 -0.0220 0.5544
vn 0.8319 0.0232 0.5544
vn 0.8534 0.0467 0.5191
vn 0.8508 0.0932 0.5172
vn 0.8695 0.1161 0.4800
vn 0.8641 0.1631 0.4761
vn 0.8798 0.1848 0.4380
vn 0.8717 0.2313 0.4321
vn 0.8842 0.2515 0.3937
vn 0.8735 0.2966 0.3860
vn 0.8829 0.3150 0.3482
vn 0.8701 0.3579 0.3389
vn 0.8766 0.3744 0.3024
vn 0.8619 0.4146 0.2918
vn 0.8658 0.4291 0.2573
vn 0.8499 0.4663 0.2456
vn 0.8516 0.4789 0.2134
vn 0.7292 -0.2915 0.6191
vn 0.7567 -0.2693 0.5958
vn 0.7637 -0.2359 0.6009
vn 0.7905 -0.2129 0.5743
vn 0.7964 -0.1761 0.5786
vn 0.8219 -0.1524 0.5488
vn 0.8263 -0.1123 0.5520
vn 0.8500 -0.0885 0.5192
vn 0.8524 -0.0455 0.5209
vn 0.8739 -0.0220 0.4857
vn 0.8738 0.0232 0.4857
vn 0.8926 0.0460 0.4485
vn 0.8899 0.0926 0.4466
vn 0.9056 0.1143 0.4084
vn 0.9002 0.1612 0.4045
vn 0.9127 0.1814 0.3661
vn 0.9046 0.2279 0.3602
vn 0.9140 0.2463 0.3224
vn 0.9034 0.2914 0.3147
vn 0.9098 0.3078 0.2783
vn 0.8970 0.3508 0.2689
vn 0.9009 0.3653 0.2345
vn 0.8862 0.4056 0.2238
vn 0.8879 0.4181 0.1917
vn 0.8719 0.4554 0.1801
vn 0.8718 0.4661 0.1507
vn 0.7384 -0.3442 0.5798
vn 0.7659 -0.3220 0.5565
vn 0.7737 -0.2923 0.5621
vn 0.8004 -0.2693 0.5355
vn 0.8075 -0.2360 0.5406
vn 0.8330 -0.2124 0.5109
vn 0.8389 -0.1754 0.5152
vn 0.8626 -0.1517 0.4825
vn 0.8670 -0.1114 0.4857
vn 0.8884 -0.0880 0.4505
vn 0.8908 -0.0449 0.4523
vn 0.9095 -0.0220 0.4152
vn 0.9094 0.0232 0.4152
vn 0.9251 0.0449 0.3770
vn 0.9225 0.0914 0.3751
vn 0.9350 0.1117 0.3366
vn 0.9296 0.1586 0.3327
vn 0.9390 0.1770 0.2948
vn 0.9309 0.2234 0.2889
vn 0.9374 0.2399 0.2524
vn 0.9268 0.2849 0.2447
vn 0.9307 0.2994 0.2101
vn 0.9179 0.3422 0.2008
vn 0.9196 0.3547 0.1687
vn 0.9050 0.3951 0.1581
vn 0.9049 0.4057 0.1288
vn 0.8888 0.4431 0.1171
vn 0.8874 0.4520 0.0907
vn 0.7441 -0.3925 0.5406
vn 0.7716 -0.3703 0.5173
vn 0.7797 -0.3442 0.5231
vn 0.8063 -0.3212 0.4966
vn 0.8141 -0.2915 0.5022
vn 0.8395 -0.2680 0.4726
vn 0.8466 -0.2345 0.4778
vn 0.8702 -0.2108 0.4453
vn 0.8762 -0.1737 0.4496
vn 0.8975 -0.1503 0.4146
vn 0.9019 -0.1098 0.4178
vn 0.9205 -0.0870 0.3809
vn 0.9229 -0.0438 0.3826
vn 0.9386 -0.0221 0.3444
vn 0.9385 0.0232 0.3444
vn 0.9511 0.0435 0.3059
vn 0.9484 0.0899 0.3040
vn 0.9579 0.1085 0.2659
vn 0.9525 0.1552 0.2620
vn 0.9590 0.1718 0.2253
vn 0.9510 0.2180 0.2194
vn 0.9549 0.2326 0.1847
vn 0.9443 0.2773 0.1770
vn 0.9461 0.2899 0.1447
vn 0.9333 0.3326 0.1355
vn 0.9332 0.3432 0.1060
vn 0.9186 0.3834 0.0954
vn 0.9172 0.3923 0.0690
vn 0.9011 0.4297 0.0573
vn 0.8988 0.4371 0.0340
vn 0.2812 0.4150 -0.8653
vn 0.3202 0.3703 -0.8720
vn 0.3604 0.3212 -0.8757
vn 0.4014 0.2680 -0.8758
vn 0.4423 0.2108 -0.8717
vn 0.4824 0.1503 -0.8630
vn 0.5209 0.0870 -0.8492
vn 0.5569 0.0221 -0.8303
vn 0.5896 -0.0435 -0.8065
vn 0.6186 -0.1085 -0.7782
vn 0.6434 -0.1718 -0.7460
vn 0.6640 -0.2326 -0.7107
vn 0.6803 -0.2899 -0.6732
vn 0.6927 -0.3432 -0.6343
vn 0.7015 -0.3923 -0.5950
vn 0.2842 0.3925 -0.8747
vn 0.2535 0.3703 -0.8937
vn 0.3233 0.3442 -0.8815
vn 0.2926 0.3220 -0.9004
vn 0.2566 0.3442 -0.9031
vn 0.2231 0.3212 -0.9203
vn 0.3634 0.2915 -0.8849
vn 0.3328 0.2693 -0.9037
vn 0.2955 0.2923 -0.9095
vn 0.2620 0.2693 -0.9267
vn 0.2261 0.2915 -0.9295
vn 0.1901 0.2680 -0.9445
vn 0.4041 0.2345 -0.8842
vn 0.3736 0.2124 -0.9030
vn 0.3355 0.2360 -0.9120
vn 0.3019 0.2129 -0.9293
vn 0.2647 0.2360 -0.9350
vn 0.2285 0.2124 -0.9501
vn 0.1928 0.2345 -0.9528
vn 0.1546 0.2108 -0.9652
vn 0.4446 0.1737 -0.8788
vn 0.4142 0.1517 -0.8974
vn 0.3759 0.1754 -0.9099
vn 0.3424 0.1524 -0.9271
vn 0.3042 0.1760 -0.9362
vn 0.2680 0.1524 -0.9513
vn 0.2308 0.1754 -0.9571
vn 0.1924 0.1517 -0.9695
vn 0.1569 0.1737 -0.9722
vn 0.1170 0.1503 -0.9817
vn 0.4841 0.1098 -0.8681
vn 0.4539 0.0880 -0.8867
vn 0.4159 0.1114 -0.9026
vn 0.3825 0.0885 -0.9197
vn 0.3440 0.1123 -0.9322
vn 0.3078 0.0887 -0.9473
vn 0.2696 0.1123 -0.9564
vn 0.2311 0.0885 -0.9689
vn 0.1940 0.1114 -0.9746
vn 0.1540 0.0880 -0.9842
vn 0.1187 0.1098 -0.9868
vn 0.0778 0.0870 -0.9932
vn 0.5218 0.0438 -0.8520
vn 0.4917 0.0220 -0.8705
vn 0.4548 0.0449 -0.8895
vn 0.4215 0.0220 -0.9066
vn 0.3834 0.0455 -0.9225
vn 0.3472 0.0220 -0.9375
vn 0.3087 0.0458 -0.9501
vn 0.2702 0.0220 -0.9626
vn 0.2320 0.0455 -0.9716
vn 0.1919 0.0220 -0.9812
vn 0.1549 0.0449 -0.9869
vn 0.1138 0.0220 -0.9933
vn 0.0787 0.0438 -0.9959
vn 0.0375 0.0221 -0.9991
vn 0.5568 -0.0232 -0.8303
vn 0.5268 -0.0449 -0.8488
vn 0.4917 -0.0232 -0.8705
vn 0.4585 -0.0460 -0.8875
vn 0.4215 -0.0232 -0.9065
vn 0.3853 -0.0467 -0.9216
vn 0.3472 -0.0232 -0.9375
vn 0.3087 -0.0470 -0.9500
vn 0.2702 -0.0232 -0.9625
vn 0.2300 -0.0467 -0.9721
vn 0.1919 -0.0232 -0.9811
vn 0.1508 -0.0460 -0.9875
vn 0.1138 -0.0232 -0.9932
vn 0.0727 -0.0449 -0.9963
vn 0.0375 -0.0232 -0.9990
vn -0.0030 -0.0435 -0.9991
vn 0.5886 -0.0899 -0.8034
vn 0.5586 -0.1117 -0.8219
vn 0.5258 -0.0914 -0.8457
vn 0.4926 -0.1143 -0.8627
vn 0.4574 -0.0926 -0.8844
vn 0.4213 -0.1161 -0.8995
vn 0.3843 -0.0932 -0.9185
vn 0.3458 -0.1170 -0.9310
vn 0.3077 -0.0935 -0.9469
vn 0.2675 -0.1170 -0.9564
vn 0.2290 -0.0932 -0.9690
vn 0.1879 -0.1161 -0.9753
vn 0.1498 -0.0926 -0.9844
vn 0.1086 -0.1143 -0.9875
vn 0.0717 -0.0914 -0.9932
vn 0.0312 -0.1117 -0.9933
vn -0.0040 -0.0899 -0.9959
vn -0.0431 -0.1085 -0.9932
vn 0.6166 -0.1552 -0.7719
vn 0.5864 -0.1770 -0.7904
vn 0.5565 -0.1586 -0.8156
vn 0.5232 -0.1814 -0.8327
vn 0.4905 -0.1612 -0.8564
vn 0.4544 -0.1848 -0.8714
vn 0.4192 -0.1631 -0.8931
vn 0.3807 -0.1869 -0.9056
vn 0.3437 -0.1640 -0.9246
vn 0.3035 -0.1876 -0.9342
vn 0.2654 -0.1640 -0.9501
vn 0.2243 -0.1869 -0.9564
vn 0.1858 -0.1631 -0.9690
vn 0.1446 -0.1848 -0.9721
vn 0.1065 -0.1612 -0.9811
vn 0.0661 -0.1814 -0.9812
vn 0.0291 -0.1586 -0.9869
vn -0.0098 -0.1770 -0.9842
vn -0.0451 -0.1552 -0.9868
vn -0.0821 -0.1718 -0.9817
vn 0.6404 -0.2180 -0.7365
vn 0.6101 -0.2399 -0.7552
vn 0.5833 -0.2234 -0.7809
vn 0.5499 -0.2463 -0.7981
vn 0.5201 -0.2279 -0.8231
vn 0.4839 -0.2515 -0.8382
vn 0.4513 -0.2313 -0.8619
vn 0.4127 -0.2551 -0.8744
vn 0.3776 -0.2334 -0.8961
vn 0.3374 -0.2570 -0.9056
vn 0.3004 -0.2341 -0.9246
vn 0.2593 -0.2570 -0.9310
vn 0.2212 -0.2334 -0.9469
vn 0.1801 -0.2551 -0.9500
vn 0.1415 -0.2313 -0.9625
vn 0.1012 -0.2515 -0.9626
vn 0.0630 -0.2279 -0.9716
vn 0.0242 -0.2463 -0.9689
vn -0.0129 -0.2234 -0.9746
vn -0.0497 -0.2399 -0.9695
vn -0.0852 -0.2180 -0.9722
vn -0.1194 -0.2326 -0.9652
vn 0.6600 -0.2773 -0.6983
vn 0.6295 -0.2994 -0.7170
vn 0.6060 -0.2849 -0.7427
vn 0.5725 -0.3079 -0.7599
vn 0.5459 -0.2914 -0.7856
vn 0.5096 -0.3150 -0.8007
vn 0.4799 -0.2966 -0.8257
vn 0.4413 -0.3204 -0.8382
vn 0.4087 -0.3002 -0.8619
vn 0.3685 -0.3238 -0.8714
vn 0.3334 -0.3020 -0.8931
vn 0.2923 -0.3249 -0.8995
vn 0.2553 -0.3020 -0.9185
vn 0.2141 -0.3238 -0.9216
vn 0.1760 -0.3002 -0.9375
vn 0.1356 -0.3204 -0.9375
vn 0.0971 -0.2966 -0.9501
vn 0.0583 -0.3150 -0.9473
vn 0.0201 -0.2914 -0.9564
vn -0.0165 -0.3079 -0.9513
vn -0.0537 -0.2849 -0.9571
vn -0.0878 -0.2994 -0.9501
vn -0.1235 -0.2773 -0.9528
vn -0.1547 -0.2899 -0.9445
vn 0.6754 -0.3326 -0.6582
vn 0.6448 -0.3547 -0.6770
vn 0.6246 -0.3422 -0.7020
vn 0.5910 -0.3653 -0.7192
vn 0.5676 -0.3508 -0.7448
vn 0.5314 -0.3744 -0.7599
vn 0.5047 -0.3579 -0.7856
vn 0.4662 -0.3817 -0.7981
vn 0.4364 -0.3633 -0.8231
vn 0.3963 -0.3868 -0.8327
vn 0.3636 -0.3666 -0.8564
vn 0.3225 -0.3895 -0.8627
vn 0.2874 -0.3678 -0.8844
vn 0.2462 -0.3895 -0.8875
vn 0.2092 -0.3666 -0.9065
vn 0.1688 -0.3868 -0.9066
vn 0.1307 -0.3633 -0.9225
vn 0.0919 -0.3817 -0.9197
vn 0.0534 -0.3579 -0.9322
vn 0.0168 -0.3744 -0.9271
vn -0.0214 -0.3508 -0.9362
vn -0.0554 -0.3653 -0.9293
vn -0.0927 -0.3422 -0.9350
vn -0.1237 -0.3547 -0.9267
vn -0.1596 -0.3326 -0.9295
vn -0.1875 -0.3432 -0.9203
vn 0.6871 -0.3834 -0.6171
vn 0.6564 -0.4057 -0.6361
vn 0.6392 -0.3951 -0.6598
vn 0.6057 -0.4181 -0.6770
vn 0.5854 -0.4056 -0.7020
vn 0.5493 -0.4291 -0.7170
vn 0.5258 -0.4146 -0.7427
vn 0.4874 -0.4384 -0.7552
vn 0.4607 -0.4218 -0.7809
vn 0.4206 -0.4453 -0.7904
vn 0.3907 -0.4269 -0.8156
vn 0.3497 -0.4497 -0.8219
vn 0.3170 -0.4294 -0.8457
vn 0.2758 -0.4511 -0.8488
vn 0.2407 -0.4294 -0.8704
vn 0.2002 -0.4497 -0.8705
vn 0.1633 -0.4269 -0.8895
vn 0.1243 -0.4453 -0.8867
vn 0.0863 -0.4218 -0.9026
vn 0.0496 -0.4384 -0.8974
vn 0.0112 -0.4146 -0.9099
vn -0.0229 -0.4291 -0.9029
vn -0.0610 -0.4056 -0.9120
vn -0.0920 -0.4181 -0.9037
vn -0.1293 -0.3951 -0.9095
vn -0.1571 -0.4057 -0.9004
vn -0.1931 -0.3834 -0.9031
vn -0.2178 -0.3923 -0.8937
vn 0.6953 -0.4297 -0.5760
vn 0.6646 -0.4520 -0.5950
vn 0.6502 -0.4431 -0.6171
vn 0.6168 -0.4661 -0.6343
vn 0.5995 -0.4554 -0.6582
vn 0.5635 -0.4789 -0.6732
vn 0.5432 -0.4663 -0.6983
vn 0.5049 -0.4899 -0.7107
vn 0.4813 -0.4753 -0.7365
vn 0.4415 -0.4987 -0.7460
vn 0.4146 -0.4821 -0.7718
vn 0.3737 -0.5048 -0.7782
vn 0.3437 -0.4863 -0.8034
vn 0.3026 -0.5079 -0.8065
vn 0.2698 -0.4877 -0.8303
vn 0.2293 -0.5079 -0.8303
vn 0.1942 -0.4863 -0.8520
vn 0.1551 -0.5048 -0.8492
vn 0.1183 -0.4821 -0.8681
vn 0.0813 -0.4987 -0.8630
vn 0.0435 -0.4753 -0.8788
vn 0.0092 -0.4899 -0.8717
vn -0.0290 -0.4663 -0.8842
vn -0.0602 -0.4789 -0.8758
vn -0.0982 -0.4554 -0.8849
vn -0.1261 -0.4661 -0.8757
vn -0.1633 -0.4431 -0.8815
vn -0.1880 -0.4520 -0.8720
vn -0.2240 -0.4298 -0.8747
vn -0.2454 -0.4371 -0.8653
vn -0.7361 0.4150 -0.5348
vn -0.7304 0.3703 -0.5740
vn -0.7215 0.3212 -0.6134
vn -0.7089 0.2680 -0.6524
vn -0.6924 0.2108 -0.6900
vn -0.6717 0.1503 -0.7255
vn -0.6467 0.0870 -0.7578
vn -0.6176 0.0221 -0.7862
vn -0.5848 -0.0435 -0.8100
vn -0.5489 -0.1085 -0.8288
vn -0.5106 -0.1718 -0.8425
vn -0.4707 -0.2326 -0.8511
vn -0.4300 -0.2899 -0.8550
vn -0.3892 -0.3432 -0.8548
vn -0.3491 -0.3923 -0.8510
vn -0.7441 0.3925 -0.5406
vn -0.7716 0.3703 -0.5173
vn -0.7384 0.3442 -0.5798
vn -0.7659 0.3220 -0.5565
vn -0.7797 0.3442 -0.5231
vn -0.8063 0.3212 -0.4966
vn -0.7293 0.2915 -0.6191
vn -0.7567 0.2693 -0.5958
vn -0.7737 0.2923 -0.5621
vn -0.8004 0.2693 -0.5355
vn -0.8141 0.2915 -0.5022
vn -0.8395 0.2680 -0.4726
vn -0.7160 0.2345 -0.6575
vn -0.7433 0.2124 -0.6343
vn -0.7637 0.2360 -0.6009
vn -0.7905 0.2129 -0.5743
vn -0.8075 0.2359 -0.5406
vn -0.8330 0.2124 -0.5109
vn -0.8466 0.2345 -0.4778
vn -0.8702 0.2108 -0.4453
vn -0.6984 0.1737 -0.6943
vn -0.7255 0.1517 -0.6713
vn -0.7492 0.1754 -0.6386
vn -0.7759 0.1524 -0.6121
vn -0.7964 0.1760 -0.5786
vn -0.8219 0.1524 -0.5488
vn -0.8389 0.1754 -0.5152
vn -0.8626 0.1517 -0.4825
vn -0.8762 0.1737 -0.4496
vn -0.8975 0.1503 -0.4146
vn -0.6761 0.1098 -0.7286
vn -0.7030 0.0880 -0.7057
vn -0.7299 0.1114 -0.6744
vn -0.7565 0.0885 -0.6480
vn -0.7803 0.1123 -0.6153
vn -0.8058 0.0887 -0.5855
vn -0.8263 0.1123 -0.5520
vn -0.8500 0.0885 -0.5192
vn -0.8670 0.1114 -0.4857
vn -0.8884 0.0880 -0.4505
vn -0.9019 0.1098 -0.4178
vn -0.9205 0.0870 -0.3809
vn -0.6490 0.0438 -0.7595
vn -0.6759 0.0220 -0.7366
vn -0.7054 0.0449 -0.7074
vn -0.7319 0.0220 -0.6810
vn -0.7588 0.0455 -0.6497
vn -0.7843 0.0220 -0.6199
vn -0.8082 0.0458 -0.5872
vn -0.8320 0.0220 -0.5544
vn -0.8524 0.0455 -0.5209
vn -0.8739 0.0220 -0.4857
vn -0.8908 0.0449 -0.4523
vn -0.9095 0.0220 -0.4152
vn -0.9229 0.0438 -0.3826
vn -0.9386 0.0221 -0.3444
vn -0.6176 -0.0232 -0.7862
vn -0.6444 -0.0449 -0.7633
vn -0.6759 -0.0232 -0.7366
vn -0.7024 -0.0460 -0.7103
vn -0.7319 -0.0232 -0.6810
vn -0.7574 -0.0467 -0.6513
vn -0.7843 -0.0232 -0.6199
vn -0.8081 -0.0470 -0.5871
vn -0.8319 -0.0232 -0.5544
vn -0.8534 -0.0467 -0.5191
vn -0.8738 -0.0232 -0.4857
vn -0.8926 -0.0460 -0.4485
vn -0.9094 -0.0232 -0.4152
vn -0.9251 -0.0449 -0.3770
vn -0.9385 -0.0232 -0.3444
vn -0.9511 -0.0435 -0.3059
vn -0.5822 -0.0899 -0.8081
vn -0.6091 -0.1117 -0.7852
vn -0.6418 -0.0914 -0.7614
vn -0.6683 -0.1143 -0.7351
vn -0.6998 -0.0926 -0.7083
vn -0.7253 -0.1161 -0.6786
vn -0.7548 -0.0932 -0.6493
vn -0.7786 -0.1170 -0.6166
vn -0.8055 -0.0935 -0.5852
vn -0.8270 -0.1170 -0.5499
vn -0.8508 -0.0932 -0.5172
vn -0.8695 -0.1161 -0.4800
vn -0.8899 -0.0926 -0.4466
vn -0.9056 -0.1143 -0.4084
vn -0.9225 -0.0914 -0.3751
vn -0.9350 -0.1117 -0.3366
vn -0.9484 -0.0899 -0.3040
vn -0.9579 -0.1085 -0.2659
vn -0.5435 -0.1552 -0.8249
vn -0.5705 -0.1770 -0.8020
vn -0.6037 -0.1586 -0.7813
vn -0.6302 -0.1814 -0.7549
vn -0.6629 -0.1612 -0.7311
vn -0.6884 -0.1848 -0.7014
vn -0.7199 -0.1631 -0.6747
vn -0.7436 -0.1869 -0.6419
vn -0.7732 -0.1640 -0.6126
vn -0.7947 -0.1876 -0.5773
vn -0.8216 -0.1640 -0.5460
vn -0.8403 -0.1869 -0.5089
vn -0.8641 -0.1631 -0.4761
vn -0.8798 -0.1848 -0.4380
vn -0.9002 -0.1612 -0.4045
vn -0.9127 -0.1814 -0.3661
vn -0.9296 -0.1586 -0.3327
vn -0.9390 -0.1770 -0.2948
vn -0.9525 -0.1552 -0.2620
vn -0.9590 -0.1718 -0.2253
vn -0.5026 -0.2180 -0.8366
vn -0.5297 -0.2399 -0.8136
vn -0.5624 -0.2234 -0.7961
vn -0.5891 -0.2463 -0.7696
vn -0.6221 -0.2279 -0.7490
vn -0.6476 -0.2515 -0.7193
vn -0.6803 -0.2313 -0.6955
vn -0.7041 -0.2551 -0.6627
vn -0.7355 -0.2334 -0.6360
vn -0.7570 -0.2569 -0.6007
vn -0.7865 -0.2341 -0.5715
vn -0.8053 -0.2569 -0.5343
vn -0.8322 -0.2334 -0.5030
vn -0.8479 -0.2551 -0.4648
vn -0.8717 -0.2313 -0.4321
vn -0.8842 -0.2515 -0.3937
vn -0.9046 -0.2279 -0.3602
vn -0.9140 -0.2463 -0.3224
vn -0.9309 -0.2234 -0.2889
vn -0.9374 -0.2399 -0.2524
vn -0.9510 -0.2180 -0.2194
vn -0.9549 -0.2326 -0.1847
vn -0.4601 -0.2773 -0.8434
vn -0.4874 -0.2994 -0.8202
vn -0.5191 -0.2849 -0.8059
vn -0.5458 -0.3079 -0.7793
vn -0.5784 -0.2914 -0.7619
vn -0.6040 -0.3150 -0.7321
vn -0.6370 -0.2966 -0.7115
vn -0.6608 -0.3204 -0.6787
vn -0.6934 -0.3002 -0.6550
vn -0.7149 -0.3238 -0.6197
vn -0.7464 -0.3020 -0.5930
vn -0.7651 -0.3249 -0.5559
vn -0.7946 -0.3020 -0.5266
vn -0.8103 -0.3238 -0.4884
vn -0.8372 -0.3002 -0.4571
vn -0.8497 -0.3204 -0.4187
vn -0.8735 -0.2966 -0.3860
vn -0.8829 -0.3150 -0.3482
vn -0.9034 -0.2914 -0.3147
vn -0.9098 -0.3078 -0.2783
vn -0.9268 -0.2849 -0.2447
vn -0.9307 -0.2994 -0.2101
vn -0.9443 -0.2773 -0.1770
vn -0.9461 -0.2899 -0.1447
vn -0.4172 -0.3326 -0.8458
vn -0.4447 -0.3547 -0.8225
vn -0.4746 -0.3422 -0.8109
vn -0.5014 -0.3653 -0.7843
vn -0.5330 -0.3508 -0.7700
vn -0.5585 -0.3744 -0.7402
vn -0.5911 -0.3579 -0.7228
vn -0.6149 -0.3817 -0.6900
vn -0.6480 -0.3633 -0.6694
vn -0.6695 -0.3868 -0.6342
vn -0.7021 -0.3666 -0.6104
vn -0.7209 -0.3895 -0.5733
vn -0.7523 -0.3678 -0.5466
vn -0.7680 -0.3895 -0.5084
vn -0.7975 -0.3666 -0.4791
vn -0.8100 -0.3868 -0.4407
vn -0.8369 -0.3633 -0.4094
vn -0.8463 -0.3817 -0.3716
vn -0.8701 -0.3579 -0.3389
vn -0.8766 -0.3744 -0.3024
vn -0.8970 -0.3508 -0.2689
vn -0.9009 -0.3653 -0.2345
vn -0.9179 -0.3422 -0.2008
vn -0.9196 -0.3547 -0.1687
vn -0.9333 -0.3326 -0.1355
vn -0.9332 -0.3432 -0.1060
vn -0.3746 -0.3834 -0.8442
vn -0.4021 -0.4057 -0.8208
vn -0.4300 -0.3951 -0.8118
vn -0.4568 -0.4181 -0.7852
vn -0.4867 -0.4056 -0.7737
vn -0.5122 -0.4291 -0.7440
vn -0.5439 -0.4146 -0.7296
vn -0.5676 -0.4384 -0.6969
vn -0.6003 -0.4218 -0.6794
vn -0.6218 -0.4453 -0.6443
vn -0.6549 -0.4269 -0.6236
vn -0.6736 -0.4497 -0.5866
vn -0.7063 -0.4294 -0.5628
vn -0.7220 -0.4511 -0.5246
vn -0.7535 -0.4294 -0.4979
vn -0.7660 -0.4497 -0.4594
vn -0.7955 -0.4269 -0.4301
vn -0.8049 -0.4453 -0.3922
vn -0.8317 -0.4218 -0.3610
vn -0.8382 -0.4384 -0.3245
vn -0.8619 -0.4146 -0.2918
vn -0.8658 -0.4291 -0.2573
vn -0.8862 -0.4056 -0.2238
vn -0.8879 -0.4181 -0.1917
vn -0.9050 -0.3951 -0.1581
vn -0.9049 -0.4057 -0.1288
vn -0.9186 -0.3834 -0.0954
vn -0.9172 -0.3923 -0.0690
vn -0.3330 -0.4298 -0.8393
vn -0.3605 -0.4520 -0.8159
vn -0.3860 -0.4431 -0.8091
vn -0.4127 -0.4661 -0.7826
vn -0.4407 -0.4554 -0.7736
vn -0.4661 -0.4789 -0.7439
vn -0.4962 -0.4663 -0.7323
vn -0.5198 -0.4899 -0.6998
vn -0.5517 -0.4753 -0.6854
vn -0.5730 -0.4987 -0.6504
vn -0.6060 -0.4821 -0.6328
vn -0.6246 -0.5048 -0.5959
vn -0.6579 -0.4863 -0.5751
vn -0.6735 -0.5079 -0.5370
vn -0.7063 -0.4877 -0.5132
vn -0.7188 -0.5080 -0.4746
vn -0.7503 -0.4863 -0.4479
vn -0.7597 -0.5048 -0.4099
vn -0.7891 -0.4821 -0.3808
vn -0.7956 -0.4987 -0.3440
vn -0.8223 -0.4753 -0.3129
vn -0.8262 -0.4899 -0.2781
vn -0.8499 -0.4663 -0.2456
vn -0.8516 -0.4789 -0.2134
vn -0.8719 -0.4554 -0.1801
vn -0.8718 -0.4661 -0.1507
vn -0.8888 -0.4431 -0.1171
vn -0.8874 -0.4520 -0.0907
vn -0.9011 -0.4297 -0.0573
vn -0.8988 -0.4371 -0.0340
vn -0.7361 0.4150 0.5348
vn -0.7716 0.3703 0.5173
vn -0.8063 0.3212 0.4966
vn -0.8395 0.2680 0.4726
vn -0.8702 0.2108 0.4453
vn -0.8975 0.1503 0.4146
vn -0.9205 0.0870 0.3809
vn -0.9386 0.0221 0.3444
vn -0.9511 -0.0435 0.3059
vn -0.9579 -0.1085 0.2659
vn -0.9590 -0.1718 0.2253
vn -0.9549 -0.2326 0.1847
vn -0.9461 -0.2899 0.1447
vn -0.9332 -0.3432 0.1060
vn -0.9172 -0.3923 0.0690
vn -0.7441 0.3925 0.5406
vn -0.7304 0.3703 0.5740
vn -0.7797 0.3442 0.5231
vn -0.7659 0.3220 0.5565
vn -0.7384 0.3442 0.5798
vn -0.7215 0.3212 0.6134
vn -0.8141 0.2915 0.5022
vn -0.8004 0.2693 0.5355
vn -0.7737 0.2923 0.5621
vn -0.7567 0.2693 0.5958
vn -0.7292 0.2915 0.6191
vn -0.7089 0.2680 0.6524
vn -0.8466 0.2345 0.4778
vn -0.8330 0.2124 0.5109
vn -0.8075 0.2360 0.5406
vn -0.7905 0.2129 0.5743
vn -0.7637 0.2359 0.6009
vn -0.7433 0.2124 0.6343
vn -0.7160 0.2345 0.6575
vn -0.6924 0.2108 0.6900
vn -0.8762 0.1737 0.4496
vn -0.8626 0.1517 0.4825
vn -0.8389 0.1754 0.5152
vn -0.8219 0.1524 0.5488
vn -0.7964 0.1760 0.5786
vn -0.7759 0.1524 0.6121
vn -0.7492 0.1754 0.6386
vn -0.7255 0.1517 0.6713
vn -0.6984 0.1737 0.6943
vn -0.6717 0.1503 0.7255
vn -0.9019 0.1098 0.4178
vn -0.8884 0.0880 0.4505
vn -0.8670 0.1114 0.4857
vn -0.8500 0.0885 0.5192
vn -0.8263 0.1123 0.5520
vn -0.8058 0.0887 0.5855
vn -0.7803 0.1123 0.6153
vn -0.7565 0.0885 0.6480
vn -0.7299 0.1114 0.6745
vn -0.7030 0.0880 0.7057
vn -0.6761 0.1098 0.7286
vn -0.6467 0.0870 0.7578
vn -0.9229 0.0438 0.3826
vn -0.9095 0.0220 0.4152
vn -0.8908 0.0449 0.4523
vn -0.8739 0.0220 0.4857
vn -0.8524 0.0455 0.5209
vn -0.8320 0.0220 0.5544
vn -0.8082 0.0458 0.5872
vn -0.7844 0.0220 0.6199
vn -0.7588 0.0455 0.6497
vn -0.7319 0.0220 0.6810
vn -0.7054 0.0449 0.7074
vn -0.6759 0.0220 0.7366
vn -0.6490 0.0438 0.7595
vn -0.6176 0.0221 0.7862
vn -0.9385 -0.0232 0.3444
vn -0.9251 -0.0449 0.3770
vn -0.9094 -0.0232 0.4152
vn -0.8926 -0.0460 0.4485
vn -0.8738 -0.0232 0.4857
vn -0.8534 -0.0467 0.5191
vn -0.8319 -0.0232 0.5544
vn -0.8081 -0.0470 0.5871
vn -0.7843 -0.0232 0.6199
vn -0.7574 -0.0467 0.6513
vn -0.7319 -0.0232 0.6810
vn -0.7024 -0.0460 0.7103
vn -0.6759 -0.0232 0.7366
vn -0.6444 -0.0449 0.7633
vn -0.6176 -0.0232 0.7862
vn -0.5848 -0.0435 0.8100
vn -0.9484 -0.0899 0.3040
vn -0.9350 -0.1117 0.3366
vn -0.9225 -0.0914 0.3751
vn -0.9056 -0.1143 0.4084
vn -0.8899 -0.0926 0.4466
vn -0.8695 -0.1161 0.4800
vn -0.8508 -0.0932 0.5172
vn -0.8270 -0.1170 0.5499
vn -0.8055 -0.0935 0.5852
vn -0.7786 -0.1170 0.6166
vn -0.7548 -0.0932 0.6493
vn -0.7253 -0.1161 0.6786
vn -0.6998 -0.0926 0.7084
vn -0.6683 -0.1143 0.7351
vn -0.6418 -0.0914 0.7614
vn -0.6091 -0.1117 0.7852
vn -0.5822 -0.0899 0.8081
vn -0.5489 -0.1085 0.8288
vn -0.9525 -0.1552 0.2620
vn -0.9390 -0.1770 0.2948
vn -0.9296 -0.1586 0.3327
vn -0.9127 -0.1814 0.3661
vn -0.9002 -0.1612 0.4045
vn -0.8798 -0.1848 0.4380
vn -0.8641 -0.1631 0.4761
vn -0.8403 -0.1869 0.5089
vn -0.8216 -0.1640 0.5460
vn -0.7947 -0.1876 0.5774
vn -0.7732 -0.1640 0.6126
vn -0.7436 -0.1869 0.6419
vn -0.7198 -0.1631 0.6747
vn -0.6884 -0.1848 0.7014
vn -0.6629 -0.1612 0.7311
vn -0.6302 -0.1814 0.7549
vn -0.6037 -0.1586 0.7813
vn -0.5705 -0.1770 0.8020
vn -0.5435 -0.1552 0.8249
vn -0.5106 -0.1718 0.8425
vn -0.9510 -0.2180 0.2194
vn -0.9374 -0.2399 0.2524
vn -0.9309 -0.2234 0.2889
vn -0.9140 -0.2463 0.3224
vn -0.9046 -0.2279 0.3602
vn -0.8842 -0.2515 0.3937
vn -0.8717 -0.2313 0.4321
vn -0.8479 -0.2551 0.4648
vn -0.8322 -0.2334 0.5030
vn -0.8053 -0.2570 0.5343
vn -0.7865 -0.2341 0.5715
vn -0.7570 -0.2569 0.6007
vn -0.7355 -0.2334 0.6360
vn -0.7041 -0.2551 0.6627
vn -0.6803 -0.2313 0.6955
vn -0.6476 -0.2515 0.7193
vn -0.6221 -0.2279 0.7490
vn -0.5891 -0.2463 0.7696
vn -0.5624 -0.2234 0.7961
vn -0.5297 -0.2399 0.8136
vn -0.5026 -0.2180 0.8366
vn -0.4707 -0.2326 0.8511
vn -0.9443 -0.2773 0.1770
vn -0.9307 -0.2994 0.2101
vn -0.9268 -0.2849 0.2447
vn -0.9098 -0.3079 0.2783
vn -0.9034 -0.2914 0.3147
vn -0.8829 -0.3150 0.3482
vn -0.8735 -0.2966 0.3859
vn -0.8497 -0.3204 0.4187
vn -0.8372 -0.3002 0.4571
vn -0.8103 -0.3238 0.4884
vn -0.7946 -0.3020 0.5266
vn -0.7651 -0.3249 0.5559
vn -0.7464 -0.3020 0.5930
vn -0.7149 -0.3238 0.6197
vn -0.6934 -0.3002 0.6550
vn -0.6608 -0.3204 0.6787
vn -0.6370 -0.2966 0.7115
vn -0.6040 -0.3150 0.7321
vn -0.5784 -0.2914 0.7619
vn -0.5458 -0.3079 0.7793
vn -0.5191 -0.2849 0.8059
vn -0.4874 -0.2994 0.8202
vn -0.4601 -0.2773 0.8434
vn -0.4300 -0.2899 0.8550
vn -0.9333 -0.3326 0.1355
vn -0.9196 -0.3547 0.1687
vn -0.9179 -0.3422 0.2008
vn -0.9009 -0.3653 0.2345
vn -0.8970 -0.3508 0.2689
vn -0.8766 -0.3744 0.3024
vn -0.8701 -0.3579 0.3389
vn -0.8463 -0.3817 0.3716
vn -0.8369 -0.3633 0.4094
vn -0.8100 -0.3868 0.4407
vn -0.7975 -0.3666 0.4791
vn -0.7680 -0.3895 0.5084
vn -0.7523 -0.3678 0.5466
vn -0.7209 -0.3895 0.5733
vn -0.7021 -0.3666 0.6104
vn -0.6695 -0.3868 0.6342
vn -0.6480 -0.3633 0.6694
vn -0.6149 -0.3817 0.6900
vn -0.5912 -0.3579 0.7228
vn -0.5585 -0.3744 0.7402
vn -0.5330 -0.3508 0.7700
vn -0.5014 -0.3653 0.7843
vn -0.4746 -0.3422 0.8109
vn -0.4447 -0.3547 0.8225
vn -0.4172 -0.3326 0.8458
vn -0.3892 -0.3432 0.8548
vn -0.9186 -0.3834 0.0954
vn -0.9049 -0.4057 0.1288
vn -0.9050 -0.3951 0.1581
vn -0.8879 -0.4181 0.1918
vn -0.8862 -0.4056 0.2238
vn -0.8658 -0.4291 0.2573
vn -0.8619 -0.4146 0.2918
vn -0.8382 -0.4384 0.3245
vn -0.8317 -0.4218 0.3610
vn -0.8049 -0.4453 0.3922
vn -0.7955 -0.4269 0.4301
vn -0.7660 -0.4497 0.4594
vn -0.7535 -0.4294 0.4979
vn -0.7220 -0.4511 0.5246
vn -0.7063 -0.4294 0.5628
vn -0.6736 -0.4497 0.5866
vn -0.6549 -0.4269 0.6236
vn -0.6218 -0.4453 0.6443
vn -0.6003 -0.4218 0.6794
vn -0.5676 -0.4384 0.6969
vn -0.5439 -0.4146 0.7296
vn -0.5122 -0.4291 0.7440
vn -0.4867 -0.4056 0.7737
vn -0.4568 -0.4181 0.7852
vn -0.4300 -0.3951 0.8118
vn -0.4021 -0.4057 0.8208
vn -0.3746 -0.3834 0.8442
vn -0.3491 -0.3923 0.8510
vn -0.9011 -0.4297 0.0573
vn -0.8874 -0.4520 0.0907
vn -0.8888 -0.4431 0.1171
vn -0.8718 -0.4661 0.1507
vn -0.8719 -0.4554 0.1801
vn -0.8516 -0.4789 0.2134
vn -0.8499 -0.4663 0.2456
vn -0.8262 -0.4899 0.2781
vn -0.8223 -0.4753 0.3129
vn -0.7956 -0.4987 0.3440
vn -0.7891 -0.4821 0.3808
vn -0.7597 -0.5048 0.4099
vn -0.7503 -0.4863 0.4479
vn -0.7188 -0.5079 0.4746
vn -0.7063 -0.4877 0.5132
vn -0.6735 -0.5079 0.5370
vn -0.6579 -0.4863 0.5751
vn -0.6246 -0.5048 0.5959
vn -0.6060 -0.4821 0.6328
vn -0.5730 -0.4987 0.6504
vn -0.5517 -0.4753 0.6854
vn -0.5198 -0.4899 0.6998
vn -0.4962 -0.4663 0.7323
vn -0.4661 -0.4789 0.7439
vn -0.4407 -0.4554 0.7736
vn -0.4127 -0.4661 0.7826
vn -0.3860 -0.4431 0.8091
vn -0.3605 -0.4520 0.8159
vn -0.3330 -0.4298 0.8393
vn -0.3101 -0.4371 0.8443
vn 0.2811 0.4150 0.8653
vn 0.2535 0.3703 0.8937
vn 0.2231 0.3212 0.9203
vn 0.1901 0.2680 0.9445
vn 0.1546 0.2108 0.9652
vn 0.1170 0.1503 0.9817
vn 0.0778 0.0870 0.9932
vn 0.0375 0.0221 0.9991
vn -0.0030 -0.0435 0.9991
vn -0.0431 -0.1085 0.9932
vn -0.0821 -0.1718 0.9817
vn -0.1194 -0.2326 0.9652
vn -0.1547 -0.2899 0.9445
vn -0.1875 -0.3432 0.9203
vn -0.2178 -0.3923 0.8937
vn 0.2842 0.3925 0.8747
vn 0.3202 0.3703 0.8720
vn 0.2566 0.3442 0.9031
vn 0.2926 0.3220 0.9004
vn 0.3233 0.3442 0.8815
vn 0.3604 0.3212 0.8757
vn 0.2261 0.2915 0.9295
vn 0.2620 0.2693 0.9267
vn 0.2955 0.2923 0.9095
vn 0.3328 0.2693 0.9037
vn 0.3634 0.2915 0.8849
vn 0.4014 0.2680 0.8758
vn 0.1928 0.2345 0.9528
vn 0.2285 0.2124 0.9501
vn 0.2647 0.2359 0.9350
vn 0.3019 0.2129 0.9293
vn 0.3355 0.2359 0.9120
vn 0.3736 0.2124 0.9030
vn 0.4041 0.2345 0.8842
vn 0.4423 0.2108 0.8717
vn 0.1569 0.1737 0.9722
vn 0.1924 0.1517 0.9695
vn 0.2308 0.1754 0.9571
vn 0.2680 0.1524 0.9513
vn 0.3042 0.1760 0.9362
vn 0.3424 0.1524 0.9271
vn 0.3759 0.1754 0.9099
vn 0.4142 0.1517 0.8974
vn 0.4446 0.1737 0.8788
vn 0.4824 0.1503 0.8630
vn 0.1187 0.1098 0.9868
vn 0.1540 0.0880 0.9842
vn 0.1940 0.1114 0.9746
vn 0.2311 0.0885 0.9689
vn 0.2696 0.1123 0.9564
vn 0.3078 0.0887 0.9473
vn 0.3440 0.1123 0.9322
vn 0.3825 0.0885 0.9197
vn 0.4159 0.1114 0.9026
vn 0.4539 0.0880 0.8867
vn 0.4841 0.1098 0.8681
vn 0.5209 0.0870 0.8492
vn 0.0787 0.0438 0.9959
vn 0.1138 0.0220 0.9933
vn 0.1549 0.0449 0.9869
vn 0.1919 0.0220 0.9812
vn 0.2320 0.0455 0.9716
vn 0.2702 0.0220 0.9626
vn 0.3087 0.0458 0.9501
vn 0.3472 0.0220 0.9375
vn 0.3834 0.0455 0.9225
vn 0.4215 0.0220 0.9066
vn 0.4548 0.0449 0.8895
vn 0.4917 0.0220 0.8705
vn 0.5218 0.0438 0.8520
vn 0.5569 0.0221 0.8303
vn 0.0375 -0.0232 0.9990
vn 0.0727 -0.0449 0.9963
vn 0.1138 -0.0232 0.9932
vn 0.1508 -0.0460 0.9875
vn 0.1919 -0.0232 0.9811
vn 0.2300 -0.0467 0.9721
vn 0.2702 -0.0232 0.9625
vn 0.3087 -0.0470 0.9500
vn 0.3472 -0.0232 0.9375
vn 0.3853 -0.0467 0.9216
vn 0.4215 -0.0232 0.9065
vn 0.4585 -0.0460 0.8875
vn 0.4917 -0.0232 0.8705
vn 0.5268 -0.0449 0.8488
vn 0.5568 -0.0232 0.8303
vn 0.5896 -0.0435 0.8065
vn -0.0040 -0.0899 0.9959
vn 0.0312 -0.1117 0.9933
vn 0.0717 -0.0914 0.9932
vn 0.1086 -0.1143 0.9875
vn 0.1498 -0.0926 0.9844
vn 0.1879 -0.1161 0.9753
vn 0.2290 -0.0932 0.9690
vn 0.2675 -0.1170 0.9564
vn 0.3077 -0.0935 0.9469
vn 0.3458 -0.1170 0.9310
vn 0.3843 -0.0932 0.9185
vn 0.4213 -0.1161 0.8995
vn 0.4574 -0.0926 0.8844
vn 0.4926 -0.1143 0.8627
vn 0.5258 -0.0914 0.8457
vn 0.5586 -0.1117 0.8219
vn 0.5886 -0.0899 0.8034
vn 0.6186 -0.1085 0.7782
vn -0.0451 -0.1552 0.9868
vn -0.0098 -0.1770 0.9842
vn 0.0291 -0.1586 0.9869
vn 0.0661 -0.1814 0.9812
vn 0.1065 -0.1612 0.9811
vn 0.1446 -0.1848 0.9721
vn 0.1858 -0.1631 0.9690
vn 0.2243 -0.1869 0.9564
vn 0.2654 -0.1640 0.9501
vn 0.3035 -0.1876 0.9342
vn 0.3437 -0.1640 0.9246
vn 0.3807 -0.1869 0.9056
vn 0.4192 -0.1631 0.8931
vn 0.4544 -0.1848 0.8714
vn 0.4905 -0.1612 0.8564
vn 0.5232 -0.1814 0.8327
vn 0.5565 -0.1586 0.8156
vn 0.5864 -0.1770 0.7904
vn 0.6166 -0.1552 0.7719
vn 0.6434 -0.1718 0.7460
vn -0.0852 -0.2180 0.9722
vn -0.0497 -0.2399 0.9695
vn -0.0129 -0.2234 0.9746
vn 0.0242 -0.2463 0.9689
vn 0.0630 -0.2279 0.9716
vn 0.1012 -0.2515 0.9626
vn 0.1415 -0.2313 0.9625
vn 0.1801 -0.2551 0.9500
vn 0.2212 -0.2334 0.9469
vn 0.2593 -0.2570 0.9310
vn 0.3004 -0.2341 0.9246
vn 0.3374 -0.2570 0.9056
vn 0.3776 -0.2334 0.8961
vn 0.4127 -0.2551 0.8744
vn 0.4513 -0.2313 0.8619
vn 0.4839 -0.2515 0.8382
vn 0.5201 -0.2279 0.8231
vn 0.5499 -0.2463 0.7981
vn 0.5833 -0.2234 0.7809
vn 0.6101 -0.2399 0.7552
vn 0.6404 -0.2180 0.7365
vn 0.6640 -0.2326 0.7107
vn -0.1235 -0.2773 0.9528
vn -0.0878 -0.2994 0.9501
vn -0.0537 -0.2849 0.9571
vn -0.0165 -0.3078 0.9513
vn 0.0201 -0.2914 0.9564
vn 0.0583 -0.3150 0.9473
vn 0.0971 -0.2966 0.9501
vn 0.1356 -0.3204 0.9375
vn 0.1760 -0.3002 0.9375
vn 0.2141 -0.3238 0.9216
vn 0.2553 -0.3020 0.9185
vn 0.2923 -0.3249 0.8995
vn 0.3334 -0.3020 0.8931
vn 0.3685 -0.3238 0.8714
vn 0.4087 -0.3002 0.8619
vn 0.4413 -0.3204 0.8382
vn 0.4799 -0.2966 0.8257
vn 0.5096 -0.3150 0.8007
vn 0.5459 -0.2914 0.7856
vn 0.5725 -0.3079 0.7599
vn 0.6060 -0.2849 0.7427
vn 0.6295 -0.2994 0.7170
vn 0.6600 -0.2773 0.6983
vn 0.6803 -0.2899 0.6732
vn -0.1596 -0.3326 0.9295
vn -0.1237 -0.3547 0.9267
vn -0.0927 -0.3422 0.9350
vn -0.0554 -0.3653 0.9292
vn -0.0214 -0.3508 0.9362
vn 0.0168 -0.3744 0.9271
vn 0.0534 -0.3579 0.9322
vn 0.0919 -0.3817 0.9197
vn 0.1307 -0.3633 0.9225
vn 0.1688 -0.3868 0.9066
vn 0.2092 -0.3666 0.9065
vn 0.2462 -0.3895 0.8875
vn 0.2874 -0.3678 0.8844
vn 0.3225 -0.3895 0.8627
vn 0.3636 -0.3666 0.8564
vn 0.3963 -0.3868 0.8327
vn 0.4364 -0.3633 0.8231
vn 0.4662 -0.3817 0.7981
vn 0.5047 -0.3579 0.7856
vn 0.5314 -0.3744 0.7599
vn 0.5676 -0.3508 0.7448
vn 0.5910 -0.3653 0.7192
vn 0.6246 -0.3422 0.7020
vn 0.6448 -0.3547 0.6770
vn 0.6754 -0.3326 0.6582
vn 0.6927 -0.3432 0.6343
vn -0.1931 -0.3834 0.9031
vn -0.1571 -0.4057 0.9004
vn -0.1293 -0.3951 0.9095
vn -0.0920 -0.4181 0.9037
vn -0.0610 -0.4056 0.9120
vn -0.0229 -0.4291 0.9030
vn 0.0112 -0.4146 0.9099
vn 0.0496 -0.4384 0.8974
vn 0.0863 -0.4218 0.9026
vn 0.1243 -0.4453 0.8867
vn 0.1633 -0.4269 0.8895
vn 0.2002 -0.4497 0.8705
vn 0.2407 -0.4294 0.8704
vn 0.2758 -0.4511 0.8488
vn 0.3170 -0.4294 0.8457
vn 0.3497 -0.4497 0.8219
vn 0.3907 -0.4269 0.8156
vn 0.4206 -0.4453 0.7904
vn 0.4607 -0.4218 0.7809
vn 0.4874 -0.4384 0.7552
vn 0.5258 -0.4146 0.7427
vn 0.5493 -0.4291 0.7170
vn 0.5854 -0.4056 0.7020
vn 0.6057 -0.4181 0.6770
vn 0.6392 -0.3951 0.6598
vn 0.6564 -0.4057 0.6361
vn 0.6871 -0.3834 0.6171
vn 0.7015 -0.3923 0.5950
vn -0.2240 -0.4298 0.8747
vn -0.1880 -0.4520 0.8720
vn -0.1633 -0.4431 0.8815
vn -0.1261 -0.4661 0.8757
vn -0.0982 -0.4554 0.8849
vn -0.0602 -0.4789 0.8758
vn -0.0290 -0.4663 0.8842
vn 0.0092 -0.4899 0.8717
vn 0.0435 -0.4753 0.8788
vn 0.0813 -0.4987 0.8630
vn 0.1183 -0.4821 0.8681
vn 0.1551 -0.5048 0.8492
vn 0.1942 -0.4863 0.8520
vn 0.2293 -0.5079 0.8303
vn 0.2698 -0.4877 0.8303
vn 0.3026 -0.5080 0.8065
vn 0.3437 -0.4863 0.8034
vn 0.3737 -0.5048 0.7782
vn 0.4146 -0.4821 0.7718
vn 0.4415 -0.4987 0.7460
vn 0.4813 -0.4753 0.7365
vn 0.5049 -0.4899 0.7107
vn 0.5432 -0.4663 0.6983
vn 0.5635 -0.4789 0.6732
vn 0.5995 -0.4554 0.6582
vn 0.6168 -0.4661 0.6343
vn 0.6502 -0.4431 0.6171
vn 0.6646 -0.4520 0.5950
vn 0.6953 -0.4297 0.5760
vn 0.7072 -0.4371 0.5558
vn 0.9098 0.4150 -0.0000
vn 0.9283 0.3702 0.0351
vn 0.9442 0.3212 0.0722
vn 0.9570 0.2680 0.1111
vn 0.9657 0.2108 0.1512
vn 0.9698 0.1503 0.1921
vn 0.9686 0.0870 0.2329
vn 0.9618 0.0221 0.2730
vn 0.9492 -0.0435 0.3115
vn 0.9312 -0.1085 0.3479
vn 0.9083 -0.1718 0.3814
vn 0.8811 -0.2326 0.4119
vn 0.8505 -0.2899 0.4390
vn 0.8173 -0.3432 0.4628
vn 0.7826 -0.3923 0.4833
vn 0.9198 0.3925 -0.0000
vn 0.9283 0.3702 -0.0351
vn 0.9382 0.3442 0.0351
vn 0.9467 0.3220 -0.0000
vn 0.9382 0.3442 -0.0351
vn 0.9442 0.3212 -0.0722
vn 0.9539 0.2915 0.0722
vn 0.9623 0.2693 0.0372
vn 0.9563 0.2923 -0.0000
vn 0.9623 0.2693 -0.0372
vn 0.9539 0.2915 -0.0722
vn 0.9570 0.2680 -0.1111
vn 0.9658 0.2345 0.1111
vn 0.9742 0.2124 0.0763
vn 0.9711 0.2359 0.0372
vn 0.9771 0.2129 -0.0000
vn 0.9711 0.2359 -0.0372
vn 0.9742 0.2124 -0.0763
vn 0.9658 0.2345 -0.1111
vn 0.9657 0.2108 -0.1512
vn 0.9731 0.1737 0.1512
vn 0.9815 0.1517 0.1166
vn 0.9815 0.1754 0.0763
vn 0.9875 0.1524 0.0391
vn 0.9844 0.1760 -0.0000
vn 0.9875 0.1524 -0.0391
vn 0.9815 0.1754 -0.0763
vn 0.9815 0.1517 -0.1166
vn 0.9731 0.1737 -0.1512
vn 0.9698 0.1503 -0.1921
vn 0.9752 0.1098 0.1921
vn 0.9836 0.0880 0.1577
vn 0.9869 0.1114 0.1166
vn 0.9929 0.0885 0.0796
vn 0.9929 0.1123 0.0391
vn 0.9961 0.0887 -0.0000
vn 0.9929 0.1123 -0.0391
vn 0.9929 0.0885 -0.0796
vn 0.9869 0.1114 -0.1166
vn 0.9836 0.0880 -0.1577
vn 0.9752 0.1098 -0.1921
vn 0.9686 0.0870 -0.2329
vn 0.9715 0.0438 0.2329
vn 0.9798 0.0220 0.1987
vn 0.9865 0.0449 0.1577
vn 0.9924 0.0220 0.1207
vn 0.9958 0.0455 0.0796
vn 0.9989 0.0220 0.0405
vn 0.9990 0.0458 -0.0000
vn 0.9989 0.0220 -0.0405
vn 0.9958 0.0455 -0.0796
vn 0.9924 0.0220 -0.1207
vn 0.9865 0.0449 -0.1577
vn 0.9798 0.0220 -0.1987
vn 0.9715 0.0438 -0.2329
vn 0.9618 0.0221 -0.2730
vn 0.9617 -0.0232 0.2730
vn 0.9700 -0.0449 0.2388
vn 0.9798 -0.0232 0.1987
vn 0.9858 -0.0460 0.1618
vn 0.9924 -0.0232 0.1207
vn 0.9956 -0.0467 0.0817
vn 0.9989 -0.0232 0.0405
vn 0.9989 -0.0470 -0.0000
vn 0.9989 -0.0232 -0.0405
vn 0.9956 -0.0467 -0.0817
vn 0.9924 -0.0232 -0.1207
vn 0.9858 -0.0460 -0.1618
vn 0.9798 -0.0232 -0.1987
vn 0.9700 -0.0449 -0.2388
vn 0.9617 -0.0232 -0.2730
vn 0.9492 -0.0435 -0.3115
vn 0.9460 -0.0899 0.3115
vn 0.9543 -0.1117 0.2773
vn 0.9668 -0.0914 0.2388
vn 0.9727 -0.1143 0.2019
vn 0.9825 -0.0926 0.1618
vn 0.9856 -0.1161 0.1227
vn 0.9923 -0.0932 0.0817
vn 0.9923 -0.1170 0.0412
vn 0.9956 -0.0935 -0.0000
vn 0.9923 -0.1170 -0.0412
vn 0.9923 -0.0932 -0.0817
vn 0.9856 -0.1161 -0.1227
vn 0.9825 -0.0926 -0.1618
vn 0.9727 -0.1143 -0.2019
vn 0.9668 -0.0914 -0.2388
vn 0.9543 -0.1117 -0.2773
vn 0.9460 -0.0899 -0.3115
vn 0.9312 -0.1085 -0.3479
vn 0.9246 -0.1552 0.3479
vn 0.9330 -0.1770 0.3134
vn 0.9476 -0.1586 0.2773
vn 0.9536 -0.1814 0.2403
vn 0.9661 -0.1612 0.2019
vn 0.9692 -0.1848 0.1628
vn 0.9789 -0.1631 0.1227
vn 0.9789 -0.1869 0.0822
vn 0.9856 -0.1640 0.0412
vn 0.9822 -0.1876 -0.0000
vn 0.9856 -0.1640 -0.0412
vn 0.9789 -0.1869 -0.0822
vn 0.9789 -0.1631 -0.1227
vn 0.9692 -0.1848 -0.1628
vn 0.9661 -0.1612 -0.2019
vn 0.9536 -0.1814 -0.2403
vn 0.9476 -0.1586 -0.2773
vn 0.9330 -0.1770 -0.3134
vn 0.9246 -0.1552 -0.3479
vn 0.9083 -0.1718 -0.3814
vn 0.8983 -0.2180 0.3814
vn 0.9067 -0.2399 0.3468
vn 0.9230 -0.2234 0.3134
vn 0.9289 -0.2463 0.2764
vn 0.9436 -0.2279 0.2403
vn 0.9467 -0.2515 0.2012
vn 0.9592 -0.2313 0.1628
vn 0.9592 -0.2551 0.1223
vn 0.9689 -0.2334 0.0822
vn 0.9656 -0.2569 0.0410
vn 0.9722 -0.2341 -0.0000
vn 0.9656 -0.2569 -0.0410
vn 0.9689 -0.2334 -0.0822
vn 0.9592 -0.2551 -0.1223
vn 0.9592 -0.2313 -0.1628
vn 0.9467 -0.2515 -0.2012
vn 0.9436 -0.2279 -0.2403
vn 0.9289 -0.2463 -0.2764
vn 0.9230 -0.2234 -0.3134
vn 0.9067 -0.2399 -0.3468
vn 0.8983 -0.2180 -0.3814
vn 0.8811 -0.2326 -0.4119
vn 0.8680 -0.2773 0.4119
vn 0.8765 -0.2994 0.3771
vn 0.8936 -0.2849 0.3468
vn 0.8996 -0.3078 0.3097
vn 0.9158 -0.2914 0.2764
vn 0.9190 -0.3150 0.2373
vn 0.9336 -0.2966 0.2012
vn 0.9336 -0.3204 0.1607
vn 0.9460 -0.3002 0.1223
vn 0.9427 -0.3238 0.0811
vn 0.9524 -0.3020 0.0410
vn 0.9457 -0.3249 -0.0000
vn 0.9524 -0.3020 -0.0410
vn 0.9427 -0.3238 -0.0811
vn 0.9460 -0.3002 -0.1223
vn 0.9336 -0.3204 -0.1607
vn 0.9336 -0.2966 -0.2012
vn 0.9190 -0.3150 -0.2373
vn 0.9158 -0.2914 -0.2764
vn 0.8996 -0.3078 -0.3097
vn 0.8936 -0.2849 -0.3468
vn 0.8765 -0.2994 -0.3771
vn 0.8680 -0.2773 -0.4119
vn 0.8505 -0.2899 -0.4390
vn 0.8347 -0.3326 0.4390
vn 0.8432 -0.3547 0.4040
vn 0.8606 -0.3422 0.3771
vn 0.8667 -0.3653 0.3398
vn 0.8838 -0.3508 0.3097
vn 0.8869 -0.3744 0.2705
vn 0.9031 -0.3579 0.2373
vn 0.9031 -0.3817 0.1968
vn 0.9177 -0.3633 0.1607
vn 0.9144 -0.3868 0.1196
vn 0.9268 -0.3666 0.0811
vn 0.9202 -0.3895 0.0401
vn 0.9299 -0.3678 -0.0000
vn 0.9202 -0.3895 -0.0401
vn 0.9268 -0.3666 -0.0811
vn 0.9144 -0.3868 -0.1196
vn 0.9177 -0.3633 -0.1607
vn 0.9031 -0.3817 -0.1968
vn 0.9031 -0.3579 -0.2373
vn 0.8869 -0.3744 -0.2705
vn 0.8838 -0.3508 -0.3097
vn 0.8667 -0.3653 -0.3398
vn 0.8606 -0.3422 -0.3771
vn 0.8432 -0.3547 -0.4040
vn 0.8347 -0.3326 -0.4390
vn 0.8173 -0.3432 -0.4627
vn 0.7993 -0.3834 0.4628
vn 0.8078 -0.4057 0.4277
vn 0.8250 -0.3951 0.4040
vn 0.8311 -0.4181 0.3668
vn 0.8485 -0.4056 0.3398
vn 0.8517 -0.4291 0.3008
vn 0.8688 -0.4146 0.2706
vn 0.8688 -0.4384 0.2302
vn 0.8851 -0.4218 0.1968
vn 0.8817 -0.4453 0.1558
vn 0.8964 -0.4269 0.1196
vn 0.8897 -0.4497 0.0786
vn 0.9022 -0.4294 0.0401
vn 0.8925 -0.4511 -0.0000
vn 0.9022 -0.4294 -0.0401
vn 0.8897 -0.4497 -0.0786
vn 0.8964 -0.4269 -0.1196
vn 0.8817 -0.4453 -0.1558
vn 0.8851 -0.4218 -0.1968
vn 0.8688 -0.4384 -0.2302
vn 0.8688 -0.4146 -0.2706
vn 0.8517 -0.4291 -0.3008
vn 0.8485 -0.4056 -0.3398
vn 0.8311 -0.4181 -0.3668
vn 0.8250 -0.3951 -0.4040
vn 0.8078 -0.4057 -0.4277
vn 0.7993 -0.3834 -0.4628
vn 0.7826 -0.3923 -0.4833
vn 0.7627 -0.4298 0.4833
vn 0.7712 -0.4520 0.4482
vn 0.7879 -0.4431 0.4277
vn 0.7939 -0.4661 0.3906
vn 0.8112 -0.4554 0.3668
vn 0.8144 -0.4789 0.3279
vn 0.8319 -0.4663 0.3008
vn 0.8319 -0.4899 0.2606
vn 0.8492 -0.4753 0.2302
vn 0.8459 -0.4987 0.1893
vn 0.8622 -0.4821 0.1558
vn 0.8556 -0.5048 0.1149
vn 0.8703 -0.4863 0.0786
vn 0.8605 -0.5079 0.0385
vn 0.8730 -0.4877 -0.0000
vn 0.8605 -0.5079 -0.0385
vn 0.8703 -0.4863 -0.0786
vn 0.8556 -0.5048 -0.1149
vn 0.8622 -0.4821 -0.1558
vn 0.8459 -0.4987 -0.1893
vn 0.8492 -0.4753 -0.2302
vn 0.8319 -0.4899 -0.2606
vn 0.8319 -0.4663 -0.3008
vn 0.8144 -0.4789 -0.3279
vn 0.8112 -0.4554 -0.3668
vn 0.7939 -0.4661 -0.3906
vn 0.7879 -0.4431 -0.4277
vn 0.7712 -0.4520 -0.4482
vn 0.7627 -0.4298 -0.4833
vn 0.7471 -0.4371 -0.5008
vn 0.7003 -0.4728 -0.5348
vn 0.6762 -0.5246 -0.5173
vn 0.6479 -0.5776 -0.4966
vn 0.6151 -0.6310 -0.4726
vn 0.5778 -0.6841 -0.4453
vn 0.5358 -0.7356 -0.4146
vn 0.4895 -0.7844 -0.3809
vn 0.4395 -0.8296 -0.3444
vn 0.3865 -0.8701 -0.3059
vn 0.3313 -0.9053 -0.2659
vn 0.2752 -0.9346 -0.2253
vn 0.2190 -0.9581 -0.1847
vn 0.1638 -0.9758 -0.1447
vn 0.1104 -0.9882 -0.1060
vn 0.0593 -0.9959 -0.0690
vn 0.6838 -0.4900 -0.5406
vn 0.6578 -0.4877 -0.5740
vn 0.6566 -0.5434 -0.5231
vn 0.6305 -0.5411 -0.5565
vn 0.6381 -0.5065 -0.5798
vn 0.6100 -0.5017 -0.6134
vn 0.6248 -0.5978 -0.5022
vn 0.5988 -0.5955 -0.5355
vn 0.6075 -0.5613 -0.5621
vn 0.5792 -0.5564 -0.5958
vn 0.5868 -0.5219 -0.6191
vn 0.5568 -0.5142 -0.6524
vn 0.5883 -0.6524 -0.4778
vn 0.5625 -0.6501 -0.5109
vn 0.5722 -0.6167 -0.5406
vn 0.5439 -0.6118 -0.5743
vn 0.5526 -0.5776 -0.6009
vn 0.5224 -0.5699 -0.6343
vn 0.5299 -0.5356 -0.6575
vn 0.4982 -0.5250 -0.6900
vn 0.5472 -0.7060 -0.4496
vn 0.5215 -0.7037 -0.4825
vn 0.5321 -0.6719 -0.5152
vn 0.5039 -0.6670 -0.5488
vn 0.5136 -0.6336 -0.5786
vn 0.4834 -0.6259 -0.6121
vn 0.4920 -0.5917 -0.6386
vn 0.4601 -0.5811 -0.6713
vn 0.4676 -0.5470 -0.6943
vn 0.4348 -0.5336 -0.7254
vn 0.5015 -0.7576 -0.4178
vn 0.4760 -0.7553 -0.4505
vn 0.4874 -0.7256 -0.4857
vn 0.4593 -0.7207 -0.5192
vn 0.4700 -0.6888 -0.5520
vn 0.4397 -0.6811 -0.5855
vn 0.4494 -0.6477 -0.6153
vn 0.4175 -0.6370 -0.6480
vn 0.4261 -0.6030 -0.6744
vn 0.3931 -0.5895 -0.7057
vn 0.4005 -0.5556 -0.7286
vn 0.3671 -0.5395 -0.7578
vn 0.4519 -0.8059 -0.3826
vn 0.4264 -0.8036 -0.4152
vn 0.4385 -0.7767 -0.4523
vn 0.4105 -0.7718 -0.4857
vn 0.4219 -0.7420 -0.5209
vn 0.3917 -0.7343 -0.5544
vn 0.4024 -0.7024 -0.5872
vn 0.3704 -0.6917 -0.6199
vn 0.3801 -0.6584 -0.6497
vn 0.3470 -0.6448 -0.6810
vn 0.3556 -0.6109 -0.7074
vn 0.3220 -0.5947 -0.7366
vn 0.3294 -0.5609 -0.7595
vn 0.2960 -0.5425 -0.7862
vn 0.3990 -0.8498 -0.3444
vn 0.3736 -0.8475 -0.3770
vn 0.3860 -0.8238 -0.4152
vn 0.3580 -0.8189 -0.4485
vn 0.3701 -0.7920 -0.4857
vn 0.3399 -0.7842 -0.5191
vn 0.3513 -0.7545 -0.5544
vn 0.3194 -0.7438 -0.5871
vn 0.3300 -0.7119 -0.6199
vn 0.2969 -0.6984 -0.6513
vn 0.3066 -0.6650 -0.6810
vn 0.2730 -0.6488 -0.7103
vn 0.2815 -0.6149 -0.7366
vn 0.2480 -0.5965 -0.7633
vn 0.2554 -0.5628 -0.7862
vn 0.2227 -0.5425 -0.8100
vn 0.3437 -0.8885 -0.3040
vn 0.3183 -0.8862 -0.3366
vn 0.3307 -0.8660 -0.3751
vn 0.3028 -0.8611 -0.4084
vn 0.3152 -0.8374 -0.4466
vn 0.2850 -0.8297 -0.4800
vn 0.2971 -0.8027 -0.5172
vn 0.2651 -0.7920 -0.5499
vn 0.2766 -0.7622 -0.5852
vn 0.2435 -0.7487 -0.6166
vn 0.2541 -0.7168 -0.6493
vn 0.2205 -0.7006 -0.6786
vn 0.2302 -0.6673 -0.7083
vn 0.1967 -0.6489 -0.7351
vn 0.2052 -0.6149 -0.7614
vn 0.1725 -0.5947 -0.7852
vn 0.1799 -0.5609 -0.8081
vn 0.1485 -0.5395 -0.8288
vn 0.2871 -0.9214 -0.2620
vn 0.2616 -0.9191 -0.2948
vn 0.2739 -0.9024 -0.3327
vn 0.2459 -0.8975 -0.3661
vn 0.2584 -0.8773 -0.4045
vn 0.2282 -0.8696 -0.4379
vn 0.2406 -0.8458 -0.4761
vn 0.2086 -0.8352 -0.5089
vn 0.2207 -0.8082 -0.5460
vn 0.1876 -0.7947 -0.5773
vn 0.1991 -0.7649 -0.6126
vn 0.1654 -0.7487 -0.6419
vn 0.1761 -0.7168 -0.6747
vn 0.1426 -0.6984 -0.7014
vn 0.1522 -0.6650 -0.7311
vn 0.1196 -0.6448 -0.7549
vn 0.1281 -0.6109 -0.7813
vn 0.0968 -0.5895 -0.8020
vn 0.1042 -0.5556 -0.8249
vn 0.0747 -0.5336 -0.8425
vn 0.2303 -0.9481 -0.2194
vn 0.2046 -0.9457 -0.2524
vn 0.2165 -0.9326 -0.2889
vn 0.1884 -0.9277 -0.3224
vn 0.2007 -0.9110 -0.3602
vn 0.1705 -0.9033 -0.3937
vn 0.1830 -0.8831 -0.4321
vn 0.1510 -0.8724 -0.4648
vn 0.1634 -0.8487 -0.5030
vn 0.1303 -0.8352 -0.5343
vn 0.1424 -0.8082 -0.5714
vn 0.1087 -0.7920 -0.6007
vn 0.1202 -0.7622 -0.6360
vn 0.0867 -0.7438 -0.6627
vn 0.0974 -0.7119 -0.6955
vn 0.0647 -0.6917 -0.7192
vn 0.0744 -0.6584 -0.7490
vn 0.0431 -0.6370 -0.7696
vn 0.0517 -0.6030 -0.7961
vn 0.0223 -0.5811 -0.8136
vn 0.0298 -0.5470 -0.8366
vn 0.0025 -0.5250 -0.8511
vn 0.1743 -0.9687 -0.1770
vn 0.1485 -0.9663 -0.2101
vn 0.1597 -0.9564 -0.2447
vn 0.1315 -0.9515 -0.2783
vn 0.1434 -0.9383 -0.3147
vn 0.1131 -0.9306 -0.3482
vn 0.1254 -0.9140 -0.3859
vn 0.0935 -0.9033 -0.4187
vn 0.1059 -0.8831 -0.4571
vn 0.0728 -0.8696 -0.4884
vn 0.0852 -0.8458 -0.5266
vn 0.0516 -0.8297 -0.5559
vn 0.0636 -0.8027 -0.5930
vn 0.0302 -0.7842 -0.6197
vn 0.0416 -0.7545 -0.6550
vn 0.0090 -0.7343 -0.6787
vn 0.0196 -0.7024 -0.7115
vn -0.0116 -0.6811 -0.7321
vn -0.0019 -0.6477 -0.7619
vn -0.0313 -0.6259 -0.7793
vn -0.0226 -0.5917 -0.8058
vn -0.0498 -0.5699 -0.8202
vn -0.0422 -0.5356 -0.8434
vn -0.0670 -0.5142 -0.8550
vn 0.1199 -0.9835 -0.1355
vn 0.0940 -0.9812 -0.1687
vn 0.1044 -0.9741 -0.2008
vn 0.0762 -0.9691 -0.2345
vn 0.0874 -0.9592 -0.2689
vn 0.0571 -0.9515 -0.3024
vn 0.0690 -0.9383 -0.3389
vn 0.0371 -0.9277 -0.3716
vn 0.0493 -0.9110 -0.4094
vn 0.0163 -0.8975 -0.4407
vn 0.0287 -0.8773 -0.4791
vn -0.0049 -0.8611 -0.5084
vn 0.0075 -0.8374 -0.5466
vn -0.0260 -0.8189 -0.5733
vn -0.0139 -0.7920 -0.6104
vn -0.0466 -0.7718 -0.6342
vn -0.0351 -0.7420 -0.6694
vn -0.0664 -0.7207 -0.6900
vn -0.0558 -0.6888 -0.7228
vn -0.0851 -0.6670 -0.7402
vn -0.0754 -0.6336 -0.7700
vn -0.1025 -0.6118 -0.7843
vn -0.0938 -0.5776 -0.8109
vn -0.1184 -0.5564 -0.8225
vn -0.1109 -0.5219 -0.8458
vn -0.1329 -0.5017 -0.8548
vn 0.0679 -0.9931 -0.0954
vn 0.0418 -0.9908 -0.1288
vn 0.0514 -0.9861 -0.1581
vn 0.0232 -0.9812 -0.1917
vn 0.0336 -0.9741 -0.2238
vn 0.0034 -0.9663 -0.2573
vn 0.0146 -0.9564 -0.2918
vn -0.0172 -0.9457 -0.3245
vn -0.0054 -0.9326 -0.3610
vn -0.0384 -0.9191 -0.3922
vn -0.0260 -0.9024 -0.4301
vn -0.0596 -0.8862 -0.4594
vn -0.0471 -0.8660 -0.4979
vn -0.0806 -0.8475 -0.5246
vn -0.0682 -0.8238 -0.5628
vn -0.1009 -0.8036 -0.5866
vn -0.0889 -0.7767 -0.6236
vn -0.1202 -0.7553 -0.6443
vn -0.1088 -0.7256 -0.6794
vn -0.1382 -0.7037 -0.6969
vn -0.1276 -0.6719 -0.7296
vn -0.1547 -0.6501 -0.7439
vn -0.1451 -0.6167 -0.7737
vn -0.1697 -0.5955 -0.7852
vn -0.1610 -0.5613 -0.8118
vn -0.1830 -0.5411 -0.8208
vn -0.1754 -0.5065 -0.8442
vn -0.1948 -0.4877 -0.8510
vn 0.0186 -0.9982 -0.0573
vn -0.0074 -0.9959 -0.0907
vn 0.0012 -0.9931 -0.1171
vn -0.0270 -0.9882 -0.1507
vn -0.0174 -0.9835 -0.1801
vn -0.0475 -0.9758 -0.2134
vn -0.0370 -0.9687 -0.2456
vn -0.0687 -0.9581 -0.2781
vn -0.0574 -0.9480 -0.3129
vn -0.0902 -0.9346 -0.3440
vn -0.0783 -0.9214 -0.3808
vn -0.1117 -0.9053 -0.4099
vn -0.0994 -0.8885 -0.4479
vn -0.1328 -0.8701 -0.4746
vn -0.1203 -0.8498 -0.5131
vn -0.1531 -0.8296 -0.5370
vn -0.1407 -0.8059 -0.5751
vn -0.1722 -0.7844 -0.5959
vn -0.1602 -0.7576 -0.6328
vn -0.1897 -0.7356 -0.6504
vn -0.1784 -0.7060 -0.6854
vn -0.2057 -0.6841 -0.6998
vn -0.1951 -0.6524 -0.7323
vn -0.2199 -0.6310 -0.7439
vn -0.2102 -0.5978 -0.7736
vn -0.2323 -0.5776 -0.7826
vn -0.2237 -0.5434 -0.8091
vn -0.2430 -0.5246 -0.8159
vn -0.2355 -0.4900 -0.8393
vn -0.2522 -0.4728 -0.8443
vn -0.2922 -0.4728 -0.8313
vn -0.2830 -0.5246 -0.8030
vn -0.2721 -0.5776 -0.7697
vn -0.2594 -0.6310 -0.7311
vn -0.2450 -0.6841 -0.6871
vn -0.2288 -0.7356 -0.6377
vn -0.2109 -0.7844 -0.5832
vn -0.1918 -0.8296 -0.5244
vn -0.1715 -0.8701 -0.4621
vn -0.1505 -0.9053 -0.3973
vn -0.1292 -0.9346 -0.3313
vn -0.1079 -0.9581 -0.2654
vn -0.0870 -0.9758 -0.2005
vn -0.0667 -0.9882 -0.1377
vn -0.0473 -0.9959 -0.0777
vn -0.3028 -0.4900 -0.8174
vn -0.3426 -0.4877 -0.8030
vn -0.2946 -0.5434 -0.7861
vn -0.3344 -0.5411 -0.7716
vn -0.3543 -0.5065 -0.7861
vn -0.3949 -0.5017 -0.7697
vn -0.2846 -0.5978 -0.7494
vn -0.3243 -0.5955 -0.7350
vn -0.3469 -0.5613 -0.7514
vn -0.3876 -0.5564 -0.7350
vn -0.4074 -0.5219 -0.7494
vn -0.4484 -0.5142 -0.7311
vn -0.2726 -0.6524 -0.7072
vn -0.3121 -0.6501 -0.6928
vn -0.3374 -0.6167 -0.7112
vn -0.3781 -0.6118 -0.6948
vn -0.4007 -0.5776 -0.7112
vn -0.4419 -0.5699 -0.6928
vn -0.4616 -0.5356 -0.7072
vn -0.5023 -0.5250 -0.6871
vn -0.2585 -0.7060 -0.6593
vn -0.2978 -0.7037 -0.6451
vn -0.3256 -0.6719 -0.6653
vn -0.3662 -0.6670 -0.6489
vn -0.3916 -0.6336 -0.6673
vn -0.4328 -0.6259 -0.6489
vn -0.4553 -0.5917 -0.6653
vn -0.4962 -0.5811 -0.6451
vn -0.5158 -0.5470 -0.6593
vn -0.5556 -0.5336 -0.6377
vn -0.2424 -0.7576 -0.6061
vn -0.2814 -0.7553 -0.5919
vn -0.3113 -0.7256 -0.6136
vn -0.3519 -0.7207 -0.5973
vn -0.3797 -0.6888 -0.6175
vn -0.4209 -0.6811 -0.5991
vn -0.4463 -0.6477 -0.6175
vn -0.4873 -0.6370 -0.5973
vn -0.5098 -0.6030 -0.6136
vn -0.5497 -0.5895 -0.5919
vn -0.5692 -0.5556 -0.6061
vn -0.6073 -0.5395 -0.5833
vn -0.2242 -0.8059 -0.5480
vn -0.2631 -0.8036 -0.5339
vn -0.2946 -0.7767 -0.5568
vn -0.3351 -0.7718 -0.5405
vn -0.3650 -0.7420 -0.5622
vn -0.4062 -0.7343 -0.5438
vn -0.4341 -0.7024 -0.5641
vn -0.4751 -0.6917 -0.5438
vn -0.5004 -0.6584 -0.5622
vn -0.5405 -0.6448 -0.5405
vn -0.5629 -0.6109 -0.5568
vn -0.6011 -0.5947 -0.5339
vn -0.6205 -0.5609 -0.5480
vn -0.6562 -0.5425 -0.5244
vn -0.2043 -0.8498 -0.4859
vn -0.2431 -0.8475 -0.4718
vn -0.2756 -0.8238 -0.4954
vn -0.3160 -0.8189 -0.4791
vn -0.3475 -0.7920 -0.5020
vn -0.3887 -0.7842 -0.4836
vn -0.4187 -0.7545 -0.5054
vn -0.4597 -0.7438 -0.4852
vn -0.4876 -0.7119 -0.5054
vn -0.5276 -0.6984 -0.4836
vn -0.5529 -0.6650 -0.5020
vn -0.5912 -0.6488 -0.4791
vn -0.6136 -0.6149 -0.4954
vn -0.6493 -0.5965 -0.4718
vn -0.6687 -0.5628 -0.4859
vn -0.7015 -0.5425 -0.4621
vn -0.1829 -0.8885 -0.4208
vn -0.2218 -0.8862 -0.4067
vn -0.2545 -0.8660 -0.4305
vn -0.2949 -0.8611 -0.4142
vn -0.3274 -0.8374 -0.4378
vn -0.3685 -0.8297 -0.4194
vn -0.4001 -0.8027 -0.4424
vn -0.4411 -0.7920 -0.4221
vn -0.4711 -0.7622 -0.4439
vn -0.5111 -0.7487 -0.4221
vn -0.5390 -0.7168 -0.4424
vn -0.5773 -0.7006 -0.4194
vn -0.6026 -0.6673 -0.4378
vn -0.6383 -0.6488 -0.4142
vn -0.6607 -0.6149 -0.4305
vn -0.6935 -0.5947 -0.4067
vn -0.7129 -0.5609 -0.4208
vn -0.7424 -0.5395 -0.3973
vn -0.1605 -0.9214 -0.3540
vn -0.1995 -0.9191 -0.3399
vn -0.2318 -0.9024 -0.3633
vn -0.2722 -0.8975 -0.3470
vn -0.3049 -0.8773 -0.3707
vn -0.3460 -0.8696 -0.3523
vn -0.3785 -0.8458 -0.3759
vn -0.4195 -0.8352 -0.3557
vn -0.4511 -0.8082 -0.3786
vn -0.4911 -0.7947 -0.3568
vn -0.5211 -0.7649 -0.3786
vn -0.5594 -0.7487 -0.3557
vn -0.5873 -0.7168 -0.3759
vn -0.6230 -0.6984 -0.3524
vn -0.6483 -0.6650 -0.3707
vn -0.6810 -0.6448 -0.3470
vn -0.7035 -0.6109 -0.3633
vn -0.7328 -0.5895 -0.3399
vn -0.7523 -0.5556 -0.3540
vn -0.7782 -0.5336 -0.3313
vn -0.1375 -0.9481 -0.2869
vn -0.1768 -0.9457 -0.2726
vn -0.2079 -0.9326 -0.2952
vn -0.2484 -0.9277 -0.2788
vn -0.2805 -0.9110 -0.3022
vn -0.3217 -0.9033 -0.2838
vn -0.3544 -0.8831 -0.3075
vn -0.3954 -0.8724 -0.2873
vn -0.4279 -0.8487 -0.3109
vn -0.4679 -0.8352 -0.2890
vn -0.4995 -0.8082 -0.3120
vn -0.5377 -0.7920 -0.2890
vn -0.5678 -0.7622 -0.3109
vn -0.6035 -0.7438 -0.2873
vn -0.6314 -0.7119 -0.3075
vn -0.6640 -0.6917 -0.2838
vn -0.6894 -0.6584 -0.3022
vn -0.7186 -0.6370 -0.2788
vn -0.7411 -0.6030 -0.2952
vn -0.7668 -0.5811 -0.2726
vn -0.7865 -0.5470 -0.2869
vn -0.8087 -0.5250 -0.2654
vn -0.1145 -0.9687 -0.2205
vn -0.1540 -0.9663 -0.2061
vn -0.1833 -0.9564 -0.2275
vn -0.2240 -0.9515 -0.2111
vn -0.2550 -0.9383 -0.2336
vn -0.2962 -0.9306 -0.2152
vn -0.3283 -0.9140 -0.2385
vn -0.3693 -0.9033 -0.2183
vn -0.4020 -0.8831 -0.2420
vn -0.4420 -0.8696 -0.2202
vn -0.4745 -0.8458 -0.2438
vn -0.5127 -0.8297 -0.2208
vn -0.5443 -0.8027 -0.2438
vn -0.5801 -0.7842 -0.2202
vn -0.6101 -0.7545 -0.2420
vn -0.6428 -0.7343 -0.2183
vn -0.6706 -0.7024 -0.2385
vn -0.6999 -0.6811 -0.2152
vn -0.7252 -0.6477 -0.2336
vn -0.7508 -0.6259 -0.2111
vn -0.7734 -0.5917 -0.2275
vn -0.7955 -0.5699 -0.2061
vn -0.8152 -0.5356 -0.2205
vn -0.8339 -0.5142 -0.2005
vn -0.0918 -0.9835 -0.1559
vn -0.1314 -0.9812 -0.1415
vn -0.1587 -0.9741 -0.1613
vn -0.1994 -0.9691 -0.1449
vn -0.2288 -0.9592 -0.1662
vn -0.2700 -0.9515 -0.1478
vn -0.3010 -0.9383 -0.1703
vn -0.3420 -0.9277 -0.1501
vn -0.3741 -0.9110 -0.1734
vn -0.4141 -0.8975 -0.1516
vn -0.4468 -0.8773 -0.1754
vn -0.4850 -0.8611 -0.1525
vn -0.5175 -0.8374 -0.1761
vn -0.5533 -0.8189 -0.1525
vn -0.5848 -0.7920 -0.1754
vn -0.6175 -0.7718 -0.1516
vn -0.6475 -0.7420 -0.1734
vn -0.6768 -0.7207 -0.1501
vn -0.7046 -0.6888 -0.1703
vn -0.7303 -0.6670 -0.1478
vn -0.7556 -0.6336 -0.1662
vn -0.7776 -0.6118 -0.1449
vn -0.8002 -0.5776 -0.1613
vn -0.8188 -0.5564 -0.1415
vn -0.8386 -0.5219 -0.1559
vn -0.8540 -0.5016 -0.1377
vn -0.0698 -0.9931 -0.0940
vn -0.1096 -0.9908 -0.0796
vn -0.1345 -0.9861 -0.0977
vn -0.1752 -0.9812 -0.0813
vn -0.2025 -0.9741 -0.1011
vn -0.2436 -0.9663 -0.0827
vn -0.2730 -0.9564 -0.1041
vn -0.3139 -0.9457 -0.0839
vn -0.3450 -0.9326 -0.1065
vn -0.3849 -0.9191 -0.0847
vn -0.4171 -0.9024 -0.1082
vn -0.4553 -0.8862 -0.0853
vn -0.4880 -0.8660 -0.1090
vn -0.5238 -0.8475 -0.0854
vn -0.5563 -0.8238 -0.1090
vn -0.5890 -0.8036 -0.0852
vn -0.6206 -0.7767 -0.1082
vn -0.6499 -0.7553 -0.0847
vn -0.6798 -0.7256 -0.1065
vn -0.7055 -0.7037 -0.0839
vn -0.7333 -0.6719 -0.1041
vn -0.7554 -0.6501 -0.0827
vn -0.7807 -0.6167 -0.1011
vn -0.7992 -0.5955 -0.0813
vn -0.8218 -0.5613 -0.0977
vn -0.8372 -0.5411 -0.0796
vn -0.8571 -0.5065 -0.0940
vn -0.8695 -0.4877 -0.0777
vn -0.0488 -0.9982 -0.0354
vn -0.0885 -0.9959 -0.0210
vn -0.1110 -0.9931 -0.0373
vn -0.1516 -0.9882 -0.0209
vn -0.1766 -0.9835 -0.0391
vn -0.2176 -0.9758 -0.0208
vn -0.2450 -0.9687 -0.0407
vn -0.2857 -0.9581 -0.0207
vn -0.3153 -0.9481 -0.0421
vn -0.3551 -0.9346 -0.0205
vn -0.3863 -0.9214 -0.0432
vn -0.4244 -0.9053 -0.0204
vn -0.4567 -0.8885 -0.0439
vn -0.4925 -0.8701 -0.0203
vn -0.5252 -0.8498 -0.0441
vn -0.5580 -0.8296 -0.0203
vn -0.5905 -0.8059 -0.0439
vn -0.6199 -0.7844 -0.0204
vn -0.6513 -0.7576 -0.0432
vn -0.6772 -0.7356 -0.0205
vn -0.7069 -0.7060 -0.0421
vn -0.7291 -0.6840 -0.0206
vn -0.7568 -0.6524 -0.0407
vn -0.7755 -0.6310 -0.0208
vn -0.8007 -0.5978 -0.0391
vn -0.8161 -0.5776 -0.0209
vn -0.8386 -0.5434 -0.0373
vn -0.8511 -0.5246 -0.0210
vn -0.8710 -0.4900 -0.0354
vn -0.8809 -0.4728 -0.0210
vn -0.8809 -0.4728 0.0210
vn -0.8511 -0.5246 0.0210
vn -0.8161 -0.5776 0.0209
vn -0.7755 -0.6310 0.0208
vn -0.7291 -0.6840 0.0206
vn -0.6772 -0.7356 0.0205
vn -0.6199 -0.7844 0.0204
vn -0.5580 -0.8296 0.0203
vn -0.4925 -0.8701 0.0203
vn -0.4244 -0.9053 0.0204
vn -0.3551 -0.9346 0.0205
vn -0.2857 -0.9581 0.0207
vn -0.2176 -0.9758 0.0208
vn -0.1516 -0.9882 0.0209
vn -0.0885 -0.9959 0.0210
vn -0.8710 -0.4900 0.0354
vn -0.8695 -0.4877 0.0777
vn -0.8386 -0.5434 0.0373
vn -0.8372 -0.5411 0.0796
vn -0.8571 -0.5065 0.0940
vn -0.8540 -0.5016 0.1377
vn -0.8007 -0.5978 0.0391
vn -0.7992 -0.5955 0.0813
vn -0.8218 -0.5613 0.0977
vn -0.8188 -0.5564 0.1415
vn -0.8386 -0.5219 0.1559
vn -0.8339 -0.5142 0.2005
vn -0.7568 -0.6524 0.0407
vn -0.7554 -0.6501 0.0827
vn -0.7807 -0.6167 0.1011
vn -0.7776 -0.6118 0.1449
vn -0.8002 -0.5776 0.1613
vn -0.7955 -0.5699 0.2061
vn -0.8152 -0.5356 0.2205
vn -0.8087 -0.5250 0.2654
vn -0.7069 -0.7060 0.0421
vn -0.7055 -0.7037 0.0839
vn -0.7333 -0.6719 0.1041
vn -0.7303 -0.6670 0.1478
vn -0.7556 -0.6336 0.1662
vn -0.7508 -0.6259 0.2111
vn -0.7734 -0.5917 0.2275
vn -0.7668 -0.5811 0.2726
vn -0.7865 -0.5470 0.2869
vn -0.7782 -0.5336 0.3313
vn -0.6513 -0.7576 0.0432
vn -0.6499 -0.7553 0.0847
vn -0.6798 -0.7256 0.1065
vn -0.6768 -0.7207 0.1501
vn -0.7046 -0.6888 0.1703
vn -0.6999 -0.6811 0.2152
vn -0.7252 -0.6477 0.2336
vn -0.7186 -0.6370 0.2788
vn -0.7411 -0.6030 0.2952
vn -0.7328 -0.5895 0.3399
vn -0.7523 -0.5556 0.3540
vn -0.7424 -0.5395 0.3973
vn -0.5905 -0.8059 0.0439
vn -0.5890 -0.8036 0.0853
vn -0.6206 -0.7767 0.1082
vn -0.6175 -0.7718 0.1517
vn -0.6475 -0.7420 0.1734
vn -0.6428 -0.7343 0.2183
vn -0.6706 -0.7024 0.2385
vn -0.6640 -0.6917 0.2838
vn -0.6894 -0.6584 0.3022
vn -0.6810 -0.6448 0.3470
vn -0.7035 -0.6109 0.3633
vn -0.6935 -0.5947 0.4067
vn -0.7129 -0.5609 0.4208
vn -0.7015 -0.5425 0.4621
vn -0.5252 -0.8498 0.0441
vn -0.5238 -0.8475 0.0854
vn -0.5563 -0.8238 0.1090
vn -0.5533 -0.8189 0.1525
vn -0.5848 -0.7920 0.1754
vn -0.5801 -0.7842 0.2202
vn -0.6101 -0.7545 0.2420
vn -0.6035 -0.7438 0.2873
vn -0.6314 -0.7119 0.3075
vn -0.6230 -0.6984 0.3523
vn -0.6483 -0.6650 0.3707
vn -0.6383 -0.6488 0.4142
vn -0.6607 -0.6149 0.4305
vn -0.6493 -0.5965 0.4718
vn -0.6687 -0.5628 0.4859
vn -0.6562 -0.5425 0.5244
vn -0.4567 -0.8885 0.0439
vn -0.4553 -0.8862 0.0853
vn -0.4880 -0.8660 0.1090
vn -0.4850 -0.8611 0.1525
vn -0.5175 -0.8374 0.1761
vn -0.5127 -0.8297 0.2208
vn -0.5443 -0.8027 0.2438
vn -0.5377 -0.7920 0.2890
vn -0.5678 -0.7622 0.3109
vn -0.5594 -0.7487 0.3557
vn -0.5873 -0.7168 0.3759
vn -0.5773 -0.7006 0.4194
vn -0.6026 -0.6673 0.4378
vn -0.5912 -0.6488 0.4791
vn -0.6136 -0.6149 0.4954
vn -0.6011 -0.5947 0.5339
vn -0.6205 -0.5609 0.5480
vn -0.6073 -0.5395 0.5833
vn -0.3863 -0.9214 0.0432
vn -0.3849 -0.9191 0.0847
vn -0.4171 -0.9024 0.1082
vn -0.4141 -0.8975 0.1516
vn -0.4468 -0.8773 0.1754
vn -0.4420 -0.8696 0.2202
vn -0.4745 -0.8458 0.2438
vn -0.4679 -0.8352 0.2890
vn -0.4995 -0.8082 0.3120
vn -0.4911 -0.7947 0.3568
vn -0.5211 -0.7649 0.3786
vn -0.5111 -0.7487 0.4221
vn -0.5390 -0.7168 0.4424
vn -0.5276 -0.6984 0.4836
vn -0.5529 -0.6650 0.5020
vn -0.5405 -0.6448 0.5405
vn -0.5629 -0.6109 0.5568
vn -0.5497 -0.5895 0.5919
vn -0.5692 -0.5556 0.6061
vn -0.5556 -0.5336 0.6377
vn -0.3153 -0.9481 0.0421
vn -0.3139 -0.9457 0.0839
vn -0.3450 -0.9326 0.1065
vn -0.3420 -0.9277 0.1501
vn -0.3741 -0.9110 0.1734
vn -0.3693 -0.9033 0.2183
vn -0.4020 -0.8831 0.2420
vn -0.3954 -0.8724 0.2873
vn -0.4279 -0.8487 0.3109
vn -0.4195 -0.8352 0.3557
vn -0.4511 -0.8082 0.3786
vn -0.4411 -0.7920 0.4221
vn -0.4711 -0.7622 0.4439
vn -0.4597 -0.7438 0.4852
vn -0.4876 -0.7119 0.5054
vn -0.4751 -0.6917 0.5438
vn -0.5004 -0.6584 0.5622
vn -0.4873 -0.6370 0.5973
vn -0.5098 -0.6030 0.6136
vn -0.4962 -0.5811 0.6451
vn -0.5159 -0.5470 0.6593
vn -0.5023 -0.5250 0.6871
vn -0.2450 -0.9687 0.0407
vn -0.2436 -0.9663 0.0827
vn -0.2730 -0.9564 0.1041
vn -0.2700 -0.9515 0.1478
vn -0.3010 -0.9383 0.1703
vn -0.2962 -0.9306 0.2152
vn -0.3283 -0.9140 0.2385
vn -0.3217 -0.9033 0.2838
vn -0.3544 -0.8831 0.3075
vn -0.3460 -0.8696 0.3524
vn -0.3785 -0.8458 0.3759
vn -0.3685 -0.8297 0.4194
vn -0.4001 -0.8027 0.4424
vn -0.3887 -0.7842 0.4836
vn -0.4187 -0.7545 0.5054
vn -0.4062 -0.7343 0.5438
vn -0.4341 -0.7024 0.5641
vn -0.4209 -0.6811 0.5991
vn -0.4463 -0.6477 0.6175
vn -0.4328 -0.6259 0.6489
vn -0.4553 -0.5917 0.6653
vn -0.4419 -0.5699 0.6928
vn -0.4616 -0.5356 0.7072
vn -0.4484 -0.5142 0.7311
vn -0.1766 -0.9835 0.0391
vn -0.1752 -0.9812 0.0813
vn -0.2025 -0.9741 0.1011
vn -0.1994 -0.9691 0.1449
vn -0.2288 -0.9592 0.1662
vn -0.2240 -0.9515 0.2111
vn -0.2550 -0.9383 0.2336
vn -0.2484 -0.9277 0.2789
vn -0.2806 -0.9110 0.3022
vn -0.2722 -0.8975 0.3470
vn -0.3049 -0.8773 0.3707
vn -0.2949 -0.8611 0.4142
vn -0.3274 -0.8374 0.4378
vn -0.3160 -0.8189 0.4791
vn -0.3475 -0.7920 0.5020
vn -0.3351 -0.7718 0.5405
vn -0.3650 -0.7420 0.5622
vn -0.3519 -0.7207 0.5973
vn -0.3797 -0.6888 0.6175
vn -0.3662 -0.6670 0.6489
vn -0.3916 -0.6336 0.6673
vn -0.3781 -0.6118 0.6948
vn -0.4007 -0.5776 0.7112
vn -0.3876 -0.5564 0.7350
vn -0.4074 -0.5219 0.7494
vn -0.3949 -0.5017 0.7697
vn -0.1110 -0.9931 0.0373
vn -0.1096 -0.9908 0.0796
vn -0.1345 -0.9861 0.0977
vn -0.1314 -0.9812 0.1415
vn -0.1587 -0.9741 0.1613
vn -0.1540 -0.9663 0.2061
vn -0.1833 -0.9564 0.2275
vn -0.1768 -0.9457 0.2726
vn -0.2079 -0.9326 0.2952
vn -0.1995 -0.9191 0.3399
vn -0.2318 -0.9024 0.3633
vn -0.2218 -0.8862 0.4067
vn -0.2545 -0.8660 0.4305
vn -0.2431 -0.8475 0.4718
vn -0.2756 -0.8238 0.4954
vn -0.2631 -0.8036 0.5339
vn -0.2946 -0.7767 0.5568
vn -0.2814 -0.7553 0.5919
vn -0.3113 -0.7256 0.6136
vn -0.2978 -0.7037 0.6451
vn -0.3256 -0.6719 0.6653
vn -0.3121 -0.6501 0.6928
vn -0.3374 -0.6167 0.7112
vn -0.3243 -0.5955 0.7350
vn -0.3469 -0.5613 0.7514
vn -0.3344 -0.5411 0.7716
vn -0.3543 -0.5065 0.7861
vn -0.3426 -0.4877 0.8030
vn -0.0488 -0.9982 0.0354
vn -0.0473 -0.9959 0.0777
vn -0.0698 -0.9931 0.0940
vn -0.0667 -0.9882 0.1377
vn -0.0918 -0.9835 0.1559
vn -0.0870 -0.9758 0.2005
vn -0.1145 -0.9687 0.2205
vn -0.1079 -0.9581 0.2654
vn -0.1375 -0.9481 0.2869
vn -0.1292 -0.9346 0.3313
vn -0.1605 -0.9214 0.3540
vn -0.1505 -0.9053 0.3973
vn -0.1829 -0.8885 0.4208
vn -0.1715 -0.8701 0.4621
vn -0.2043 -0.8498 0.4859
vn -0.1918 -0.8296 0.5244
vn -0.2242 -0.8059 0.5480
vn -0.2109 -0.7844 0.5832
vn -0.2424 -0.7576 0.6061
vn -0.2288 -0.7356 0.6377
vn -0.2585 -0.7060 0.6593
vn -0.2450 -0.6841 0.6871
vn -0.2726 -0.6524 0.7072
vn -0.2594 -0.6310 0.7311
vn -0.2846 -0.5978 0.7494
vn -0.2721 -0.5776 0.7697
vn -0.2946 -0.5434 0.7861
vn -0.2830 -0.5246 0.8030
vn -0.3028 -0.4900 0.8174
vn -0.2922 -0.4728 0.8313
vn 0.7250 -0.4728 -0.5008
vn 0.7492 -0.4877 -0.4482
vn 0.7719 -0.5017 -0.3906
vn 0.7925 -0.5142 -0.3279
vn 0.8102 -0.5250 -0.2606
vn 0.8243 -0.5336 -0.1893
vn 0.8341 -0.5395 -0.1149
vn 0.8392 -0.5425 -0.0385
vn 0.8392 -0.5425 0.0385
vn 0.8341 -0.5395 0.1149
vn 0.8243 -0.5336 0.1893
vn 0.8102 -0.5250 0.2606
vn 0.7925 -0.5142 0.3279
vn 0.7719 -0.5017 0.3906
vn 0.7492 -0.4877 0.4482
vn 0.7255 -0.4900 -0.4833
vn 0.7009 -0.5246 -0.4833
vn 0.7487 -0.5065 -0.4277
vn 0.7241 -0.5411 -0.4277
vn 0.7004 -0.5434 -0.4628
vn 0.6725 -0.5776 -0.4628
vn 0.7701 -0.5219 -0.3668
vn 0.7456 -0.5564 -0.3668
vn 0.7223 -0.5613 -0.4040
vn 0.6944 -0.5955 -0.4040
vn 0.6707 -0.5978 -0.4390
vn 0.6396 -0.6310 -0.4390
vn 0.7891 -0.5356 -0.3008
vn 0.7647 -0.5699 -0.3008
vn 0.7422 -0.5776 -0.3398
vn 0.7143 -0.6118 -0.3398
vn 0.6910 -0.6167 -0.3771
vn 0.6597 -0.6501 -0.3771
vn 0.6362 -0.6524 -0.4119
vn 0.6020 -0.6841 -0.4119
vn 0.8049 -0.5470 -0.2302
vn 0.7806 -0.5811 -0.2302
vn 0.7594 -0.5917 -0.2706
vn 0.7315 -0.6259 -0.2705
vn 0.7090 -0.6336 -0.3097
vn 0.6777 -0.6670 -0.3097
vn 0.6544 -0.6719 -0.3468
vn 0.6201 -0.7037 -0.3468
vn 0.5967 -0.7060 -0.3814
vn 0.5599 -0.7356 -0.3814
vn 0.8167 -0.5556 -0.1558
vn 0.7926 -0.5895 -0.1558
vn 0.7731 -0.6030 -0.1968
vn 0.7453 -0.6370 -0.1968
vn 0.7240 -0.6477 -0.2373
vn 0.6927 -0.6811 -0.2373
vn 0.6702 -0.6888 -0.2764
vn 0.6357 -0.7207 -0.2764
vn 0.6126 -0.7256 -0.3134
vn 0.5756 -0.7553 -0.3134
vn 0.5523 -0.7576 -0.3479
vn 0.5135 -0.7844 -0.3479
vn 0.8241 -0.5609 -0.0786
vn 0.8001 -0.5947 -0.0786
vn 0.7827 -0.6109 -0.1196
vn 0.7549 -0.6448 -0.1196
vn 0.7353 -0.6584 -0.1607
vn 0.7040 -0.6917 -0.1607
vn 0.6828 -0.7024 -0.2012
vn 0.6483 -0.7343 -0.2012
vn 0.6258 -0.7420 -0.2403
vn 0.5887 -0.7718 -0.2403
vn 0.5656 -0.7767 -0.2772
vn 0.5267 -0.8036 -0.2773
vn 0.5035 -0.8059 -0.3115
vn 0.4634 -0.8296 -0.3115
vn 0.8266 -0.5628 -0.0000
vn 0.8026 -0.5965 -0.0000
vn 0.7876 -0.6149 -0.0401
vn 0.7599 -0.6488 -0.0401
vn 0.7424 -0.6650 -0.0811
vn 0.7111 -0.6984 -0.0811
vn 0.6916 -0.7119 -0.1223
vn 0.6571 -0.7438 -0.1223
vn 0.6358 -0.7545 -0.1628
vn 0.5987 -0.7842 -0.1628
vn 0.5762 -0.7920 -0.2019
vn 0.5372 -0.8189 -0.2019
vn 0.5141 -0.8238 -0.2388
vn 0.4740 -0.8475 -0.2388
vn 0.4508 -0.8498 -0.2730
vn 0.4103 -0.8701 -0.2730
vn 0.8241 -0.5609 0.0786
vn 0.8001 -0.5947 0.0786
vn 0.7876 -0.6149 0.0401
vn 0.7599 -0.6488 0.0401
vn 0.7448 -0.6673 -0.0000
vn 0.7135 -0.7006 -0.0000
vn 0.6961 -0.7168 -0.0410
vn 0.6616 -0.7487 -0.0410
vn 0.6420 -0.7622 -0.0822
vn 0.6049 -0.7920 -0.0822
vn 0.5837 -0.8027 -0.1227
vn 0.5446 -0.8297 -0.1227
vn 0.5222 -0.8374 -0.1618
vn 0.4820 -0.8611 -0.1618
vn 0.4589 -0.8660 -0.1987
vn 0.4185 -0.8862 -0.1987
vn 0.3953 -0.8885 -0.2329
vn 0.3553 -0.9053 -0.2329
vn 0.8167 -0.5556 0.1558
vn 0.7926 -0.5895 0.1558
vn 0.7827 -0.6109 0.1196
vn 0.7549 -0.6448 0.1196
vn 0.7424 -0.6650 0.0811
vn 0.7111 -0.6984 0.0811
vn 0.6961 -0.7168 0.0410
vn 0.6616 -0.7487 0.0410
vn 0.6442 -0.7649 -0.0000
vn 0.6071 -0.7947 -0.0000
vn 0.5875 -0.8082 -0.0412
vn 0.5484 -0.8352 -0.0412
vn 0.5272 -0.8458 -0.0817
vn 0.4870 -0.8696 -0.0817
vn 0.4646 -0.8773 -0.1207
vn 0.4242 -0.8975 -0.1207
vn 0.4010 -0.9024 -0.1577
vn 0.3612 -0.9191 -0.1577
vn 0.3379 -0.9214 -0.1921
vn 0.2993 -0.9346 -0.1921
vn 0.8049 -0.5470 0.2302
vn 0.7806 -0.5811 0.2302
vn 0.7731 -0.6030 0.1968
vn 0.7453 -0.6370 0.1968
vn 0.7353 -0.6584 0.1607
vn 0.7040 -0.6917 0.1607
vn 0.6916 -0.7119 0.1223
vn 0.6571 -0.7438 0.1223
vn 0.6420 -0.7622 0.0822
vn 0.6049 -0.7920 0.0822
vn 0.5875 -0.8082 0.0412
vn 0.5484 -0.8352 0.0412
vn 0.5289 -0.8487 -0.0000
vn 0.4887 -0.8724 -0.0000
vn 0.4674 -0.8831 -0.0405
vn 0.4271 -0.9033 -0.0405
vn 0.4046 -0.9110 -0.0796
vn 0.3649 -0.9277 -0.0796
vn 0.3417 -0.9326 -0.1166
vn 0.3033 -0.9457 -0.1166
vn 0.2799 -0.9481 -0.1512
vn 0.2433 -0.9581 -0.1512
vn 0.7891 -0.5356 0.3008
vn 0.7647 -0.5699 0.3008
vn 0.7594 -0.5917 0.2706
vn 0.7315 -0.6259 0.2705
vn 0.7240 -0.6477 0.2373
vn 0.6927 -0.6811 0.2373
vn 0.6828 -0.7024 0.2012
vn 0.6483 -0.7343 0.2012
vn 0.6358 -0.7545 0.1628
vn 0.5987 -0.7842 0.1628
vn 0.5837 -0.8027 0.1227
vn 0.5446 -0.8297 0.1227
vn 0.5272 -0.8458 0.0817
vn 0.4870 -0.8696 0.0817
vn 0.4675 -0.8831 0.0405
vn 0.4271 -0.9033 0.0405
vn 0.4058 -0.9140 -0.0000
vn 0.3661 -0.9306 -0.0000
vn 0.3436 -0.9383 -0.0391
vn 0.3053 -0.9515 -0.0391
vn 0.2820 -0.9564 -0.0763
vn 0.2457 -0.9663 -0.0763
vn 0.2222 -0.9687 -0.1111
vn 0.1883 -0.9758 -0.1111
vn 0.7701 -0.5219 0.3668
vn 0.7456 -0.5564 0.3668
vn 0.7422 -0.5776 0.3398
vn 0.7143 -0.6118 0.3398
vn 0.7090 -0.6336 0.3097
vn 0.6777 -0.6670 0.3097
vn 0.6702 -0.6888 0.2764
vn 0.6357 -0.7207 0.2764
vn 0.6258 -0.7420 0.2403
vn 0.5887 -0.7718 0.2403
vn 0.5762 -0.7920 0.2019
vn 0.5372 -0.8189 0.2019
vn 0.5222 -0.8374 0.1618
vn 0.4820 -0.8611 0.1618
vn 0.4646 -0.8773 0.1207
vn 0.4242 -0.8975 0.1207
vn 0.4046 -0.9110 0.0796
vn 0.3649 -0.9277 0.0796
vn 0.3436 -0.9383 0.0391
vn 0.3053 -0.9515 0.0391
vn 0.2828 -0.9592 -0.0000
vn 0.2465 -0.9691 -0.0000
vn 0.2232 -0.9741 -0.0372
vn 0.1895 -0.9812 -0.0372
vn 0.1659 -0.9835 -0.0722
vn 0.1350 -0.9882 -0.0722
vn 0.7487 -0.5065 0.4277
vn 0.7241 -0.5411 0.4277
vn 0.7223 -0.5613 0.4040
vn 0.6944 -0.5955 0.4040
vn 0.6910 -0.6167 0.3771
vn 0.6597 -0.6501 0.3771
vn 0.6544 -0.6719 0.3468
vn 0.6201 -0.7037 0.3468
vn 0.6126 -0.7256 0.3134
vn 0.5756 -0.7553 0.3134
vn 0.5656 -0.7767 0.2773
vn 0.5267 -0.8036 0.2773
vn 0.5141 -0.8238 0.2388
vn 0.4740 -0.8475 0.2388
vn 0.4589 -0.8660 0.1987
vn 0.4185 -0.8862 0.1987
vn 0.4010 -0.9024 0.1577
vn 0.3612 -0.9191 0.1577
vn 0.3417 -0.9326 0.1166
vn 0.3033 -0.9457 0.1166
vn 0.2820 -0.9564 0.0763
vn 0.2457 -0.9663 0.0763
vn 0.2232 -0.9741 0.0372
vn 0.1895 -0.9812 0.0372
vn 0.1662 -0.9861 -0.0000
vn 0.1354 -0.9908 -0.0000
vn 0.1117 -0.9931 -0.0351
vn 0.0840 -0.9959 -0.0351
vn 0.7255 -0.4900 0.4833
vn 0.7009 -0.5246 0.4833
vn 0.7004 -0.5434 0.4628
vn 0.6725 -0.5776 0.4627
vn 0.6707 -0.5978 0.4390
vn 0.6396 -0.6310 0.4390
vn 0.6362 -0.6524 0.4119
vn 0.6020 -0.6841 0.4119
vn 0.5967 -0.7060 0.3814
vn 0.5599 -0.7356 0.3814
vn 0.5523 -0.7576 0.3479
vn 0.5135 -0.7844 0.3479
vn 0.5035 -0.8059 0.3115
vn 0.4634 -0.8296 0.3115
vn 0.4509 -0.8498 0.2730
vn 0.4103 -0.8701 0.2730
vn 0.3953 -0.8885 0.2329
vn 0.3553 -0.9053 0.2329
vn 0.3379 -0.9214 0.1921
vn 0.2993 -0.9346 0.1921
vn 0.2799 -0.9481 0.1512
vn 0.2433 -0.9581 0.1512
vn 0.2222 -0.9687 0.1111
vn 0.1883 -0.9758 0.1111
vn 0.1659 -0.9835 0.0722
vn 0.1350 -0.9882 0.0722
vn 0.1117 -0.9931 0.0351
vn 0.0840 -0.9959 0.0351
vn 0.0603 -0.9982 -0.0000
vn 0.0357 -0.9994 -0.0000
vn -0.2522 -0.4728 0.8443
vn -0.2430 -0.5246 0.8159
vn -0.2323 -0.5776 0.7826
vn -0.2199 -0.6310 0.7439
vn -0.2057 -0.6841 0.6998
vn -0.1897 -0.7356 0.6504
vn -0.1722 -0.7844 0.5958
vn -0.1531 -0.8296 0.5370
vn -0.1328 -0.8701 0.4746
vn -0.1117 -0.9053 0.4099
vn -0.0902 -0.9346 0.3440
vn -0.0687 -0.9581 0.2781
vn -0.0475 -0.9758 0.2134
vn -0.0270 -0.9882 0.1507
vn -0.0074 -0.9959 0.0907
vn -0.2355 -0.4900 0.8393
vn -0.1948 -0.4877 0.8510
vn -0.2237 -0.5434 0.8091
vn -0.1830 -0.5411 0.8208
vn -0.1754 -0.5065 0.8442
vn -0.1329 -0.5017 0.8548
vn -0.2102 -0.5978 0.7736
vn -0.1697 -0.5955 0.7852
vn -0.1610 -0.5613 0.8118
vn -0.1184 -0.5564 0.8225
vn -0.1109 -0.5219 0.8458
vn -0.0670 -0.5142 0.8550
vn -0.1951 -0.6524 0.7323
vn -0.1547 -0.6501 0.7440
vn -0.1451 -0.6167 0.7737
vn -0.1025 -0.6118 0.7843
vn -0.0938 -0.5776 0.8109
vn -0.0498 -0.5699 0.8202
vn -0.0422 -0.5356 0.8434
vn 0.0025 -0.5250 0.8511
vn -0.1784 -0.7060 0.6854
vn -0.1382 -0.7037 0.6969
vn -0.1276 -0.6719 0.7296
vn -0.0851 -0.6670 0.7402
vn -0.0754 -0.6336 0.7700
vn -0.0313 -0.6259 0.7793
vn -0.0226 -0.5917 0.8059
vn 0.0223 -0.5811 0.8135
vn 0.0298 -0.5470 0.8366
vn 0.0747 -0.5336 0.8425
vn -0.1602 -0.7576 0.6328
vn -0.1202 -0.7553 0.6443
vn -0.1088 -0.7256 0.6794
vn -0.0664 -0.7207 0.6900
vn -0.0558 -0.6888 0.7228
vn -0.0116 -0.6811 0.7321
vn -0.0019 -0.6477 0.7619
vn 0.0431 -0.6370 0.7696
vn 0.0517 -0.6030 0.7961
vn 0.0968 -0.5895 0.8020
vn 0.1042 -0.5556 0.8249
vn 0.1485 -0.5395 0.8288
vn -0.1407 -0.8059 0.5751
vn -0.1009 -0.8036 0.5866
vn -0.0889 -0.7767 0.6236
vn -0.0466 -0.7718 0.6342
vn -0.0351 -0.7420 0.6694
vn 0.0090 -0.7343 0.6787
vn 0.0196 -0.7024 0.7115
vn 0.0647 -0.6917 0.7192
vn 0.0744 -0.6584 0.7490
vn 0.1196 -0.6448 0.7549
vn 0.1281 -0.6109 0.7813
vn 0.1725 -0.5947 0.7852
vn 0.1799 -0.5609 0.8081
vn 0.2227 -0.5425 0.8100
vn -0.1203 -0.8498 0.5131
vn -0.0806 -0.8475 0.5246
vn -0.0682 -0.8238 0.5628
vn -0.0260 -0.8189 0.5733
vn -0.0139 -0.7920 0.6104
vn 0.0302 -0.7842 0.6197
vn 0.0416 -0.7545 0.6550
vn 0.0867 -0.7438 0.6627
vn 0.0974 -0.7119 0.6955
vn 0.1426 -0.6984 0.7014
vn 0.1522 -0.6650 0.7311
vn 0.1967 -0.6488 0.7351
vn 0.2052 -0.6149 0.7614
vn 0.2480 -0.5965 0.7633
vn 0.2554 -0.5628 0.7862
vn 0.2960 -0.5425 0.7862
vn -0.0994 -0.8885 0.4479
vn -0.0596 -0.8862 0.4594
vn -0.0471 -0.8660 0.4979
vn -0.0049 -0.8611 0.5084
vn 0.0075 -0.8374 0.5466
vn 0.0516 -0.8297 0.5559
vn 0.0636 -0.8027 0.5930
vn 0.1087 -0.7920 0.6007
vn 0.1202 -0.7622 0.6360
vn 0.1654 -0.7487 0.6419
vn 0.1761 -0.7168 0.6747
vn 0.2205 -0.7006 0.6786
vn 0.2302 -0.6673 0.7083
vn 0.2730 -0.6489 0.7103
vn 0.2815 -0.6149 0.7366
vn 0.3220 -0.5947 0.7366
vn 0.3294 -0.5610 0.7595
vn 0.3671 -0.5395 0.7578
vn -0.0783 -0.9214 0.3808
vn -0.0384 -0.9191 0.3922
vn -0.0260 -0.9024 0.4301
vn 0.0163 -0.8975 0.4407
vn 0.0287 -0.8773 0.4791
vn 0.0728 -0.8696 0.4884
vn 0.0852 -0.8458 0.5266
vn 0.1303 -0.8352 0.5343
vn 0.1424 -0.8082 0.5714
vn 0.1876 -0.7947 0.5773
vn 0.1991 -0.7649 0.6126
vn 0.2435 -0.7487 0.6166
vn 0.2541 -0.7168 0.6493
vn 0.2969 -0.6984 0.6513
vn 0.3066 -0.6650 0.6810
vn 0.3470 -0.6448 0.6810
vn 0.3556 -0.6109 0.7074
vn 0.3931 -0.5895 0.7057
vn 0.4005 -0.5556 0.7286
vn 0.4348 -0.5336 0.7254
vn -0.0574 -0.9481 0.3129
vn -0.0172 -0.9457 0.3245
vn -0.0054 -0.9326 0.3610
vn 0.0371 -0.9277 0.3716
vn 0.0493 -0.9110 0.4094
vn 0.0935 -0.9033 0.4187
vn 0.1059 -0.8831 0.4571
vn 0.1510 -0.8724 0.4648
vn 0.1634 -0.8487 0.5030
vn 0.2087 -0.8352 0.5089
vn 0.2207 -0.8082 0.5460
vn 0.2651 -0.7920 0.5499
vn 0.2766 -0.7622 0.5852
vn 0.3194 -0.7438 0.5871
vn 0.3300 -0.7119 0.6199
vn 0.3704 -0.6917 0.6199
vn 0.3801 -0.6584 0.6497
vn 0.4175 -0.6370 0.6480
vn 0.4261 -0.6030 0.6744
vn 0.4601 -0.5811 0.6713
vn 0.4676 -0.5470 0.6943
vn 0.4982 -0.5250 0.6900
vn -0.0370 -0.9687 0.2456
vn 0.0034 -0.9663 0.2573
vn 0.0146 -0.9564 0.2918
vn 0.0571 -0.9515 0.3024
vn 0.0690 -0.9383 0.3389
vn 0.1131 -0.9306 0.3482
vn 0.1254 -0.9140 0.3859
vn 0.1705 -0.9033 0.3937
vn 0.1830 -0.8831 0.4321
vn 0.2282 -0.8696 0.4379
vn 0.2406 -0.8458 0.4761
vn 0.2850 -0.8297 0.4800
vn 0.2971 -0.8027 0.5172
vn 0.3399 -0.7842 0.5191
vn 0.3513 -0.7545 0.5544
vn 0.3917 -0.7343 0.5544
vn 0.4024 -0.7024 0.5872
vn 0.4397 -0.6811 0.5855
vn 0.4494 -0.6477 0.6153
vn 0.4834 -0.6259 0.6121
vn 0.4920 -0.5917 0.6386
vn 0.5224 -0.5699 0.6343
vn 0.5299 -0.5356 0.6575
vn 0.5568 -0.5142 0.6524
vn -0.0174 -0.9835 0.1801
vn 0.0232 -0.9812 0.1917
vn 0.0336 -0.9741 0.2238
vn 0.0762 -0.9691 0.2345
vn 0.0874 -0.9592 0.2689
vn 0.1315 -0.9515 0.2783
vn 0.1434 -0.9383 0.3147
vn 0.1884 -0.9277 0.3224
vn 0.2007 -0.9110 0.3602
vn 0.2459 -0.8975 0.3661
vn 0.2584 -0.8773 0.4045
vn 0.3028 -0.8611 0.4084
vn 0.3152 -0.8374 0.4466
vn 0.3580 -0.8189 0.4485
vn 0.3701 -0.7920 0.4857
vn 0.4105 -0.7718 0.4857
vn 0.4219 -0.7420 0.5209
vn 0.4593 -0.7207 0.5192
vn 0.4700 -0.6888 0.5520
vn 0.5039 -0.6670 0.5488
vn 0.5136 -0.6336 0.5786
vn 0.5439 -0.6118 0.5743
vn 0.5526 -0.5776 0.6009
vn 0.5792 -0.5564 0.5958
vn 0.5868 -0.5219 0.6191
vn 0.6100 -0.5017 0.6134
vn 0.0012 -0.9931 0.1171
vn 0.0418 -0.9908 0.1288
vn 0.0514 -0.9861 0.1581
vn 0.0940 -0.9812 0.1687
vn 0.1044 -0.9741 0.2008
vn 0.1485 -0.9663 0.2101
vn 0.1597 -0.9564 0.2447
vn 0.2047 -0.9457 0.2524
vn 0.2165 -0.9326 0.2889
vn 0.2616 -0.9191 0.2948
vn 0.2739 -0.9024 0.3327
vn 0.3183 -0.8862 0.3366
vn 0.3307 -0.8660 0.3751
vn 0.3736 -0.8475 0.3770
vn 0.3860 -0.8238 0.4152
vn 0.4264 -0.8036 0.4152
vn 0.4385 -0.7767 0.4523
vn 0.4760 -0.7553 0.4505
vn 0.4874 -0.7256 0.4857
vn 0.5215 -0.7037 0.4825
vn 0.5321 -0.6719 0.5152
vn 0.5625 -0.6501 0.5109
vn 0.5722 -0.6167 0.5406
vn 0.5988 -0.5955 0.5355
vn 0.6075 -0.5613 0.5621
vn 0.6305 -0.5411 0.5565
vn 0.6381 -0.5065 0.5798
vn 0.6578 -0.4877 0.5740
vn 0.0186 -0.9982 0.0573
vn 0.0593 -0.9959 0.0690
vn 0.0679 -0.9931 0.0954
vn 0.1104 -0.9882 0.1060
vn 0.1199 -0.9835 0.1355
vn 0.1638 -0.9758 0.1447
vn 0.1743 -0.9687 0.1770
vn 0.2190 -0.9581 0.1847
vn 0.2303 -0.9481 0.2194
vn 0.2752 -0.9346 0.2253
vn 0.2871 -0.9214 0.2620
vn 0.3313 -0.9053 0.2659
vn 0.3437 -0.8885 0.3040
vn 0.3865 -0.8701 0.3059
vn 0.3990 -0.8498 0.3444
vn 0.4395 -0.8296 0.3444
vn 0.4519 -0.8059 0.3826
vn 0.4895 -0.7844 0.3809
vn 0.5015 -0.7576 0.4178
vn 0.5358 -0.7356 0.4146
vn 0.5472 -0.7060 0.4496
vn 0.5778 -0.6841 0.4453
vn 0.5883 -0.6524 0.4778
vn 0.6151 -0.6310 0.4726
vn 0.6248 -0.5978 0.5022
vn 0.6479 -0.5776 0.4966
vn 0.6566 -0.5434 0.5231
vn 0.6762 -0.5246 0.5173
vn 0.6838 -0.4900 0.5406
vn 0.7003 -0.4728 0.5348
vn -1.0000 -0.0000 -0.0000
vn -0.0000 -0.0000 -1.0000
vn 1.0000 -0.0000 -0.0000
vn -0.0000 -0.0000 1.0000
vn -0.0000 -1.0000 -0.0000
vn -0.0000 1.0000 -0.0000
vn 0.7291 0.6841 -0.0207
vn 0.0668 0.9882 -0.1377
vn 0.1539 0.9663 -0.2061
vn 0.3153 0.9481 -0.0421
vn 0.3420 0.9276 -0.1501
vn 0.2805 0.9110 -0.3022
vn 0.5128 0.8296 -0.2208
vn 0.4001 0.8027 -0.4424
vn 0.2287 0.7356 -0.6377
vn 0.6230 0.6984 -0.3524
vn 0.6383 0.6489 -0.4142
vn 0.6073 0.5395 -0.5832
vn 0.1897 0.7356 -0.6504
vn -0.1830 0.8831 -0.4320
vn -0.2087 0.8352 -0.5089
vn -0.4895 0.7844 -0.3808
vn 0.0352 0.7420 -0.6694
vn -0.5778 0.6840 -0.4453
vn 0.1547 0.6501 -0.7440
vn -0.1967 0.6488 -0.7351
vn -0.4677 0.5470 -0.6943
vn -0.5567 0.5142 -0.6524
vn -0.6100 0.5016 -0.6134
vn -0.3032 0.9457 -0.1166
vn -0.3032 0.9457 0.1166
vn -0.4508 0.8498 -0.2730
vn -0.4508 0.8498 0.2730
vn -0.7599 0.6489 0.0401
vn -0.7719 0.5017 -0.3905
vn -0.4895 0.7844 0.3808
vn 0.0383 0.9191 0.3922
vn -0.2087 0.8352 0.5089
vn 0.1897 0.7356 0.6503
vn 0.0352 0.7420 0.6694
vn -0.2969 0.6984 0.6512
vn 0.1547 0.6501 0.7440
vn -0.1967 0.6489 0.7351
vn -0.6100 0.5016 0.6134
vn -0.4677 0.5470 0.6943
vn 0.2287 0.7356 0.6377
vn 0.1994 0.9691 0.1449
vn 0.2858 0.9581 0.0207
vn 0.3153 0.9481 0.0421
vn 0.6175 0.7718 0.1517
vn 0.7291 0.6841 0.0206
vn 0.5404 0.6448 0.5405
vn 0.6383 0.6489 0.4142
vn 0.9098 0.3079 -0.2783
vn 0.7063 0.4877 -0.5132
vn 0.7865 0.2341 -0.5714
vn 0.7570 0.2569 -0.6007
vn 0.7843 -0.0220 -0.6199
vn 0.4962 0.4663 -0.7324
vn 0.5329 0.3508 -0.7700
vn 0.4567 0.4181 -0.7852
vn 0.7637 -0.2360 -0.6009
vn -0.1633 0.4268 -0.8895
vn -0.3026 0.5080 -0.8065
vn -0.6100 0.2399 -0.7552
vn -0.9283 -0.3702 -0.0351
vn -0.8996 0.3079 -0.3097
vn -0.8924 0.4511 -0.0000
vn -0.9656 0.2570 0.0410
vn -0.9789 0.1631 0.1227
vn -0.9825 0.0926 0.1617
vn -0.8996 0.3079 0.3097
vn -0.9467 -0.3220 -0.0000
vn -0.9865 -0.0449 0.1577
vn -0.9230 0.2234 0.3135
vn -0.9197 -0.3925 -0.0000
vn -0.6953 0.4298 0.5760
vn -0.5725 0.3078 0.7599
vn -0.2293 0.5080 0.8303
vn 0.3330 0.4298 0.8393
vn 0.6246 0.5048 0.5958
vn 0.7570 0.2570 0.6007
vn 0.7293 -0.2915 0.6191
vn 0.8626 -0.1517 0.4826
vn 0.8884 -0.0880 0.4506
vn 0.7716 -0.3703 0.5172
vn 0.8064 -0.3212 0.4966
vn 0.8141 -0.2915 0.5023
vn 0.4445 0.1737 -0.8788
vn 0.6166 -0.1552 -0.7718
vn 0.6295 -0.2994 -0.7171
vn 0.1357 -0.3204 -0.9375
vn -0.0165 -0.3078 -0.9513
vn -0.0554 -0.3653 -0.9292
vn 0.3169 -0.4294 -0.8457
vn 0.6953 -0.4298 -0.5760
vn 0.5050 -0.4899 -0.7107
vn 0.3026 -0.5080 -0.8065
vn -0.7716 0.3703 -0.5172
vn -0.8626 0.1517 -0.4826
vn -0.7299 0.1114 -0.6745
vn -0.7198 -0.1631 -0.6747
vn -0.7947 -0.1876 -0.5774
vn -0.8053 -0.2570 -0.5343
vn -0.5329 -0.3508 -0.7700
vn -0.7208 -0.3895 -0.5733
vn -0.7955 -0.4268 -0.4301
vn -0.8049 -0.4453 -0.3923
vn -0.3330 -0.4297 -0.8393
vn -0.9011 -0.4298 -0.0573
vn -0.7716 0.3702 0.5172
vn -0.7304 0.3702 0.5740
vn -0.7293 0.2915 0.6191
vn -0.8626 0.1517 0.4826
vn -0.5436 -0.1552 0.8249
vn -0.9098 -0.3078 0.2783
vn -0.8049 -0.4453 0.3923
vn -0.7955 -0.4268 0.4301
vn -0.7535 -0.4294 0.4978
vn -0.7503 -0.4862 0.4479
vn -0.7188 -0.5080 0.4746
vn -0.5199 -0.4899 0.6998
vn -0.3330 -0.4297 0.8393
vn 0.2812 0.4150 0.8653
vn 0.1357 -0.3204 0.9375
vn 0.6295 -0.2994 0.7171
vn 0.3169 -0.4294 0.8457
vn 0.6056 -0.4181 0.6770
vn 0.2293 -0.5080 0.8303
vn 0.8174 -0.3432 0.4627
vn 0.9660 -0.1612 0.2019
vn 0.9660 -0.1612 -0.2019
vn 0.9656 -0.2570 0.0410
vn 0.9656 -0.2570 -0.0410
vn 0.8996 -0.3079 -0.3097
vn 0.8174 -0.3432 -0.4627
vn 0.8622 -0.4820 0.1558
vn 0.8622 -0.4820 -0.1558
vn 0.8144 -0.4788 -0.3279
vn 0.7627 -0.4297 -0.4833
vn 0.5777 -0.6841 -0.4453
vn 0.4895 -0.7844 -0.3808
vn 0.3314 -0.9053 -0.2659
vn 0.4602 -0.5811 -0.6713
vn 0.3294 -0.5610 -0.7595
vn 0.1967 -0.6488 -0.7351
vn 0.1799 -0.5610 -0.8081
vn 0.2087 -0.8352 -0.5089
vn 0.2047 -0.9457 -0.2524
vn 0.1254 -0.9140 -0.3860
vn -0.0497 -0.5699 -0.8202
vn -0.0939 -0.5776 -0.8109
vn 0.0419 -0.9908 -0.1288
vn -0.0053 -0.9326 -0.3610
vn -0.0383 -0.9191 -0.3922
vn -0.1547 -0.6501 -0.7440
vn -0.1722 -0.7844 -0.5958
vn -0.1898 -0.7356 -0.6503
vn -0.2198 -0.6310 -0.7439
vn -0.2450 -0.6840 -0.6871
vn -0.5159 -0.5470 -0.6593
vn -0.6073 -0.5395 -0.5832
vn -0.3350 -0.7718 -0.5405
vn -0.3651 -0.7420 -0.5622
vn -0.5404 -0.6448 -0.5405
vn -0.6205 -0.5610 -0.5480
vn -0.3886 -0.7842 -0.4836
vn -0.4001 -0.8027 -0.4423
vn -0.6383 -0.6489 -0.4142
vn -0.2806 -0.9110 -0.3022
vn -0.5678 -0.7623 -0.3109
vn -0.7186 -0.6370 -0.2789
vn -0.3694 -0.9033 -0.2183
vn -0.5128 -0.8296 -0.2208
vn -0.1995 -0.9691 -0.1449
vn -0.4850 -0.8611 -0.1524
vn -0.6175 -0.7718 -0.1517
vn -0.7047 -0.6888 -0.1703
vn -0.3450 -0.9325 -0.1065
vn -0.5890 -0.8036 -0.0853
vn -0.2451 -0.9687 -0.0407
vn -0.4568 -0.8885 -0.0439
vn -0.4924 -0.8701 -0.0203
vn -0.6772 -0.7355 -0.0205
vn -0.7291 -0.6840 -0.0207
vn -0.7291 -0.6841 0.0206
vn -0.6772 -0.7355 0.0205
vn -0.2858 -0.9581 0.0207
vn -0.8540 -0.5017 0.1377
vn -0.6688 -0.5628 0.4859
vn -0.4881 -0.8660 0.1090
vn -0.5128 -0.8296 0.2208
vn -0.5377 -0.7920 0.2891
vn -0.6205 -0.5610 0.5480
vn -0.6073 -0.5395 0.5832
vn -0.3450 -0.9325 0.1065
vn -0.3420 -0.9276 0.1501
vn -0.4711 -0.7623 0.4439
vn -0.1995 -0.9691 0.1449
vn -0.2484 -0.9277 0.2788
vn -0.1095 -0.9908 0.0796
vn -0.1539 -0.9663 0.2061
vn -0.2450 -0.6840 0.6871
vn 0.6725 -0.5776 -0.4627
vn 0.7315 -0.6259 -0.2706
vn 0.5267 -0.8036 -0.2772
vn 0.7599 -0.6489 -0.0401
vn 0.4509 -0.8498 -0.2730
vn 0.7599 -0.6489 0.0401
vn 0.5222 -0.8374 -0.1617
vn 0.7041 -0.6917 0.1607
vn 0.3649 -0.9276 -0.0796
vn 0.5446 -0.8296 0.1227
vn 0.4674 -0.8831 0.0405
vn 0.5763 -0.7920 0.2019
vn 0.3053 -0.9514 0.0391
vn 0.2466 -0.9691 -0.0000
vn 0.5266 -0.8036 0.2773
vn 0.3417 -0.9325 0.1166
vn 0.3033 -0.9457 0.1167
vn 0.6725 -0.5776 0.4628
vn -0.2198 -0.6310 0.7439
vn -0.2057 -0.6840 0.6998
vn -0.1898 -0.7356 0.6503
vn -0.1722 -0.7844 0.5959
vn -0.1548 -0.6501 0.7439
vn -0.0226 -0.5917 0.8058
vn -0.1203 -0.7553 0.6443
vn 0.1282 -0.6109 0.7813
vn 0.0301 -0.7842 0.6197
vn 0.1523 -0.6650 0.7311
vn 0.1967 -0.6489 0.7351
vn 0.0637 -0.8027 0.5930
vn -0.0053 -0.9326 0.3610
vn 0.2086 -0.8352 0.5089
vn 0.4677 -0.5470 0.6943
vn 0.1254 -0.9140 0.3860
vn 0.2850 -0.8296 0.4800
vn 0.0231 -0.9812 0.1917
vn 0.0513 -0.9861 0.1581
vn 0.2046 -0.9457 0.2524
vn 0.3308 -0.8660 0.3751
vn 0.1199 -0.9835 0.1354
vn 0.2303 -0.9480 0.2194
vn 0.5777 -0.6841 0.4453
vn 0.6152 -0.6310 0.4726
vn 0.6565 -0.5434 0.5231
vn 0.6762 -0.5246 0.5172
vt 0.181819 0.000000
vt 0.187501 0.009841
vt 0.176137 0.009841
vt 0.272728 0.157461
vt 0.278410 0.147620
vt 0.284092 0.157461
vt 0.909091 0.000000
vt 0.914773 0.009841
vt 0.903409 0.009841
vt 0.727273 0.000000
vt 0.732955 0.009841
vt 0.721591 0.009841
vt 0.545455 0.000000
vt 0.551137 0.009841
vt 0.539773 0.009841
vt 0.278410 0.167302
vt 0.090910 0.157461
vt 0.102274 0.157461
vt 0.096592 0.167302
vt 0.818182 0.157461
vt 0.829546 0.157461
vt 0.823864 0.167302
vt 0.636364 0.157461
vt 0.647728 0.157461
vt 0.642046 0.167302
vt 0.454546 0.157461
vt 0.465910 0.157461
vt 0.460228 0.167302
vt 0.267046 0.167302
vt 0.085228 0.167302
vt 0.812500 0.167302
vt 0.630682 0.167302
vt 0.448864 0.167302
vt 0.181819 0.314921
vt 0.193183 0.314921
vt 0.187501 0.324762
vt 0.000000 0.314921
vt 0.011364 0.314921
vt 0.005682 0.324762
vt 0.727273 0.314921
vt 0.738637 0.314921
vt 0.732955 0.324762
vt 0.545455 0.314921
vt 0.556819 0.314921
vt 0.551137 0.324762
vt 0.363637 0.314921
vt 0.375001 0.314921
vt 0.369319 0.324762
vt 0.448864 0.462541
vt 0.460228 0.462541
vt 0.454546 0.472382
vt 0.443182 0.452699
vt 0.454546 0.452699
vt 0.437501 0.442858
vt 0.448864 0.442858
vt 0.431819 0.433017
vt 0.443182 0.433017
vt 0.426137 0.423175
vt 0.437501 0.423176
vt 0.420455 0.413334
vt 0.431819 0.413334
vt 0.414773 0.403493
vt 0.426137 0.403493
vt 0.409092 0.393652
vt 0.420455 0.393652
vt 0.403410 0.383810
vt 0.414773 0.383810
vt 0.397728 0.373969
vt 0.409092 0.373969
vt 0.392046 0.364128
vt 0.403410 0.364128
vt 0.386364 0.354286
vt 0.397728 0.354286
vt 0.380682 0.344445
vt 0.392046 0.344445
vt 0.375001 0.334604
vt 0.386364 0.334604
vt 0.380682 0.324762
vt 0.465910 0.452699
vt 0.460228 0.442858
vt 0.471591 0.442858
vt 0.454546 0.433017
vt 0.465910 0.433017
vt 0.477273 0.433017
vt 0.448864 0.423175
vt 0.460228 0.423175
vt 0.471591 0.423175
vt 0.482955 0.423175
vt 0.443182 0.413334
vt 0.454546 0.413334
vt 0.465910 0.413334
vt 0.477273 0.413334
vt 0.488637 0.413334
vt 0.437501 0.403493
vt 0.448864 0.403493
vt 0.460228 0.403493
vt 0.471591 0.403493
vt 0.482955 0.403493
vt 0.494319 0.403493
vt 0.431819 0.393652
vt 0.443182 0.393652
vt 0.454546 0.393652
vt 0.465910 0.393652
vt 0.477273 0.393652
vt 0.488637 0.393652
vt 0.500000 0.393652
vt 0.426137 0.383810
vt 0.437501 0.383810
vt 0.448864 0.383810
vt 0.460228 0.383810
vt 0.471591 0.383810
vt 0.482955 0.383810
vt 0.494319 0.383810
vt 0.505682 0.383810
vt 0.420455 0.373969
vt 0.431819 0.373969
vt 0.443182 0.373969
vt 0.454546 0.373969
vt 0.465910 0.373969
vt 0.477273 0.373969
vt 0.488637 0.373969
vt 0.500000 0.373969
vt 0.511364 0.373969
vt 0.414773 0.364128
vt 0.426137 0.364128
vt 0.437501 0.364128
vt 0.448864 0.364128
vt 0.460228 0.364128
vt 0.471591 0.364128
vt 0.482955 0.364128
vt 0.494319 0.364128
vt 0.505682 0.364128
vt 0.517046 0.364128
vt 0.409092 0.354286
vt 0.420455 0.354286
vt 0.431819 0.354286
vt 0.443182 0.354286
vt 0.454546 0.354286
vt 0.465910 0.354286
vt 0.477273 0.354286
vt 0.488637 0.354286
vt 0.500000 0.354286
vt 0.511364 0.354286
vt 0.522728 0.354286
vt 0.403410 0.344445
vt 0.414773 0.344445
vt 0.426137 0.344445
vt 0.437501 0.344445
vt 0.448864 0.344445
vt 0.460228 0.344445
vt 0.471591 0.344445
vt 0.482955 0.344445
vt 0.494319 0.344445
vt 0.505682 0.344445
vt 0.517046 0.344445
vt 0.528410 0.344445
vt 0.397728 0.334604
vt 0.409092 0.334604
vt 0.420455 0.334604
vt 0.431819 0.334604
vt 0.443182 0.334604
vt 0.454546 0.334604
vt 0.465910 0.334604
vt 0.477273 0.334604
vt 0.488637 0.334604
vt 0.500000 0.334604
vt 0.511364 0.334604
vt 0.522728 0.334604
vt 0.534091 0.334604
vt 0.392046 0.324762
vt 0.403410 0.324762
vt 0.414773 0.324762
vt 0.426137 0.324762
vt 0.437501 0.324762
vt 0.448864 0.324762
vt 0.460228 0.324762
vt 0.471591 0.324762
vt 0.482955 0.324762
vt 0.494319 0.324762
vt 0.505682 0.324762
vt 0.517046 0.324762
vt 0.528410 0.324762
vt 0.539773 0.324762
vt 0.386364 0.314921
vt 0.397728 0.314921
vt 0.409092 0.314921
vt 0.420455 0.314921
vt 0.431819 0.314921
vt 0.443182 0.314921
vt 0.454546 0.314921
vt 0.465910 0.314921
vt 0.477273 0.314921
vt 0.488637 0.314921
vt 0.500000 0.314921
vt 0.511364 0.314921
vt 0.522728 0.314921
vt 0.534091 0.314921
vt 0.630682 0.462541
vt 0.642046 0.462541
vt 0.636364 0.472382
vt 0.625000 0.452699
vt 0.636364 0.452699
vt 0.619318 0.442858
vt 0.630682 0.442858
vt 0.613637 0.433017
vt 0.625000 0.433017
vt 0.607955 0.423175
vt 0.619318 0.423175
vt 0.602273 0.413334
vt 0.613637 0.413334
vt 0.596591 0.403493
vt 0.607955 0.403493
vt 0.590909 0.393652
vt 0.602273 0.393652
vt 0.585228 0.383810
vt 0.596591 0.383810
vt 0.579546 0.373969
vt 0.590909 0.373969
vt 0.573864 0.364128
vt 0.585228 0.364128
vt 0.568182 0.354286
vt 0.579546 0.354286
vt 0.562500 0.344445
vt 0.573864 0.344445
vt 0.556819 0.334604
vt 0.568182 0.334604
vt 0.562500 0.324762
vt 0.647728 0.452699
vt 0.642046 0.442858
vt 0.653409 0.442858
vt 0.636364 0.433017
vt 0.647728 0.433017
vt 0.659091 0.433017
vt 0.630682 0.423175
vt 0.642046 0.423175
vt 0.653409 0.423175
vt 0.664773 0.423175
vt 0.625000 0.413334
vt 0.636364 0.413334
vt 0.647728 0.413334
vt 0.659091 0.413334
vt 0.670455 0.413334
vt 0.619318 0.403493
vt 0.630682 0.403493
vt 0.642046 0.403493
vt 0.653409 0.403493
vt 0.664773 0.403493
vt 0.676137 0.403493
vt 0.613637 0.393652
vt 0.625000 0.393652
vt 0.636364 0.393652
vt 0.647728 0.393652
vt 0.659091 0.393652
vt 0.670455 0.393652
vt 0.681818 0.393652
vt 0.607955 0.383810
vt 0.619319 0.383810
vt 0.630682 0.383810
vt 0.642046 0.383810
vt 0.653409 0.383810
vt 0.664773 0.383810
vt 0.676137 0.383810
vt 0.687500 0.383810
vt 0.602273 0.373969
vt 0.613637 0.373969
vt 0.625000 0.373969
vt 0.636364 0.373969
vt 0.647728 0.373969
vt 0.659091 0.373969
vt 0.670455 0.373969
vt 0.681818 0.373969
vt 0.693182 0.373969
vt 0.596591 0.364128
vt 0.607955 0.364128
vt 0.619318 0.364128
vt 0.630682 0.364128
vt 0.642046 0.364128
vt 0.653409 0.364128
vt 0.664773 0.364128
vt 0.676137 0.364128
vt 0.687500 0.364128
vt 0.698864 0.364128
vt 0.590909 0.354286
vt 0.602273 0.354286
vt 0.613637 0.354286
vt 0.625000 0.354286
vt 0.636364 0.354286
vt 0.647728 0.354286
vt 0.659091 0.354286
vt 0.670455 0.354286
vt 0.681818 0.354286
vt 0.693182 0.354286
vt 0.704546 0.354286
vt 0.585228 0.344445
vt 0.596591 0.344445
vt 0.607955 0.344445
vt 0.619319 0.344445
vt 0.630682 0.344445
vt 0.642046 0.344445
vt 0.653409 0.344445
vt 0.664773 0.344445
vt 0.676137 0.344445
vt 0.687500 0.344445
vt 0.698864 0.344445
vt 0.710228 0.344445
vt 0.579546 0.334604
vt 0.590909 0.334604
vt 0.602273 0.334604
vt 0.613637 0.334604
vt 0.625000 0.334604
vt 0.636364 0.334604
vt 0.647728 0.334604
vt 0.659091 0.334604
vt 0.670455 0.334604
vt 0.681818 0.334604
vt 0.693182 0.334604
vt 0.704546 0.334604
vt 0.715909 0.334604
vt 0.573864 0.324762
vt 0.585228 0.324762
vt 0.596591 0.324762
vt 0.607955 0.324762
vt 0.619319 0.324762
vt 0.630682 0.324762
vt 0.642046 0.324762
vt 0.653409 0.324762
vt 0.664773 0.324762
vt 0.676137 0.324762
vt 0.687500 0.324762
vt 0.698864 0.324762
vt 0.710227 0.324762
vt 0.721591 0.324762
vt 0.568182 0.314921
vt 0.579546 0.314921
vt 0.590909 0.314921
vt 0.602273 0.314921
vt 0.613637 0.314921
vt 0.625000 0.314921
vt 0.636364 0.314921
vt 0.647728 0.314921
vt 0.659091 0.314921
vt 0.670455 0.314921
vt 0.681818 0.314921
vt 0.693182 0.314921
vt 0.704546 0.314921
vt 0.715909 0.314921
vt 0.812500 0.462541
vt 0.823864 0.462541
vt 0.818182 0.472382
vt 0.806818 0.452699
vt 0.818182 0.452699
vt 0.801137 0.442858
vt 0.812500 0.442858
vt 0.795455 0.433017
vt 0.806818 0.433017
vt 0.789773 0.423175
vt 0.801137 0.423175
vt 0.784091 0.413334
vt 0.795455 0.413334
vt 0.778409 0.403493
vt 0.789773 0.403493
vt 0.772727 0.393652
vt 0.784091 0.393652
vt 0.767046 0.383810
vt 0.778409 0.383810
vt 0.761364 0.373969
vt 0.772727 0.373969
vt 0.755682 0.364128
vt 0.767046 0.364128
vt 0.750000 0.354286
vt 0.761364 0.354286
vt 0.744318 0.344445
vt 0.755682 0.344445
vt 0.738637 0.334604
vt 0.750000 0.334604
vt 0.744318 0.324762
vt 0.829546 0.452699
vt 0.823864 0.442858
vt 0.835227 0.442858
vt 0.818182 0.433017
vt 0.829546 0.433017
vt 0.840909 0.433017
vt 0.812500 0.423175
vt 0.823864 0.423175
vt 0.835227 0.423175
vt 0.846591 0.423175
vt 0.806818 0.413334
vt 0.818182 0.413334
vt 0.829546 0.413334
vt 0.840909 0.413334
vt 0.852273 0.413334
vt 0.801137 0.403493
vt 0.812500 0.403493
vt 0.823864 0.403493
vt 0.835227 0.403493
vt 0.846591 0.403493
vt 0.857955 0.403493
vt 0.795455 0.393652
vt 0.806818 0.393652
vt 0.818182 0.393652
vt 0.829546 0.393652
vt 0.840909 0.393652
vt 0.852273 0.393652
vt 0.863636 0.393652
vt 0.789773 0.383810
vt 0.801137 0.383810
vt 0.812500 0.383810
vt 0.823864 0.383810
vt 0.835227 0.383810
vt 0.846591 0.383810
vt 0.857955 0.383810
vt 0.869318 0.383810
vt 0.784091 0.373969
vt 0.795455 0.373969
vt 0.806818 0.373969
vt 0.818182 0.373969
vt 0.829546 0.373969
vt 0.840909 0.373969
vt 0.852273 0.373969
vt 0.863636 0.373969
vt 0.875000 0.373969
vt 0.778409 0.364128
vt 0.789773 0.364128
vt 0.801136 0.364128
vt 0.812500 0.364128
vt 0.823864 0.364128
vt 0.835227 0.364128
vt 0.846591 0.364128
vt 0.857955 0.364128
vt 0.869318 0.364128
vt 0.880682 0.364128
vt 0.772727 0.354286
vt 0.784091 0.354286
vt 0.795455 0.354286
vt 0.806818 0.354286
vt 0.818182 0.354286
vt 0.829546 0.354286
vt 0.840909 0.354286
vt 0.852273 0.354286
vt 0.863636 0.354286
vt 0.875000 0.354286
vt 0.886364 0.354286
vt 0.767046 0.344445
vt 0.778409 0.344445
vt 0.789773 0.344445
vt 0.801136 0.344445
vt 0.812500 0.344445
vt 0.823864 0.344445
vt 0.835227 0.344445
vt 0.846591 0.344445
vt 0.857955 0.344445
vt 0.869318 0.344445
vt 0.880682 0.344445
vt 0.892046 0.344445
vt 0.761364 0.334604
vt 0.772727 0.334604
vt 0.784091 0.334604
vt 0.795455 0.334604
vt 0.806818 0.334604
vt 0.818182 0.334604
vt 0.829546 0.334604
vt 0.840909 0.334604
vt 0.852273 0.334604
vt 0.863636 0.334604
vt 0.875000 0.334604
vt 0.886364 0.334604
vt 0.897727 0.334604
vt 0.755682 0.324762
vt 0.767046 0.324762
vt 0.778409 0.324762
vt 0.789773 0.324762
vt 0.801137 0.324762
vt 0.812500 0.324762
vt 0.823864 0.324762
vt 0.835227 0.324762
vt 0.846591 0.324762
vt 0.857955 0.324762
vt 0.869318 0.324762
vt 0.880682 0.324762
vt 0.892045 0.324762
vt 0.903409 0.324762
vt 0.750000 0.314921
vt 0.761364 0.314921
vt 0.772727 0.314921
vt 0.784091 0.314921
vt 0.795455 0.314921
vt 0.806818 0.314921
vt 0.818182 0.314921
vt 0.829546 0.314921
vt 0.840909 0.314921
vt 0.852273 0.314921
vt 0.863636 0.314921
vt 0.875000 0.314921
vt 0.886364 0.314921
vt 0.897727 0.314921
vt 0.909091 0.314921
vt 0.085228 0.462541
vt 0.096592 0.462541
vt 0.090910 0.472382
vt 0.079546 0.452699
vt 0.090910 0.452699
vt 0.073864 0.442858
vt 0.085228 0.442858
vt 0.068183 0.433017
vt 0.079546 0.433017
vt 0.062501 0.423175
vt 0.073864 0.423175
vt 0.056819 0.413334
vt 0.068182 0.413334
vt 0.051137 0.403493
vt 0.062501 0.403493
vt 0.045455 0.393652
vt 0.056819 0.393652
vt 0.039773 0.383810
vt 0.051137 0.383810
vt 0.034091 0.373969
vt 0.045455 0.373969
vt 0.028409 0.364128
vt 0.039773 0.364128
vt 0.022728 0.354286
vt 0.034091 0.354286
vt 0.017046 0.344445
vt 0.028409 0.344445
vt 0.011364 0.334604
vt 0.022727 0.334604
vt 0.017046 0.324762
vt 0.102274 0.452699
vt 0.096592 0.442858
vt 0.107955 0.442858
vt 0.090910 0.433017
vt 0.102274 0.433017
vt 0.113637 0.433017
vt 0.085228 0.423175
vt 0.096592 0.423175
vt 0.107955 0.423175
vt 0.119319 0.423175
vt 0.079546 0.413334
vt 0.090910 0.413334
vt 0.102274 0.413334
vt 0.113637 0.413334
vt 0.125001 0.413334
vt 0.073864 0.403493
vt 0.085228 0.403493
vt 0.096592 0.403493
vt 0.107955 0.403493
vt 0.119319 0.403493
vt 0.130683 0.403493
vt 0.068182 0.393652
vt 0.079546 0.393652
vt 0.090910 0.393652
vt 0.102273 0.393652
vt 0.113637 0.393652
vt 0.125001 0.393652
vt 0.136365 0.393652
vt 0.062500 0.383810
vt 0.073864 0.383810
vt 0.085228 0.383810
vt 0.096592 0.383810
vt 0.107955 0.383810
vt 0.119319 0.383810
vt 0.130683 0.383810
vt 0.142046 0.383810
vt 0.056819 0.373969
vt 0.068182 0.373969
vt 0.079546 0.373969
vt 0.090910 0.373969
vt 0.102273 0.373969
vt 0.113637 0.373969
vt 0.125001 0.373969
vt 0.136364 0.373969
vt 0.147728 0.373969
vt 0.051137 0.364128
vt 0.062500 0.364128
vt 0.073864 0.364128
vt 0.085228 0.364128
vt 0.096592 0.364128
vt 0.107955 0.364128
vt 0.119319 0.364128
vt 0.130683 0.364128
vt 0.142046 0.364128
vt 0.153410 0.364128
vt 0.045455 0.354286
vt 0.056819 0.354286
vt 0.068182 0.354286
vt 0.079546 0.354286
vt 0.090910 0.354286
vt 0.102273 0.354286
vt 0.113637 0.354286
vt 0.125001 0.354286
vt 0.136364 0.354286
vt 0.147728 0.354286
vt 0.159092 0.354286
vt 0.039773 0.344445
vt 0.051137 0.344445
vt 0.062500 0.344445
vt 0.073864 0.344445
vt 0.085228 0.344445
vt 0.096591 0.344445
vt 0.107955 0.344445
vt 0.119319 0.344445
vt 0.130683 0.344445
vt 0.142046 0.344445
vt 0.153410 0.344445
vt 0.164774 0.344445
vt 0.034091 0.334604
vt 0.045455 0.334604
vt 0.056819 0.334604
vt 0.068182 0.334604
vt 0.079546 0.334604
vt 0.090910 0.334604
vt 0.102273 0.334604
vt 0.113637 0.334604
vt 0.125001 0.334604
vt 0.136364 0.334604
vt 0.147728 0.334604
vt 0.159092 0.334604
vt 0.170455 0.334604
vt 0.028409 0.324762
vt 0.039773 0.324762
vt 0.051137 0.324762
vt 0.062500 0.324762
vt 0.073864 0.324762
vt 0.085228 0.324762
vt 0.096591 0.324762
vt 0.107955 0.324762
vt 0.119319 0.324762
vt 0.130682 0.324762
vt 0.142046 0.324762
vt 0.153410 0.324762
vt 0.164773 0.324762
vt 0.176137 0.324762
vt 0.022727 0.314921
vt 0.034091 0.314921
vt 0.045455 0.314921
vt 0.056818 0.314921
vt 0.068182 0.314921
vt 0.079546 0.314921
vt 0.090910 0.314921
vt 0.102273 0.314921
vt 0.113637 0.314921
vt 0.125001 0.314921
vt 0.136364 0.314921
vt 0.147728 0.314921
vt 0.159092 0.314921
vt 0.170455 0.314921
vt 0.267046 0.462541
vt 0.278410 0.462541
vt 0.272728 0.472382
vt 0.261364 0.452699
vt 0.272728 0.452699
vt 0.255683 0.442858
vt 0.267046 0.442858
vt 0.250001 0.433017
vt 0.261364 0.433017
vt 0.244319 0.423175
vt 0.255683 0.423175
vt 0.238637 0.413334
vt 0.250001 0.413334
vt 0.232955 0.403493
vt 0.244319 0.403493
vt 0.227273 0.393652
vt 0.238637 0.393652
vt 0.221592 0.383810
vt 0.232955 0.383810
vt 0.215910 0.373969
vt 0.227273 0.373969
vt 0.210228 0.364128
vt 0.221592 0.364128
vt 0.204546 0.354286
vt 0.215910 0.354286
vt 0.198864 0.344445
vt 0.210228 0.344445
vt 0.193183 0.334604
vt 0.204546 0.334604
vt 0.198864 0.324762
vt 0.284092 0.452699
vt 0.278410 0.442858
vt 0.289773 0.442858
vt 0.272728 0.433017
vt 0.284092 0.433017
vt 0.295455 0.433017
vt 0.267046 0.423175
vt 0.278410 0.423175
vt 0.289773 0.423175
vt 0.301137 0.423175
vt 0.261364 0.413334
vt 0.272728 0.413334
vt 0.284092 0.413334
vt 0.295455 0.413334
vt 0.306819 0.413334
vt 0.255683 0.403493
vt 0.267046 0.403493
vt 0.278410 0.403493
vt 0.289773 0.403493
vt 0.301137 0.403493
vt 0.312501 0.403493
vt 0.250001 0.393652
vt 0.261364 0.393652
vt 0.272728 0.393652
vt 0.284092 0.393652
vt 0.295455 0.393652
vt 0.306819 0.393652
vt 0.318182 0.393652
vt 0.244319 0.383810
vt 0.255683 0.383810
vt 0.267046 0.383810
vt 0.278410 0.383810
vt 0.289773 0.383810
vt 0.301137 0.383810
vt 0.312501 0.383810
vt 0.323864 0.383810
vt 0.238637 0.373969
vt 0.250001 0.373969
vt 0.261364 0.373969
vt 0.272728 0.373969
vt 0.284092 0.373969
vt 0.295455 0.373969
vt 0.306819 0.373969
vt 0.318182 0.373969
vt 0.329546 0.373969
vt 0.232955 0.364128
vt 0.244319 0.364128
vt 0.255683 0.364128
vt 0.267046 0.364128
vt 0.278410 0.364128
vt 0.289773 0.364128
vt 0.301137 0.364128
vt 0.312501 0.364128
vt 0.323864 0.364128
vt 0.335228 0.364128
vt 0.227273 0.354286
vt 0.238637 0.354286
vt 0.250001 0.354286
vt 0.261364 0.354286
vt 0.272728 0.354286
vt 0.284092 0.354286
vt 0.295455 0.354286
vt 0.306819 0.354286
vt 0.318182 0.354286
vt 0.329546 0.354286
vt 0.340910 0.354286
vt 0.221592 0.344445
vt 0.232955 0.344445
vt 0.244319 0.344445
vt 0.255683 0.344445
vt 0.267046 0.344445
vt 0.278410 0.344445
vt 0.289773 0.344445
vt 0.301137 0.344445
vt 0.312501 0.344445
vt 0.323864 0.344445
vt 0.335228 0.344445
vt 0.346592 0.344445
vt 0.215910 0.334604
vt 0.227273 0.334604
vt 0.238637 0.334604
vt 0.250001 0.334604
vt 0.261364 0.334604
vt 0.272728 0.334604
vt 0.284092 0.334604
vt 0.295455 0.334604
vt 0.306819 0.334604
vt 0.318182 0.334604
vt 0.329546 0.334604
vt 0.340910 0.334604
vt 0.352273 0.334604
vt 0.210228 0.324762
vt 0.221592 0.324762
vt 0.232955 0.324762
vt 0.244319 0.324762
vt 0.255683 0.324762
vt 0.267046 0.324762
vt 0.278410 0.324762
vt 0.289773 0.324762
vt 0.301137 0.324762
vt 0.312501 0.324762
vt 0.323864 0.324762
vt 0.335228 0.324762
vt 0.346592 0.324762
vt 0.357955 0.324762
vt 0.204546 0.314921
vt 0.215910 0.314921
vt 0.227273 0.314921
vt 0.238637 0.314921
vt 0.250001 0.314921
vt 0.261364 0.314921
vt 0.272728 0.314921
vt 0.284092 0.314921
vt 0.295455 0.314921
vt 0.306819 0.314921
vt 0.318182 0.314921
vt 0.329546 0.314921
vt 0.340910 0.314921
vt 0.352273 0.314921
vt 0.369319 0.305080
vt 0.375001 0.295238
vt 0.380682 0.305080
vt 0.380682 0.285397
vt 0.386364 0.295238
vt 0.386364 0.275556
vt 0.392046 0.285397
vt 0.392046 0.265715
vt 0.397728 0.275556
vt 0.397728 0.255874
vt 0.403410 0.265715
vt 0.403410 0.246032
vt 0.409091 0.255874
vt 0.409091 0.236191
vt 0.414773 0.246032
vt 0.414773 0.226350
vt 0.420455 0.236191
vt 0.420455 0.216509
vt 0.426137 0.226350
vt 0.426137 0.206667
vt 0.431819 0.216509
vt 0.431819 0.196826
vt 0.437501 0.206667
vt 0.437501 0.186985
vt 0.443182 0.196826
vt 0.443182 0.177143
vt 0.448864 0.186985
vt 0.454546 0.177143
vt 0.392046 0.305080
vt 0.397728 0.295238
vt 0.403410 0.305080
vt 0.403410 0.285397
vt 0.409091 0.295238
vt 0.414773 0.305080
vt 0.409091 0.275556
vt 0.414773 0.285397
vt 0.420455 0.295238
vt 0.426137 0.305080
vt 0.414773 0.265715
vt 0.420455 0.275556
vt 0.426137 0.285397
vt 0.431819 0.295238
vt 0.437500 0.305080
vt 0.420455 0.255874
vt 0.426137 0.265715
vt 0.431819 0.275556
vt 0.437501 0.285397
vt 0.443182 0.295238
vt 0.448864 0.305080
vt 0.426137 0.246032
vt 0.431819 0.255874
vt 0.437501 0.265715
vt 0.443182 0.275556
vt 0.448864 0.285397
vt 0.454546 0.295238
vt 0.460228 0.305080
vt 0.431819 0.236191
vt 0.437501 0.246032
vt 0.443182 0.255874
vt 0.448864 0.265715
vt 0.454546 0.275556
vt 0.460228 0.285397
vt 0.465910 0.295238
vt 0.471591 0.305080
vt 0.437501 0.226350
vt 0.443182 0.236191
vt 0.448864 0.246032
vt 0.454546 0.255874
vt 0.460228 0.265715
vt 0.465910 0.275556
vt 0.471591 0.285397
vt 0.477273 0.295238
vt 0.482955 0.305080
vt 0.443182 0.216509
vt 0.448864 0.226350
vt 0.454546 0.236191
vt 0.460228 0.246032
vt 0.465910 0.255874
vt 0.471591 0.265715
vt 0.477273 0.275556
vt 0.482955 0.285397
vt 0.488637 0.295238
vt 0.494319 0.305080
vt 0.448864 0.206667
vt 0.454546 0.216509
vt 0.460228 0.226350
vt 0.465910 0.236191
vt 0.471591 0.246032
vt 0.477273 0.255874
vt 0.482955 0.265715
vt 0.488637 0.275556
vt 0.494319 0.285397
vt 0.500000 0.295238
vt 0.505682 0.305080
vt 0.454546 0.196826
vt 0.460228 0.206667
vt 0.465910 0.216509
vt 0.471591 0.226350
vt 0.477273 0.236191
vt 0.482955 0.246032
vt 0.488637 0.255874
vt 0.494319 0.265715
vt 0.500000 0.275556
vt 0.505682 0.285397
vt 0.511364 0.295238
vt 0.517046 0.305080
vt 0.460228 0.186985
vt 0.465910 0.196826
vt 0.471591 0.206667
vt 0.477273 0.216509
vt 0.482955 0.226350
vt 0.488637 0.236191
vt 0.494319 0.246032
vt 0.500000 0.255874
vt 0.505682 0.265715
vt 0.511364 0.275556
vt 0.517046 0.285397
vt 0.522728 0.295238
vt 0.528410 0.305080
vt 0.465910 0.177143
vt 0.471591 0.186985
vt 0.477273 0.196826
vt 0.482955 0.206667
vt 0.488637 0.216508
vt 0.494319 0.226350
vt 0.500000 0.236191
vt 0.505682 0.246032
vt 0.511364 0.255873
vt 0.517046 0.265715
vt 0.522728 0.275556
vt 0.528410 0.285397
vt 0.534091 0.295238
vt 0.539773 0.305080
vt 0.551137 0.305080
vt 0.556819 0.295238
vt 0.562500 0.305080
vt 0.562500 0.285397
vt 0.568182 0.295238
vt 0.568182 0.275556
vt 0.573864 0.285397
vt 0.573864 0.265715
vt 0.579546 0.275556
vt 0.579546 0.255874
vt 0.585228 0.265715
vt 0.585228 0.246032
vt 0.590909 0.255874
vt 0.590909 0.236191
vt 0.596591 0.246032
vt 0.596591 0.226350
vt 0.602273 0.236191
vt 0.602273 0.216509
vt 0.607955 0.226350
vt 0.607955 0.206667
vt 0.613637 0.216509
vt 0.613637 0.196826
vt 0.619318 0.206667
vt 0.619318 0.186985
vt 0.625000 0.196826
vt 0.625000 0.177143
vt 0.630682 0.186985
vt 0.636364 0.177143
vt 0.573864 0.305080
vt 0.579546 0.295238
vt 0.585228 0.305080
vt 0.585228 0.285397
vt 0.590909 0.295238
vt 0.596591 0.305080
vt 0.590909 0.275556
vt 0.596591 0.285397
vt 0.602273 0.295238
vt 0.607955 0.305080
vt 0.596591 0.265715
vt 0.602273 0.275556
vt 0.607955 0.285397
vt 0.613637 0.295238
vt 0.619318 0.305080
vt 0.602273 0.255874
vt 0.607955 0.265715
vt 0.613637 0.275556
vt 0.619318 0.285397
vt 0.625000 0.295238
vt 0.630682 0.305080
vt 0.607955 0.246032
vt 0.613637 0.255874
vt 0.619318 0.265715
vt 0.625000 0.275556
vt 0.630682 0.285397
vt 0.636364 0.295238
vt 0.642046 0.305080
vt 0.613637 0.236191
vt 0.619318 0.246032
vt 0.625000 0.255874
vt 0.630682 0.265715
vt 0.636364 0.275556
vt 0.642046 0.285397
vt 0.647727 0.295238
vt 0.653409 0.305080
vt 0.619318 0.226350
vt 0.625000 0.236191
vt 0.630682 0.246032
vt 0.636364 0.255874
vt 0.642046 0.265715
vt 0.647728 0.275556
vt 0.653409 0.285397
vt 0.659091 0.295238
vt 0.664773 0.305080
vt 0.625000 0.216509
vt 0.630682 0.226350
vt 0.636364 0.236191
vt 0.642046 0.246032
vt 0.647727 0.255874
vt 0.653409 0.265715
vt 0.659091 0.275556
vt 0.664773 0.285397
vt 0.670455 0.295238
vt 0.676137 0.305080
vt 0.630682 0.206667
vt 0.636364 0.216509
vt 0.642046 0.226350
vt 0.647727 0.236191
vt 0.653409 0.246032
vt 0.659091 0.255874
vt 0.664773 0.265715
vt 0.670455 0.275556
vt 0.676137 0.285397
vt 0.681818 0.295238
vt 0.687500 0.305080
vt 0.636364 0.196826
vt 0.642046 0.206667
vt 0.647728 0.216509
vt 0.653409 0.226350
vt 0.659091 0.236191
vt 0.664773 0.246032
vt 0.670455 0.255874
vt 0.676137 0.265715
vt 0.681819 0.275556
vt 0.687500 0.285397
vt 0.693182 0.295238
vt 0.698864 0.305080
vt 0.642046 0.186985
vt 0.647728 0.196826
vt 0.653409 0.206667
vt 0.659091 0.216509
vt 0.664773 0.226350
vt 0.670455 0.236191
vt 0.676137 0.246032
vt 0.681818 0.255874
vt 0.687500 0.265715
vt 0.693182 0.275556
vt 0.698864 0.285397
vt 0.704546 0.295238
vt 0.710228 0.305080
vt 0.647728 0.177143
vt 0.653409 0.186985
vt 0.659091 0.196826
vt 0.664773 0.206667
vt 0.670455 0.216508
vt 0.676137 0.226350
vt 0.681818 0.236191
vt 0.687500 0.246032
vt 0.693182 0.255873
vt 0.698864 0.265715
vt 0.704546 0.275556
vt 0.710228 0.285397
vt 0.715909 0.295238
vt 0.721591 0.305080
vt 0.732955 0.305080
vt 0.738637 0.295238
vt 0.744318 0.305080
vt 0.744318 0.285397
vt 0.750000 0.295238
vt 0.750000 0.275556
vt 0.755682 0.285397
vt 0.755682 0.265715
vt 0.761364 0.275556
vt 0.761364 0.255874
vt 0.767046 0.265715
vt 0.767046 0.246032
vt 0.772727 0.255874
vt 0.772727 0.236191
vt 0.778409 0.246032
vt 0.778409 0.226350
vt 0.784091 0.236191
vt 0.784091 0.216509
vt 0.789773 0.226350
vt 0.789773 0.206667
vt 0.795455 0.216509
vt 0.795455 0.196826
vt 0.801137 0.206667
vt 0.801137 0.186985
vt 0.806818 0.196826
vt 0.806818 0.177143
vt 0.812500 0.186985
vt 0.818182 0.177143
vt 0.755682 0.305080
vt 0.761364 0.295238
vt 0.767046 0.305080
vt 0.767046 0.285397
vt 0.772727 0.295238
vt 0.778409 0.305080
vt 0.772727 0.275556
vt 0.778409 0.285397
vt 0.784091 0.295238
vt 0.789773 0.305080
vt 0.778409 0.265715
vt 0.784091 0.275556
vt 0.789773 0.285397
vt 0.795455 0.295238
vt 0.801137 0.305080
vt 0.784091 0.255874
vt 0.789773 0.265715
vt 0.795455 0.275556
vt 0.801137 0.285397
vt 0.806818 0.295238
vt 0.812500 0.305080
vt 0.789773 0.246032
vt 0.795455 0.255874
vt 0.801137 0.265715
vt 0.806818 0.275556
vt 0.812500 0.285397
vt 0.818182 0.295238
vt 0.823864 0.305080
vt 0.795455 0.236191
vt 0.801136 0.246032
vt 0.806818 0.255874
vt 0.812500 0.265715
vt 0.818182 0.275556
vt 0.823864 0.285397
vt 0.829545 0.295238
vt 0.835227 0.305080
vt 0.801137 0.226350
vt 0.806818 0.236191
vt 0.812500 0.246032
vt 0.818182 0.255874
vt 0.823864 0.265715
vt 0.829546 0.275556
vt 0.835227 0.285397
vt 0.840909 0.295238
vt 0.846591 0.305080
vt 0.806818 0.216509
vt 0.812500 0.226350
vt 0.818182 0.236191
vt 0.823864 0.246032
vt 0.829546 0.255874
vt 0.835227 0.265715
vt 0.840909 0.275556
vt 0.846591 0.285397
vt 0.852273 0.295238
vt 0.857955 0.305080
vt 0.812500 0.206667
vt 0.818182 0.216509
vt 0.823864 0.226350
vt 0.829546 0.236191
vt 0.835227 0.246032
vt 0.840909 0.255874
vt 0.846591 0.265715
vt 0.852273 0.275556
vt 0.857955 0.285397
vt 0.863636 0.295238
vt 0.869318 0.305080
vt 0.818182 0.196826
vt 0.823864 0.206667
vt 0.829546 0.216509
vt 0.835227 0.226350
vt 0.840909 0.236191
vt 0.846591 0.246032
vt 0.852273 0.255874
vt 0.857955 0.265715
vt 0.863636 0.275556
vt 0.869318 0.285397
vt 0.875000 0.295238
vt 0.880682 0.305080
vt 0.823864 0.186985
vt 0.829546 0.196826
vt 0.835227 0.206667
vt 0.840909 0.216509
vt 0.846591 0.226350
vt 0.852273 0.236191
vt 0.857955 0.246032
vt 0.863636 0.255874
vt 0.869318 0.265715
vt 0.875000 0.275556
vt 0.880682 0.285397
vt 0.886364 0.295238
vt 0.892046 0.305080
vt 0.829546 0.177143
vt 0.835227 0.186985
vt 0.840909 0.196826
vt 0.846591 0.206667
vt 0.852273 0.216508
vt 0.857955 0.226350
vt 0.863636 0.236191
vt 0.869318 0.246032
vt 0.875000 0.255873
vt 0.880682 0.265715
vt 0.886364 0.275556
vt 0.892046 0.285397
vt 0.897727 0.295238
vt 0.903409 0.305080
vt 0.005682 0.305080
vt 0.011364 0.295238
vt 0.017046 0.305080
vt 0.017046 0.285397
vt 0.022727 0.295238
vt 0.022728 0.275556
vt 0.028409 0.285397
vt 0.028409 0.265715
vt 0.034091 0.275556
vt 0.034091 0.255874
vt 0.039773 0.265715
vt 0.039773 0.246032
vt 0.045455 0.255874
vt 0.045455 0.236191
vt 0.051137 0.246032
vt 0.051137 0.226350
vt 0.056819 0.236191
vt 0.056819 0.216509
vt 0.062501 0.226350
vt 0.062501 0.206667
vt 0.068182 0.216509
vt 0.068183 0.196826
vt 0.073864 0.206667
vt 0.073864 0.186985
vt 0.079546 0.196826
vt 0.079546 0.177143
vt 0.085228 0.186985
vt 0.090910 0.177143
vt 0.028409 0.305080
vt 0.034091 0.295238
vt 0.039773 0.305080
vt 0.039773 0.285397
vt 0.045455 0.295238
vt 0.051137 0.305080
vt 0.045455 0.275556
vt 0.051137 0.285397
vt 0.056819 0.295238
vt 0.062500 0.305080
vt 0.051137 0.265715
vt 0.056819 0.275556
vt 0.062500 0.285397
vt 0.068182 0.295238
vt 0.073864 0.305080
vt 0.056819 0.255874
vt 0.062500 0.265715
vt 0.068182 0.275556
vt 0.073864 0.285397
vt 0.079546 0.295238
vt 0.085228 0.305080
vt 0.062501 0.246032
vt 0.068182 0.255874
vt 0.073864 0.265715
vt 0.079546 0.275556
vt 0.085228 0.285397
vt 0.090910 0.295238
vt 0.096591 0.305080
vt 0.068182 0.236191
vt 0.073864 0.246032
vt 0.079546 0.255874
vt 0.085228 0.265715
vt 0.090910 0.275556
vt 0.096591 0.285397
vt 0.102273 0.295238
vt 0.107955 0.305080
vt 0.073864 0.226350
vt 0.079546 0.236191
vt 0.085228 0.246032
vt 0.090910 0.255874
vt 0.096592 0.265715
vt 0.102273 0.275556
vt 0.107955 0.285397
vt 0.113637 0.295238
vt 0.119319 0.305080
vt 0.079546 0.216509
vt 0.085228 0.226350
vt 0.090910 0.236191
vt 0.096592 0.246032
vt 0.102273 0.255874
vt 0.107955 0.265715
vt 0.113637 0.275556
vt 0.119319 0.285397
vt 0.125001 0.295238
vt 0.130682 0.305080
vt 0.085228 0.206667
vt 0.090910 0.216509
vt 0.096592 0.226350
vt 0.102273 0.236191
vt 0.107955 0.246032
vt 0.113637 0.255874
vt 0.119319 0.265715
vt 0.125001 0.275556
vt 0.130683 0.285397
vt 0.136364 0.295238
vt 0.142046 0.305080
vt 0.090910 0.196826
vt 0.096592 0.206667
vt 0.102274 0.216509
vt 0.107955 0.226350
vt 0.113637 0.236191
vt 0.119319 0.246032
vt 0.125001 0.255874
vt 0.130683 0.265715
vt 0.136364 0.275556
vt 0.142046 0.285397
vt 0.147728 0.295238
vt 0.153410 0.305080
vt 0.096592 0.186985
vt 0.102274 0.196826
vt 0.107955 0.206667
vt 0.113637 0.216509
vt 0.119319 0.226350
vt 0.125001 0.236191
vt 0.130683 0.246032
vt 0.136364 0.255874
vt 0.142046 0.265715
vt 0.147728 0.275556
vt 0.153410 0.285397
vt 0.159092 0.295238
vt 0.164773 0.305080
vt 0.102274 0.177143
vt 0.107955 0.186985
vt 0.113637 0.196826
vt 0.119319 0.206667
vt 0.125001 0.216508
vt 0.130683 0.226350
vt 0.136365 0.236191
vt 0.142046 0.246032
vt 0.147728 0.255873
vt 0.153410 0.265715
vt 0.159092 0.275556
vt 0.164774 0.285397
vt 0.170455 0.295238
vt 0.176137 0.305080
vt 0.187501 0.305080
vt 0.193183 0.295238
vt 0.198864 0.305080
vt 0.198864 0.285397
vt 0.204546 0.295238
vt 0.204546 0.275556
vt 0.210228 0.285397
vt 0.210228 0.265715
vt 0.215910 0.275556
vt 0.215910 0.255874
vt 0.221592 0.265715
vt 0.221592 0.246032
vt 0.227273 0.255874
vt 0.227273 0.236191
vt 0.232955 0.246032
vt 0.232955 0.226350
vt 0.238637 0.236191
vt 0.238637 0.216509
vt 0.244319 0.226350
vt 0.244319 0.206667
vt 0.250001 0.216509
vt 0.250001 0.196826
vt 0.255683 0.206667
vt 0.255683 0.186985
vt 0.261364 0.196826
vt 0.261364 0.177143
vt 0.267046 0.186985
vt 0.272728 0.177143
vt 0.210228 0.305080
vt 0.215910 0.295238
vt 0.221592 0.305080
vt 0.221592 0.285397
vt 0.227273 0.295238
vt 0.232955 0.305080
vt 0.227273 0.275556
vt 0.232955 0.285397
vt 0.238637 0.295238
vt 0.244319 0.305080
vt 0.232955 0.265715
vt 0.238637 0.275556
vt 0.244319 0.285397
vt 0.250001 0.295238
vt 0.255683 0.305080
vt 0.238637 0.255874
vt 0.244319 0.265715
vt 0.250001 0.275556
vt 0.255683 0.285397
vt 0.261364 0.295238
vt 0.267046 0.305080
vt 0.244319 0.246032
vt 0.250001 0.255874
vt 0.255683 0.265715
vt 0.261364 0.275556
vt 0.267046 0.285397
vt 0.272728 0.295238
vt 0.278410 0.305080
vt 0.250001 0.236191
vt 0.255683 0.246032
vt 0.261364 0.255874
vt 0.267046 0.265715
vt 0.272728 0.275556
vt 0.278410 0.285397
vt 0.284092 0.295238
vt 0.289773 0.305080
vt 0.255683 0.226350
vt 0.261364 0.236191
vt 0.267046 0.246032
vt 0.272728 0.255874
vt 0.278410 0.265715
vt 0.284092 0.275556
vt 0.289773 0.285397
vt 0.295455 0.295238
vt 0.301137 0.305080
vt 0.261364 0.216509
vt 0.267046 0.226350
vt 0.272728 0.236191
vt 0.278410 0.246032
vt 0.284092 0.255874
vt 0.289773 0.265715
vt 0.295455 0.275556
vt 0.301137 0.285397
vt 0.306819 0.295238
vt 0.312501 0.305080
vt 0.267046 0.206667
vt 0.272728 0.216509
vt 0.278410 0.226350
vt 0.284092 0.236191
vt 0.289773 0.246032
vt 0.295455 0.255874
vt 0.301137 0.265715
vt 0.306819 0.275556
vt 0.312501 0.285397
vt 0.318182 0.295238
vt 0.323864 0.305080
vt 0.272728 0.196826
vt 0.278410 0.206667
vt 0.284092 0.216509
vt 0.289773 0.226350
vt 0.295455 0.236191
vt 0.301137 0.246032
vt 0.306819 0.255874
vt 0.312501 0.265715
vt 0.318183 0.275556
vt 0.323864 0.285397
vt 0.329546 0.295238
vt 0.335228 0.305080
vt 0.278410 0.186985
vt 0.284092 0.196826
vt 0.289773 0.206667
vt 0.295455 0.216509
vt 0.301137 0.226350
vt 0.306819 0.236191
vt 0.312501 0.246032
vt 0.318182 0.255874
vt 0.323864 0.265715
vt 0.329546 0.275556
vt 0.335228 0.285397
vt 0.340910 0.295238
vt 0.346592 0.305080
vt 0.284092 0.177143
vt 0.289773 0.186985
vt 0.295455 0.196826
vt 0.301137 0.206667
vt 0.306819 0.216508
vt 0.312501 0.226350
vt 0.318182 0.236191
vt 0.323864 0.246032
vt 0.329546 0.255873
vt 0.335228 0.265715
vt 0.340910 0.275556
vt 0.346592 0.285397
vt 0.352273 0.295238
vt 0.357955 0.305080
vt 0.545455 0.295238
vt 0.539773 0.285397
vt 0.534091 0.275556
vt 0.528410 0.265715
vt 0.522728 0.255873
vt 0.517046 0.246032
vt 0.511364 0.236191
vt 0.505682 0.226350
vt 0.500000 0.216508
vt 0.494319 0.206667
vt 0.488637 0.196826
vt 0.482955 0.186985
vt 0.477273 0.177143
vt 0.471591 0.167302
vt 0.551137 0.285397
vt 0.545455 0.275556
vt 0.556819 0.275556
vt 0.539773 0.265715
vt 0.551137 0.265715
vt 0.562500 0.265715
vt 0.534091 0.255874
vt 0.545455 0.255874
vt 0.556819 0.255874
vt 0.568182 0.255874
vt 0.528409 0.246032
vt 0.539773 0.246032
vt 0.551137 0.246032
vt 0.562500 0.246032
vt 0.573864 0.246032
vt 0.522728 0.236191
vt 0.534091 0.236191
vt 0.545455 0.236191
vt 0.556819 0.236191
vt 0.568182 0.236191
vt 0.579546 0.236191
vt 0.517046 0.226350
vt 0.528410 0.226350
vt 0.539773 0.226350
vt 0.551137 0.226350
vt 0.562500 0.226350
vt 0.573864 0.226350
vt 0.585228 0.226350
vt 0.511364 0.216509
vt 0.522728 0.216509
vt 0.534091 0.216509
vt 0.545455 0.216509
vt 0.556819 0.216509
vt 0.568182 0.216509
vt 0.579546 0.216509
vt 0.590909 0.216509
vt 0.505682 0.206667
vt 0.517046 0.206667
vt 0.528409 0.206667
vt 0.539773 0.206667
vt 0.551137 0.206667
vt 0.562500 0.206667
vt 0.573864 0.206667
vt 0.585228 0.206667
vt 0.596591 0.206667
vt 0.500001 0.196826
vt 0.511364 0.196826
vt 0.522728 0.196826
vt 0.534091 0.196826
vt 0.545455 0.196826
vt 0.556819 0.196826
vt 0.568182 0.196826
vt 0.579546 0.196826
vt 0.590909 0.196826
vt 0.602273 0.196826
vt 0.494319 0.186985
vt 0.505682 0.186985
vt 0.517046 0.186985
vt 0.528409 0.186985
vt 0.539773 0.186985
vt 0.551137 0.186985
vt 0.562500 0.186985
vt 0.573864 0.186985
vt 0.585228 0.186985
vt 0.596591 0.186985
vt 0.607955 0.186985
vt 0.488637 0.177143
vt 0.500000 0.177143
vt 0.511364 0.177143
vt 0.522728 0.177143
vt 0.534091 0.177143
vt 0.545455 0.177143
vt 0.556819 0.177143
vt 0.568182 0.177143
vt 0.579546 0.177143
vt 0.590909 0.177143
vt 0.602273 0.177143
vt 0.613637 0.177143
vt 0.482955 0.167302
vt 0.494319 0.167302
vt 0.505682 0.167302
vt 0.517046 0.167302
vt 0.528410 0.167302
vt 0.539773 0.167302
vt 0.551137 0.167302
vt 0.562500 0.167302
vt 0.573864 0.167302
vt 0.585228 0.167302
vt 0.596591 0.167302
vt 0.607955 0.167302
vt 0.619319 0.167302
vt 0.477273 0.157461
vt 0.488637 0.157461
vt 0.500000 0.157461
vt 0.511364 0.157461
vt 0.522728 0.157461
vt 0.534091 0.157461
vt 0.545455 0.157461
vt 0.556819 0.157461
vt 0.568182 0.157461
vt 0.579546 0.157461
vt 0.590909 0.157461
vt 0.602273 0.157461
vt 0.613637 0.157461
vt 0.625000 0.157461
vt 0.727273 0.295238
vt 0.721591 0.285397
vt 0.715909 0.275556
vt 0.710228 0.265715
vt 0.704546 0.255873
vt 0.698864 0.246032
vt 0.693182 0.236191
vt 0.687500 0.226350
vt 0.681818 0.216508
vt 0.676137 0.206667
vt 0.670455 0.196826
vt 0.664773 0.186985
vt 0.659091 0.177143
vt 0.653409 0.167302
vt 0.732955 0.285397
vt 0.727273 0.275556
vt 0.738637 0.275556
vt 0.721591 0.265715
vt 0.732955 0.265715
vt 0.744318 0.265715
vt 0.715909 0.255874
vt 0.727273 0.255874
vt 0.738637 0.255874
vt 0.750000 0.255874
vt 0.710227 0.246032
vt 0.721591 0.246032
vt 0.732955 0.246032
vt 0.744318 0.246032
vt 0.755682 0.246032
vt 0.704546 0.236191
vt 0.715909 0.236191
vt 0.727273 0.236191
vt 0.738637 0.236191
vt 0.750000 0.236191
vt 0.761364 0.236191
vt 0.698864 0.226350
vt 0.710228 0.226350
vt 0.721591 0.226350
vt 0.732955 0.226350
vt 0.744318 0.226350
vt 0.755682 0.226350
vt 0.767046 0.226350
vt 0.693182 0.216509
vt 0.704546 0.216509
vt 0.715909 0.216509
vt 0.727273 0.216509
vt 0.738637 0.216509
vt 0.750000 0.216509
vt 0.761364 0.216509
vt 0.772727 0.216509
vt 0.687500 0.206667
vt 0.698864 0.206667
vt 0.710228 0.206667
vt 0.721591 0.206667
vt 0.732955 0.206667
vt 0.744318 0.206667
vt 0.755682 0.206667
vt 0.767046 0.206667
vt 0.778409 0.206667
vt 0.681818 0.196826
vt 0.693182 0.196826
vt 0.704546 0.196826
vt 0.715909 0.196826
vt 0.727273 0.196826
vt 0.738637 0.196826
vt 0.750000 0.196826
vt 0.761364 0.196826
vt 0.772727 0.196826
vt 0.784091 0.196826
vt 0.676137 0.186985
vt 0.687500 0.186985
vt 0.698864 0.186985
vt 0.710228 0.186985
vt 0.721591 0.186985
vt 0.732955 0.186985
vt 0.744318 0.186985
vt 0.755682 0.186985
vt 0.767046 0.186985
vt 0.778409 0.186985
vt 0.789773 0.186985
vt 0.670455 0.177143
vt 0.681819 0.177143
vt 0.693182 0.177143
vt 0.704546 0.177143
vt 0.715909 0.177143
vt 0.727273 0.177143
vt 0.738637 0.177143
vt 0.750000 0.177143
vt 0.761364 0.177143
vt 0.772728 0.177143
vt 0.784091 0.177143
vt 0.795455 0.177143
vt 0.664773 0.167302
vt 0.676137 0.167302
vt 0.687500 0.167302
vt 0.698864 0.167302
vt 0.710228 0.167302
vt 0.721591 0.167302
vt 0.732955 0.167302
vt 0.744318 0.167302
vt 0.755682 0.167302
vt 0.767046 0.167302
vt 0.778409 0.167302
vt 0.789773 0.167302
vt 0.801136 0.167302
vt 0.659091 0.157461
vt 0.670455 0.157461
vt 0.681818 0.157461
vt 0.693182 0.157461
vt 0.704546 0.157461
vt 0.715909 0.157461
vt 0.727273 0.157461
vt 0.738637 0.157461
vt 0.750000 0.157461
vt 0.761364 0.157461
vt 0.772727 0.157461
vt 0.784091 0.157461
vt 0.795455 0.157461
vt 0.806818 0.157461
vt 0.914773 0.305080
vt 0.909091 0.295238
vt 0.903409 0.285397
vt 0.897727 0.275556
vt 0.892046 0.265715
vt 0.886364 0.255873
vt 0.880682 0.246032
vt 0.875000 0.236191
vt 0.869318 0.226350
vt 0.863636 0.216508
vt 0.857955 0.206667
vt 0.852273 0.196826
vt 0.846591 0.186985
vt 0.840909 0.177143
vt 0.835227 0.167302
vt 0.920455 0.295238
vt 0.914773 0.285397
vt 0.926136 0.285397
vt 0.909091 0.275556
vt 0.920455 0.275556
vt 0.931818 0.275556
vt 0.903409 0.265715
vt 0.914773 0.265715
vt 0.926136 0.265715
vt 0.937500 0.265715
vt 0.897727 0.255874
vt 0.909091 0.255874
vt 0.920455 0.255874
vt 0.931818 0.255874
vt 0.943182 0.255874
vt 0.892045 0.246032
vt 0.903409 0.246032
vt 0.914773 0.246032
vt 0.926136 0.246032
vt 0.937500 0.246032
vt 0.948864 0.246032
vt 0.886364 0.236191
vt 0.897727 0.236191
vt 0.909091 0.236191
vt 0.920455 0.236191
vt 0.931818 0.236191
vt 0.943182 0.236191
vt 0.954545 0.236191
vt 0.880682 0.226350
vt 0.892046 0.226350
vt 0.903409 0.226350
vt 0.914773 0.226350
vt 0.926136 0.226350
vt 0.937500 0.226350
vt 0.948864 0.226350
vt 0.960227 0.226350
vt 0.875000 0.216509
vt 0.886364 0.216509
vt 0.897727 0.216509
vt 0.909091 0.216509
vt 0.920455 0.216509
vt 0.931818 0.216509
vt 0.943182 0.216509
vt 0.954545 0.216509
vt 0.965909 0.216509
vt 0.869318 0.206667
vt 0.880682 0.206667
vt 0.892046 0.206667
vt 0.903409 0.206667
vt 0.914773 0.206667
vt 0.926136 0.206667
vt 0.937500 0.206667
vt 0.948864 0.206667
vt 0.960227 0.206667
vt 0.971591 0.206667
vt 0.863636 0.196826
vt 0.875000 0.196826
vt 0.886364 0.196826
vt 0.897727 0.196826
vt 0.909091 0.196826
vt 0.920455 0.196826
vt 0.931818 0.196826
vt 0.943182 0.196826
vt 0.954545 0.196826
vt 0.965909 0.196826
vt 0.977273 0.196826
vt 0.857955 0.186985
vt 0.869318 0.186985
vt 0.880682 0.186985
vt 0.892046 0.186985
vt 0.903409 0.186985
vt 0.914773 0.186985
vt 0.926136 0.186985
vt 0.937500 0.186985
vt 0.948864 0.186985
vt 0.960227 0.186985
vt 0.971591 0.186985
vt 0.982955 0.186985
vt 0.852273 0.177143
vt 0.863636 0.177143
vt 0.875000 0.177143
vt 0.886364 0.177143
vt 0.897727 0.177143
vt 0.909091 0.177143
vt 0.920455 0.177143
vt 0.931818 0.177143
vt 0.943182 0.177143
vt 0.954545 0.177143
vt 0.965909 0.177143
vt 0.977273 0.177143
vt 0.988636 0.177143
vt 0.846591 0.167302
vt 0.857955 0.167302
vt 0.869318 0.167302
vt 0.880682 0.167302
vt 0.892046 0.167302
vt 0.903409 0.167302
vt 0.914773 0.167302
vt 0.926136 0.167302
vt 0.937500 0.167302
vt 0.948864 0.167302
vt 0.960227 0.167302
vt 0.971591 0.167302
vt 0.982955 0.167302
vt 0.994318 0.167302
vt 0.840909 0.157461
vt 0.852273 0.157461
vt 0.863636 0.157461
vt 0.875000 0.157461
vt 0.886364 0.157461
vt 0.897727 0.157461
vt 0.909091 0.157461
vt 0.920455 0.157461
vt 0.931818 0.157461
vt 0.943182 0.157461
vt 0.954545 0.157461
vt 0.965909 0.157461
vt 0.977273 0.157461
vt 0.988636 0.157461
vt 1.000000 0.157461
vt 0.181819 0.295238
vt 0.176137 0.285397
vt 0.170455 0.275556
vt 0.164774 0.265715
vt 0.159092 0.255873
vt 0.153410 0.246032
vt 0.147728 0.236191
vt 0.142046 0.226350
vt 0.136365 0.216508
vt 0.130683 0.206667
vt 0.125001 0.196826
vt 0.119319 0.186985
vt 0.113637 0.177143
vt 0.107955 0.167302
vt 0.187501 0.285397
vt 0.181819 0.275556
vt 0.193183 0.275556
vt 0.176137 0.265715
vt 0.187501 0.265715
vt 0.198864 0.265715
vt 0.170455 0.255874
vt 0.181819 0.255874
vt 0.193183 0.255874
vt 0.204546 0.255874
vt 0.164774 0.246032
vt 0.176137 0.246032
vt 0.187501 0.246032
vt 0.198864 0.246032
vt 0.210228 0.246032
vt 0.159092 0.236191
vt 0.170455 0.236191
vt 0.181819 0.236191
vt 0.193183 0.236191
vt 0.204546 0.236191
vt 0.215910 0.236191
vt 0.153410 0.226350
vt 0.164774 0.226350
vt 0.176137 0.226350
vt 0.187501 0.226350
vt 0.198864 0.226350
vt 0.210228 0.226350
vt 0.221592 0.226350
vt 0.147728 0.216509
vt 0.159092 0.216509
vt 0.170455 0.216509
vt 0.181819 0.216509
vt 0.193183 0.216509
vt 0.204546 0.216509
vt 0.215910 0.216509
vt 0.227273 0.216509
vt 0.142046 0.206667
vt 0.153410 0.206667
vt 0.164774 0.206667
vt 0.176137 0.206667
vt 0.187501 0.206667
vt 0.198864 0.206667
vt 0.210228 0.206667
vt 0.221592 0.206667
vt 0.232955 0.206667
vt 0.136364 0.196826
vt 0.147728 0.196826
vt 0.159092 0.196826
vt 0.170455 0.196826
vt 0.181819 0.196826
vt 0.193183 0.196826
vt 0.204546 0.196826
vt 0.215910 0.196826
vt 0.227273 0.196826
vt 0.238637 0.196826
vt 0.130683 0.186985
vt 0.142046 0.186985
vt 0.153410 0.186985
vt 0.164774 0.186985
vt 0.176137 0.186985
vt 0.187501 0.186985
vt 0.198864 0.186985
vt 0.210228 0.186985
vt 0.221592 0.186985
vt 0.232955 0.186985
vt 0.244319 0.186985
vt 0.125001 0.177143
vt 0.136364 0.177143
vt 0.147728 0.177143
vt 0.159092 0.177143
vt 0.170455 0.177143
vt 0.181819 0.177143
vt 0.193183 0.177143
vt 0.204546 0.177143
vt 0.215910 0.177143
vt 0.227273 0.177143
vt 0.238637 0.177143
vt 0.250001 0.177143
vt 0.119319 0.167302
vt 0.130683 0.167302
vt 0.142046 0.167302
vt 0.153410 0.167302
vt 0.164774 0.167302
vt 0.176137 0.167302
vt 0.187501 0.167302
vt 0.198864 0.167302
vt 0.210228 0.167302
vt 0.221592 0.167302
vt 0.232955 0.167302
vt 0.244319 0.167302
vt 0.255683 0.167302
vt 0.113637 0.157461
vt 0.125001 0.157461
vt 0.136364 0.157461
vt 0.147728 0.157461
vt 0.159092 0.157461
vt 0.170455 0.157461
vt 0.181819 0.157461
vt 0.193183 0.157461
vt 0.204546 0.157461
vt 0.215910 0.157461
vt 0.227273 0.157461
vt 0.238637 0.157461
vt 0.250001 0.157461
vt 0.261364 0.157461
vt 0.363637 0.295238
vt 0.357955 0.285397
vt 0.352273 0.275556
vt 0.346592 0.265715
vt 0.340910 0.255873
vt 0.335228 0.246032
vt 0.329546 0.236191
vt 0.323864 0.226350
vt 0.318182 0.216508
vt 0.312501 0.206667
vt 0.306819 0.196826
vt 0.301137 0.186985
vt 0.295455 0.177143
vt 0.289773 0.167302
vt 0.369319 0.285397
vt 0.363637 0.275556
vt 0.375001 0.275556
vt 0.357955 0.265715
vt 0.369319 0.265715
vt 0.380682 0.265715
vt 0.352273 0.255874
vt 0.363637 0.255874
vt 0.375001 0.255874
vt 0.386364 0.255874
vt 0.346592 0.246032
vt 0.357955 0.246032
vt 0.369319 0.246032
vt 0.380682 0.246032
vt 0.392046 0.246032
vt 0.340910 0.236191
vt 0.352273 0.236191
vt 0.363637 0.236191
vt 0.375001 0.236191
vt 0.386364 0.236191
vt 0.397728 0.236191
vt 0.335228 0.226350
vt 0.346592 0.226350
vt 0.357955 0.226350
vt 0.369319 0.226350
vt 0.380682 0.226350
vt 0.392046 0.226350
vt 0.403410 0.226350
vt 0.329546 0.216509
vt 0.340910 0.216509
vt 0.352273 0.216509
vt 0.363637 0.216509
vt 0.375001 0.216509
vt 0.386364 0.216509
vt 0.397728 0.216509
vt 0.409091 0.216509
vt 0.323864 0.206667
vt 0.335228 0.206667
vt 0.346592 0.206667
vt 0.357955 0.206667
vt 0.369319 0.206667
vt 0.380682 0.206667
vt 0.392046 0.206667
vt 0.403410 0.206667
vt 0.414773 0.206667
vt 0.318182 0.196826
vt 0.329546 0.196826
vt 0.340910 0.196826
vt 0.352273 0.196826
vt 0.363637 0.196826
vt 0.375001 0.196826
vt 0.386364 0.196826
vt 0.397728 0.196826
vt 0.409091 0.196826
vt 0.420455 0.196826
vt 0.312501 0.186985
vt 0.323864 0.186985
vt 0.335228 0.186985
vt 0.346592 0.186985
vt 0.357955 0.186985
vt 0.369319 0.186985
vt 0.380682 0.186985
vt 0.392046 0.186985
vt 0.403410 0.186985
vt 0.414773 0.186985
vt 0.426137 0.186985
vt 0.306819 0.177143
vt 0.318182 0.177143
vt 0.329546 0.177143
vt 0.340910 0.177143
vt 0.352273 0.177143
vt 0.363637 0.177143
vt 0.375001 0.177143
vt 0.386364 0.177143
vt 0.397728 0.177143
vt 0.409092 0.177143
vt 0.420455 0.177143
vt 0.431819 0.177143
vt 0.301137 0.167302
vt 0.312501 0.167302
vt 0.323864 0.167302
vt 0.335228 0.167302
vt 0.346592 0.167302
vt 0.357955 0.167302
vt 0.369319 0.167302
vt 0.380682 0.167302
vt 0.392046 0.167302
vt 0.403410 0.167302
vt 0.414773 0.167302
vt 0.426137 0.167302
vt 0.437501 0.167302
vt 0.295455 0.157461
vt 0.306819 0.157461
vt 0.318182 0.157461
vt 0.329546 0.157461
vt 0.340910 0.157461
vt 0.352273 0.157461
vt 0.363637 0.157461
vt 0.375001 0.157461
vt 0.386364 0.157461
vt 0.397728 0.157461
vt 0.409091 0.157461
vt 0.420455 0.157461
vt 0.431819 0.157461
vt 0.443182 0.157461
vt 0.460228 0.147620
vt 0.465910 0.137778
vt 0.471591 0.147620
vt 0.471591 0.127937
vt 0.477273 0.137778
vt 0.477273 0.118096
vt 0.482955 0.127937
vt 0.482955 0.108254
vt 0.488637 0.118096
vt 0.488637 0.098413
vt 0.494319 0.108254
vt 0.494319 0.088572
vt 0.500000 0.098413
vt 0.500000 0.078731
vt 0.505682 0.088572
vt 0.505682 0.068889
vt 0.511364 0.078731
vt 0.511364 0.059048
vt 0.517046 0.068889
vt 0.517046 0.049207
vt 0.522728 0.059048
vt 0.522728 0.039365
vt 0.528410 0.049207
vt 0.528410 0.029524
vt 0.534091 0.039365
vt 0.534091 0.019683
vt 0.539773 0.029524
vt 0.545455 0.019683
vt 0.482955 0.147620
vt 0.488637 0.137778
vt 0.494319 0.147620
vt 0.494319 0.127937
vt 0.500000 0.137778
vt 0.505682 0.147620
vt 0.500000 0.118096
vt 0.505682 0.127937
vt 0.511364 0.137778
vt 0.517046 0.147620
vt 0.505682 0.108254
vt 0.511364 0.118096
vt 0.517046 0.127937
vt 0.522728 0.137778
vt 0.528410 0.147620
vt 0.511364 0.098413
vt 0.517046 0.108254
vt 0.522728 0.118096
vt 0.528410 0.127937
vt 0.534091 0.137778
vt 0.539773 0.147620
vt 0.517046 0.088572
vt 0.522728 0.098413
vt 0.528410 0.108254
vt 0.534091 0.118096
vt 0.539773 0.127937
vt 0.545455 0.137778
vt 0.551137 0.147620
vt 0.522728 0.078731
vt 0.528410 0.088572
vt 0.534091 0.098413
vt 0.539773 0.108254
vt 0.545455 0.118096
vt 0.551137 0.127937
vt 0.556819 0.137778
vt 0.562500 0.147620
vt 0.528410 0.068889
vt 0.534091 0.078731
vt 0.539773 0.088572
vt 0.545455 0.098413
vt 0.551137 0.108254
vt 0.556819 0.118096
vt 0.562500 0.127937
vt 0.568182 0.137778
vt 0.573864 0.147620
vt 0.534091 0.059048
vt 0.539773 0.068889
vt 0.545455 0.078731
vt 0.551137 0.088572
vt 0.556819 0.098413
vt 0.562500 0.108254
vt 0.568182 0.118096
vt 0.573864 0.127937
vt 0.579546 0.137778
vt 0.585228 0.147620
vt 0.539773 0.049207
vt 0.545455 0.059048
vt 0.551137 0.068889
vt 0.556819 0.078731
vt 0.562500 0.088572
vt 0.568182 0.098413
vt 0.573864 0.108254
vt 0.579546 0.118096
vt 0.585228 0.127937
vt 0.590909 0.137778
vt 0.596591 0.147620
vt 0.545455 0.039365
vt 0.551137 0.049207
vt 0.556819 0.059048
vt 0.562500 0.068889
vt 0.568182 0.078731
vt 0.573864 0.088572
vt 0.579546 0.098413
vt 0.585228 0.108254
vt 0.590909 0.118096
vt 0.596591 0.127937
vt 0.602273 0.137778
vt 0.607955 0.147620
vt 0.551137 0.029524
vt 0.556819 0.039365
vt 0.562500 0.049207
vt 0.568182 0.059048
vt 0.573864 0.068889
vt 0.579546 0.078731
vt 0.585228 0.088572
vt 0.590909 0.098413
vt 0.596591 0.108254
vt 0.602273 0.118096
vt 0.607955 0.127937
vt 0.613637 0.137778
vt 0.619318 0.147620
vt 0.556819 0.019683
vt 0.562500 0.029524
vt 0.568182 0.039365
vt 0.573864 0.049207
vt 0.579546 0.059048
vt 0.585228 0.068889
vt 0.590909 0.078731
vt 0.596591 0.088572
vt 0.602273 0.098413
vt 0.607955 0.108254
vt 0.613637 0.118096
vt 0.619318 0.127937
vt 0.625000 0.137778
vt 0.630682 0.147620
vt 0.642046 0.147620
vt 0.647728 0.137778
vt 0.653409 0.147620
vt 0.653409 0.127937
vt 0.659091 0.137778
vt 0.659091 0.118096
vt 0.664773 0.127937
vt 0.664773 0.108254
vt 0.670455 0.118096
vt 0.670455 0.098413
vt 0.676137 0.108254
vt 0.676137 0.088572
vt 0.681818 0.098413
vt 0.681818 0.078731
vt 0.687500 0.088572
vt 0.687500 0.068889
vt 0.693182 0.078731
vt 0.693182 0.059048
vt 0.698864 0.068889
vt 0.698864 0.049207
vt 0.704546 0.059048
vt 0.704546 0.039365
vt 0.710228 0.049207
vt 0.710228 0.029524
vt 0.715909 0.039365
vt 0.715909 0.019683
vt 0.721591 0.029524
vt 0.727273 0.019683
vt 0.664773 0.147620
vt 0.670455 0.137778
vt 0.676137 0.147620
vt 0.676137 0.127937
vt 0.681818 0.137778
vt 0.687500 0.147620
vt 0.681818 0.118096
vt 0.687500 0.127937
vt 0.693182 0.137778
vt 0.698864 0.147620
vt 0.687500 0.108254
vt 0.693182 0.118096
vt 0.698864 0.127937
vt 0.704546 0.137778
vt 0.710228 0.147620
vt 0.693182 0.098413
vt 0.698864 0.108254
vt 0.704546 0.118096
vt 0.710228 0.127937
vt 0.715909 0.137778
vt 0.721591 0.147620
vt 0.698864 0.088572
vt 0.704546 0.098413
vt 0.710227 0.108254
vt 0.715909 0.118096
vt 0.721591 0.127937
vt 0.727273 0.137778
vt 0.732955 0.147620
vt 0.704546 0.078731
vt 0.710227 0.088572
vt 0.715909 0.098413
vt 0.721591 0.108254
vt 0.727273 0.118096
vt 0.732955 0.127937
vt 0.738636 0.137778
vt 0.744318 0.147620
vt 0.710227 0.068889
vt 0.715909 0.078731
vt 0.721591 0.088572
vt 0.727273 0.098413
vt 0.732955 0.108254
vt 0.738637 0.118096
vt 0.744318 0.127937
vt 0.750000 0.137778
vt 0.755682 0.147620
vt 0.715909 0.059048
vt 0.721591 0.068889
vt 0.727273 0.078731
vt 0.732955 0.088572
vt 0.738637 0.098413
vt 0.744318 0.108254
vt 0.750000 0.118096
vt 0.755682 0.127937
vt 0.761364 0.137778
vt 0.767046 0.147620
vt 0.721591 0.049207
vt 0.727273 0.059048
vt 0.732955 0.068889
vt 0.738637 0.078731
vt 0.744318 0.088572
vt 0.750000 0.098413
vt 0.755682 0.108254
vt 0.761364 0.118096
vt 0.767046 0.127937
vt 0.772727 0.137778
vt 0.778409 0.147620
vt 0.727273 0.039365
vt 0.732955 0.049207
vt 0.738637 0.059048
vt 0.744318 0.068889
vt 0.750000 0.078731
vt 0.755682 0.088572
vt 0.761364 0.098413
vt 0.767046 0.108254
vt 0.772728 0.118096
vt 0.778409 0.127937
vt 0.784091 0.137778
vt 0.789773 0.147620
vt 0.732955 0.029524
vt 0.738637 0.039365
vt 0.744318 0.049207
vt 0.750000 0.059048
vt 0.755682 0.068889
vt 0.761364 0.078731
vt 0.767046 0.088572
vt 0.772728 0.098413
vt 0.778409 0.108254
vt 0.784091 0.118096
vt 0.789773 0.127937
vt 0.795455 0.137778
vt 0.801137 0.147620
vt 0.738637 0.019683
vt 0.744318 0.029524
vt 0.750000 0.039365
vt 0.755682 0.049207
vt 0.761364 0.059048
vt 0.767046 0.068889
vt 0.772727 0.078731
vt 0.778409 0.088572
vt 0.784091 0.098413
vt 0.789773 0.108254
vt 0.795455 0.118096
vt 0.801137 0.127937
vt 0.806818 0.137778
vt 0.812500 0.147620
vt 0.823864 0.147620
vt 0.829546 0.137778
vt 0.835227 0.147620
vt 0.835227 0.127937
vt 0.840909 0.137778
vt 0.840909 0.118096
vt 0.846591 0.127937
vt 0.846591 0.108254
vt 0.852273 0.118096
vt 0.852273 0.098413
vt 0.857955 0.108254
vt 0.857955 0.088572
vt 0.863636 0.098413
vt 0.863636 0.078731
vt 0.869318 0.088572
vt 0.869318 0.068889
vt 0.875000 0.078731
vt 0.875000 0.059048
vt 0.880682 0.068889
vt 0.880682 0.049207
vt 0.886364 0.059048
vt 0.886364 0.039365
vt 0.892046 0.049207
vt 0.892046 0.029524
vt 0.897727 0.039365
vt 0.897727 0.019683
vt 0.903409 0.029524
vt 0.909091 0.019683
vt 0.846591 0.147620
vt 0.852273 0.137778
vt 0.857955 0.147620
vt 0.857955 0.127937
vt 0.863636 0.137778
vt 0.869318 0.147620
vt 0.863636 0.118096
vt 0.869318 0.127937
vt 0.875000 0.137778
vt 0.880682 0.147620
vt 0.869318 0.108254
vt 0.875000 0.118096
vt 0.880682 0.127937
vt 0.886364 0.137778
vt 0.892045 0.147620
vt 0.875000 0.098413
vt 0.880682 0.108254
vt 0.886364 0.118096
vt 0.892045 0.127937
vt 0.897727 0.137778
vt 0.903409 0.147620
vt 0.880682 0.088572
vt 0.886364 0.098413
vt 0.892045 0.108254
vt 0.897727 0.118096
vt 0.903409 0.127937
vt 0.909091 0.137778
vt 0.914773 0.147620
vt 0.886364 0.078731
vt 0.892045 0.088572
vt 0.897727 0.098413
vt 0.903409 0.108254
vt 0.909091 0.118096
vt 0.914773 0.127937
vt 0.920455 0.137778
vt 0.926136 0.147620
vt 0.892045 0.068889
vt 0.897727 0.078731
vt 0.903409 0.088572
vt 0.909091 0.098413
vt 0.914773 0.108254
vt 0.920455 0.118096
vt 0.926136 0.127937
vt 0.931818 0.137778
vt 0.937500 0.147620
vt 0.897727 0.059048
vt 0.903409 0.068889
vt 0.909091 0.078731
vt 0.914773 0.088572
vt 0.920455 0.098413
vt 0.926136 0.108254
vt 0.931818 0.118096
vt 0.937500 0.127937
vt 0.943182 0.137778
vt 0.948864 0.147620
vt 0.903409 0.049207
vt 0.909091 0.059048
vt 0.914773 0.068889
vt 0.920455 0.078731
vt 0.926136 0.088572
vt 0.931818 0.098413
vt 0.937500 0.108254
vt 0.943182 0.118096
vt 0.948864 0.127937
vt 0.954545 0.137778
vt 0.960227 0.147620
vt 0.909091 0.039365
vt 0.914773 0.049207
vt 0.920455 0.059048
vt 0.926136 0.068889
vt 0.931818 0.078731
vt 0.937500 0.088572
vt 0.943182 0.098413
vt 0.948864 0.108254
vt 0.954546 0.118096
vt 0.960227 0.127937
vt 0.965909 0.137778
vt 0.971591 0.147620
vt 0.914773 0.029524
vt 0.920455 0.039365
vt 0.926136 0.049207
vt 0.931818 0.059048
vt 0.937500 0.068889
vt 0.943182 0.078731
vt 0.948864 0.088572
vt 0.954545 0.098413
vt 0.960227 0.108254
vt 0.965909 0.118096
vt 0.971591 0.127937
vt 0.977273 0.137778
vt 0.982955 0.147620
vt 0.920455 0.019683
vt 0.926136 0.029524
vt 0.931818 0.039365
vt 0.937500 0.049207
vt 0.943182 0.059048
vt 0.948864 0.068889
vt 0.954545 0.078731
vt 0.960227 0.088572
vt 0.965909 0.098413
vt 0.971591 0.108254
vt 0.977273 0.118096
vt 0.982955 0.127937
vt 0.988636 0.137778
vt 0.994318 0.147620
vt 0.448864 0.147620
vt 0.437501 0.147620
vt 0.426137 0.147620
vt 0.414773 0.147620
vt 0.403410 0.147620
vt 0.392046 0.147620
vt 0.380682 0.147620
vt 0.369319 0.147620
vt 0.357955 0.147620
vt 0.346592 0.147620
vt 0.335228 0.147620
vt 0.323864 0.147620
vt 0.312501 0.147620
vt 0.301137 0.147620
vt 0.289773 0.147620
vt 0.443182 0.137778
vt 0.431819 0.137778
vt 0.437501 0.127937
vt 0.420455 0.137778
vt 0.426137 0.127937
vt 0.431819 0.118096
vt 0.409092 0.137778
vt 0.414773 0.127937
vt 0.420455 0.118096
vt 0.426137 0.108254
vt 0.397728 0.137778
vt 0.403410 0.127937
vt 0.409091 0.118096
vt 0.414773 0.108254
vt 0.420455 0.098413
vt 0.386364 0.137778
vt 0.392046 0.127937
vt 0.397728 0.118096
vt 0.403410 0.108254
vt 0.409091 0.098413
vt 0.414773 0.088572
vt 0.375001 0.137778
vt 0.380682 0.127937
vt 0.386364 0.118096
vt 0.392046 0.108254
vt 0.397728 0.098413
vt 0.403410 0.088572
vt 0.409092 0.078731
vt 0.363637 0.137778
vt 0.369319 0.127937
vt 0.375001 0.118096
vt 0.380682 0.108254
vt 0.386364 0.098413
vt 0.392046 0.088572
vt 0.397728 0.078730
vt 0.403410 0.068889
vt 0.352273 0.137778
vt 0.357955 0.127937
vt 0.363637 0.118096
vt 0.369319 0.108254
vt 0.375001 0.098413
vt 0.380682 0.088572
vt 0.386364 0.078731
vt 0.392046 0.068889
vt 0.397728 0.059048
vt 0.340910 0.137778
vt 0.346592 0.127937
vt 0.352273 0.118096
vt 0.357955 0.108254
vt 0.363637 0.098413
vt 0.369319 0.088572
vt 0.375001 0.078731
vt 0.380682 0.068889
vt 0.386364 0.059048
vt 0.392046 0.049207
vt 0.329546 0.137778
vt 0.335228 0.127937
vt 0.340910 0.118096
vt 0.346592 0.108254
vt 0.352273 0.098413
vt 0.357955 0.088572
vt 0.363637 0.078731
vt 0.369319 0.068889
vt 0.375001 0.059048
vt 0.380682 0.049207
vt 0.386364 0.039365
vt 0.318182 0.137778
vt 0.323864 0.127937
vt 0.329546 0.118096
vt 0.335228 0.108254
vt 0.340910 0.098413
vt 0.346592 0.088572
vt 0.352273 0.078731
vt 0.357955 0.068889
vt 0.363637 0.059048
vt 0.369319 0.049207
vt 0.375001 0.039365
vt 0.380682 0.029524
vt 0.306819 0.137778
vt 0.312501 0.127937
vt 0.318182 0.118096
vt 0.323864 0.108254
vt 0.329546 0.098413
vt 0.335228 0.088572
vt 0.340910 0.078731
vt 0.346592 0.068889
vt 0.352273 0.059048
vt 0.357955 0.049207
vt 0.363637 0.039365
vt 0.369319 0.029524
vt 0.375001 0.019683
vt 0.295455 0.137778
vt 0.301137 0.127937
vt 0.306819 0.118096
vt 0.312501 0.108254
vt 0.318182 0.098413
vt 0.323864 0.088572
vt 0.329546 0.078730
vt 0.335228 0.068889
vt 0.340910 0.059048
vt 0.346592 0.049207
vt 0.352273 0.039365
vt 0.357955 0.029524
vt 0.363637 0.019683
vt 0.369319 0.009841
vt 0.284092 0.137778
vt 0.289773 0.127937
vt 0.295455 0.118096
vt 0.301137 0.108254
vt 0.306819 0.098413
vt 0.312501 0.088572
vt 0.318182 0.078731
vt 0.323864 0.068889
vt 0.329546 0.059048
vt 0.335228 0.049207
vt 0.340910 0.039365
vt 0.346592 0.029524
vt 0.352273 0.019683
vt 0.357955 0.009841
vt 0.363637 0.000000
vt 0.096592 0.147620
vt 0.102274 0.137778
vt 0.107955 0.147620
vt 0.107955 0.127937
vt 0.113637 0.137778
vt 0.113637 0.118096
vt 0.119319 0.127937
vt 0.119319 0.108254
vt 0.125001 0.118096
vt 0.125001 0.098413
vt 0.130683 0.108254
vt 0.130683 0.088572
vt 0.136365 0.098413
vt 0.136365 0.078731
vt 0.142046 0.088572
vt 0.142046 0.068889
vt 0.147728 0.078731
vt 0.147728 0.059048
vt 0.153410 0.068889
vt 0.153410 0.049207
vt 0.159092 0.059048
vt 0.159092 0.039365
vt 0.164774 0.049207
vt 0.164774 0.029524
vt 0.170455 0.039365
vt 0.170455 0.019683
vt 0.176137 0.029524
vt 0.181819 0.019683
vt 0.119319 0.147620
vt 0.125001 0.137778
vt 0.130683 0.147620
vt 0.130683 0.127937
vt 0.136364 0.137778
vt 0.142046 0.147620
vt 0.136364 0.118096
vt 0.142046 0.127937
vt 0.147728 0.137778
vt 0.153410 0.147620
vt 0.142046 0.108254
vt 0.147728 0.118096
vt 0.153410 0.127937
vt 0.159092 0.137778
vt 0.164774 0.147620
vt 0.147728 0.098413
vt 0.153410 0.108254
vt 0.159092 0.118096
vt 0.164774 0.127937
vt 0.170455 0.137778
vt 0.176137 0.147620
vt 0.153410 0.088572
vt 0.159092 0.098413
vt 0.164774 0.108254
vt 0.170455 0.118096
vt 0.176137 0.127937
vt 0.181819 0.137778
vt 0.187501 0.147620
vt 0.159092 0.078731
vt 0.164774 0.088572
vt 0.170455 0.098413
vt 0.176137 0.108254
vt 0.181819 0.118096
vt 0.187501 0.127937
vt 0.193183 0.137778
vt 0.198864 0.147620
vt 0.164774 0.068889
vt 0.170455 0.078731
vt 0.176137 0.088572
vt 0.181819 0.098413
vt 0.187501 0.108254
vt 0.193183 0.118096
vt 0.198864 0.127937
vt 0.204546 0.137778
vt 0.210228 0.147620
vt 0.170455 0.059048
vt 0.176137 0.068889
vt 0.181819 0.078731
vt 0.187501 0.088572
vt 0.193183 0.098413
vt 0.198864 0.108254
vt 0.204546 0.118096
vt 0.210228 0.127937
vt 0.215910 0.137778
vt 0.221592 0.147620
vt 0.176137 0.049207
vt 0.181819 0.059048
vt 0.187501 0.068889
vt 0.193183 0.078731
vt 0.198864 0.088572
vt 0.204546 0.098413
vt 0.210228 0.108254
vt 0.215910 0.118096
vt 0.221592 0.127937
vt 0.227273 0.137778
vt 0.232955 0.147620
vt 0.181819 0.039365
vt 0.187501 0.049207
vt 0.193183 0.059048
vt 0.198864 0.068889
vt 0.204546 0.078731
vt 0.210228 0.088572
vt 0.215910 0.098413
vt 0.221592 0.108254
vt 0.227273 0.118096
vt 0.232955 0.127937
vt 0.238637 0.137778
vt 0.244319 0.147620
vt 0.187501 0.029524
vt 0.193183 0.039365
vt 0.198864 0.049207
vt 0.204546 0.059048
vt 0.210228 0.068889
vt 0.215910 0.078731
vt 0.221592 0.088572
vt 0.227273 0.098413
vt 0.232955 0.108254
vt 0.238637 0.118096
vt 0.244319 0.127937
vt 0.250001 0.137778
vt 0.255683 0.147620
vt 0.193183 0.019683
vt 0.198864 0.029524
vt 0.204546 0.039365
vt 0.210228 0.049207
vt 0.215910 0.059048
vt 0.221592 0.068889
vt 0.227274 0.078731
vt 0.232955 0.088572
vt 0.238637 0.098413
vt 0.244319 0.108254
vt 0.250001 0.118096
vt 0.255683 0.127937
vt 0.261364 0.137778
vt 0.267046 0.147620
vt 0.375000 0.000000
vt 0.625000 0.000000
vt 0.625000 0.250000
vt 0.375000 0.250000
vt 0.625000 0.500000
vt 0.375000 0.500000
vt 0.625000 0.750000
vt 0.375000 0.750000
vt 0.625000 1.000000
vt 0.375000 1.000000
vt 0.125000 0.500000
vt 0.125000 0.750000
vt 0.875000 0.500000
vt 0.875000 0.750000
s 0
f 1/1/1 28/2/1 27/3/1
f 2/4/2 42/5/2 72/6/2
f 1/7/3 27/8/3 102/9/3
f 1/10/4 102/11/4 132/12/4
f 1/13/5 132/14/5 73/15/5
f 2/4/6 72/6/6 177/16/6
f 3/17/7 57/18/7 207/19/7
f 4/20/8 117/21/8 237/22/8
f 5/23/9 147/24/9 267/25/9
f 6/26/10 162/27/10 297/28/10
f 2/4/11 177/16/11 208/29/11
f 3/17/12 207/19/12 238/30/12
f 4/20/13 237/22/13 268/31/13
f 5/23/14 267/25/14 298/32/14
f 6/26/15 297/28/15 178/33/15
f 7/34/16 327/35/16 402/36/16
f 8/37/17 342/38/17 432/39/17
f 9/40/18 357/41/18 447/42/18
f 10/43/19 372/44/19 462/45/19
f 11/46/20 387/47/20 403/48/20
f 417/49/21 448/50/21 12/51/21
f 416/52/22 463/53/22 417/49/22
f 415/54/23 464/55/23 416/52/23
f 414/56/24 466/57/24 415/54/24
f 413/58/25 469/59/25 414/56/25
f 412/60/26 473/61/26 413/58/26
f 411/62/27 478/63/27 412/60/27
f 410/64/28 484/65/28 411/62/28
f 409/66/29 491/67/29 410/64/29
f 408/68/30 499/69/30 409/66/30
f 407/70/31 508/71/31 408/68/31
f 406/72/32 518/73/32 407/70/32
f 405/74/33 529/75/33 406/72/33
f 404/76/34 541/77/34 405/74/34
f 403/48/35 554/78/35 404/76/35
f 417/49/36 463/53/36 448/50/36
f 463/53/37 449/79/37 448/50/37
f 416/52/38 464/55/38 463/53/38
f 464/55/39 465/80/39 463/53/39
f 463/53/40 465/80/40 449/79/40
f 465/80/41 450/81/41 449/79/41
f 415/54/42 466/57/42 464/55/42
f 466/57/43 467/82/43 464/55/43
f 464/55/44 467/82/44 465/80/44
f 467/82/45 468/83/45 465/80/45
f 465/80/46 468/83/46 450/81/46
f 468/83/47 451/84/47 450/81/47
f 414/56/48 469/59/48 466/57/48
f 469/59/49 470/85/49 466/57/49
f 466/57/50 470/85/50 467/82/50
f 470/85/51 471/86/51 467/82/51
f 467/82/52 471/86/52 468/83/52
f 471/86/53 472/87/53 468/83/53
f 468/83/54 472/87/54 451/84/54
f 472/87/55 452/88/55 451/84/55
f 413/58/56 473/61/56 469/59/56
f 473/61/57 474/89/57 469/59/57
f 469/59/58 474/89/58 470/85/58
f 474/89/59 475/90/59 470/85/59
f 470/85/60 475/90/60 471/86/60
f 475/90/61 476/91/61 471/86/61
f 471/86/62 476/91/62 472/87/62
f 476/91/63 477/92/63 472/87/63
f 472/87/64 477/92/64 452/88/64
f 477/92/65 453/93/65 452/88/65
f 412/60/66 478/63/66 473/61/66
f 478/63/67 479/94/67 473/61/67
f 473/61/68 479/94/68 474/89/68
f 479/94/69 480/95/69 474/89/69
f 474/89/70 480/95/70 475/90/70
f 480/95/71 481/96/71 475/90/71
f 475/90/72 481/96/72 476/91/72
f 481/96/73 482/97/73 476/91/73
f 476/91/74 482/97/74 477/92/74
f 482/97/75 483/98/75 477/92/75
f 477/92/76 483/98/76 453/93/76
f 483/98/77 454/99/77 453/93/77
f 411/62/78 484/65/78 478/63/78
f 484/65/79 485/100/79 478/63/79
f 478/63/80 485/100/80 479/94/80
f 485/100/81 486/101/81 479/94/81
f 479/94/82 486/101/82 480/95/82
f 486/101/83 487/102/83 480/95/83
f 480/95/84 487/102/84 481/96/84
f 487/102/85 488/103/85 481/96/85
f 481/96/86 488/103/86 482/97/86
f 488/103/87 489/104/87 482/97/87
f 482/97/88 489/104/88 483/98/88
f 489/104/89 490/105/89 483/98/89
f 483/98/90 490/105/90 454/99/90
f 490/105/91 455/106/91 454/99/91
f 410/64/92 491/67/92 484/65/92
f 491/67/93 492/107/93 484/65/93
f 484/65/94 492/107/94 485/100/94
f 492/107/95 493/108/95 485/100/95
f 485/100/96 493/108/96 486/101/96
f 493/108/97 494/109/97 486/101/97
f 486/101/98 494/109/98 487/102/98
f 494/109/99 495/110/99 487/102/99
f 487/102/100 495/110/100 488/103/100
f 495/110/101 496/111/101 488/103/101
f 488/103/102 496/111/102 489/104/102
f 496/111/103 497/112/103 489/104/103
f 489/104/104 497/112/104 490/105/104
f 497/112/105 498/113/105 490/105/105
f 490/105/106 498/113/106 455/106/106
f 498/113/107 456/114/107 455/106/107
f 409/66/108 499/69/108 491/67/108
f 499/69/109 500/115/109 491/67/109
f 491/67/110 500/115/110 492/107/110
f 500/115/111 501/116/111 492/107/111
f 492/107/112 501/116/112 493/108/112
f 501/116/113 502/117/113 493/108/113
f 493/108/114 502/117/114 494/109/114
f 502/117/115 503/118/115 494/109/115
f 494/109/116 503/118/116 495/110/116
f 503/118/117 504/119/117 495/110/117
f 495/110/118 504/119/118 496/111/118
f 504/119/119 505/120/119 496/111/119
f 496/111/120 505/120/120 497/112/120
f 505/120/121 506/121/121 497/112/121
f 497/112/122 506/121/122 498/113/122
f 506/121/123 507/122/123 498/113/123
f 498/113/124 507/122/124 456/114/124
f 507/122/125 457/123/125 456/114/125
f 408/68/126 508/71/126 499/69/126
f 508/71/127 509/124/127 499/69/127
f 499/69/128 509/124/128 500/115/128
f 509/124/129 510/125/129 500/115/129
f 500/115/130 510/125/130 501/116/130
f 510/125/131 511/126/131 501/116/131
f 501/116/132 511/126/132 502/117/132
f 511/126/133 512/127/133 502/117/133
f 502/117/134 512/127/134 503/118/134
f 512/127/135 513/128/135 503/118/135
f 503/118/136 513/128/136 504/119/136
f 513/128/137 514/129/137 504/119/137
f 504/119/138 514/129/138 505/120/138
f 514/129/139 515/130/139 505/120/139
f 505/120/140 515/130/140 506/121/140
f 515/130/141 516/131/141 506/121/141
f 506/121/142 516/131/142 507/122/142
f 516/131/143 517/132/143 507/122/143
f 507/122/144 517/132/144 457/123/144
f 517/132/145 458/133/145 457/123/145
f 407/70/146 518/73/146 508/71/146
f 518/73/147 519/134/147 508/71/147
f 508/71/148 519/134/148 509/124/148
f 519/134/149 520/135/149 509/124/149
f 509/124/150 520/135/150 510/125/150
f 520/135/151 521/136/151 510/125/151
f 510/125/152 521/136/152 511/126/152
f 521/136/153 522/137/153 511/126/153
f 511/126/154 522/137/154 512/127/154
f 522/137/155 523/138/155 512/127/155
f 512/127/156 523/138/156 513/128/156
f 523/138/157 524/139/157 513/128/157
f 513/128/158 524/139/158 514/129/158
f 524/139/159 525/140/159 514/129/159
f 514/129/160 525/140/160 515/130/160
f 525/140/161 526/141/161 515/130/161
f 515/130/162 526/141/162 516/131/162
f 526/141/163 527/142/163 516/131/163
f 516/131/164 527/142/164 517/132/164
f 527/142/165 528/143/165 517/132/165
f 517/132/166 528/143/166 458/133/166
f 528/143/167 459/144/167 458/133/167
f 406/72/168 529/75/168 518/73/168
f 529/75/169 530/145/169 518/73/169
f 518/73/170 530/145/170 519/134/170
f 530/145/171 531/146/171 519/134/171
f 519/134/172 531/146/172 520/135/172
f 531/146/173 532/147/173 520/135/173
f 520/135/174 532/147/174 521/136/174
f 532/147/175 533/148/175 521/136/175
f 521/136/176 533/148/176 522/137/176
f 533/148/177 534/149/177 522/137/177
f 522/137/178 534/149/178 523/138/178
f 534/149/179 535/150/179 523/138/179
f 523/138/180 535/150/180 524/139/180
f 535/150/181 536/151/181 524/139/181
f 524/139/182 536/151/182 525/140/182
f 536/151/183 537/152/183 525/140/183
f 525/140/184 537/152/184 526/141/184
f 537/152/185 538/153/185 526/141/185
f 526/141/186 538/153/186 527/142/186
f 538/153/187 539/154/187 527/142/187
f 527/142/188 539/154/188 528/143/188
f 539/154/189 540/155/189 528/143/189
f 528/143/190 540/155/190 459/144/190
f 540/155/191 460/156/191 459/144/191
f 405/74/192 541/77/192 529/75/192
f 541/77/193 542/157/193 529/75/193
f 529/75/194 542/157/194 530/145/194
f 542/157/195 543/158/195 530/145/195
f 530/145/196 543/158/196 531/146/196
f 543/158/197 544/159/197 531/146/197
f 531/146/198 544/159/198 532/147/198
f 544/159/199 545/160/199 532/147/199
f 532/147/200 545/160/200 533/148/200
f 545/160/201 546/161/201 533/148/201
f 533/148/202 546/161/202 534/149/202
f 546/161/203 547/162/203 534/149/203
f 534/149/204 547/162/204 535/150/204
f 547/162/205 548/163/205 535/150/205
f 535/150/206 548/163/206 536/151/206
f 548/163/207 549/164/207 536/151/207
f 536/151/208 549/164/208 537/152/208
f 549/164/209 550/165/209 537/152/209
f 537/152/210 550/165/210 538/153/210
f 550/165/211 551/166/211 538/153/211
f 538/153/212 551/166/212 539/154/212
f 551/166/213 552/167/213 539/154/213
f 539/154/214 552/167/214 540/155/214
f 552/167/215 553/168/215 540/155/215
f 540/155/216 553/168/216 460/156/216
f 553/168/217 461/169/217 460/156/217
f 404/76/218 554/78/218 541/77/218
f 554/78/219 555/170/219 541/77/219
f 541/77/220 555/170/220 542/157/220
f 555/170/221 556/171/221 542/157/221
f 542/157/222 556/171/222 543/158/222
f 556/171/223 557/172/223 543/158/223
f 543/158/224 557/172/224 544/159/224
f 557/172/225 558/173/225 544/159/225
f 544/159/226 558/173/226 545/160/226
f 558/173/227 559/174/227 545/160/227
f 545/160/228 559/174/228 546/161/228
f 559/174/229 560/175/229 546/161/229
f 546/161/230 560/175/230 547/162/230
f 560/175/231 561/176/231 547/162/231
f 547/162/232 561/176/232 548/163/232
f 561/176/233 562/177/233 548/163/233
f 548/163/234 562/177/234 549/164/234
f 562/177/235 563/178/235 549/164/235
f 549/164/236 563/178/236 550/165/236
f 563/178/237 564/179/237 550/165/237
f 550/165/238 564/179/238 551/166/238
f 564/179/239 565/180/239 551/166/239
f 551/166/240 565/180/240 552/167/240
f 565/180/241 566/181/241 552/167/241
f 552/167/242 566/181/242 553/168/242
f 566/181/243 567/182/243 553/168/243
f 553/168/244 567/182/244 461/169/244
f 567/182/245 462/183/245 461/169/245
f 403/48/246 387/47/246 554/78/246
f 387/47/247 386/184/247 554/78/247
f 554/78/248 386/184/248 555/170/248
f 386/184/249 385/185/249 555/170/249
f 555/170/250 385/185/250 556/171/250
f 385/185/251 384/186/251 556/171/251
f 556/171/252 384/186/252 557/172/252
f 384/186/253 383/187/253 557/172/253
f 557/172/254 383/187/254 558/173/254
f 383/187/255 382/188/255 558/173/255
f 558/173/256 382/188/256 559/174/256
f 382/188/257 381/189/257 559/174/257
f 559/174/258 381/189/258 560/175/258
f 381/189/259 380/190/259 560/175/259
f 560/175/260 380/190/260 561/176/260
f 380/190/261 379/191/261 561/176/261
f 561/176/262 379/191/262 562/177/262
f 379/191/263 378/192/263 562/177/263
f 562/177/264 378/192/264 563/178/264
f 378/192/265 377/193/265 563/178/265
f 563/178/266 377/193/266 564/179/266
f 377/193/267 376/194/267 564/179/267
f 564/179/268 376/194/268 565/180/268
f 376/194/269 375/195/269 565/180/269
f 565/180/270 375/195/270 566/181/270
f 375/195/271 374/196/271 566/181/271
f 566/181/272 374/196/272 567/182/272
f 374/196/273 373/197/273 567/182/273
f 567/182/274 373/197/274 462/183/274
f 373/197/275 10/43/275 462/183/275
f 448/198/276 433/199/276 12/200/276
f 449/201/277 568/202/277 448/198/277
f 450/203/278 569/204/278 449/201/278
f 451/205/279 571/206/279 450/203/279
f 452/207/280 574/208/280 451/205/280
f 453/209/281 578/210/281 452/207/281
f 454/211/282 583/212/282 453/209/282
f 455/213/283 589/214/283 454/211/283
f 456/215/284 596/216/284 455/213/284
f 457/217/285 604/218/285 456/215/285
f 458/219/286 613/220/286 457/217/286
f 459/221/287 623/222/287 458/219/287
f 460/223/288 634/224/288 459/221/288
f 461/225/289 646/226/289 460/223/289
f 462/45/290 659/227/290 461/225/290
f 448/198/291 568/202/291 433/199/291
f 568/202/292 434/228/292 433/199/292
f 449/201/293 569/204/293 568/202/293
f 569/204/294 570/229/294 568/202/294
f 568/202/295 570/229/295 434/228/295
f 570/229/296 435/230/296 434/228/296
f 450/203/297 571/206/297 569/204/297
f 571/206/298 572/231/298 569/204/298
f 569/204/299 572/231/299 570/229/299
f 572/231/300 573/232/300 570/229/300
f 570/229/301 573/232/301 435/230/301
f 573/232/302 436/233/302 435/230/302
f 451/205/303 574/208/303 571/206/303
f 574/208/304 575/234/304 571/206/304
f 571/206/305 575/234/305 572/231/305
f 575/234/306 576/235/306 572/231/306
f 572/231/307 576/235/307 573/232/307
f 576/235/308 577/236/308 573/232/308
f 573/232/309 577/236/309 436/233/309
f 577/236/310 437/237/310 436/233/310
f 452/207/311 578/210/311 574/208/311
f 578/210/312 579/238/312 574/208/312
f 574/208/313 579/238/313 575/234/313
f 579/238/314 580/239/314 575/234/314
f 575/234/315 580/239/315 576/235/315
f 580/239/316 581/240/316 576/235/316
f 576/235/317 581/240/317 577/236/317
f 581/240/318 582/241/318 577/236/318
f 577/236/319 582/241/319 437/237/319
f 582/241/320 438/242/320 437/237/320
f 453/209/321 583/212/321 578/210/321
f 583/212/322 584/243/322 578/210/322
f 578/210/323 584/243/323 579/238/323
f 584/243/324 585/244/324 579/238/324
f 579/238/325 585/244/325 580/239/325
f 585/244/326 586/245/326 580/239/326
f 580/239/327 586/245/327 581/240/327
f 586/245/328 587/246/328 581/240/328
f 581/240/329 587/246/329 582/241/329
f 587/246/330 588/247/330 582/241/330
f 582/241/331 588/247/331 438/242/331
f 588/247/332 439/248/332 438/242/332
f 454/211/333 589/214/333 583/212/333
f 589/214/334 590/249/334 583/212/334
f 583/212/335 590/249/335 584/243/335
f 590/249/336 591/250/336 584/243/336
f 584/243/337 591/250/337 585/244/337
f 591/250/338 592/251/338 585/244/338
f 585/244/339 592/251/339 586/245/339
f 592/251/340 593/252/340 586/245/340
f 586/245/341 593/252/341 587/246/341
f 593/252/342 594/253/342 587/246/342
f 587/246/343 594/253/343 588/247/343
f 594/253/344 595/254/344 588/247/344
f 588/247/345 595/254/345 439/248/345
f 595/254/346 440/255/346 439/248/346
f 455/213/347 596/216/347 589/214/347
f 596/216/348 597/256/348 589/214/348
f 589/214/349 597/256/349 590/249/349
f 597/256/350 598/257/350 590/249/350
f 590/249/351 598/257/351 591/250/351
f 598/257/352 599/258/352 591/250/352
f 591/250/353 599/258/353 592/251/353
f 599/258/354 600/259/354 592/251/354
f 592/251/355 600/259/355 593/252/355
f 600/259/356 601/260/356 593/252/356
f 593/252/357 601/260/357 594/253/357
f 601/260/358 602/261/358 594/253/358
f 594/253/359 602/261/359 595/254/359
f 602/261/360 603/262/360 595/254/360
f 595/254/361 603/262/361 440/255/361
f 603/262/362 441/263/362 440/255/362
f 456/215/363 604/218/363 596/216/363
f 604/218/364 605/264/364 596/216/364
f 596/216/365 605/264/365 597/256/365
f 605/264/366 606/265/366 597/256/366
f 597/256/367 606/265/367 598/257/367
f 606/265/368 607/266/368 598/257/368
f 598/257/369 607/266/369 599/258/369
f 607/266/370 608/267/370 599/258/370
f 599/258/371 608/267/371 600/259/371
f 608/267/372 609/268/372 600/259/372
f 600/259/373 609/268/373 601/260/373
f 609/268/374 610/269/374 601/260/374
f 601/260/375 610/269/375 602/261/375
f 610/269/376 611/270/376 602/261/376
f 602/261/377 611/270/377 603/262/377
f 611/270/378 612/271/378 603/262/378
f 603/262/379 612/271/379 441/263/379
f 612/271/380 442/272/380 441/263/380
f 457/217/381 613/220/381 604/218/381
f 613/220/382 614/273/382 604/218/382
f 604/218/383 614/273/383 605/264/383
f 614/273/384 615/274/384 605/264/384
f 605/264/385 615/274/385 606/265/385
f 615/274/386 616/275/386 606/265/386
f 606/265/387 616/275/387 607/266/387
f 616/275/388 617/276/388 607/266/388
f 607/266/389 617/276/389 608/267/389
f 617/276/390 618/277/390 608/267/390
f 608/267/391 618/277/391 609/268/391
f 618/277/392 619/278/392 609/268/392
f 609/268/393 619/278/393 610/269/393
f 619/278/394 620/279/394 610/269/394
f 610/269/395 620/279/395 611/270/395
f 620/279/396 621/280/396 611/270/396
f 611/270/397 621/280/397 612/271/397
f 621/280/398 622/281/398 612/271/398
f 612/271/399 622/281/399 442/272/399
f 622/281/400 443/282/400 442/272/400
f 458/219/401 623/222/401 613/220/401
f 623/222/402 624/283/402 613/220/402
f 613/220/403 624/283/403 614/273/403
f 624/283/404 625/284/404 614/273/404
f 614/273/405 625/284/405 615/274/405
f 625/284/406 626/285/406 615/274/406
f 615/274/407 626/285/407 616/275/407
f 626/285/408 627/286/408 616/275/408
f 616/275/409 627/286/409 617/276/409
f 627/286/410 628/287/410 617/276/410
f 617/276/411 628/287/411 618/277/411
f 628/287/412 629/288/412 618/277/412
f 618/277/413 629/288/413 619/278/413
f 629/288/414 630/289/414 619/278/414
f 619/278/415 630/289/415 620/279/415
f 630/289/416 631/290/416 620/279/416
f 620/279/417 631/290/417 621/280/417
f 631/290/418 632/291/418 621/280/418
f 621/280/419 632/291/419 622/281/419
f 632/291/420 633/292/420 622/281/420
f 622/281/421 633/292/421 443/282/421
f 633/292/422 444/293/422 443/282/422
f 459/221/423 634/224/423 623/222/423
f 634/224/424 635/294/424 623/222/424
f 623/222/425 635/294/425 624/283/425
f 635/294/426 636/295/426 624/283/426
f 624/283/427 636/295/427 625/284/427
f 636/295/428 637/296/428 625/284/428
f 625/284/429 637/296/429 626/285/429
f 637/296/430 638/297/430 626/285/430
f 626/285/431 638/297/431 627/286/431
f 638/297/432 639/298/432 627/286/432
f 627/286/433 639/298/433 628/287/433
f 639/298/434 640/299/434 628/287/434
f 628/287/435 640/299/435 629/288/435
f 640/299/436 641/300/436 629/288/436
f 629/288/437 641/300/437 630/289/437
f 641/300/438 642/301/438 630/289/438
f 630/289/439 642/301/439 631/290/439
f 642/301/440 643/302/440 631/290/440
f 631/290/441 643/302/441 632/291/441
f 643/302/442 644/303/442 632/291/442
f 632/291/443 644/303/443 633/292/443
f 644/303/444 645/304/444 633/292/444
f 633/292/445 645/304/445 444/293/445
f 645/304/446 445/305/446 444/293/446
f 460/223/447 646/226/447 634/224/447
f 646/226/448 647/306/448 634/224/448
f 634/224/449 647/306/449 635/294/449
f 647/306/450 648/307/450 635/294/450
f 635/294/451 648/307/451 636/295/451
f 648/307/452 649/308/452 636/295/452
f 636/295/453 649/308/453 637/296/453
f 649/308/454 650/309/454 637/296/454
f 637/296/455 650/309/455 638/297/455
f 650/309/456 651/310/456 638/297/456
f 638/297/457 651/310/457 639/298/457
f 651/310/458 652/311/458 639/298/458
f 639/298/459 652/311/459 640/299/459
f 652/311/460 653/312/460 640/299/460
f 640/299/461 653/312/461 641/300/461
f 653/312/462 654/313/462 641/300/462
f 641/300/463 654/313/463 642/301/463
f 654/313/464 655/314/464 642/301/464
f 642/301/465 655/314/465 643/302/465
f 655/314/466 656/315/466 643/302/466
f 643/302/467 656/315/467 644/303/467
f 656/315/468 657/316/468 644/303/468
f 644/303/469 657/316/469 645/304/469
f 657/316/470 658/317/470 645/304/470
f 645/304/471 658/317/471 445/305/471
f 658/317/472 446/318/472 445/305/472
f 461/225/473 659/227/473 646/226/473
f 659/227/474 660/319/474 646/226/474
f 646/226/475 660/319/475 647/306/475
f 660/319/476 661/320/476 647/306/476
f 647/306/477 661/320/477 648/307/477
f 661/320/478 662/321/478 648/307/478
f 648/307/479 662/321/479 649/308/479
f 662/321/480 663/322/480 649/308/480
f 649/308/481 663/322/481 650/309/481
f 663/322/482 664/323/482 650/309/482
f 650/309/483 664/323/483 651/310/483
f 664/323/484 665/324/484 651/310/484
f 651/310/485 665/324/485 652/311/485
f 665/324/486 666/325/486 652/311/486
f 652/311/487 666/325/487 653/312/487
f 666/325/488 667/326/488 653/312/488
f 653/312/489 667/326/489 654/313/489
f 667/326/490 668/327/490 654/313/490
f 654/313/491 668/327/491 655/314/491
f 668/327/492 669/328/492 655/314/492
f 655/314/493 669/328/493 656/315/493
f 669/328/494 670/329/494 656/315/494
f 656/315/495 670/329/495 657/316/495
f 670/329/496 671/330/496 657/316/496
f 657/316/497 671/330/497 658/317/497
f 671/330/498 672/331/498 658/317/498
f 658/317/499 672/331/499 446/318/499
f 672/331/500 447/332/500 446/318/500
f 462/45/501 372/44/501 659/227/501
f 372/44/502 371/333/502 659/227/502
f 659/227/503 371/333/503 660/319/503
f 371/333/504 370/334/504 660/319/504
f 660/319/505 370/334/505 661/320/505
f 370/334/506 369/335/506 661/320/506
f 661/320/507 369/335/507 662/321/507
f 369/335/508 368/336/508 662/321/508
f 662/321/509 368/336/509 663/322/509
f 368/336/510 367/337/510 663/322/510
f 663/322/511 367/337/511 664/323/511
f 367/337/512 366/338/512 664/323/512
f 664/323/513 366/338/513 665/324/513
f 366/338/514 365/339/514 665/324/514
f 665/324/515 365/339/515 666/325/515
f 365/339/516 364/340/516 666/325/516
f 666/325/517 364/340/517 667/326/517
f 364/340/518 363/341/518 667/326/518
f 667/326/519 363/341/519 668/327/519
f 363/341/520 362/342/520 668/327/520
f 668/327/521 362/342/521 669/328/521
f 362/342/522 361/343/522 669/328/522
f 669/328/523 361/343/523 670/329/523
f 361/343/524 360/344/524 670/329/524
f 670/329/525 360/344/525 671/330/525
f 360/344/526 359/345/526 671/330/526
f 671/330/527 359/345/527 672/331/527
f 359/345/528 358/346/528 672/331/528
f 672/331/529 358/346/529 447/332/529
f 358/346/530 9/40/530 447/332/530
f 433/347/531 418/348/531 12/349/531
f 434/350/532 673/351/532 433/347/532
f 435/352/533 674/353/533 434/350/533
f 436/354/534 676/355/534 435/352/534
f 437/356/535 679/357/535 436/354/535
f 438/358/536 683/359/536 437/356/536
f 439/360/537 688/361/537 438/358/537
f 440/362/538 694/363/538 439/360/538
f 441/364/539 701/365/539 440/362/539
f 442/366/540 709/367/540 441/364/540
f 443/368/541 718/369/541 442/366/541
f 444/370/542 728/371/542 443/368/542
f 445/372/543 739/373/543 444/370/543
f 446/374/544 751/375/544 445/372/544
f 447/42/545 764/376/545 446/374/545
f 433/347/546 673/351/546 418/348/546
f 673/351/547 419/377/547 418/348/547
f 434/350/548 674/353/548 673/351/548
f 674/353/549 675/378/549 673/351/549
f 673/351/550 675/378/550 419/377/550
f 675/378/551 420/379/551 419/377/551
f 435/352/552 676/355/552 674/353/552
f 676/355/553 677/380/553 674/353/553
f 674/353/554 677/380/554 675/378/554
f 677/380/555 678/381/555 675/378/555
f 675/378/556 678/381/556 420/379/556
f 678/381/557 421/382/557 420/379/557
f 436/354/558 679/357/558 676/355/558
f 679/357/559 680/383/559 676/355/559
f 676/355/560 680/383/560 677/380/560
f 680/383/561 681/384/561 677/380/561
f 677/380/562 681/384/562 678/381/562
f 681/384/563 682/385/563 678/381/563
f 678/381/564 682/385/564 421/382/564
f 682/385/565 422/386/565 421/382/565
f 437/356/566 683/359/566 679/357/566
f 683/359/567 684/387/567 679/357/567
f 679/357/568 684/387/568 680/383/568
f 684/387/569 685/388/569 680/383/569
f 680/383/570 685/388/570 681/384/570
f 685/388/571 686/389/571 681/384/571
f 681/384/572 686/389/572 682/385/572
f 686/389/573 687/390/573 682/385/573
f 682/385/574 687/390/574 422/386/574
f 687/390/575 423/391/575 422/386/575
f 438/358/576 688/361/576 683/359/576
f 688/361/577 689/392/577 683/359/577
f 683/359/578 689/392/578 684/387/578
f 689/392/579 690/393/579 684/387/579
f 684/387/580 690/393/580 685/388/580
f 690/393/581 691/394/581 685/388/581
f 685/388/582 691/394/582 686/389/582
f 691/394/583 692/395/583 686/389/583
f 686/389/584 692/395/584 687/390/584
f 692/395/585 693/396/585 687/390/585
f 687/390/586 693/396/586 423/391/586
f 693/396/587 424/397/587 423/391/587
f 439/360/588 694/363/588 688/361/588
f 694/363/589 695/398/589 688/361/589
f 688/361/590 695/398/590 689/392/590
f 695/398/591 696/399/591 689/392/591
f 689/392/592 696/399/592 690/393/592
f 696/399/593 697/400/593 690/393/593
f 690/393/594 697/400/594 691/394/594
f 697/400/595 698/401/595 691/394/595
f 691/394/596 698/401/596 692/395/596
f 698/401/597 699/402/597 692/395/597
f 692/395/598 699/402/598 693/396/598
f 699/402/599 700/403/599 693/396/599
f 693/396/600 700/403/600 424/397/600
f 700/403/601 425/404/601 424/397/601
f 440/362/602 701/365/602 694/363/602
f 701/365/603 702/405/603 694/363/603
f 694/363/604 702/405/604 695/398/604
f 702/405/605 703/406/605 695/398/605
f 695/398/606 703/406/606 696/399/606
f 703/406/607 704/407/607 696/399/607
f 696/399/608 704/407/608 697/400/608
f 704/407/609 705/408/609 697/400/609
f 697/400/610 705/408/610 698/401/610
f 705/408/611 706/409/611 698/401/611
f 698/401/612 706/409/612 699/402/612
f 706/409/613 707/410/613 699/402/613
f 699/402/614 707/410/614 700/403/614
f 707/410/615 708/411/615 700/403/615
f 700/403/616 708/411/616 425/404/616
f 708/411/617 426/412/617 425/404/617
f 441/364/618 709/367/618 701/365/618
f 709/367/619 710/413/619 701/365/619
f 701/365/620 710/413/620 702/405/620
f 710/413/621 711/414/621 702/405/621
f 702/405/622 711/414/622 703/406/622
f 711/414/623 712/415/623 703/406/623
f 703/406/624 712/415/624 704/407/624
f 712/415/625 713/416/625 704/407/625
f 704/407/626 713/416/626 705/408/626
f 713/416/627 714/417/627 705/408/627
f 705/408/628 714/417/628 706/409/628
f 714/417/629 715/418/629 706/409/629
f 706/409/630 715/418/630 707/410/630
f 715/418/631 716/419/631 707/410/631
f 707/410/632 716/419/632 708/411/632
f 716/419/633 717/420/633 708/411/633
f 708/411/634 717/420/634 426/412/634
f 717/420/635 427/421/635 426/412/635
f 442/366/636 718/369/636 709/367/636
f 718/369/637 719/422/637 709/367/637
f 709/367/638 719/422/638 710/413/638
f 719/422/639 720/423/639 710/413/639
f 710/413/640 720/423/640 711/414/640
f 720/423/641 721/424/641 711/414/641
f 711/414/642 721/424/642 712/415/642
f 721/424/643 722/425/643 712/415/643
f 712/415/644 722/425/644 713/416/644
f 722/425/645 723/426/645 713/416/645
f 713/416/646 723/426/646 714/417/646
f 723/426/647 724/427/647 714/417/647
f 714/417/648 724/427/648 715/418/648
f 724/427/649 725/428/649 715/418/649
f 715/418/650 725/428/650 716/419/650
f 725/428/651 726/429/651 716/419/651
f 716/419/652 726/429/652 717/420/652
f 726/429/653 727/430/653 717/420/653
f 717/420/654 727/430/654 427/421/654
f 727/430/655 428/431/655 427/421/655
f 443/368/656 728/371/656 718/369/656
f 728/371/657 729/432/657 718/369/657
f 718/369/658 729/432/658 719/422/658
f 729/432/659 730/433/659 719/422/659
f 719/422/660 730/433/660 720/423/660
f 730/433/661 731/434/661 720/423/661
f 720/423/662 731/434/662 721/424/662
f 731/434/663 732/435/663 721/424/663
f 721/424/664 732/435/664 722/425/664
f 732/435/665 733/436/665 722/425/665
f 722/425/666 733/436/666 723/426/666
f 733/436/667 734/437/667 723/426/667
f 723/426/668 734/437/668 724/427/668
f 734/437/669 735/438/669 724/427/669
f 724/427/670 735/438/670 725/428/670
f 735/438/671 736/439/671 725/428/671
f 725/428/672 736/439/672 726/429/672
f 736/439/673 737/440/673 726/429/673
f 726/429/674 737/440/674 727/430/674
f 737/440/675 738/441/675 727/430/675
f 727/430/676 738/441/676 428/431/676
f 738/441/677 429/442/677 428/431/677
f 444/370/678 739/373/678 728/371/678
f 739/373/679 740/443/679 728/371/679
f 728/371/680 740/443/680 729/432/680
f 740/443/681 741/444/681 729/432/681
f 729/432/682 741/444/682 730/433/682
f 741/444/683 742/445/683 730/433/683
f 730/433/684 742/445/684 731/434/684
f 742/445/685 743/446/685 731/434/685
f 731/434/686 743/446/686 732/435/686
f 743/446/687 744/447/687 732/435/687
f 732/435/688 744/447/688 733/436/688
f 744/447/689 745/448/689 733/436/689
f 733/436/690 745/448/690 734/437/690
f 745/448/691 746/449/691 734/437/691
f 734/437/692 746/449/692 735/438/692
f 746/449/693 747/450/693 735/438/693
f 735/438/694 747/450/694 736/439/694
f 747/450/695 748/451/695 736/439/695
f 736/439/696 748/451/696 737/440/696
f 748/451/697 749/452/697 737/440/697
f 737/440/698 749/452/698 738/441/698
f 749/452/699 750/453/699 738/441/699
f 738/441/700 750/453/700 429/442/700
f 750/453/701 430/454/701 429/442/701
f 445/372/702 751/375/702 739/373/702
f 751/375/703 752/455/703 739/373/703
f 739/373/704 752/455/704 740/443/704
f 752/455/705 753/456/705 740/443/705
f 740/443/706 753/456/706 741/444/706
f 753/456/707 754/457/707 741/444/707
f 741/444/708 754/457/708 742/445/708
f 754/457/709 755/458/709 742/445/709
f 742/445/710 755/458/710 743/446/710
f 755/458/711 756/459/711 743/446/711
f 743/446/712 756/459/712 744/447/712
f 756/459/713 757/460/713 744/447/713
f 744/447/714 757/460/714 745/448/714
f 757/460/715 758/461/715 745/448/715
f 745/448/716 758/461/716 746/449/716
f 758/461/717 759/462/717 746/449/717
f 746/449/718 759/462/718 747/450/718
f 759/462/719 760/463/719 747/450/719
f 747/450/720 760/463/720 748/451/720
f 760/463/721 761/464/721 748/451/721
f 748/451/722 761/464/722 749/452/722
f 761/464/723 762/465/723 749/452/723
f 749/452/724 762/465/724 750/453/724
f 762/465/725 763/466/725 750/453/725
f 750/453/726 763/466/726 430/454/726
f 763/466/727 431/467/727 430/454/727
f 446/374/728 764/376/728 751/375/728
f 764/376/729 765/468/729 751/375/729
f 751/375/730 765/468/730 752/455/730
f 765/468/731 766/469/731 752/455/731
f 752/455/732 766/469/732 753/456/732
f 766/469/733 767/470/733 753/456/733
f 753/456/734 767/470/734 754/457/734
f 767/470/735 768/471/735 754/457/735
f 754/457/736 768/471/736 755/458/736
f 768/471/737 769/472/737 755/458/737
f 755/458/738 769/472/738 756/459/738
f 769/472/739 770/473/739 756/459/739
f 756/459/740 770/473/740 757/460/740
f 770/473/741 771/474/741 757/460/741
f 757/460/742 771/474/742 758/461/742
f 771/474/743 772/475/743 758/461/743
f 758/461/744 772/475/744 759/462/744
f 772/475/745 773/476/745 759/462/745
f 759/462/746 773/476/746 760/463/746
f 773/476/747 774/477/747 760/463/747
f 760/463/748 774/477/748 761/464/748
f 774/477/749 775/478/749 761/464/749
f 761/464/750 775/478/750 762/465/750
f 775/478/751 776/479/751 762/465/751
f 762/465/752 776/479/752 763/466/752
f 776/479/753 777/480/753 763/466/753
f 763/466/754 777/480/754 431/467/754
f 777/480/755 432/481/755 431/467/755
f 447/42/756 357/41/756 764/376/756
f 357/41/757 356/482/757 764/376/757
f 764/376/758 356/482/758 765/468/758
f 356/482/759 355/483/759 765/468/759
f 765/468/760 355/483/760 766/469/760
f 355/483/761 354/484/761 766/469/761
f 766/469/762 354/484/762 767/470/762
f 354/484/763 353/485/763 767/470/763
f 767/470/764 353/485/764 768/471/764
f 353/485/765 352/486/765 768/471/765
f 768/471/766 352/486/766 769/472/766
f 352/486/767 351/487/767 769/472/767
f 769/472/768 351/487/768 770/473/768
f 351/487/769 350/488/769 770/473/769
f 770/473/770 350/488/770 771/474/770
f 350/488/771 349/489/771 771/474/771
f 771/474/772 349/489/772 772/475/772
f 349/489/773 348/490/773 772/475/773
f 772/475/774 348/490/774 773/476/774
f 348/490/775 347/491/775 773/476/775
f 773/476/776 347/491/776 774/477/776
f 347/491/777 346/492/777 774/477/777
f 774/477/778 346/492/778 775/478/778
f 346/492/779 345/493/779 775/478/779
f 775/478/780 345/493/780 776/479/780
f 345/493/781 344/494/781 776/479/781
f 776/479/782 344/494/782 777/480/782
f 344/494/783 343/495/783 777/480/783
f 777/480/784 343/495/784 432/481/784
f 343/495/785 8/496/785 432/481/785
f 418/497/786 388/498/786 12/499/786
f 419/500/787 778/501/787 418/497/787
f 420/502/788 779/503/788 419/500/788
f 421/504/789 781/505/789 420/502/789
f 422/506/790 784/507/790 421/504/790
f 423/508/791 788/509/791 422/506/791
f 424/510/792 793/511/792 423/508/792
f 425/512/793 799/513/793 424/510/793
f 426/514/794 806/515/794 425/512/794
f 427/516/795 814/517/795 426/514/795
f 428/518/796 823/519/796 427/516/796
f 429/520/797 833/521/797 428/518/797
f 430/522/798 844/523/798 429/520/798
f 431/524/799 856/525/799 430/522/799
f 432/39/800 869/526/800 431/524/800
f 418/497/801 778/501/801 388/498/801
f 778/501/802 389/527/802 388/498/802
f 419/500/803 779/503/803 778/501/803
f 779/503/804 780/528/804 778/501/804
f 778/501/805 780/528/805 389/527/805
f 780/528/806 390/529/806 389/527/806
f 420/502/807 781/505/807 779/503/807
f 781/505/808 782/530/808 779/503/808
f 779/503/809 782/530/809 780/528/809
f 782/530/810 783/531/810 780/528/810
f 780/528/811 783/531/811 390/529/811
f 783/531/812 391/532/812 390/529/812
f 421/504/813 784/507/813 781/505/813
f 784/507/814 785/533/814 781/505/814
f 781/505/815 785/533/815 782/530/815
f 785/533/816 786/534/816 782/530/816
f 782/530/817 786/534/817 783/531/817
f 786/534/818 787/535/818 783/531/818
f 783/531/819 787/535/819 391/532/819
f 787/535/820 392/536/820 391/532/820
f 422/506/821 788/509/821 784/507/821
f 788/509/822 789/537/822 784/507/822
f 784/507/823 789/537/823 785/533/823
f 789/537/824 790/538/824 785/533/824
f 785/533/825 790/538/825 786/534/825
f 790/538/826 791/539/826 786/534/826
f 786/534/827 791/539/827 787/535/827
f 791/539/828 792/540/828 787/535/828
f 787/535/829 792/540/829 392/536/829
f 792/540/830 393/541/830 392/536/830
f 423/508/831 793/511/831 788/509/831
f 793/511/832 794/542/832 788/509/832
f 788/509/833 794/542/833 789/537/833
f 794/542/834 795/543/834 789/537/834
f 789/537/835 795/543/835 790/538/835
f 795/543/836 796/544/836 790/538/836
f 790/538/837 796/544/837 791/539/837
f 796/544/838 797/545/838 791/539/838
f 791/539/839 797/545/839 792/540/839
f 797/545/840 798/546/840 792/540/840
f 792/540/841 798/546/841 393/541/841
f 798/546/842 394/547/842 393/541/842
f 424/510/843 799/513/843 793/511/843
f 799/513/844 800/548/844 793/511/844
f 793/511/845 800/548/845 794/542/845
f 800/548/846 801/549/846 794/542/846
f 794/542/847 801/549/847 795/543/847
f 801/549/848 802/550/848 795/543/848
f 795/543/849 802/550/849 796/544/849
f 802/550/850 803/551/850 796/544/850
f 796/544/851 803/551/851 797/545/851
f 803/551/852 804/552/852 797/545/852
f 797/545/853 804/552/853 798/546/853
f 804/552/854 805/553/854 798/546/854
f 798/546/855 805/553/855 394/547/855
f 805/553/856 395/554/856 394/547/856
f 425/512/857 806/515/857 799/513/857
f 806/515/858 807/555/858 799/513/858
f 799/513/859 807/555/859 800/548/859
f 807/555/860 808/556/860 800/548/860
f 800/548/861 808/556/861 801/549/861
f 808/556/862 809/557/862 801/549/862
f 801/549/863 809/557/863 802/550/863
f 809/557/864 810/558/864 802/550/864
f 802/550/865 810/558/865 803/551/865
f 810/558/866 811/559/866 803/551/866
f 803/551/867 811/559/867 804/552/867
f 811/559/868 812/560/868 804/552/868
f 804/552/869 812/560/869 805/553/869
f 812/560/870 813/561/870 805/553/870
f 805/553/871 813/561/871 395/554/871
f 813/561/872 396/562/872 395/554/872
f 426/514/873 814/517/873 806/515/873
f 814/517/874 815/563/874 806/515/874
f 806/515/875 815/563/875 807/555/875
f 815/563/876 816/564/876 807/555/876
f 807/555/877 816/564/877 808/556/877
f 816/564/878 817/565/878 808/556/878
f 808/556/879 817/565/879 809/557/879
f 817/565/880 818/566/880 809/557/880
f 809/557/881 818/566/881 810/558/881
f 818/566/882 819/567/882 810/558/882
f 810/558/883 819/567/883 811/559/883
f 819/567/884 820/568/884 811/559/884
f 811/559/885 820/568/885 812/560/885
f 820/568/886 821/569/886 812/560/886
f 812/560/887 821/569/887 813/561/887
f 821/569/888 822/570/888 813/561/888
f 813/561/889 822/570/889 396/562/889
f 822/570/890 397/571/890 396/562/890
f 427/516/891 823/519/891 814/517/891
f 823/519/892 824/572/892 814/517/892
f 814/517/893 824/572/893 815/563/893
f 824/572/894 825/573/894 815/563/894
f 815/563/895 825/573/895 816/564/895
f 825/573/896 826/574/896 816/564/896
f 816/564/897 826/574/897 817/565/897
f 826/574/898 827/575/898 817/565/898
f 817/565/899 827/575/899 818/566/899
f 827/575/900 828/576/900 818/566/900
f 818/566/901 828/576/901 819/567/901
f 828/576/902 829/577/902 819/567/902
f 819/567/903 829/577/903 820/568/903
f 829/577/904 830/578/904 820/568/904
f 820/568/905 830/578/905 821/569/905
f 830/578/906 831/579/906 821/569/906
f 821/569/907 831/579/907 822/570/907
f 831/579/908 832/580/908 822/570/908
f 822/570/909 832/580/909 397/571/909
f 832/580/910 398/581/910 397/571/910
f 428/518/911 833/521/911 823/519/911
f 833/521/912 834/582/912 823/519/912
f 823/519/913 834/582/913 824/572/913
f 834/582/914 835/583/914 824/572/914
f 824/572/915 835/583/915 825/573/915
f 835/583/916 836/584/916 825/573/916
f 825/573/917 836/584/917 826/574/917
f 836/584/918 837/585/918 826/574/918
f 826/574/919 837/585/919 827/575/919
f 837/585/920 838/586/920 827/575/920
f 827/575/921 838/586/921 828/576/921
f 838/586/922 839/587/922 828/576/922
f 828/576/923 839/587/923 829/577/923
f 839/587/924 840/588/924 829/577/924
f 829/577/925 840/588/925 830/578/925
f 840/588/926 841/589/926 830/578/926
f 830/578/927 841/589/927 831/579/927
f 841/589/928 842/590/928 831/579/928
f 831/579/929 842/590/929 832/580/929
f 842/590/930 843/591/930 832/580/930
f 832/580/931 843/591/931 398/581/931
f 843/591/932 399/592/932 398/581/932
f 429/520/933 844/523/933 833/521/933
f 844/523/934 845/593/934 833/521/934
f 833/521/935 845/593/935 834/582/935
f 845/593/936 846/594/936 834/582/936
f 834/582/937 846/594/937 835/583/937
f 846/594/938 847/595/938 835/583/938
f 835/583/939 847/595/939 836/584/939
f 847/595/940 848/596/940 836/584/940
f 836/584/941 848/596/941 837/585/941
f 848/596/942 849/597/942 837/585/942
f 837/585/943 849/597/943 838/586/943
f 849/597/944 850/598/944 838/586/944
f 838/586/945 850/598/945 839/587/945
f 850/598/946 851/599/946 839/587/946
f 839/587/947 851/599/947 840/588/947
f 851/599/948 852/600/948 840/588/948
f 840/588/949 852/600/949 841/589/949
f 852/600/950 853/601/950 841/589/950
f 841/589/951 853/601/951 842/590/951
f 853/601/952 854/602/952 842/590/952
f 842/590/953 854/602/953 843/591/953
f 854/602/954 855/603/954 843/591/954
f 843/591/955 855/603/955 399/592/955
f 855/603/956 400/604/956 399/592/956
f 430/522/957 856/525/957 844/523/957
f 856/525/958 857/605/958 844/523/958
f 844/523/959 857/605/959 845/593/959
f 857/605/960 858/606/960 845/593/960
f 845/593/961 858/606/961 846/594/961
f 858/606/962 859/607/962 846/594/962
f 846/594/963 859/607/963 847/595/963
f 859/607/964 860/608/964 847/595/964
f 847/595/965 860/608/965 848/596/965
f 860/608/966 861/609/966 848/596/966
f 848/596/967 861/609/967 849/597/967
f 861/609/968 862/610/968 849/597/968
f 849/597/969 862/610/969 850/598/969
f 862/610/970 863/611/970 850/598/970
f 850/598/971 863/611/971 851/599/971
f 863/611/972 864/612/972 851/599/972
f 851/599/973 864/612/973 852/600/973
f 864/612/974 865/613/974 852/600/974
f 852/600/975 865/613/975 853/601/975
f 865/613/976 866/614/976 853/601/976
f 853/601/977 866/614/977 854/602/977
f 866/614/978 867/615/978 854/602/978
f 854/602/979 867/615/979 855/603/979
f 867/615/980 868/616/980 855/603/980
f 855/603/981 868/616/981 400/604/981
f 868/616/982 401/617/982 400/604/982
f 431/524/983 869/526/983 856/525/983
f 869/526/984 870/618/984 856/525/984
f 856/525/985 870/618/985 857/605/985
f 870/618/986 871/619/986 857/605/986
f 857/605/987 871/619/987 858/606/987
f 871/619/988 872/620/988 858/606/988
f 858/606/989 872/620/989 859/607/989
f 872/620/990 873/621/990 859/607/990
f 859/607/991 873/621/991 860/608/991
f 873/621/992 874/622/992 860/608/992
f 860/608/993 874/622/993 861/609/993
f 874/622/994 875/623/994 861/609/994
f 861/609/995 875/623/995 862/610/995
f 875/623/996 876/624/996 862/610/996
f 862/610/997 876/624/997 863/611/997
f 876/624/998 877/625/998 863/611/998
f 863/611/999 877/625/999 864/612/999
f 877/625/1000 878/626/1000 864/612/1000
f 864/612/1001 878/626/1001 865/613/1001
f 878/626/1002 879/627/1002 865/613/1002
f 865/613/1003 879/627/1003 866/614/1003
f 879/627/1004 880/628/1004 866/614/1004
f 866/614/1005 880/628/1005 867/615/1005
f 880/628/1006 881/629/1006 867/615/1006
f 867/615/1007 881/629/1007 868/616/1007
f 881/629/1008 882/630/1008 868/616/1008
f 868/616/1009 882/630/1009 401/617/1009
f 882/630/1010 402/631/1010 401/617/1010
f 432/39/1011 342/38/1011 869/526/1011
f 342/38/1012 341/632/1012 869/526/1012
f 869/526/1013 341/632/1013 870/618/1013
f 341/632/1014 340/633/1014 870/618/1014
f 870/618/1015 340/633/1015 871/619/1015
f 340/633/1016 339/634/1016 871/619/1016
f 871/619/1017 339/634/1017 872/620/1017
f 339/634/1018 338/635/1018 872/620/1018
f 872/620/1019 338/635/1019 873/621/1019
f 338/635/1020 337/636/1020 873/621/1020
f 873/621/1021 337/636/1021 874/622/1021
f 337/636/1022 336/637/1022 874/622/1022
f 874/622/1023 336/637/1023 875/623/1023
f 336/637/1024 335/638/1024 875/623/1024
f 875/623/1025 335/638/1025 876/624/1025
f 335/638/1026 334/639/1026 876/624/1026
f 876/624/1027 334/639/1027 877/625/1027
f 334/639/1028 333/640/1028 877/625/1028
f 877/625/1029 333/640/1029 878/626/1029
f 333/640/1030 332/641/1030 878/626/1030
f 878/626/1031 332/641/1031 879/627/1031
f 332/641/1032 331/642/1032 879/627/1032
f 879/627/1033 331/642/1033 880/628/1033
f 331/642/1034 330/643/1034 880/628/1034
f 880/628/1035 330/643/1035 881/629/1035
f 330/643/1036 329/644/1036 881/629/1036
f 881/629/1037 329/644/1037 882/630/1037
f 329/644/1038 328/645/1038 882/630/1038
f 882/630/1039 328/645/1039 402/631/1039
f 328/645/1040 7/34/1040 402/631/1040
f 388/646/1041 417/647/1041 12/648/1041
f 389/649/1042 883/650/1042 388/646/1042
f 390/651/1043 884/652/1043 389/649/1043
f 391/653/1044 886/654/1044 390/651/1044
f 392/655/1045 889/656/1045 391/653/1045
f 393/657/1046 893/658/1046 392/655/1046
f 394/659/1047 898/660/1047 393/657/1047
f 395/661/1048 904/662/1048 394/659/1048
f 396/663/1049 911/664/1049 395/661/1049
f 397/665/1050 919/666/1050 396/663/1050
f 398/667/1051 928/668/1051 397/665/1051
f 399/669/1052 938/670/1052 398/667/1052
f 400/671/1053 949/672/1053 399/669/1053
f 401/673/1054 961/674/1054 400/671/1054
f 402/36/1055 974/675/1055 401/673/1055
f 388/646/1056 883/650/1056 417/647/1056
f 883/650/1057 416/676/1057 417/647/1057
f 389/649/1058 884/652/1058 883/650/1058
f 884/652/1059 885/677/1059 883/650/1059
f 883/650/1060 885/677/1060 416/676/1060
f 885/677/1061 415/678/1061 416/676/1061
f 390/651/1062 886/654/1062 884/652/1062
f 886/654/1063 887/679/1063 884/652/1063
f 884/652/1064 887/679/1064 885/677/1064
f 887/679/1065 888/680/1065 885/677/1065
f 885/677/1066 888/680/1066 415/678/1066
f 888/680/1067 414/681/1067 415/678/1067
f 391/653/1068 889/656/1068 886/654/1068
f 889/656/1069 890/682/1069 886/654/1069
f 886/654/1070 890/682/1070 887/679/1070
f 890/682/1071 891/683/1071 887/679/1071
f 887/679/1072 891/683/1072 888/680/1072
f 891/683/1073 892/684/1073 888/680/1073
f 888/680/1074 892/684/1074 414/681/1074
f 892/684/1075 413/685/1075 414/681/1075
f 392/655/1076 893/658/1076 889/656/1076
f 893/658/1077 894/686/1077 889/656/1077
f 889/656/1078 894/686/1078 890/682/1078
f 894/686/1079 895/687/1079 890/682/1079
f 890/682/1080 895/687/1080 891/683/1080
f 895/687/1081 896/688/1081 891/683/1081
f 891/683/1082 896/688/1082 892/684/1082
f 896/688/1083 897/689/1083 892/684/1083
f 892/684/1084 897/689/1084 413/685/1084
f 897/689/1085 412/690/1085 413/685/1085
f 393/657/1086 898/660/1086 893/658/1086
f 898/660/1087 899/691/1087 893/658/1087
f 893/658/1088 899/691/1088 894/686/1088
f 899/691/1089 900/692/1089 894/686/1089
f 894/686/1090 900/692/1090 895/687/1090
f 900/692/1091 901/693/1091 895/687/1091
f 895/687/1092 901/693/1092 896/688/1092
f 901/693/1093 902/694/1093 896/688/1093
f 896/688/1094 902/694/1094 897/689/1094
f 902/694/1095 903/695/1095 897/689/1095
f 897/689/1096 903/695/1096 412/690/1096
f 903/695/1097 411/696/1097 412/690/1097
f 394/659/1098 904/662/1098 898/660/1098
f 904/662/1099 905/697/1099 898/660/1099
f 898/660/1100 905/697/1100 899/691/1100
f 905/697/1101 906/698/1101 899/691/1101
f 899/691/1102 906/698/1102 900/692/1102
f 906/698/1103 907/699/1103 900/692/1103
f 900/692/1104 907/699/1104 901/693/1104
f 907/699/1105 908/700/1105 901/693/1105
f 901/693/1106 908/700/1106 902/694/1106
f 908/700/1107 909/701/1107 902/694/1107
f 902/694/1108 909/701/1108 903/695/1108
f 909/701/1109 910/702/1109 903/695/1109
f 903/695/1110 910/702/1110 411/696/1110
f 910/702/1111 410/703/1111 411/696/1111
f 395/661/1112 911/664/1112 904/662/1112
f 911/664/1113 912/704/1113 904/662/1113
f 904/662/1114 912/704/1114 905/697/1114
f 912/704/1115 913/705/1115 905/697/1115
f 905/697/1116 913/705/1116 906/698/1116
f 913/705/1117 914/706/1117 906/698/1117
f 906/698/1118 914/706/1118 907/699/1118
f 914/706/1119 915/707/1119 907/699/1119
f 907/699/1120 915/707/1120 908/700/1120
f 915/707/1121 916/708/1121 908/700/1121
f 908/700/1122 916/708/1122 909/701/1122
f 916/708/1123 917/709/1123 909/701/1123
f 909/701/1124 917/709/1124 910/702/1124
f 917/709/1125 918/710/1125 910/702/1125
f 910/702/1126 918/710/1126 410/703/1126
f 918/710/1127 409/711/1127 410/703/1127
f 396/663/1128 919/666/1128 911/664/1128
f 919/666/1129 920/712/1129 911/664/1129
f 911/664/1130 920/712/1130 912/704/1130
f 920/712/1131 921/713/1131 912/704/1131
f 912/704/1132 921/713/1132 913/705/1132
f 921/713/1133 922/714/1133 913/705/1133
f 913/705/1134 922/714/1134 914/706/1134
f 922/714/1135 923/715/1135 914/706/1135
f 914/706/1136 923/715/1136 915/707/1136
f 923/715/1137 924/716/1137 915/707/1137
f 915/707/1138 924/716/1138 916/708/1138
f 924/716/1139 925/717/1139 916/708/1139
f 916/708/1140 925/717/1140 917/709/1140
f 925/717/1141 926/718/1141 917/709/1141
f 917/709/1142 926/718/1142 918/710/1142
f 926/718/1143 927/719/1143 918/710/1143
f 918/710/1144 927/719/1144 409/711/1144
f 927/719/1145 408/720/1145 409/711/1145
f 397/665/1146 928/668/1146 919/666/1146
f 928/668/1147 929/721/1147 919/666/1147
f 919/666/1148 929/721/1148 920/712/1148
f 929/721/1149 930/722/1149 920/712/1149
f 920/712/1150 930/722/1150 921/713/1150
f 930/722/1151 931/723/1151 921/713/1151
f 921/713/1152 931/723/1152 922/714/1152
f 931/723/1153 932/724/1153 922/714/1153
f 922/714/1154 932/724/1154 923/715/1154
f 932/724/1155 933/725/1155 923/715/1155
f 923/715/1156 933/725/1156 924/716/1156
f 933/725/1157 934/726/1157 924/716/1157
f 924/716/1158 934/726/1158 925/717/1158
f 934/726/1159 935/727/1159 925/717/1159
f 925/717/1160 935/727/1160 926/718/1160
f 935/727/1161 936/728/1161 926/718/1161
f 926/718/1162 936/728/1162 927/719/1162
f 936/728/1163 937/729/1163 927/719/1163
f 927/719/1164 937/729/1164 408/720/1164
f 937/729/1165 407/730/1165 408/720/1165
f 398/667/1166 938/670/1166 928/668/1166
f 938/670/1167 939/731/1167 928/668/1167
f 928/668/1168 939/731/1168 929/721/1168
f 939/731/1169 940/732/1169 929/721/1169
f 929/721/1170 940/732/1170 930/722/1170
f 940/732/1171 941/733/1171 930/722/1171
f 930/722/1172 941/733/1172 931/723/1172
f 941/733/1173 942/734/1173 931/723/1173
f 931/723/1174 942/734/1174 932/724/1174
f 942/734/1175 943/735/1175 932/724/1175
f 932/724/1176 943/735/1176 933/725/1176
f 943/735/1177 944/736/1177 933/725/1177
f 933/725/1178 944/736/1178 934/726/1178
f 944/736/1179 945/737/1179 934/726/1179
f 934/726/1180 945/737/1180 935/727/1180
f 945/737/1181 946/738/1181 935/727/1181
f 935/727/1182 946/738/1182 936/728/1182
f 946/738/1183 947/739/1183 936/728/1183
f 936/728/1184 947/739/1184 937/729/1184
f 947/739/1185 948/740/1185 937/729/1185
f 937/729/1186 948/740/1186 407/730/1186
f 948/740/1187 406/741/1187 407/730/1187
f 399/669/1188 949/672/1188 938/670/1188
f 949/672/1189 950/742/1189 938/670/1189
f 938/670/1190 950/742/1190 939/731/1190
f 950/742/1191 951/743/1191 939/731/1191
f 939/731/1192 951/743/1192 940/732/1192
f 951/743/1193 952/744/1193 940/732/1193
f 940/732/1194 952/744/1194 941/733/1194
f 952/744/1195 953/745/1195 941/733/1195
f 941/733/1196 953/745/1196 942/734/1196
f 953/745/1197 954/746/1197 942/734/1197
f 942/734/1198 954/746/1198 943/735/1198
f 954/746/1199 955/747/1199 943/735/1199
f 943/735/1200 955/747/1200 944/736/1200
f 955/747/1201 956/748/1201 944/736/1201
f 944/736/1202 956/748/1202 945/737/1202
f 956/748/1203 957/749/1203 945/737/1203
f 945/737/1204 957/749/1204 946/738/1204
f 957/749/1205 958/750/1205 946/738/1205
f 946/738/1206 958/750/1206 947/739/1206
f 958/750/1207 959/751/1207 947/739/1207
f 947/739/1208 959/751/1208 948/740/1208
f 959/751/1209 960/752/1209 948/740/1209
f 948/740/1210 960/752/1210 406/741/1210
f 960/752/1211 405/753/1211 406/741/1211
f 400/671/1212 961/674/1212 949/672/1212
f 961/674/1213 962/754/1213 949/672/1213
f 949/672/1214 962/754/1214 950/742/1214
f 962/754/1215 963/755/1215 950/742/1215
f 950/742/1216 963/755/1216 951/743/1216
f 963/755/1217 964/756/1217 951/743/1217
f 951/743/1218 964/756/1218 952/744/1218
f 964/756/1219 965/757/1219 952/744/1219
f 952/744/1220 965/757/1220 953/745/1220
f 965/757/1221 966/758/1221 953/745/1221
f 953/745/1222 966/758/1222 954/746/1222
f 966/758/1223 967/759/1223 954/746/1223
f 954/746/1224 967/759/1224 955/747/1224
f 967/759/1225 968/760/1225 955/747/1225
f 955/747/1226 968/760/1226 956/748/1226
f 968/760/1227 969/761/1227 956/748/1227
f 956/748/1228 969/761/1228 957/749/1228
f 969/761/1229 970/762/1229 957/749/1229
f 957/749/1230 970/762/1230 958/750/1230
f 970/762/1231 971/763/1231 958/750/1231
f 958/750/1232 971/763/1232 959/751/1232
f 971/763/1233 972/764/1233 959/751/1233
f 959/751/1234 972/764/1234 960/752/1234
f 972/764/1235 973/765/1235 960/752/1235
f 960/752/1236 973/765/1236 405/753/1236
f 973/765/1237 404/766/1237 405/753/1237
f 401/673/1238 974/675/1238 961/674/1238
f 974/675/1239 975/767/1239 961/674/1239
f 961/674/1240 975/767/1240 962/754/1240
f 975/767/1241 976/768/1241 962/754/1241
f 962/754/1242 976/768/1242 963/755/1242
f 976/768/1243 977/769/1243 963/755/1243
f 963/755/1244 977/769/1244 964/756/1244
f 977/769/1245 978/770/1245 964/756/1245
f 964/756/1246 978/770/1246 965/757/1246
f 978/770/1247 979/771/1247 965/757/1247
f 965/757/1248 979/771/1248 966/758/1248
f 979/771/1249 980/772/1249 966/758/1249
f 966/758/1250 980/772/1250 967/759/1250
f 980/772/1251 981/773/1251 967/759/1251
f 967/759/1252 981/773/1252 968/760/1252
f 981/773/1253 982/774/1253 968/760/1253
f 968/760/1254 982/774/1254 969/761/1254
f 982/774/1255 983/775/1255 969/761/1255
f 969/761/1256 983/775/1256 970/762/1256
f 983/775/1257 984/776/1257 970/762/1257
f 970/762/1258 984/776/1258 971/763/1258
f 984/776/1259 985/777/1259 971/763/1259
f 971/763/1260 985/777/1260 972/764/1260
f 985/777/1261 986/778/1261 972/764/1261
f 972/764/1262 986/778/1262 973/765/1262
f 986/778/1263 987/779/1263 973/765/1263
f 973/765/1264 987/779/1264 404/766/1264
f 987/779/1265 403/780/1265 404/766/1265
f 402/36/1266 327/35/1266 974/675/1266
f 327/35/1267 326/781/1267 974/675/1267
f 974/675/1268 326/781/1268 975/767/1268
f 326/781/1269 325/782/1269 975/767/1269
f 975/767/1270 325/782/1270 976/768/1270
f 325/782/1271 324/783/1271 976/768/1271
f 976/768/1272 324/783/1272 977/769/1272
f 324/783/1273 323/784/1273 977/769/1273
f 977/769/1274 323/784/1274 978/770/1274
f 323/784/1275 322/785/1275 978/770/1275
f 978/770/1276 322/785/1276 979/771/1276
f 322/785/1277 321/786/1277 979/771/1277
f 979/771/1278 321/786/1278 980/772/1278
f 321/786/1279 320/787/1279 980/772/1279
f 980/772/1280 320/787/1280 981/773/1280
f 320/787/1281 319/788/1281 981/773/1281
f 981/773/1282 319/788/1282 982/774/1282
f 319/788/1283 318/789/1283 982/774/1283
f 982/774/1284 318/789/1284 983/775/1284
f 318/789/1285 317/790/1285 983/775/1285
f 983/775/1286 317/790/1286 984/776/1286
f 317/790/1287 316/791/1287 984/776/1287
f 984/776/1288 316/791/1288 985/777/1288
f 316/791/1289 315/792/1289 985/777/1289
f 985/777/1290 315/792/1290 986/778/1290
f 315/792/1291 314/793/1291 986/778/1291
f 986/778/1292 314/793/1292 987/779/1292
f 314/793/1293 313/794/1293 987/779/1293
f 987/779/1294 313/794/1294 403/780/1294
f 313/794/1295 11/46/1295 403/780/1295
f 192/795/1296 387/47/1296 11/46/1296
f 191/796/1297 988/797/1297 192/795/1297
f 190/798/1298 989/799/1298 191/796/1298
f 189/800/1299 991/801/1299 190/798/1299
f 188/802/1300 994/803/1300 189/800/1300
f 187/804/1301 998/805/1301 188/802/1301
f 186/806/1302 1003/807/1302 187/804/1302
f 185/808/1303 1009/809/1303 186/806/1303
f 184/810/1304 1016/811/1304 185/808/1304
f 183/812/1305 1024/813/1305 184/810/1305
f 182/814/1306 1033/815/1306 183/812/1306
f 181/816/1307 1043/817/1307 182/814/1307
f 180/818/1308 1054/819/1308 181/816/1308
f 179/820/1309 1066/821/1309 180/818/1309
f 178/33/1310 1079/822/1310 179/820/1310
f 192/795/1311 988/797/1311 387/47/1311
f 988/797/1312 386/184/1312 387/47/1312
f 191/796/1313 989/799/1313 988/797/1313
f 989/799/1314 990/823/1314 988/797/1314
f 988/797/1315 990/823/1315 386/184/1315
f 990/823/1316 385/185/1316 386/184/1316
f 190/798/1317 991/801/1317 989/799/1317
f 991/801/1318 992/824/1318 989/799/1318
f 989/799/1319 992/824/1319 990/823/1319
f 992/824/1320 993/825/1320 990/823/1320
f 990/823/1321 993/825/1321 385/185/1321
f 993/825/1322 384/186/1322 385/185/1322
f 189/800/1323 994/803/1323 991/801/1323
f 994/803/1324 995/826/1324 991/801/1324
f 991/801/1325 995/826/1325 992/824/1325
f 995/826/1326 996/827/1326 992/824/1326
f 992/824/1327 996/827/1327 993/825/1327
f 996/827/1328 997/828/1328 993/825/1328
f 993/825/1329 997/828/1329 384/186/1329
f 997/828/1330 383/187/1330 384/186/1330
f 188/802/1331 998/805/1331 994/803/1331
f 998/805/1332 999/829/1332 994/803/1332
f 994/803/1333 999/829/1333 995/826/1333
f 999/829/1334 1000/830/1334 995/826/1334
f 995/826/1335 1000/830/1335 996/827/1335
f 1000/830/1336 1001/831/1336 996/827/1336
f 996/827/1337 1001/831/1337 997/828/1337
f 1001/831/1338 1002/832/1338 997/828/1338
f 997/828/1339 1002/832/1339 383/187/1339
f 1002/832/1340 382/188/1340 383/187/1340
f 187/804/1341 1003/807/1341 998/805/1341
f 1003/807/1342 1004/833/1342 998/805/1342
f 998/805/1343 1004/833/1343 999/829/1343
f 1004/833/1344 1005/834/1344 999/829/1344
f 999/829/1345 1005/834/1345 1000/830/1345
f 1005/834/1346 1006/835/1346 1000/830/1346
f 1000/830/1347 1006/835/1347 1001/831/1347
f 1006/835/1348 1007/836/1348 1001/831/1348
f 1001/831/1349 1007/836/1349 1002/832/1349
f 1007/836/1350 1008/837/1350 1002/832/1350
f 1002/832/1351 1008/837/1351 382/188/1351
f 1008/837/1352 381/189/1352 382/188/1352
f 186/806/1353 1009/809/1353 1003/807/1353
f 1009/809/1354 1010/838/1354 1003/807/1354
f 1003/807/1355 1010/838/1355 1004/833/1355
f 1010/838/1356 1011/839/1356 1004/833/1356
f 1004/833/1357 1011/839/1357 1005/834/1357
f 1011/839/1358 1012/840/1358 1005/834/1358
f 1005/834/1359 1012/840/1359 1006/835/1359
f 1012/840/1360 1013/841/1360 1006/835/1360
f 1006/835/1361 1013/841/1361 1007/836/1361
f 1013/841/1362 1014/842/1362 1007/836/1362
f 1007/836/1363 1014/842/1363 1008/837/1363
f 1014/842/1364 1015/843/1364 1008/837/1364
f 1008/837/1365 1015/843/1365 381/189/1365
f 1015/843/1366 380/190/1366 381/189/1366
f 185/808/1367 1016/811/1367 1009/809/1367
f 1016/811/1368 1017/844/1368 1009/809/1368
f 1009/809/1369 1017/844/1369 1010/838/1369
f 1017/844/1370 1018/845/1370 1010/838/1370
f 1010/838/1371 1018/845/1371 1011/839/1371
f 1018/845/1372 1019/846/1372 1011/839/1372
f 1011/839/1373 1019/846/1373 1012/840/1373
f 1019/846/1374 1020/847/1374 1012/840/1374
f 1012/840/1375 1020/847/1375 1013/841/1375
f 1020/847/1376 1021/848/1376 1013/841/1376
f 1013/841/1377 1021/848/1377 1014/842/1377
f 1021/848/1378 1022/849/1378 1014/842/1378
f 1014/842/1379 1022/849/1379 1015/843/1379
f 1022/849/1380 1023/850/1380 1015/843/1380
f 1015/843/1381 1023/850/1381 380/190/1381
f 1023/850/1382 379/191/1382 380/190/1382
f 184/810/1383 1024/813/1383 1016/811/1383
f 1024/813/1384 1025/851/1384 1016/811/1384
f 1016/811/1385 1025/851/1385 1017/844/1385
f 1025/851/1386 1026/852/1386 1017/844/1386
f 1017/844/1387 1026/852/1387 1018/845/1387
f 1026/852/1388 1027/853/1388 1018/845/1388
f 1018/845/1389 1027/853/1389 1019/846/1389
f 1027/853/1390 1028/854/1390 1019/846/1390
f 1019/846/1391 1028/854/1391 1020/847/1391
f 1028/854/1392 1029/855/1392 1020/847/1392
f 1020/847/1393 1029/855/1393 1021/848/1393
f 1029/855/1394 1030/856/1394 1021/848/1394
f 1021/848/1395 1030/856/1395 1022/849/1395
f 1030/856/1396 1031/857/1396 1022/849/1396
f 1022/849/1397 1031/857/1397 1023/850/1397
f 1031/857/1398 1032/858/1398 1023/850/1398
f 1023/850/1399 1032/858/1399 379/191/1399
f 1032/858/1400 378/192/1400 379/191/1400
f 183/812/1401 1033/815/1401 1024/813/1401
f 1033/815/1402 1034/859/1402 1024/813/1402
f 1024/813/1403 1034/859/1403 1025/851/1403
f 1034/859/1404 1035/860/1404 1025/851/1404
f 1025/851/1405 1035/860/1405 1026/852/1405
f 1035/860/1406 1036/861/1406 1026/852/1406
f 1026/852/1407 1036/861/1407 1027/853/1407
f 1036/861/1408 1037/862/1408 1027/853/1408
f 1027/853/1409 1037/862/1409 1028/854/1409
f 1037/862/1410 1038/863/1410 1028/854/1410
f 1028/854/1411 1038/863/1411 1029/855/1411
f 1038/863/1412 1039/864/1412 1029/855/1412
f 1029/855/1413 1039/864/1413 1030/856/1413
f 1039/864/1414 1040/865/1414 1030/856/1414
f 1030/856/1415 1040/865/1415 1031/857/1415
f 1040/865/1416 1041/866/1416 1031/857/1416
f 1031/857/1417 1041/866/1417 1032/858/1417
f 1041/866/1418 1042/867/1418 1032/858/1418
f 1032/858/1419 1042/867/1419 378/192/1419
f 1042/867/1420 377/193/1420 378/192/1420
f 182/814/1421 1043/817/1421 1033/815/1421
f 1043/817/1422 1044/868/1422 1033/815/1422
f 1033/815/1423 1044/868/1423 1034/859/1423
f 1044/868/1424 1045/869/1424 1034/859/1424
f 1034/859/1425 1045/869/1425 1035/860/1425
f 1045/869/1426 1046/870/1426 1035/860/1426
f 1035/860/1427 1046/870/1427 1036/861/1427
f 1046/870/1428 1047/871/1428 1036/861/1428
f 1036/861/1429 1047/871/1429 1037/862/1429
f 1047/871/1430 1048/872/1430 1037/862/1430
f 1037/862/1431 1048/872/1431 1038/863/1431
f 1048/872/1432 1049/873/1432 1038/863/1432
f 1038/863/1433 1049/873/1433 1039/864/1433
f 1049/873/1434 1050/874/1434 1039/864/1434
f 1039/864/1435 1050/874/1435 1040/865/1435
f 1050/874/1436 1051/875/1436 1040/865/1436
f 1040/865/1437 1051/875/1437 1041/866/1437
f 1051/875/1438 1052/876/1438 1041/866/1438
f 1041/866/1439 1052/876/1439 1042/867/1439
f 1052/876/1440 1053/877/1440 1042/867/1440
f 1042/867/1441 1053/877/1441 377/193/1441
f 1053/877/1442 376/194/1442 377/193/1442
f 181/816/1443 1054/819/1443 1043/817/1443
f 1054/819/1444 1055/878/1444 1043/817/1444
f 1043/817/1445 1055/878/1445 1044/868/1445
f 1055/878/1446 1056/879/1446 1044/868/1446
f 1044/868/1447 1056/879/1447 1045/869/1447
f 1056/879/1448 1057/880/1448 1045/869/1448
f 1045/869/1449 1057/880/1449 1046/870/1449
f 1057/880/1450 1058/881/1450 1046/870/1450
f 1046/870/1451 1058/881/1451 1047/871/1451
f 1058/881/1452 1059/882/1452 1047/871/1452
f 1047/871/1453 1059/882/1453 1048/872/1453
f 1059/882/1454 1060/883/1454 1048/872/1454
f 1048/872/1455 1060/883/1455 1049/873/1455
f 1060/883/1456 1061/884/1456 1049/873/1456
f 1049/873/1457 1061/884/1457 1050/874/1457
f 1061/884/1458 1062/885/1458 1050/874/1458
f 1050/874/1459 1062/885/1459 1051/875/1459
f 1062/885/1460 1063/886/1460 1051/875/1460
f 1051/875/1461 1063/886/1461 1052/876/1461
f 1063/886/1462 1064/887/1462 1052/876/1462
f 1052/876/1463 1064/887/1463 1053/877/1463
f 1064/887/1464 1065/888/1464 1053/877/1464
f 1053/877/1465 1065/888/1465 376/194/1465
f 1065/888/1466 375/195/1466 376/194/1466
f 180/818/1467 1066/821/1467 1054/819/1467
f 1066/821/1468 1067/889/1468 1054/819/1468
f 1054/819/1469 1067/889/1469 1055/878/1469
f 1067/889/1470 1068/890/1470 1055/878/1470
f 1055/878/1471 1068/890/1471 1056/879/1471
f 1068/890/1472 1069/891/1472 1056/879/1472
f 1056/879/1473 1069/891/1473 1057/880/1473
f 1069/891/1474 1070/892/1474 1057/880/1474
f 1057/880/1475 1070/892/1475 1058/881/1475
f 1070/892/1476 1071/893/1476 1058/881/1476
f 1058/881/1477 1071/893/1477 1059/882/1477
f 1071/893/1478 1072/894/1478 1059/882/1478
f 1059/882/1479 1072/894/1479 1060/883/1479
f 1072/894/1480 1073/895/1480 1060/883/1480
f 1060/883/1481 1073/895/1481 1061/884/1481
f 1073/895/1482 1074/896/1482 1061/884/1482
f 1061/884/1483 1074/896/1483 1062/885/1483
f 1074/896/1484 1075/897/1484 1062/885/1484
f 1062/885/1485 1075/897/1485 1063/886/1485
f 1075/897/1486 1076/898/1486 1063/886/1486
f 1063/886/1487 1076/898/1487 1064/887/1487
f 1076/898/1488 1077/899/1488 1064/887/1488
f 1064/887/1489 1077/899/1489 1065/888/1489
f 1077/899/1490 1078/900/1490 1065/888/1490
f 1065/888/1491 1078/900/1491 375/195/1491
f 1078/900/1492 374/196/1492 375/195/1492
f 179/820/1493 1079/822/1493 1066/821/1493
f 1079/822/1494 1080/901/1494 1066/821/1494
f 1066/821/1495 1080/901/1495 1067/889/1495
f 1080/901/1496 1081/902/1496 1067/889/1496
f 1067/889/1497 1081/902/1497 1068/890/1497
f 1081/902/1498 1082/903/1498 1068/890/1498
f 1068/890/1499 1082/903/1499 1069/891/1499
f 1082/903/1500 1083/904/1500 1069/891/1500
f 1069/891/1501 1083/904/1501 1070/892/1501
f 1083/904/1502 1084/905/1502 1070/892/1502
f 1070/892/1503 1084/905/1503 1071/893/1503
f 1084/905/1504 1085/906/1504 1071/893/1504
f 1071/893/1505 1085/906/1505 1072/894/1505
f 1085/906/1506 1086/907/1506 1072/894/1506
f 1072/894/1507 1086/907/1507 1073/895/1507
f 1086/907/1508 1087/908/1508 1073/895/1508
f 1073/895/1509 1087/908/1509 1074/896/1509
f 1087/908/1510 1088/909/1510 1074/896/1510
f 1074/896/1511 1088/909/1511 1075/897/1511
f 1088/909/1512 1089/910/1512 1075/897/1512
f 1075/897/1513 1089/910/1513 1076/898/1513
f 1089/910/1514 1090/911/1514 1076/898/1514
f 1076/898/1515 1090/911/1515 1077/899/1515
f 1090/911/1516 1091/912/1516 1077/899/1516
f 1077/899/1517 1091/912/1517 1078/900/1517
f 1091/912/1518 1092/913/1518 1078/900/1518
f 1078/900/1519 1092/913/1519 374/196/1519
f 1092/913/1520 373/197/1520 374/196/1520
f 178/33/1521 297/28/1521 1079/822/1521
f 297/28/1522 296/914/1522 1079/822/1522
f 1079/822/1523 296/914/1523 1080/901/1523
f 296/914/1524 295/915/1524 1080/901/1524
f 1080/901/1525 295/915/1525 1081/902/1525
f 295/915/1526 294/916/1526 1081/902/1526
f 1081/902/1527 294/916/1527 1082/903/1527
f 294/916/1528 293/917/1528 1082/903/1528
f 1082/903/1529 293/917/1529 1083/904/1529
f 293/917/1530 292/918/1530 1083/904/1530
f 1083/904/1531 292/918/1531 1084/905/1531
f 292/918/1532 291/919/1532 1084/905/1532
f 1084/905/1533 291/919/1533 1085/906/1533
f 291/919/1534 290/920/1534 1085/906/1534
f 1085/906/1535 290/920/1535 1086/907/1535
f 290/920/1536 289/921/1536 1086/907/1536
f 1086/907/1537 289/921/1537 1087/908/1537
f 289/921/1538 288/922/1538 1087/908/1538
f 1087/908/1539 288/922/1539 1088/909/1539
f 288/922/1540 287/923/1540 1088/909/1540
f 1088/909/1541 287/923/1541 1089/910/1541
f 287/923/1542 286/924/1542 1089/910/1542
f 1089/910/1543 286/924/1543 1090/911/1543
f 286/924/1544 285/925/1544 1090/911/1544
f 1090/911/1545 285/925/1545 1091/912/1545
f 285/925/1546 284/926/1546 1091/912/1546
f 1091/912/1547 284/926/1547 1092/913/1547
f 284/926/1548 283/927/1548 1092/913/1548
f 1092/913/1549 283/927/1549 373/197/1549
f 283/927/1550 10/43/1550 373/197/1550
f 312/928/1551 372/44/1551 10/43/1551
f 311/929/1552 1093/930/1552 312/928/1552
f 310/931/1553 1094/932/1553 311/929/1553
f 309/933/1554 1096/934/1554 310/931/1554
f 308/935/1555 1099/936/1555 309/933/1555
f 307/937/1556 1103/938/1556 308/935/1556
f 306/939/1557 1108/940/1557 307/937/1557
f 305/941/1558 1114/942/1558 306/939/1558
f 304/943/1559 1121/944/1559 305/941/1559
f 303/945/1560 1129/946/1560 304/943/1560
f 302/947/1561 1138/948/1561 303/945/1561
f 301/949/1562 1148/950/1562 302/947/1562
f 300/951/1563 1159/952/1563 301/949/1563
f 299/953/1564 1171/954/1564 300/951/1564
f 298/32/1565 1184/955/1565 299/953/1565
f 312/928/1566 1093/930/1566 372/44/1566
f 1093/930/1567 371/333/1567 372/44/1567
f 311/929/1568 1094/932/1568 1093/930/1568
f 1094/932/1569 1095/956/1569 1093/930/1569
f 1093/930/1570 1095/956/1570 371/333/1570
f 1095/956/1571 370/334/1571 371/333/1571
f 310/931/1572 1096/934/1572 1094/932/1572
f 1096/934/1573 1097/957/1573 1094/932/1573
f 1094/932/1574 1097/957/1574 1095/956/1574
f 1097/957/1575 1098/958/1575 1095/956/1575
f 1095/956/1576 1098/958/1576 370/334/1576
f 1098/958/1577 369/335/1577 370/334/1577
f 309/933/1578 1099/936/1578 1096/934/1578
f 1099/936/1579 1100/959/1579 1096/934/1579
f 1096/934/1580 1100/959/1580 1097/957/1580
f 1100/959/1581 1101/960/1581 1097/957/1581
f 1097/957/1582 1101/960/1582 1098/958/1582
f 1101/960/1583 1102/961/1583 1098/958/1583
f 1098/958/1584 1102/961/1584 369/335/1584
f 1102/961/1585 368/336/1585 369/335/1585
f 308/935/1586 1103/938/1586 1099/936/1586
f 1103/938/1587 1104/962/1587 1099/936/1587
f 1099/936/1588 1104/962/1588 1100/959/1588
f 1104/962/1589 1105/963/1589 1100/959/1589
f 1100/959/1590 1105/963/1590 1101/960/1590
f 1105/963/1591 1106/964/1591 1101/960/1591
f 1101/960/1592 1106/964/1592 1102/961/1592
f 1106/964/1593 1107/965/1593 1102/961/1593
f 1102/961/1594 1107/965/1594 368/336/1594
f 1107/965/1595 367/337/1595 368/336/1595
f 307/937/1596 1108/940/1596 1103/938/1596
f 1108/940/1597 1109/966/1597 1103/938/1597
f 1103/938/1598 1109/966/1598 1104/962/1598
f 1109/966/1599 1110/967/1599 1104/962/1599
f 1104/962/1600 1110/967/1600 1105/963/1600
f 1110/967/1601 1111/968/1601 1105/963/1601
f 1105/963/1602 1111/968/1602 1106/964/1602
f 1111/968/1603 1112/969/1603 1106/964/1603
f 1106/964/1604 1112/969/1604 1107/965/1604
f 1112/969/1605 1113/970/1605 1107/965/1605
f 1107/965/1606 1113/970/1606 367/337/1606
f 1113/970/1607 366/338/1607 367/337/1607
f 306/939/1608 1114/942/1608 1108/940/1608
f 1114/942/1609 1115/971/1609 1108/940/1609
f 1108/940/1610 1115/971/1610 1109/966/1610
f 1115/971/1611 1116/972/1611 1109/966/1611
f 1109/966/1612 1116/972/1612 1110/967/1612
f 1116/972/1613 1117/973/1613 1110/967/1613
f 1110/967/1614 1117/973/1614 1111/968/1614
f 1117/973/1615 1118/974/1615 1111/968/1615
f 1111/968/1616 1118/974/1616 1112/969/1616
f 1118/974/1617 1119/975/1617 1112/969/1617
f 1112/969/1618 1119/975/1618 1113/970/1618
f 1119/975/1619 1120/976/1619 1113/970/1619
f 1113/970/1620 1120/976/1620 366/338/1620
f 1120/976/1621 365/339/1621 366/338/1621
f 305/941/1622 1121/944/1622 1114/942/1622
f 1121/944/1623 1122/977/1623 1114/942/1623
f 1114/942/1624 1122/977/1624 1115/971/1624
f 1122/977/1625 1123/978/1625 1115/971/1625
f 1115/971/1626 1123/978/1626 1116/972/1626
f 1123/978/1627 1124/979/1627 1116/972/1627
f 1116/972/1628 1124/979/1628 1117/973/1628
f 1124/979/1629 1125/980/1629 1117/973/1629
f 1117/973/1630 1125/980/1630 1118/974/1630
f 1125/980/1631 1126/981/1631 1118/974/1631
f 1118/974/1632 1126/981/1632 1119/975/1632
f 1126/981/1633 1127/982/1633 1119/975/1633
f 1119/975/1634 1127/982/1634 1120/976/1634
f 1127/982/1635 1128/983/1635 1120/976/1635
f 1120/976/1636 1128/983/1636 365/339/1636
f 1128/983/1637 364/340/1637 365/339/1637
f 304/943/1638 1129/946/1638 1121/944/1638
f 1129/946/1639 1130/984/1639 1121/944/1639
f 1121/944/1640 1130/984/1640 1122/977/1640
f 1130/984/1641 1131/985/1641 1122/977/1641
f 1122/977/1642 1131/985/1642 1123/978/1642
f 1131/985/1643 1132/986/1643 1123/978/1643
f 1123/978/1644 1132/986/1644 1124/979/1644
f 1132/986/1645 1133/987/1645 1124/979/1645
f 1124/979/1646 1133/987/1646 1125/980/1646
f 1133/987/1647 1134/988/1647 1125/980/1647
f 1125/980/1648 1134/988/1648 1126/981/1648
f 1134/988/1649 1135/989/1649 1126/981/1649
f 1126/981/1650 1135/989/1650 1127/982/1650
f 1135/989/1651 1136/990/1651 1127/982/1651
f 1127/982/1652 1136/990/1652 1128/983/1652
f 1136/990/1653 1137/991/1653 1128/983/1653
f 1128/983/1654 1137/991/1654 364/340/1654
f 1137/991/1655 363/341/1655 364/340/1655
f 303/945/1656 1138/948/1656 1129/946/1656
f 1138/948/1657 1139/992/1657 1129/946/1657
f 1129/946/1658 1139/992/1658 1130/984/1658
f 1139/992/1659 1140/993/1659 1130/984/1659
f 1130/984/1660 1140/993/1660 1131/985/1660
f 1140/993/1661 1141/994/1661 1131/985/1661
f 1131/985/1662 1141/994/1662 1132/986/1662
f 1141/994/1663 1142/995/1663 1132/986/1663
f 1132/986/1664 1142/995/1664 1133/987/1664
f 1142/995/1665 1143/996/1665 1133/987/1665
f 1133/987/1666 1143/996/1666 1134/988/1666
f 1143/996/1667 1144/997/1667 1134/988/1667
f 1134/988/1668 1144/997/1668 1135/989/1668
f 1144/997/1669 1145/998/1669 1135/989/1669
f 1135/989/1670 1145/998/1670 1136/990/1670
f 1145/998/1671 1146/999/1671 1136/990/1671
f 1136/990/1672 1146/999/1672 1137/991/1672
f 1146/999/1673 1147/1000/1673 1137/991/1673
f 1137/991/1674 1147/1000/1674 363/341/1674
f 1147/1000/1675 362/342/1675 363/341/1675
f 302/947/1676 1148/950/1676 1138/948/1676
f 1148/950/1677 1149/1001/1677 1138/948/1677
f 1138/948/1678 1149/1001/1678 1139/992/1678
f 1149/1001/1679 1150/1002/1679 1139/992/1679
f 1139/992/1680 1150/1002/1680 1140/993/1680
f 1150/1002/1681 1151/1003/1681 1140/993/1681
f 1140/993/1682 1151/1003/1682 1141/994/1682
f 1151/1003/1683 1152/1004/1683 1141/994/1683
f 1141/994/1684 1152/1004/1684 1142/995/1684
f 1152/1004/1685 1153/1005/1685 1142/995/1685
f 1142/995/1686 1153/1005/1686 1143/996/1686
f 1153/1005/1687 1154/1006/1687 1143/996/1687
f 1143/996/1688 1154/1006/1688 1144/997/1688
f 1154/1006/1689 1155/1007/1689 1144/997/1689
f 1144/997/1690 1155/1007/1690 1145/998/1690
f 1155/1007/1691 1156/1008/1691 1145/998/1691
f 1145/998/1692 1156/1008/1692 1146/999/1692
f 1156/1008/1693 1157/1009/1693 1146/999/1693
f 1146/999/1694 1157/1009/1694 1147/1000/1694
f 1157/1009/1695 1158/1010/1695 1147/1000/1695
f 1147/1000/1696 1158/1010/1696 362/342/1696
f 1158/1010/1697 361/343/1697 362/342/1697
f 301/949/1698 1159/952/1698 1148/950/1698
f 1159/952/1699 1160/1011/1699 1148/950/1699
f 1148/950/1700 1160/1011/1700 1149/1001/1700
f 1160/1011/1701 1161/1012/1701 1149/1001/1701
f 1149/1001/1702 1161/1012/1702 1150/1002/1702
f 1161/1012/1703 1162/1013/1703 1150/1002/1703
f 1150/1002/1704 1162/1013/1704 1151/1003/1704
f 1162/1013/1705 1163/1014/1705 1151/1003/1705
f 1151/1003/1706 1163/1014/1706 1152/1004/1706
f 1163/1014/1707 1164/1015/1707 1152/1004/1707
f 1152/1004/1708 1164/1015/1708 1153/1005/1708
f 1164/1015/1709 1165/1016/1709 1153/1005/1709
f 1153/1005/1710 1165/1016/1710 1154/1006/1710
f 1165/1016/1711 1166/1017/1711 1154/1006/1711
f 1154/1006/1712 1166/1017/1712 1155/1007/1712
f 1166/1017/1713 1167/1018/1713 1155/1007/1713
f 1155/1007/1714 1167/1018/1714 1156/1008/1714
f 1167/1018/1715 1168/1019/1715 1156/1008/1715
f 1156/1008/1716 1168/1019/1716 1157/1009/1716
f 1168/1019/1717 1169/1020/1717 1157/1009/1717
f 1157/1009/1718 1169/1020/1718 1158/1010/1718
f 1169/1020/1719 1170/1021/1719 1158/1010/1719
f 1158/1010/1720 1170/1021/1720 361/343/1720
f 1170/1021/1721 360/344/1721 361/343/1721
f 300/951/1722 1171/954/1722 1159/952/1722
f 1171/954/1723 1172/1022/1723 1159/952/1723
f 1159/952/1724 1172/1022/1724 1160/1011/1724
f 1172/1022/1725 1173/1023/1725 1160/1011/1725
f 1160/1011/1726 1173/1023/1726 1161/1012/1726
f 1173/1023/1727 1174/1024/1727 1161/1012/1727
f 1161/1012/1728 1174/1024/1728 1162/1013/1728
f 1174/1024/1729 1175/1025/1729 1162/1013/1729
f 1162/1013/1730 1175/1025/1730 1163/1014/1730
f 1175/1025/1731 1176/1026/1731 1163/1014/1731
f 1163/1014/1732 1176/1026/1732 1164/1015/1732
f 1176/1026/1733 1177/1027/1733 1164/1015/1733
f 1164/1015/1734 1177/1027/1734 1165/1016/1734
f 1177/1027/1735 1178/1028/1735 1165/1016/1735
f 1165/1016/1736 1178/1028/1736 1166/1017/1736
f 1178/1028/1737 1179/1029/1737 1166/1017/1737
f 1166/1017/1738 1179/1029/1738 1167/1018/1738
f 1179/1029/1739 1180/1030/1739 1167/1018/1739
f 1167/1018/1740 1180/1030/1740 1168/1019/1740
f 1180/1030/1741 1181/1031/1741 1168/1019/1741
f 1168/1019/1742 1181/1031/1742 1169/1020/1742
f 1181/1031/1743 1182/1032/1743 1169/1020/1743
f 1169/1020/1744 1182/1032/1744 1170/1021/1744
f 1182/1032/1745 1183/1033/1745 1170/1021/1745
f 1170/1021/1746 1183/1033/1746 360/344/1746
f 1183/1033/1747 359/345/1747 360/344/1747
f 299/953/1748 1184/955/1748 1171/954/1748
f 1184/955/1749 1185/1034/1749 1171/954/1749
f 1171/954/1750 1185/1034/1750 1172/1022/1750
f 1185/1034/1751 1186/1035/1751 1172/1022/1751
f 1172/1022/1752 1186/1035/1752 1173/1023/1752
f 1186/1035/1753 1187/1036/1753 1173/1023/1753
f 1173/1023/1754 1187/1036/1754 1174/1024/1754
f 1187/1036/1755 1188/1037/1755 1174/1024/1755
f 1174/1024/1756 1188/1037/1756 1175/1025/1756
f 1188/1037/1757 1189/1038/1757 1175/1025/1757
f 1175/1025/1758 1189/1038/1758 1176/1026/1758
f 1189/1038/1759 1190/1039/1759 1176/1026/1759
f 1176/1026/1760 1190/1039/1760 1177/1027/1760
f 1190/1039/1761 1191/1040/1761 1177/1027/1761
f 1177/1027/1762 1191/1040/1762 1178/1028/1762
f 1191/1040/1763 1192/1041/1763 1178/1028/1763
f 1178/1028/1764 1192/1041/1764 1179/1029/1764
f 1192/1041/1765 1193/1042/1765 1179/1029/1765
f 1179/1029/1766 1193/1042/1766 1180/1030/1766
f 1193/1042/1767 1194/1043/1767 1180/1030/1767
f 1180/1030/1768 1194/1043/1768 1181/1031/1768
f 1194/1043/1769 1195/1044/1769 1181/1031/1769
f 1181/1031/1770 1195/1044/1770 1182/1032/1770
f 1195/1044/1771 1196/1045/1771 1182/1032/1771
f 1182/1032/1772 1196/1045/1772 1183/1033/1772
f 1196/1045/1773 1197/1046/1773 1183/1033/1773
f 1183/1033/1774 1197/1046/1774 359/345/1774
f 1197/1046/1775 358/346/1775 359/345/1775
f 298/32/1776 267/25/1776 1184/955/1776
f 267/25/1777 266/1047/1777 1184/955/1777
f 1184/955/1778 266/1047/1778 1185/1034/1778
f 266/1047/1779 265/1048/1779 1185/1034/1779
f 1185/1034/1780 265/1048/1780 1186/1035/1780
f 265/1048/1781 264/1049/1781 1186/1035/1781
f 1186/1035/1782 264/1049/1782 1187/1036/1782
f 264/1049/1783 263/1050/1783 1187/1036/1783
f 1187/1036/1784 263/1050/1784 1188/1037/1784
f 263/1050/1785 262/1051/1785 1188/1037/1785
f 1188/1037/1786 262/1051/1786 1189/1038/1786
f 262/1051/1787 261/1052/1787 1189/1038/1787
f 1189/1038/1788 261/1052/1788 1190/1039/1788
f 261/1052/1789 260/1053/1789 1190/1039/1789
f 1190/1039/1790 260/1053/1790 1191/1040/1790
f 260/1053/1791 259/1054/1791 1191/1040/1791
f 1191/1040/1792 259/1054/1792 1192/1041/1792
f 259/1054/1793 258/1055/1793 1192/1041/1793
f 1192/1041/1794 258/1055/1794 1193/1042/1794
f 258/1055/1795 257/1056/1795 1193/1042/1795
f 1193/1042/1796 257/1056/1796 1194/1043/1796
f 257/1056/1797 256/1057/1797 1194/1043/1797
f 1194/1043/1798 256/1057/1798 1195/1044/1798
f 256/1057/1799 255/1058/1799 1195/1044/1799
f 1195/1044/1800 255/1058/1800 1196/1045/1800
f 255/1058/1801 254/1059/1801 1196/1045/1801
f 1196/1045/1802 254/1059/1802 1197/1046/1802
f 254/1059/1803 253/1060/1803 1197/1046/1803
f 1197/1046/1804 253/1060/1804 358/346/1804
f 253/1060/1805 9/40/1805 358/346/1805
f 282/1061/1806 357/41/1806 9/40/1806
f 281/1062/1807 1198/1063/1807 282/1061/1807
f 280/1064/1808 1199/1065/1808 281/1062/1808
f 279/1066/1809 1201/1067/1809 280/1064/1809
f 278/1068/1810 1204/1069/1810 279/1066/1810
f 277/1070/1811 1208/1071/1811 278/1068/1811
f 276/1072/1812 1213/1073/1812 277/1070/1812
f 275/1074/1813 1219/1075/1813 276/1072/1813
f 274/1076/1814 1226/1077/1814 275/1074/1814
f 273/1078/1815 1234/1079/1815 274/1076/1815
f 272/1080/1816 1243/1081/1816 273/1078/1816
f 271/1082/1817 1253/1083/1817 272/1080/1817
f 270/1084/1818 1264/1085/1818 271/1082/1818
f 269/1086/1819 1276/1087/1819 270/1084/1819
f 268/31/1820 1289/1088/1820 269/1086/1820
f 282/1061/1821 1198/1063/1821 357/41/1821
f 1198/1063/1822 356/482/1822 357/41/1822
f 281/1062/1823 1199/1065/1823 1198/1063/1823
f 1199/1065/1824 1200/1089/1824 1198/1063/1824
f 1198/1063/1825 1200/1089/1825 356/482/1825
f 1200/1089/1826 355/483/1826 356/482/1826
f 280/1064/1827 1201/1067/1827 1199/1065/1827
f 1201/1067/1828 1202/1090/1828 1199/1065/1828
f 1199/1065/1829 1202/1090/1829 1200/1089/1829
f 1202/1090/1830 1203/1091/1830 1200/1089/1830
f 1200/1089/1831 1203/1091/1831 355/483/1831
f 1203/1091/1832 354/484/1832 355/483/1832
f 279/1066/1833 1204/1069/1833 1201/1067/1833
f 1204/1069/1834 1205/1092/1834 1201/1067/1834
f 1201/1067/1835 1205/1092/1835 1202/1090/1835
f 1205/1092/1836 1206/1093/1836 1202/1090/1836
f 1202/1090/1837 1206/1093/1837 1203/1091/1837
f 1206/1093/1838 1207/1094/1838 1203/1091/1838
f 1203/1091/1839 1207/1094/1839 354/484/1839
f 1207/1094/1840 353/485/1840 354/484/1840
f 278/1068/1841 1208/1071/1841 1204/1069/1841
f 1208/1071/1842 1209/1095/1842 1204/1069/1842
f 1204/1069/1843 1209/1095/1843 1205/1092/1843
f 1209/1095/1844 1210/1096/1844 1205/1092/1844
f 1205/1092/1845 1210/1096/1845 1206/1093/1845
f 1210/1096/1846 1211/1097/1846 1206/1093/1846
f 1206/1093/1847 1211/1097/1847 1207/1094/1847
f 1211/1097/1848 1212/1098/1848 1207/1094/1848
f 1207/1094/1849 1212/1098/1849 353/485/1849
f 1212/1098/1850 352/486/1850 353/485/1850
f 277/1070/1851 1213/1073/1851 1208/1071/1851
f 1213/1073/1852 1214/1099/1852 1208/1071/1852
f 1208/1071/1853 1214/1099/1853 1209/1095/1853
f 1214/1099/1854 1215/1100/1854 1209/1095/1854
f 1209/1095/1855 1215/1100/1855 1210/1096/1855
f 1215/1100/1856 1216/1101/1856 1210/1096/1856
f 1210/1096/1857 1216/1101/1857 1211/1097/1857
f 1216/1101/1858 1217/1102/1858 1211/1097/1858
f 1211/1097/1859 1217/1102/1859 1212/1098/1859
f 1217/1102/1860 1218/1103/1860 1212/1098/1860
f 1212/1098/1861 1218/1103/1861 352/486/1861
f 1218/1103/1862 351/487/1862 352/486/1862
f 276/1072/1863 1219/1075/1863 1213/1073/1863
f 1219/1075/1864 1220/1104/1864 1213/1073/1864
f 1213/1073/1865 1220/1104/1865 1214/1099/1865
f 1220/1104/1866 1221/1105/1866 1214/1099/1866
f 1214/1099/1867 1221/1105/1867 1215/1100/1867
f 1221/1105/1868 1222/1106/1868 1215/1100/1868
f 1215/1100/1869 1222/1106/1869 1216/1101/1869
f 1222/1106/1870 1223/1107/1870 1216/1101/1870
f 1216/1101/1871 1223/1107/1871 1217/1102/1871
f 1223/1107/1872 1224/1108/1872 1217/1102/1872
f 1217/1102/1873 1224/1108/1873 1218/1103/1873
f 1224/1108/1874 1225/1109/1874 1218/1103/1874
f 1218/1103/1875 1225/1109/1875 351/487/1875
f 1225/1109/1876 350/488/1876 351/487/1876
f 275/1074/1877 1226/1077/1877 1219/1075/1877
f 1226/1077/1878 1227/1110/1878 1219/1075/1878
f 1219/1075/1879 1227/1110/1879 1220/1104/1879
f 1227/1110/1880 1228/1111/1880 1220/1104/1880
f 1220/1104/1881 1228/1111/1881 1221/1105/1881
f 1228/1111/1882 1229/1112/1882 1221/1105/1882
f 1221/1105/1883 1229/1112/1883 1222/1106/1883
f 1229/1112/1884 1230/1113/1884 1222/1106/1884
f 1222/1106/1885 1230/1113/1885 1223/1107/1885
f 1230/1113/1886 1231/1114/1886 1223/1107/1886
f 1223/1107/1887 1231/1114/1887 1224/1108/1887
f 1231/1114/1888 1232/1115/1888 1224/1108/1888
f 1224/1108/1889 1232/1115/1889 1225/1109/1889
f 1232/1115/1890 1233/1116/1890 1225/1109/1890
f 1225/1109/1891 1233/1116/1891 350/488/1891
f 1233/1116/1892 349/489/1892 350/488/1892
f 274/1076/1893 1234/1079/1893 1226/1077/1893
f 1234/1079/1894 1235/1117/1894 1226/1077/1894
f 1226/1077/1895 1235/1117/1895 1227/1110/1895
f 1235/1117/1896 1236/1118/1896 1227/1110/1896
f 1227/1110/1897 1236/1118/1897 1228/1111/1897
f 1236/1118/1898 1237/1119/1898 1228/1111/1898
f 1228/1111/1899 1237/1119/1899 1229/1112/1899
f 1237/1119/1900 1238/1120/1900 1229/1112/1900
f 1229/1112/1901 1238/1120/1901 1230/1113/1901
f 1238/1120/1902 1239/1121/1902 1230/1113/1902
f 1230/1113/1903 1239/1121/1903 1231/1114/1903
f 1239/1121/1904 1240/1122/1904 1231/1114/1904
f 1231/1114/1905 1240/1122/1905 1232/1115/1905
f 1240/1122/1906 1241/1123/1906 1232/1115/1906
f 1232/1115/1907 1241/1123/1907 1233/1116/1907
f 1241/1123/1908 1242/1124/1908 1233/1116/1908
f 1233/1116/1909 1242/1124/1909 349/489/1909
f 1242/1124/1910 348/490/1910 349/489/1910
f 273/1078/1911 1243/1081/1911 1234/1079/1911
f 1243/1081/1912 1244/1125/1912 1234/1079/1912
f 1234/1079/1913 1244/1125/1913 1235/1117/1913
f 1244/1125/1914 1245/1126/1914 1235/1117/1914
f 1235/1117/1915 1245/1126/1915 1236/1118/1915
f 1245/1126/1916 1246/1127/1916 1236/1118/1916
f 1236/1118/1917 1246/1127/1917 1237/1119/1917
f 1246/1127/1918 1247/1128/1918 1237/1119/1918
f 1237/1119/1919 1247/1128/1919 1238/1120/1919
f 1247/1128/1920 1248/1129/1920 1238/1120/1920
f 1238/1120/1921 1248/1129/1921 1239/1121/1921
f 1248/1129/1922 1249/1130/1922 1239/1121/1922
f 1239/1121/1923 1249/1130/1923 1240/1122/1923
f 1249/1130/1924 1250/1131/1924 1240/1122/1924
f 1240/1122/1925 1250/1131/1925 1241/1123/1925
f 1250/1131/1926 1251/1132/1926 1241/1123/1926
f 1241/1123/1927 1251/1132/1927 1242/1124/1927
f 1251/1132/1928 1252/1133/1928 1242/1124/1928
f 1242/1124/1929 1252/1133/1929 348/490/1929
f 1252/1133/1930 347/491/1930 348/490/1930
f 272/1080/1931 1253/1083/1931 1243/1081/1931
f 1253/1083/1932 1254/1134/1932 1243/1081/1932
f 1243/1081/1933 1254/1134/1933 1244/1125/1933
f 1254/1134/1934 1255/1135/1934 1244/1125/1934
f 1244/1125/1935 1255/1135/1935 1245/1126/1935
f 1255/1135/1936 1256/1136/1936 1245/1126/1936
f 1245/1126/1937 1256/1136/1937 1246/1127/1937
f 1256/1136/1938 1257/1137/1938 1246/1127/1938
f 1246/1127/1939 1257/1137/1939 1247/1128/1939
f 1257/1137/1940 1258/1138/1940 1247/1128/1940
f 1247/1128/1941 1258/1138/1941 1248/1129/1941
f 1258/1138/1942 1259/1139/1942 1248/1129/1942
f 1248/1129/1943 1259/1139/1943 1249/1130/1943
f 1259/1139/1944 1260/1140/1944 1249/1130/1944
f 1249/1130/1945 1260/1140/1945 1250/1131/1945
f 1260/1140/1946 1261/1141/1946 1250/1131/1946
f 1250/1131/1947 1261/1141/1947 1251/1132/1947
f 1261/1141/1948 1262/1142/1948 1251/1132/1948
f 1251/1132/1949 1262/1142/1949 1252/1133/1949
f 1262/1142/1950 1263/1143/1950 1252/1133/1950
f 1252/1133/1951 1263/1143/1951 347/491/1951
f 1263/1143/1952 346/492/1952 347/491/1952
f 271/1082/1953 1264/1085/1953 1253/1083/1953
f 1264/1085/1954 1265/1144/1954 1253/1083/1954
f 1253/1083/1955 1265/1144/1955 1254/1134/1955
f 1265/1144/1956 1266/1145/1956 1254/1134/1956
f 1254/1134/1957 1266/1145/1957 1255/1135/1957
f 1266/1145/1958 1267/1146/1958 1255/1135/1958
f 1255/1135/1959 1267/1146/1959 1256/1136/1959
f 1267/1146/1960 1268/1147/1960 1256/1136/1960
f 1256/1136/1961 1268/1147/1961 1257/1137/1961
f 1268/1147/1962 1269/1148/1962 1257/1137/1962
f 1257/1137/1963 1269/1148/1963 1258/1138/1963
f 1269/1148/1964 1270/1149/1964 1258/1138/1964
f 1258/1138/1965 1270/1149/1965 1259/1139/1965
f 1270/1149/1966 1271/1150/1966 1259/1139/1966
f 1259/1139/1967 1271/1150/1967 1260/1140/1967
f 1271/1150/1968 1272/1151/1968 1260/1140/1968
f 1260/1140/1969 1272/1151/1969 1261/1141/1969
f 1272/1151/1970 1273/1152/1970 1261/1141/1970
f 1261/1141/1971 1273/1152/1971 1262/1142/1971
f 1273/1152/1972 1274/1153/1972 1262/1142/1972
f 1262/1142/1973 1274/1153/1973 1263/1143/1973
f 1274/1153/1974 1275/1154/1974 1263/1143/1974
f 1263/1143/1975 1275/1154/1975 346/492/1975
f 1275/1154/1976 345/493/1976 346/492/1976
f 270/1084/1977 1276/1087/1977 1264/1085/1977
f 1276/1087/1978 1277/1155/1978 1264/1085/1978
f 1264/1085/1979 1277/1155/1979 1265/1144/1979
f 1277/1155/1980 1278/1156/1980 1265/1144/1980
f 1265/1144/1981 1278/1156/1981 1266/1145/1981
f 1278/1156/1982 1279/1157/1982 1266/1145/1982
f 1266/1145/1983 1279/1157/1983 1267/1146/1983
f 1279/1157/1984 1280/1158/1984 1267/1146/1984
f 1267/1146/1985 1280/1158/1985 1268/1147/1985
f 1280/1158/1986 1281/1159/1986 1268/1147/1986
f 1268/1147/1987 1281/1159/1987 1269/1148/1987
f 1281/1159/1988 1282/1160/1988 1269/1148/1988
f 1269/1148/1989 1282/1160/1989 1270/1149/1989
f 1282/1160/1990 1283/1161/1990 1270/1149/1990
f 1270/1149/1991 1283/1161/1991 1271/1150/1991
f 1283/1161/1992 1284/1162/1992 1271/1150/1992
f 1271/1150/1993 1284/1162/1993 1272/1151/1993
f 1284/1162/1994 1285/1163/1994 1272/1151/1994
f 1272/1151/1995 1285/1163/1995 1273/1152/1995
f 1285/1163/1996 1286/1164/1996 1273/1152/1996
f 1273/1152/1997 1286/1164/1997 1274/1153/1997
f 1286/1164/1998 1287/1165/1998 1274/1153/1998
f 1274/1153/1999 1287/1165/1999 1275/1154/1999
f 1287/1165/2000 1288/1166/2000 1275/1154/2000
f 1275/1154/2001 1288/1166/2001 345/493/2001
f 1288/1166/2002 344/494/2002 345/493/2002
f 269/1086/2003 1289/1088/2003 1276/1087/2003
f 1289/1088/2004 1290/1167/2004 1276/1087/2004
f 1276/1087/2005 1290/1167/2005 1277/1155/2005
f 1290/1167/2006 1291/1168/2006 1277/1155/2006
f 1277/1155/2007 1291/1168/2007 1278/1156/2007
f 1291/1168/2008 1292/1169/2008 1278/1156/2008
f 1278/1156/2009 1292/1169/2009 1279/1157/2009
f 1292/1169/2010 1293/1170/2010 1279/1157/2010
f 1279/1157/2011 1293/1170/2011 1280/1158/2011
f 1293/1170/2012 1294/1171/2012 1280/1158/2012
f 1280/1158/2013 1294/1171/2013 1281/1159/2013
f 1294/1171/2014 1295/1172/2014 1281/1159/2014
f 1281/1159/2015 1295/1172/2015 1282/1160/2015
f 1295/1172/2016 1296/1173/2016 1282/1160/2016
f 1282/1160/2017 1296/1173/2017 1283/1161/2017
f 1296/1173/2018 1297/1174/2018 1283/1161/2018
f 1283/1161/2019 1297/1174/2019 1284/1162/2019
f 1297/1174/2020 1298/1175/2020 1284/1162/2020
f 1284/1162/2021 1298/1175/2021 1285/1163/2021
f 1298/1175/2022 1299/1176/2022 1285/1163/2022
f 1285/1163/2023 1299/1176/2023 1286/1164/2023
f 1299/1176/2024 1300/1177/2024 1286/1164/2024
f 1286/1164/2025 1300/1177/2025 1287/1165/2025
f 1300/1177/2026 1301/1178/2026 1287/1165/2026
f 1287/1165/2027 1301/1178/2027 1288/1166/2027
f 1301/1178/2028 1302/1179/2028 1288/1166/2028
f 1288/1166/2029 1302/1179/2029 344/494/2029
f 1302/1179/2030 343/495/2030 344/494/2030
f 268/31/2031 237/22/2031 1289/1088/2031
f 237/22/2032 236/1180/2032 1289/1088/2032
f 1289/1088/2033 236/1180/2033 1290/1167/2033
f 236/1180/2034 235/1181/2034 1290/1167/2034
f 1290/1167/2035 235/1181/2035 1291/1168/2035
f 235/1181/2036 234/1182/2036 1291/1168/2036
f 1291/1168/2037 234/1182/2037 1292/1169/2037
f 234/1182/2038 233/1183/2038 1292/1169/2038
f 1292/1169/2039 233/1183/2039 1293/1170/2039
f 233/1183/2040 232/1184/2040 1293/1170/2040
f 1293/1170/2041 232/1184/2041 1294/1171/2041
f 232/1184/2042 231/1185/2042 1294/1171/2042
f 1294/1171/2043 231/1185/2043 1295/1172/2043
f 231/1185/2044 230/1186/2044 1295/1172/2044
f 1295/1172/2045 230/1186/2045 1296/1173/2045
f 230/1186/2046 229/1187/2046 1296/1173/2046
f 1296/1173/2047 229/1187/2047 1297/1174/2047
f 229/1187/2048 228/1188/2048 1297/1174/2048
f 1297/1174/2049 228/1188/2049 1298/1175/2049
f 228/1188/2050 227/1189/2050 1298/1175/2050
f 1298/1175/2051 227/1189/2051 1299/1176/2051
f 227/1189/2052 226/1190/2052 1299/1176/2052
f 1299/1176/2053 226/1190/2053 1300/1177/2053
f 226/1190/2054 225/1191/2054 1300/1177/2054
f 1300/1177/2055 225/1191/2055 1301/1178/2055
f 225/1191/2056 224/1192/2056 1301/1178/2056
f 1301/1178/2057 224/1192/2057 1302/1179/2057
f 224/1192/2058 223/1193/2058 1302/1179/2058
f 1302/1179/2059 223/1193/2059 343/495/2059
f 223/1193/2060 8/496/2060 343/495/2060
f 252/1194/2061 342/38/2061 8/37/2061
f 251/1195/2062 1303/1196/2062 252/1194/2062
f 250/1197/2063 1304/1198/2063 251/1195/2063
f 249/1199/2064 1306/1200/2064 250/1197/2064
f 248/1201/2065 1309/1202/2065 249/1199/2065
f 247/1203/2066 1313/1204/2066 248/1201/2066
f 246/1205/2067 1318/1206/2067 247/1203/2067
f 245/1207/2068 1324/1208/2068 246/1205/2068
f 244/1209/2069 1331/1210/2069 245/1207/2069
f 243/1211/2070 1339/1212/2070 244/1209/2070
f 242/1213/2071 1348/1214/2071 243/1211/2071
f 241/1215/2072 1358/1216/2072 242/1213/2072
f 240/1217/2073 1369/1218/2073 241/1215/2073
f 239/1219/2074 1381/1220/2074 240/1217/2074
f 238/30/2075 1394/1221/2075 239/1219/2075
f 252/1194/2076 1303/1196/2076 342/38/2076
f 1303/1196/2077 341/632/2077 342/38/2077
f 251/1195/2078 1304/1198/2078 1303/1196/2078
f 1304/1198/2079 1305/1222/2079 1303/1196/2079
f 1303/1196/2080 1305/1222/2080 341/632/2080
f 1305/1222/2081 340/633/2081 341/632/2081
f 250/1197/2082 1306/1200/2082 1304/1198/2082
f 1306/1200/2083 1307/1223/2083 1304/1198/2083
f 1304/1198/2084 1307/1223/2084 1305/1222/2084
f 1307/1223/2085 1308/1224/2085 1305/1222/2085
f 1305/1222/2086 1308/1224/2086 340/633/2086
f 1308/1224/2087 339/634/2087 340/633/2087
f 249/1199/2088 1309/1202/2088 1306/1200/2088
f 1309/1202/2089 1310/1225/2089 1306/1200/2089
f 1306/1200/2090 1310/1225/2090 1307/1223/2090
f 1310/1225/2091 1311/1226/2091 1307/1223/2091
f 1307/1223/2092 1311/1226/2092 1308/1224/2092
f 1311/1226/2093 1312/1227/2093 1308/1224/2093
f 1308/1224/2094 1312/1227/2094 339/634/2094
f 1312/1227/2095 338/635/2095 339/634/2095
f 248/1201/2096 1313/1204/2096 1309/1202/2096
f 1313/1204/2097 1314/1228/2097 1309/1202/2097
f 1309/1202/2098 1314/1228/2098 1310/1225/2098
f 1314/1228/2099 1315/1229/2099 1310/1225/2099
f 1310/1225/2100 1315/1229/2100 1311/1226/2100
f 1315/1229/2101 1316/1230/2101 1311/1226/2101
f 1311/1226/2102 1316/1230/2102 1312/1227/2102
f 1316/1230/2103 1317/1231/2103 1312/1227/2103
f 1312/1227/2104 1317/1231/2104 338/635/2104
f 1317/1231/2105 337/636/2105 338/635/2105
f 247/1203/2106 1318/1206/2106 1313/1204/2106
f 1318/1206/2107 1319/1232/2107 1313/1204/2107
f 1313/1204/2108 1319/1232/2108 1314/1228/2108
f 1319/1232/2109 1320/1233/2109 1314/1228/2109
f 1314/1228/2110 1320/1233/2110 1315/1229/2110
f 1320/1233/2111 1321/1234/2111 1315/1229/2111
f 1315/1229/2112 1321/1234/2112 1316/1230/2112
f 1321/1234/2113 1322/1235/2113 1316/1230/2113
f 1316/1230/2114 1322/1235/2114 1317/1231/2114
f 1322/1235/2115 1323/1236/2115 1317/1231/2115
f 1317/1231/2116 1323/1236/2116 337/636/2116
f 1323/1236/2117 336/637/2117 337/636/2117
f 246/1205/2118 1324/1208/2118 1318/1206/2118
f 1324/1208/2119 1325/1237/2119 1318/1206/2119
f 1318/1206/2120 1325/1237/2120 1319/1232/2120
f 1325/1237/2121 1326/1238/2121 1319/1232/2121
f 1319/1232/2122 1326/1238/2122 1320/1233/2122
f 1326/1238/2123 1327/1239/2123 1320/1233/2123
f 1320/1233/2124 1327/1239/2124 1321/1234/2124
f 1327/1239/2125 1328/1240/2125 1321/1234/2125
f 1321/1234/2126 1328/1240/2126 1322/1235/2126
f 1328/1240/2127 1329/1241/2127 1322/1235/2127
f 1322/1235/2128 1329/1241/2128 1323/1236/2128
f 1329/1241/2129 1330/1242/2129 1323/1236/2129
f 1323/1236/2130 1330/1242/2130 336/637/2130
f 1330/1242/2131 335/638/2131 336/637/2131
f 245/1207/2132 1331/1210/2132 1324/1208/2132
f 1331/1210/2133 1332/1243/2133 1324/1208/2133
f 1324/1208/2134 1332/1243/2134 1325/1237/2134
f 1332/1243/2135 1333/1244/2135 1325/1237/2135
f 1325/1237/2136 1333/1244/2136 1326/1238/2136
f 1333/1244/2137 1334/1245/2137 1326/1238/2137
f 1326/1238/2138 1334/1245/2138 1327/1239/2138
f 1334/1245/2139 1335/1246/2139 1327/1239/2139
f 1327/1239/2140 1335/1246/2140 1328/1240/2140
f 1335/1246/2141 1336/1247/2141 1328/1240/2141
f 1328/1240/2142 1336/1247/2142 1329/1241/2142
f 1336/1247/2143 1337/1248/2143 1329/1241/2143
f 1329/1241/2144 1337/1248/2144 1330/1242/2144
f 1337/1248/2145 1338/1249/2145 1330/1242/2145
f 1330/1242/2146 1338/1249/2146 335/638/2146
f 1338/1249/2147 334/639/2147 335/638/2147
f 244/1209/2148 1339/1212/2148 1331/1210/2148
f 1339/1212/2149 1340/1250/2149 1331/1210/2149
f 1331/1210/2150 1340/1250/2150 1332/1243/2150
f 1340/1250/2151 1341/1251/2151 1332/1243/2151
f 1332/1243/2152 1341/1251/2152 1333/1244/2152
f 1341/1251/2153 1342/1252/2153 1333/1244/2153
f 1333/1244/2154 1342/1252/2154 1334/1245/2154
f 1342/1252/2155 1343/1253/2155 1334/1245/2155
f 1334/1245/2156 1343/1253/2156 1335/1246/2156
f 1343/1253/2157 1344/1254/2157 1335/1246/2157
f 1335/1246/2158 1344/1254/2158 1336/1247/2158
f 1344/1254/2159 1345/1255/2159 1336/1247/2159
f 1336/1247/2160 1345/1255/2160 1337/1248/2160
f 1345/1255/2161 1346/1256/2161 1337/1248/2161
f 1337/1248/2162 1346/1256/2162 1338/1249/2162
f 1346/1256/2163 1347/1257/2163 1338/1249/2163
f 1338/1249/2164 1347/1257/2164 334/639/2164
f 1347/1257/2165 333/640/2165 334/639/2165
f 243/1211/2166 1348/1214/2166 1339/1212/2166
f 1348/1214/2167 1349/1258/2167 1339/1212/2167
f 1339/1212/2168 1349/1258/2168 1340/1250/2168
f 1349/1258/2169 1350/1259/2169 1340/1250/2169
f 1340/1250/2170 1350/1259/2170 1341/1251/2170
f 1350/1259/2171 1351/1260/2171 1341/1251/2171
f 1341/1251/2172 1351/1260/2172 1342/1252/2172
f 1351/1260/2173 1352/1261/2173 1342/1252/2173
f 1342/1252/2174 1352/1261/2174 1343/1253/2174
f 1352/1261/2175 1353/1262/2175 1343/1253/2175
f 1343/1253/2176 1353/1262/2176 1344/1254/2176
f 1353/1262/2177 1354/1263/2177 1344/1254/2177
f 1344/1254/2178 1354/1263/2178 1345/1255/2178
f 1354/1263/2179 1355/1264/2179 1345/1255/2179
f 1345/1255/2180 1355/1264/2180 1346/1256/2180
f 1355/1264/2181 1356/1265/2181 1346/1256/2181
f 1346/1256/2182 1356/1265/2182 1347/1257/2182
f 1356/1265/2183 1357/1266/2183 1347/1257/2183
f 1347/1257/2184 1357/1266/2184 333/640/2184
f 1357/1266/2185 332/641/2185 333/640/2185
f 242/1213/2186 1358/1216/2186 1348/1214/2186
f 1358/1216/2187 1359/1267/2187 1348/1214/2187
f 1348/1214/2188 1359/1267/2188 1349/1258/2188
f 1359/1267/2189 1360/1268/2189 1349/1258/2189
f 1349/1258/2190 1360/1268/2190 1350/1259/2190
f 1360/1268/2191 1361/1269/2191 1350/1259/2191
f 1350/1259/2192 1361/1269/2192 1351/1260/2192
f 1361/1269/2193 1362/1270/2193 1351/1260/2193
f 1351/1260/2194 1362/1270/2194 1352/1261/2194
f 1362/1270/2195 1363/1271/2195 1352/1261/2195
f 1352/1261/2196 1363/1271/2196 1353/1262/2196
f 1363/1271/2197 1364/1272/2197 1353/1262/2197
f 1353/1262/2198 1364/1272/2198 1354/1263/2198
f 1364/1272/2199 1365/1273/2199 1354/1263/2199
f 1354/1263/2200 1365/1273/2200 1355/1264/2200
f 1365/1273/2201 1366/1274/2201 1355/1264/2201
f 1355/1264/2202 1366/1274/2202 1356/1265/2202
f 1366/1274/2203 1367/1275/2203 1356/1265/2203
f 1356/1265/2204 1367/1275/2204 1357/1266/2204
f 1367/1275/2205 1368/1276/2205 1357/1266/2205
f 1357/1266/2206 1368/1276/2206 332/641/2206
f 1368/1276/2207 331/642/2207 332/641/2207
f 241/1215/2208 1369/1218/2208 1358/1216/2208
f 1369/1218/2209 1370/1277/2209 1358/1216/2209
f 1358/1216/2210 1370/1277/2210 1359/1267/2210
f 1370/1277/2211 1371/1278/2211 1359/1267/2211
f 1359/1267/2212 1371/1278/2212 1360/1268/2212
f 1371/1278/2213 1372/1279/2213 1360/1268/2213
f 1360/1268/2214 1372/1279/2214 1361/1269/2214
f 1372/1279/2215 1373/1280/2215 1361/1269/2215
f 1361/1269/2216 1373/1280/2216 1362/1270/2216
f 1373/1280/2217 1374/1281/2217 1362/1270/2217
f 1362/1270/2218 1374/1281/2218 1363/1271/2218
f 1374/1281/2219 1375/1282/2219 1363/1271/2219
f 1363/1271/2220 1375/1282/2220 1364/1272/2220
f 1375/1282/2221 1376/1283/2221 1364/1272/2221
f 1364/1272/2222 1376/1283/2222 1365/1273/2222
f 1376/1283/2223 1377/1284/2223 1365/1273/2223
f 1365/1273/2224 1377/1284/2224 1366/1274/2224
f 1377/1284/2225 1378/1285/2225 1366/1274/2225
f 1366/1274/2226 1378/1285/2226 1367/1275/2226
f 1378/1285/2227 1379/1286/2227 1367/1275/2227
f 1367/1275/2228 1379/1286/2228 1368/1276/2228
f 1379/1286/2229 1380/1287/2229 1368/1276/2229
f 1368/1276/2230 1380/1287/2230 331/642/2230
f 1380/1287/2231 330/643/2231 331/642/2231
f 240/1217/2232 1381/1220/2232 1369/1218/2232
f 1381/1220/2233 1382/1288/2233 1369/1218/2233
f 1369/1218/2234 1382/1288/2234 1370/1277/2234
f 1382/1288/2235 1383/1289/2235 1370/1277/2235
f 1370/1277/2236 1383/1289/2236 1371/1278/2236
f 1383/1289/2237 1384/1290/2237 1371/1278/2237
f 1371/1278/2238 1384/1290/2238 1372/1279/2238
f 1384/1290/2239 1385/1291/2239 1372/1279/2239
f 1372/1279/2240 1385/1291/2240 1373/1280/2240
f 1385/1291/2241 1386/1292/2241 1373/1280/2241
f 1373/1280/2242 1386/1292/2242 1374/1281/2242
f 1386/1292/2243 1387/1293/2243 1374/1281/2243
f 1374/1281/2244 1387/1293/2244 1375/1282/2244
f 1387/1293/2245 1388/1294/2245 1375/1282/2245
f 1375/1282/2246 1388/1294/2246 1376/1283/2246
f 1388/1294/2247 1389/1295/2247 1376/1283/2247
f 1376/1283/2248 1389/1295/2248 1377/1284/2248
f 1389/1295/2249 1390/1296/2249 1377/1284/2249
f 1377/1284/2250 1390/1296/2250 1378/1285/2250
f 1390/1296/2251 1391/1297/2251 1378/1285/2251
f 1378/1285/2252 1391/1297/2252 1379/1286/2252
f 1391/1297/2253 1392/1298/2253 1379/1286/2253
f 1379/1286/2254 1392/1298/2254 1380/1287/2254
f 1392/1298/2255 1393/1299/2255 1380/1287/2255
f 1380/1287/2256 1393/1299/2256 330/643/2256
f 1393/1299/2257 329/644/2257 330/643/2257
f 239/1219/2258 1394/1221/2258 1381/1220/2258
f 1394/1221/2259 1395/1300/2259 1381/1220/2259
f 1381/1220/2260 1395/1300/2260 1382/1288/2260
f 1395/1300/2261 1396/1301/2261 1382/1288/2261
f 1382/1288/2262 1396/1301/2262 1383/1289/2262
f 1396/1301/2263 1397/1302/2263 1383/1289/2263
f 1383/1289/2264 1397/1302/2264 1384/1290/2264
f 1397/1302/2265 1398/1303/2265 1384/1290/2265
f 1384/1290/2266 1398/1303/2266 1385/1291/2266
f 1398/1303/2267 1399/1304/2267 1385/1291/2267
f 1385/1291/2268 1399/1304/2268 1386/1292/2268
f 1399/1304/2269 1400/1305/2269 1386/1292/2269
f 1386/1292/2270 1400/1305/2270 1387/1293/2270
f 1400/1305/2271 1401/1306/2271 1387/1293/2271
f 1387/1293/2272 1401/1306/2272 1388/1294/2272
f 1401/1306/2273 1402/1307/2273 1388/1294/2273
f 1388/1294/2274 1402/1307/2274 1389/1295/2274
f 1402/1307/2275 1403/1308/2275 1389/1295/2275
f 1389/1295/2276 1403/1308/2276 1390/1296/2276
f 1403/1308/2277 1404/1309/2277 1390/1296/2277
f 1390/1296/2278 1404/1309/2278 1391/1297/2278
f 1404/1309/2279 1405/1310/2279 1391/1297/2279
f 1391/1297/2280 1405/1310/2280 1392/1298/2280
f 1405/1310/2281 1406/1311/2281 1392/1298/2281
f 1392/1298/2282 1406/1311/2282 1393/1299/2282
f 1406/1311/2283 1407/1312/2283 1393/1299/2283
f 1393/1299/2284 1407/1312/2284 329/644/2284
f 1407/1312/2285 328/645/2285 329/644/2285
f 238/30/2286 207/19/2286 1394/1221/2286
f 207/19/2287 206/1313/2287 1394/1221/2287
f 1394/1221/2288 206/1313/2288 1395/1300/2288
f 206/1313/2289 205/1314/2289 1395/1300/2289
f 1395/1300/2290 205/1314/2290 1396/1301/2290
f 205/1314/2291 204/1315/2291 1396/1301/2291
f 1396/1301/2292 204/1315/2292 1397/1302/2292
f 204/1315/2293 203/1316/2293 1397/1302/2293
f 1397/1302/2294 203/1316/2294 1398/1303/2294
f 203/1316/2295 202/1317/2295 1398/1303/2295
f 1398/1303/2296 202/1317/2296 1399/1304/2296
f 202/1317/2297 201/1318/2297 1399/1304/2297
f 1399/1304/2298 201/1318/2298 1400/1305/2298
f 201/1318/2299 200/1319/2299 1400/1305/2299
f 1400/1305/2300 200/1319/2300 1401/1306/2300
f 200/1319/2301 199/1320/2301 1401/1306/2301
f 1401/1306/2302 199/1320/2302 1402/1307/2302
f 199/1320/2303 198/1321/2303 1402/1307/2303
f 1402/1307/2304 198/1321/2304 1403/1308/2304
f 198/1321/2305 197/1322/2305 1403/1308/2305
f 1403/1308/2306 197/1322/2306 1404/1309/2306
f 197/1322/2307 196/1323/2307 1404/1309/2307
f 1404/1309/2308 196/1323/2308 1405/1310/2308
f 196/1323/2309 195/1324/2309 1405/1310/2309
f 1405/1310/2310 195/1324/2310 1406/1311/2310
f 195/1324/2311 194/1325/2311 1406/1311/2311
f 1406/1311/2312 194/1325/2312 1407/1312/2312
f 194/1325/2313 193/1326/2313 1407/1312/2313
f 1407/1312/2314 193/1326/2314 328/645/2314
f 193/1326/2315 7/34/2315 328/645/2315
f 222/1327/2316 327/35/2316 7/34/2316
f 221/1328/2317 1408/1329/2317 222/1327/2317
f 220/1330/2318 1409/1331/2318 221/1328/2318
f 219/1332/2319 1411/1333/2319 220/1330/2319
f 218/1334/2320 1414/1335/2320 219/1332/2320
f 217/1336/2321 1418/1337/2321 218/1334/2321
f 216/1338/2322 1423/1339/2322 217/1336/2322
f 215/1340/2323 1429/1341/2323 216/1338/2323
f 214/1342/2324 1436/1343/2324 215/1340/2324
f 213/1344/2325 1444/1345/2325 214/1342/2325
f 212/1346/2326 1453/1347/2326 213/1344/2326
f 211/1348/2327 1463/1349/2327 212/1346/2327
f 210/1350/2328 1474/1351/2328 211/1348/2328
f 209/1352/2329 1486/1353/2329 210/1350/2329
f 208/29/2330 1499/1354/2330 209/1352/2330
f 222/1327/2331 1408/1329/2331 327/35/2331
f 1408/1329/2332 326/781/2332 327/35/2332
f 221/1328/2333 1409/1331/2333 1408/1329/2333
f 1409/1331/2334 1410/1355/2334 1408/1329/2334
f 1408/1329/2335 1410/1355/2335 326/781/2335
f 1410/1355/2336 325/782/2336 326/781/2336
f 220/1330/2337 1411/1333/2337 1409/1331/2337
f 1411/1333/2338 1412/1356/2338 1409/1331/2338
f 1409/1331/2339 1412/1356/2339 1410/1355/2339
f 1412/1356/2340 1413/1357/2340 1410/1355/2340
f 1410/1355/2341 1413/1357/2341 325/782/2341
f 1413/1357/2342 324/783/2342 325/782/2342
f 219/1332/2343 1414/1335/2343 1411/1333/2343
f 1414/1335/2344 1415/1358/2344 1411/1333/2344
f 1411/1333/2345 1415/1358/2345 1412/1356/2345
f 1415/1358/2346 1416/1359/2346 1412/1356/2346
f 1412/1356/2347 1416/1359/2347 1413/1357/2347
f 1416/1359/2348 1417/1360/2348 1413/1357/2348
f 1413/1357/2349 1417/1360/2349 324/783/2349
f 1417/1360/2350 323/784/2350 324/783/2350
f 218/1334/2351 1418/1337/2351 1414/1335/2351
f 1418/1337/2352 1419/1361/2352 1414/1335/2352
f 1414/1335/2353 1419/1361/2353 1415/1358/2353
f 1419/1361/2354 1420/1362/2354 1415/1358/2354
f 1415/1358/2355 1420/1362/2355 1416/1359/2355
f 1420/1362/2356 1421/1363/2356 1416/1359/2356
f 1416/1359/2357 1421/1363/2357 1417/1360/2357
f 1421/1363/2358 1422/1364/2358 1417/1360/2358
f 1417/1360/2359 1422/1364/2359 323/784/2359
f 1422/1364/2360 322/785/2360 323/784/2360
f 217/1336/2361 1423/1339/2361 1418/1337/2361
f 1423/1339/2362 1424/1365/2362 1418/1337/2362
f 1418/1337/2363 1424/1365/2363 1419/1361/2363
f 1424/1365/2364 1425/1366/2364 1419/1361/2364
f 1419/1361/2365 1425/1366/2365 1420/1362/2365
f 1425/1366/2366 1426/1367/2366 1420/1362/2366
f 1420/1362/2367 1426/1367/2367 1421/1363/2367
f 1426/1367/2368 1427/1368/2368 1421/1363/2368
f 1421/1363/2369 1427/1368/2369 1422/1364/2369
f 1427/1368/2370 1428/1369/2370 1422/1364/2370
f 1422/1364/2371 1428/1369/2371 322/785/2371
f 1428/1369/2372 321/786/2372 322/785/2372
f 216/1338/2373 1429/1341/2373 1423/1339/2373
f 1429/1341/2374 1430/1370/2374 1423/1339/2374
f 1423/1339/2375 1430/1370/2375 1424/1365/2375
f 1430/1370/2376 1431/1371/2376 1424/1365/2376
f 1424/1365/2377 1431/1371/2377 1425/1366/2377
f 1431/1371/2378 1432/1372/2378 1425/1366/2378
f 1425/1366/2379 1432/1372/2379 1426/1367/2379
f 1432/1372/2380 1433/1373/2380 1426/1367/2380
f 1426/1367/2381 1433/1373/2381 1427/1368/2381
f 1433/1373/2382 1434/1374/2382 1427/1368/2382
f 1427/1368/2383 1434/1374/2383 1428/1369/2383
f 1434/1374/2384 1435/1375/2384 1428/1369/2384
f 1428/1369/2385 1435/1375/2385 321/786/2385
f 1435/1375/2386 320/787/2386 321/786/2386
f 215/1340/2387 1436/1343/2387 1429/1341/2387
f 1436/1343/2388 1437/1376/2388 1429/1341/2388
f 1429/1341/2389 1437/1376/2389 1430/1370/2389
f 1437/1376/2390 1438/1377/2390 1430/1370/2390
f 1430/1370/2391 1438/1377/2391 1431/1371/2391
f 1438/1377/2392 1439/1378/2392 1431/1371/2392
f 1431/1371/2393 1439/1378/2393 1432/1372/2393
f 1439/1378/2394 1440/1379/2394 1432/1372/2394
f 1432/1372/2395 1440/1379/2395 1433/1373/2395
f 1440/1379/2396 1441/1380/2396 1433/1373/2396
f 1433/1373/2397 1441/1380/2397 1434/1374/2397
f 1441/1380/2398 1442/1381/2398 1434/1374/2398
f 1434/1374/2399 1442/1381/2399 1435/1375/2399
f 1442/1381/2400 1443/1382/2400 1435/1375/2400
f 1435/1375/2401 1443/1382/2401 320/787/2401
f 1443/1382/2402 319/788/2402 320/787/2402
f 214/1342/2403 1444/1345/2403 1436/1343/2403
f 1444/1345/2404 1445/1383/2404 1436/1343/2404
f 1436/1343/2405 1445/1383/2405 1437/1376/2405
f 1445/1383/2406 1446/1384/2406 1437/1376/2406
f 1437/1376/2407 1446/1384/2407 1438/1377/2407
f 1446/1384/2408 1447/1385/2408 1438/1377/2408
f 1438/1377/2409 1447/1385/2409 1439/1378/2409
f 1447/1385/2410 1448/1386/2410 1439/1378/2410
f 1439/1378/2411 1448/1386/2411 1440/1379/2411
f 1448/1386/2412 1449/1387/2412 1440/1379/2412
f 1440/1379/2413 1449/1387/2413 1441/1380/2413
f 1449/1387/2414 1450/1388/2414 1441/1380/2414
f 1441/1380/2415 1450/1388/2415 1442/1381/2415
f 1450/1388/2416 1451/1389/2416 1442/1381/2416
f 1442/1381/2417 1451/1389/2417 1443/1382/2417
f 1451/1389/2418 1452/1390/2418 1443/1382/2418
f 1443/1382/2419 1452/1390/2419 319/788/2419
f 1452/1390/2420 318/789/2420 319/788/2420
f 213/1344/2421 1453/1347/2421 1444/1345/2421
f 1453/1347/2422 1454/1391/2422 1444/1345/2422
f 1444/1345/2423 1454/1391/2423 1445/1383/2423
f 1454/1391/2424 1455/1392/2424 1445/1383/2424
f 1445/1383/2425 1455/1392/2425 1446/1384/2425
f 1455/1392/2426 1456/1393/2426 1446/1384/2426
f 1446/1384/2427 1456/1393/2427 1447/1385/2427
f 1456/1393/2428 1457/1394/2428 1447/1385/2428
f 1447/1385/2429 1457/1394/2429 1448/1386/2429
f 1457/1394/2430 1458/1395/2430 1448/1386/2430
f 1448/1386/2431 1458/1395/2431 1449/1387/2431
f 1458/1395/2432 1459/1396/2432 1449/1387/2432
f 1449/1387/2433 1459/1396/2433 1450/1388/2433
f 1459/1396/2434 1460/1397/2434 1450/1388/2434
f 1450/1388/2435 1460/1397/2435 1451/1389/2435
f 1460/1397/2436 1461/1398/2436 1451/1389/2436
f 1451/1389/2437 1461/1398/2437 1452/1390/2437
f 1461/1398/2438 1462/1399/2438 1452/1390/2438
f 1452/1390/2439 1462/1399/2439 318/789/2439
f 1462/1399/2440 317/790/2440 318/789/2440
f 212/1346/2441 1463/1349/2441 1453/1347/2441
f 1463/1349/2442 1464/1400/2442 1453/1347/2442
f 1453/1347/2443 1464/1400/2443 1454/1391/2443
f 1464/1400/2444 1465/1401/2444 1454/1391/2444
f 1454/1391/2445 1465/1401/2445 1455/1392/2445
f 1465/1401/2446 1466/1402/2446 1455/1392/2446
f 1455/1392/2447 1466/1402/2447 1456/1393/2447
f 1466/1402/2448 1467/1403/2448 1456/1393/2448
f 1456/1393/2449 1467/1403/2449 1457/1394/2449
f 1467/1403/2450 1468/1404/2450 1457/1394/2450
f 1457/1394/2451 1468/1404/2451 1458/1395/2451
f 1468/1404/2452 1469/1405/2452 1458/1395/2452
f 1458/1395/2453 1469/1405/2453 1459/1396/2453
f 1469/1405/2454 1470/1406/2454 1459/1396/2454
f 1459/1396/2455 1470/1406/2455 1460/1397/2455
f 1470/1406/2456 1471/1407/2456 1460/1397/2456
f 1460/1397/2457 1471/1407/2457 1461/1398/2457
f 1471/1407/2458 1472/1408/2458 1461/1398/2458
f 1461/1398/2459 1472/1408/2459 1462/1399/2459
f 1472/1408/2460 1473/1409/2460 1462/1399/2460
f 1462/1399/2461 1473/1409/2461 317/790/2461
f 1473/1409/2462 316/791/2462 317/790/2462
f 211/1348/2463 1474/1351/2463 1463/1349/2463
f 1474/1351/2464 1475/1410/2464 1463/1349/2464
f 1463/1349/2465 1475/1410/2465 1464/1400/2465
f 1475/1410/2466 1476/1411/2466 1464/1400/2466
f 1464/1400/2467 1476/1411/2467 1465/1401/2467
f 1476/1411/2468 1477/1412/2468 1465/1401/2468
f 1465/1401/2469 1477/1412/2469 1466/1402/2469
f 1477/1412/2470 1478/1413/2470 1466/1402/2470
f 1466/1402/2471 1478/1413/2471 1467/1403/2471
f 1478/1413/2472 1479/1414/2472 1467/1403/2472
f 1467/1403/2473 1479/1414/2473 1468/1404/2473
f 1479/1414/2474 1480/1415/2474 1468/1404/2474
f 1468/1404/2475 1480/1415/2475 1469/1405/2475
f 1480/1415/2476 1481/1416/2476 1469/1405/2476
f 1469/1405/2477 1481/1416/2477 1470/1406/2477
f 1481/1416/2478 1482/1417/2478 1470/1406/2478
f 1470/1406/2479 1482/1417/2479 1471/1407/2479
f 1482/1417/2480 1483/1418/2480 1471/1407/2480
f 1471/1407/2481 1483/1418/2481 1472/1408/2481
f 1483/1418/2482 1484/1419/2482 1472/1408/2482
f 1472/1408/2483 1484/1419/2483 1473/1409/2483
f 1484/1419/2484 1485/1420/2484 1473/1409/2484
f 1473/1409/2485 1485/1420/2485 316/791/2485
f 1485/1420/2486 315/792/2486 316/791/2486
f 210/1350/2487 1486/1353/2487 1474/1351/2487
f 1486/1353/2488 1487/1421/2488 1474/1351/2488
f 1474/1351/2489 1487/1421/2489 1475/1410/2489
f 1487/1421/2490 1488/1422/2490 1475/1410/2490
f 1475/1410/2491 1488/1422/2491 1476/1411/2491
f 1488/1422/2492 1489/1423/2492 1476/1411/2492
f 1476/1411/2493 1489/1423/2493 1477/1412/2493
f 1489/1423/2494 1490/1424/2494 1477/1412/2494
f 1477/1412/2495 1490/1424/2495 1478/1413/2495
f 1490/1424/2496 1491/1425/2496 1478/1413/2496
f 1478/1413/2497 1491/1425/2497 1479/1414/2497
f 1491/1425/2498 1492/1426/2498 1479/1414/2498
f 1479/1414/2499 1492/1426/2499 1480/1415/2499
f 1492/1426/2500 1493/1427/2500 1480/1415/2500
f 1480/1415/2501 1493/1427/2501 1481/1416/2501
f 1493/1427/2502 1494/1428/2502 1481/1416/2502
f 1481/1416/2503 1494/1428/2503 1482/1417/2503
f 1494/1428/2504 1495/1429/2504 1482/1417/2504
f 1482/1417/2505 1495/1429/2505 1483/1418/2505
f 1495/1429/2506 1496/1430/2506 1483/1418/2506
f 1483/1418/2507 1496/1430/2507 1484/1419/2507
f 1496/1430/2508 1497/1431/2508 1484/1419/2508
f 1484/1419/2509 1497/1431/2509 1485/1420/2509
f 1497/1431/2510 1498/1432/2510 1485/1420/2510
f 1485/1420/2511 1498/1432/2511 315/792/2511
f 1498/1432/2512 314/793/2512 315/792/2512
f 209/1352/2513 1499/1354/2513 1486/1353/2513
f 1499/1354/2514 1500/1433/2514 1486/1353/2514
f 1486/1353/2515 1500/1433/2515 1487/1421/2515
f 1500/1433/2516 1501/1434/2516 1487/1421/2516
f 1487/1421/2517 1501/1434/2517 1488/1422/2517
f 1501/1434/2518 1502/1435/2518 1488/1422/2518
f 1488/1422/2519 1502/1435/2519 1489/1423/2519
f 1502/1435/2520 1503/1436/2520 1489/1423/2520
f 1489/1423/2521 1503/1436/2521 1490/1424/2521
f 1503/1436/2522 1504/1437/2522 1490/1424/2522
f 1490/1424/2523 1504/1437/2523 1491/1425/2523
f 1504/1437/2524 1505/1438/2524 1491/1425/2524
f 1491/1425/2525 1505/1438/2525 1492/1426/2525
f 1505/1438/2526 1506/1439/2526 1492/1426/2526
f 1492/1426/2527 1506/1439/2527 1493/1427/2527
f 1506/1439/2528 1507/1440/2528 1493/1427/2528
f 1493/1427/2529 1507/1440/2529 1494/1428/2529
f 1507/1440/2530 1508/1441/2530 1494/1428/2530
f 1494/1428/2531 1508/1441/2531 1495/1429/2531
f 1508/1441/2532 1509/1442/2532 1495/1429/2532
f 1495/1429/2533 1509/1442/2533 1496/1430/2533
f 1509/1442/2534 1510/1443/2534 1496/1430/2534
f 1496/1430/2535 1510/1443/2535 1497/1431/2535
f 1510/1443/2536 1511/1444/2536 1497/1431/2536
f 1497/1431/2537 1511/1444/2537 1498/1432/2537
f 1511/1444/2538 1512/1445/2538 1498/1432/2538
f 1498/1432/2539 1512/1445/2539 314/793/2539
f 1512/1445/2540 313/794/2540 314/793/2540
f 208/29/2541 177/16/2541 1499/1354/2541
f 177/16/2542 176/1446/2542 1499/1354/2542
f 1499/1354/2543 176/1446/2543 1500/1433/2543
f 176/1446/2544 175/1447/2544 1500/1433/2544
f 1500/1433/2545 175/1447/2545 1501/1434/2545
f 175/1447/2546 174/1448/2546 1501/1434/2546
f 1501/1434/2547 174/1448/2547 1502/1435/2547
f 174/1448/2548 173/1449/2548 1502/1435/2548
f 1502/1435/2549 173/1449/2549 1503/1436/2549
f 173/1449/2550 172/1450/2550 1503/1436/2550
f 1503/1436/2551 172/1450/2551 1504/1437/2551
f 172/1450/2552 171/1451/2552 1504/1437/2552
f 1504/1437/2553 171/1451/2553 1505/1438/2553
f 171/1451/2554 170/1452/2554 1505/1438/2554
f 1505/1438/2555 170/1452/2555 1506/1439/2555
f 170/1452/2556 169/1453/2556 1506/1439/2556
f 1506/1439/2557 169/1453/2557 1507/1440/2557
f 169/1453/2558 168/1454/2558 1507/1440/2558
f 1507/1440/2559 168/1454/2559 1508/1441/2559
f 168/1454/2560 167/1455/2560 1508/1441/2560
f 1508/1441/2561 167/1455/2561 1509/1442/2561
f 167/1455/2562 166/1456/2562 1509/1442/2562
f 1509/1442/2563 166/1456/2563 1510/1443/2563
f 166/1456/2564 165/1457/2564 1510/1443/2564
f 1510/1443/2565 165/1457/2565 1511/1444/2565
f 165/1457/2566 164/1458/2566 1511/1444/2566
f 1511/1444/2567 164/1458/2567 1512/1445/2567
f 164/1458/2568 163/1459/2568 1512/1445/2568
f 1512/1445/2569 163/1459/2569 313/794/2569
f 163/1459/2570 11/46/2570 313/794/2570
f 283/927/2571 312/928/2571 10/43/2571
f 284/926/2572 1513/1460/2572 283/927/2572
f 285/925/2573 1514/1461/2573 284/926/2573
f 286/924/2574 1516/1462/2574 285/925/2574
f 287/923/2575 1519/1463/2575 286/924/2575
f 288/922/2576 1523/1464/2576 287/923/2576
f 289/921/2577 1528/1465/2577 288/922/2577
f 290/920/2578 1534/1466/2578 289/921/2578
f 291/919/2579 1541/1467/2579 290/920/2579
f 292/918/2580 1549/1468/2580 291/919/2580
f 293/917/2581 1558/1469/2581 292/918/2581
f 294/916/2582 1568/1470/2582 293/917/2582
f 295/915/2583 1579/1471/2583 294/916/2583
f 296/914/2584 1591/1472/2584 295/915/2584
f 297/28/2585 1604/1473/2585 296/914/2585
f 283/927/2586 1513/1460/2586 312/928/2586
f 1513/1460/2587 311/929/2587 312/928/2587
f 284/926/2588 1514/1461/2588 1513/1460/2588
f 1514/1461/2589 1515/1474/2589 1513/1460/2589
f 1513/1460/2590 1515/1474/2590 311/929/2590
f 1515/1474/2591 310/931/2591 311/929/2591
f 285/925/2592 1516/1462/2592 1514/1461/2592
f 1516/1462/2593 1517/1475/2593 1514/1461/2593
f 1514/1461/2594 1517/1475/2594 1515/1474/2594
f 1517/1475/2595 1518/1476/2595 1515/1474/2595
f 1515/1474/2596 1518/1476/2596 310/931/2596
f 1518/1476/2597 309/933/2597 310/931/2597
f 286/924/2598 1519/1463/2598 1516/1462/2598
f 1519/1463/2599 1520/1477/2599 1516/1462/2599
f 1516/1462/2600 1520/1477/2600 1517/1475/2600
f 1520/1477/2601 1521/1478/2601 1517/1475/2601
f 1517/1475/2602 1521/1478/2602 1518/1476/2602
f 1521/1478/2603 1522/1479/2603 1518/1476/2603
f 1518/1476/2604 1522/1479/2604 309/933/2604
f 1522/1479/2605 308/935/2605 309/933/2605
f 287/923/2606 1523/1464/2606 1519/1463/2606
f 1523/1464/2607 1524/1480/2607 1519/1463/2607
f 1519/1463/2608 1524/1480/2608 1520/1477/2608
f 1524/1480/2609 1525/1481/2609 1520/1477/2609
f 1520/1477/2610 1525/1481/2610 1521/1478/2610
f 1525/1481/2611 1526/1482/2611 1521/1478/2611
f 1521/1478/2612 1526/1482/2612 1522/1479/2612
f 1526/1482/2613 1527/1483/2613 1522/1479/2613
f 1522/1479/2614 1527/1483/2614 308/935/2614
f 1527/1483/2615 307/937/2615 308/935/2615
f 288/922/2616 1528/1465/2616 1523/1464/2616
f 1528/1465/2617 1529/1484/2617 1523/1464/2617
f 1523/1464/2618 1529/1484/2618 1524/1480/2618
f 1529/1484/2619 1530/1485/2619 1524/1480/2619
f 1524/1480/2620 1530/1485/2620 1525/1481/2620
f 1530/1485/2621 1531/1486/2621 1525/1481/2621
f 1525/1481/2622 1531/1486/2622 1526/1482/2622
f 1531/1486/2623 1532/1487/2623 1526/1482/2623
f 1526/1482/2624 1532/1487/2624 1527/1483/2624
f 1532/1487/2625 1533/1488/2625 1527/1483/2625
f 1527/1483/2626 1533/1488/2626 307/937/2626
f 1533/1488/2627 306/939/2627 307/937/2627
f 289/921/2628 1534/1466/2628 1528/1465/2628
f 1534/1466/2629 1535/1489/2629 1528/1465/2629
f 1528/1465/2630 1535/1489/2630 1529/1484/2630
f 1535/1489/2631 1536/1490/2631 1529/1484/2631
f 1529/1484/2632 1536/1490/2632 1530/1485/2632
f 1536/1490/2633 1537/1491/2633 1530/1485/2633
f 1530/1485/2634 1537/1491/2634 1531/1486/2634
f 1537/1491/2635 1538/1492/2635 1531/1486/2635
f 1531/1486/2636 1538/1492/2636 1532/1487/2636
f 1538/1492/2637 1539/1493/2637 1532/1487/2637
f 1532/1487/2638 1539/1493/2638 1533/1488/2638
f 1539/1493/2639 1540/1494/2639 1533/1488/2639
f 1533/1488/2640 1540/1494/2640 306/939/2640
f 1540/1494/2641 305/941/2641 306/939/2641
f 290/920/2642 1541/1467/2642 1534/1466/2642
f 1541/1467/2643 1542/1495/2643 1534/1466/2643
f 1534/1466/2644 1542/1495/2644 1535/1489/2644
f 1542/1495/2645 1543/1496/2645 1535/1489/2645
f 1535/1489/2646 1543/1496/2646 1536/1490/2646
f 1543/1496/2647 1544/1497/2647 1536/1490/2647
f 1536/1490/2648 1544/1497/2648 1537/1491/2648
f 1544/1497/2649 1545/1498/2649 1537/1491/2649
f 1537/1491/2650 1545/1498/2650 1538/1492/2650
f 1545/1498/2651 1546/1499/2651 1538/1492/2651
f 1538/1492/2652 1546/1499/2652 1539/1493/2652
f 1546/1499/2653 1547/1500/2653 1539/1493/2653
f 1539/1493/2654 1547/1500/2654 1540/1494/2654
f 1547/1500/2655 1548/1501/2655 1540/1494/2655
f 1540/1494/2656 1548/1501/2656 305/941/2656
f 1548/1501/2657 304/943/2657 305/941/2657
f 291/919/2658 1549/1468/2658 1541/1467/2658
f 1549/1468/2659 1550/1502/2659 1541/1467/2659
f 1541/1467/2660 1550/1502/2660 1542/1495/2660
f 1550/1502/2661 1551/1503/2661 1542/1495/2661
f 1542/1495/2662 1551/1503/2662 1543/1496/2662
f 1551/1503/2663 1552/1504/2663 1543/1496/2663
f 1543/1496/2664 1552/1504/2664 1544/1497/2664
f 1552/1504/2665 1553/1505/2665 1544/1497/2665
f 1544/1497/2666 1553/1505/2666 1545/1498/2666
f 1553/1505/2667 1554/1506/2667 1545/1498/2667
f 1545/1498/2668 1554/1506/2668 1546/1499/2668
f 1554/1506/2669 1555/1507/2669 1546/1499/2669
f 1546/1499/2670 1555/1507/2670 1547/1500/2670
f 1555/1507/2671 1556/1508/2671 1547/1500/2671
f 1547/1500/2672 1556/1508/2672 1548/1501/2672
f 1556/1508/2673 1557/1509/2673 1548/1501/2673
f 1548/1501/2674 1557/1509/2674 304/943/2674
f 1557/1509/2675 303/945/2675 304/943/2675
f 292/918/2676 1558/1469/2676 1549/1468/2676
f 1558/1469/2677 1559/1510/2677 1549/1468/2677
f 1549/1468/2678 1559/1510/2678 1550/1502/2678
f 1559/1510/2679 1560/1511/2679 1550/1502/2679
f 1550/1502/2680 1560/1511/2680 1551/1503/2680
f 1560/1511/2681 1561/1512/2681 1551/1503/2681
f 1551/1503/2682 1561/1512/2682 1552/1504/2682
f 1561/1512/2683 1562/1513/2683 1552/1504/2683
f 1552/1504/2684 1562/1513/2684 1553/1505/2684
f 1562/1513/2685 1563/1514/2685 1553/1505/2685
f 1553/1505/2686 1563/1514/2686 1554/1506/2686
f 1563/1514/2687 1564/1515/2687 1554/1506/2687
f 1554/1506/2688 1564/1515/2688 1555/1507/2688
f 1564/1515/2689 1565/1516/2689 1555/1507/2689
f 1555/1507/2690 1565/1516/2690 1556/1508/2690
f 1565/1516/2691 1566/1517/2691 1556/1508/2691
f 1556/1508/2692 1566/1517/2692 1557/1509/2692
f 1566/1517/2693 1567/1518/2693 1557/1509/2693
f 1557/1509/2694 1567/1518/2694 303/945/2694
f 1567/1518/2695 302/947/2695 303/945/2695
f 293/917/2696 1568/1470/2696 1558/1469/2696
f 1568/1470/2697 1569/1519/2697 1558/1469/2697
f 1558/1469/2698 1569/1519/2698 1559/1510/2698
f 1569/1519/2699 1570/1520/2699 1559/1510/2699
f 1559/1510/2700 1570/1520/2700 1560/1511/2700
f 1570/1520/2701 1571/1521/2701 1560/1511/2701
f 1560/1511/2702 1571/1521/2702 1561/1512/2702
f 1571/1521/2703 1572/1522/2703 1561/1512/2703
f 1561/1512/2704 1572/1522/2704 1562/1513/2704
f 1572/1522/2705 1573/1523/2705 1562/1513/2705
f 1562/1513/2706 1573/1523/2706 1563/1514/2706
f 1573/1523/2707 1574/1524/2707 1563/1514/2707
f 1563/1514/2708 1574/1524/2708 1564/1515/2708
f 1574/1524/2709 1575/1525/2709 1564/1515/2709
f 1564/1515/2710 1575/1525/2710 1565/1516/2710
f 1575/1525/2711 1576/1526/2711 1565/1516/2711
f 1565/1516/2712 1576/1526/2712 1566/1517/2712
f 1576/1526/2713 1577/1527/2713 1566/1517/2713
f 1566/1517/2714 1577/1527/2714 1567/1518/2714
f 1577/1527/2715 1578/1528/2715 1567/1518/2715
f 1567/1518/2716 1578/1528/2716 302/947/2716
f 1578/1528/2717 301/949/2717 302/947/2717
f 294/916/2718 1579/1471/2718 1568/1470/2718
f 1579/1471/2719 1580/1529/2719 1568/1470/2719
f 1568/1470/2720 1580/1529/2720 1569/1519/2720
f 1580/1529/2721 1581/1530/2721 1569/1519/2721
f 1569/1519/2722 1581/1530/2722 1570/1520/2722
f 1581/1530/2723 1582/1531/2723 1570/1520/2723
f 1570/1520/2724 1582/1531/2724 1571/1521/2724
f 1582/1531/2725 1583/1532/2725 1571/1521/2725
f 1571/1521/2726 1583/1532/2726 1572/1522/2726
f 1583/1532/2727 1584/1533/2727 1572/1522/2727
f 1572/1522/2728 1584/1533/2728 1573/1523/2728
f 1584/1533/2729 1585/1534/2729 1573/1523/2729
f 1573/1523/2730 1585/1534/2730 1574/1524/2730
f 1585/1534/2731 1586/1535/2731 1574/1524/2731
f 1574/1524/2732 1586/1535/2732 1575/1525/2732
f 1586/1535/2733 1587/1536/2733 1575/1525/2733
f 1575/1525/2734 1587/1536/2734 1576/1526/2734
f 1587/1536/2735 1588/1537/2735 1576/1526/2735
f 1576/1526/2736 1588/1537/2736 1577/1527/2736
f 1588/1537/2737 1589/1538/2737 1577/1527/2737
f 1577/1527/2738 1589/1538/2738 1578/1528/2738
f 1589/1538/2739 1590/1539/2739 1578/1528/2739
f 1578/1528/2740 1590/1539/2740 301/949/2740
f 1590/1539/2741 300/951/2741 301/949/2741
f 295/915/2742 1591/1472/2742 1579/1471/2742
f 1591/1472/2743 1592/1540/2743 1579/1471/2743
f 1579/1471/2744 1592/1540/2744 1580/1529/2744
f 1592/1540/2745 1593/1541/2745 1580/1529/2745
f 1580/1529/2746 1593/1541/2746 1581/1530/2746
f 1593/1541/2747 1594/1542/2747 1581/1530/2747
f 1581/1530/2748 1594/1542/2748 1582/1531/2748
f 1594/1542/2749 1595/1543/2749 1582/1531/2749
f 1582/1531/2750 1595/1543/2750 1583/1532/2750
f 1595/1543/2751 1596/1544/2751 1583/1532/2751
f 1583/1532/2752 1596/1544/2752 1584/1533/2752
f 1596/1544/2753 1597/1545/2753 1584/1533/2753
f 1584/1533/2754 1597/1545/2754 1585/1534/2754
f 1597/1545/2755 1598/1546/2755 1585/1534/2755
f 1585/1534/2756 1598/1546/2756 1586/1535/2756
f 1598/1546/2757 1599/1547/2757 1586/1535/2757
f 1586/1535/2758 1599/1547/2758 1587/1536/2758
f 1599/1547/2759 1600/1548/2759 1587/1536/2759
f 1587/1536/2760 1600/1548/2760 1588/1537/2760
f 1600/1548/2761 1601/1549/2761 1588/1537/2761
f 1588/1537/2762 1601/1549/2762 1589/1538/2762
f 1601/1549/2763 1602/1550/2763 1589/1538/2763
f 1589/1538/2764 1602/1550/2764 1590/1539/2764
f 1602/1550/2765 1603/1551/2765 1590/1539/2765
f 1590/1539/2766 1603/1551/2766 300/951/2766
f 1603/1551/2767 299/953/2767 300/951/2767
f 296/914/2768 1604/1473/2768 1591/1472/2768
f 1604/1473/2769 1605/1552/2769 1591/1472/2769
f 1591/1472/2770 1605/1552/2770 1592/1540/2770
f 1605/1552/2771 1606/1553/2771 1592/1540/2771
f 1592/1540/2772 1606/1553/2772 1593/1541/2772
f 1606/1553/2773 1607/1554/2773 1593/1541/2773
f 1593/1541/2774 1607/1554/2774 1594/1542/2774
f 1607/1554/2775 1608/1555/2775 1594/1542/2775
f 1594/1542/2776 1608/1555/2776 1595/1543/2776
f 1608/1555/2777 1609/1556/2777 1595/1543/2777
f 1595/1543/2778 1609/1556/2778 1596/1544/2778
f 1609/1556/2779 1610/1557/2779 1596/1544/2779
f 1596/1544/2780 1610/1557/2780 1597/1545/2780
f 1610/1557/2781 1611/1558/2781 1597/1545/2781
f 1597/1545/2782 1611/1558/2782 1598/1546/2782
f 1611/1558/2783 1612/1559/2783 1598/1546/2783
f 1598/1546/2784 1612/1559/2784 1599/1547/2784
f 1612/1559/2785 1613/1560/2785 1599/1547/2785
f 1599/1547/2786 1613/1560/2786 1600/1548/2786
f 1613/1560/2787 1614/1561/2787 1600/1548/2787
f 1600/1548/2788 1614/1561/2788 1601/1549/2788
f 1614/1561/2789 1615/1562/2789 1601/1549/2789
f 1601/1549/2790 1615/1562/2790 1602/1550/2790
f 1615/1562/2791 1616/1563/2791 1602/1550/2791
f 1602/1550/2792 1616/1563/2792 1603/1551/2792
f 1616/1563/2793 1617/1564/2793 1603/1551/2793
f 1603/1551/2794 1617/1564/2794 299/953/2794
f 1617/1564/2795 298/32/2795 299/953/2795
f 297/28/2796 162/27/2796 1604/1473/2796
f 162/27/2797 161/1565/2797 1604/1473/2797
f 1604/1473/2798 161/1565/2798 1605/1552/2798
f 161/1565/2799 160/1566/2799 1605/1552/2799
f 1605/1552/2800 160/1566/2800 1606/1553/2800
f 160/1566/2801 159/1567/2801 1606/1553/2801
f 1606/1553/2802 159/1567/2802 1607/1554/2802
f 159/1567/2803 158/1568/2803 1607/1554/2803
f 1607/1554/2804 158/1568/2804 1608/1555/2804
f 158/1568/2805 157/1569/2805 1608/1555/2805
f 1608/1555/2806 157/1569/2806 1609/1556/2806
f 157/1569/2807 156/1570/2807 1609/1556/2807
f 1609/1556/2808 156/1570/2808 1610/1557/2808
f 156/1570/2809 155/1571/2809 1610/1557/2809
f 1610/1557/2810 155/1571/2810 1611/1558/2810
f 155/1571/2811 154/1572/2811 1611/1558/2811
f 1611/1558/2812 154/1572/2812 1612/1559/2812
f 154/1572/2813 153/1573/2813 1612/1559/2813
f 1612/1559/2814 153/1573/2814 1613/1560/2814
f 153/1573/2815 152/1574/2815 1613/1560/2815
f 1613/1560/2816 152/1574/2816 1614/1561/2816
f 152/1574/2817 151/1575/2817 1614/1561/2817
f 1614/1561/2818 151/1575/2818 1615/1562/2818
f 151/1575/2819 150/1576/2819 1615/1562/2819
f 1615/1562/2820 150/1576/2820 1616/1563/2820
f 150/1576/2821 149/1577/2821 1616/1563/2821
f 1616/1563/2822 149/1577/2822 1617/1564/2822
f 149/1577/2823 148/1578/2823 1617/1564/2823
f 1617/1564/2824 148/1578/2824 298/32/2824
f 148/1578/2825 5/23/2825 298/32/2825
f 253/1060/2826 282/1061/2826 9/40/2826
f 254/1059/2827 1618/1579/2827 253/1060/2827
f 255/1058/2828 1619/1580/2828 254/1059/2828
f 256/1057/2829 1621/1581/2829 255/1058/2829
f 257/1056/2830 1624/1582/2830 256/1057/2830
f 258/1055/2831 1628/1583/2831 257/1056/2831
f 259/1054/2832 1633/1584/2832 258/1055/2832
f 260/1053/2833 1639/1585/2833 259/1054/2833
f 261/1052/2834 1646/1586/2834 260/1053/2834
f 262/1051/2835 1654/1587/2835 261/1052/2835
f 263/1050/2836 1663/1588/2836 262/1051/2836
f 264/1049/2837 1673/1589/2837 263/1050/2837
f 265/1048/2838 1684/1590/2838 264/1049/2838
f 266/1047/2839 1696/1591/2839 265/1048/2839
f 267/25/2840 1709/1592/2840 266/1047/2840
f 253/1060/2841 1618/1579/2841 282/1061/2841
f 1618/1579/2842 281/1062/2842 282/1061/2842
f 254/1059/2843 1619/1580/2843 1618/1579/2843
f 1619/1580/2844 1620/1593/2844 1618/1579/2844
f 1618/1579/2845 1620/1593/2845 281/1062/2845
f 1620/1593/2846 280/1064/2846 281/1062/2846
f 255/1058/2847 1621/1581/2847 1619/1580/2847
f 1621/1581/2848 1622/1594/2848 1619/1580/2848
f 1619/1580/2849 1622/1594/2849 1620/1593/2849
f 1622/1594/2850 1623/1595/2850 1620/1593/2850
f 1620/1593/2851 1623/1595/2851 280/1064/2851
f 1623/1595/2852 279/1066/2852 280/1064/2852
f 256/1057/2853 1624/1582/2853 1621/1581/2853
f 1624/1582/2854 1625/1596/2854 1621/1581/2854
f 1621/1581/2855 1625/1596/2855 1622/1594/2855
f 1625/1596/2856 1626/1597/2856 1622/1594/2856
f 1622/1594/2857 1626/1597/2857 1623/1595/2857
f 1626/1597/2858 1627/1598/2858 1623/1595/2858
f 1623/1595/2859 1627/1598/2859 279/1066/2859
f 1627/1598/2860 278/1068/2860 279/1066/2860
f 257/1056/2861 1628/1583/2861 1624/1582/2861
f 1628/1583/2862 1629/1599/2862 1624/1582/2862
f 1624/1582/2863 1629/1599/2863 1625/1596/2863
f 1629/1599/2864 1630/1600/2864 1625/1596/2864
f 1625/1596/2865 1630/1600/2865 1626/1597/2865
f 1630/1600/2866 1631/1601/2866 1626/1597/2866
f 1626/1597/2867 1631/1601/2867 1627/1598/2867
f 1631/1601/2868 1632/1602/2868 1627/1598/2868
f 1627/1598/2869 1632/1602/2869 278/1068/2869
f 1632/1602/2870 277/1070/2870 278/1068/2870
f 258/1055/2871 1633/1584/2871 1628/1583/2871
f 1633/1584/2872 1634/1603/2872 1628/1583/2872
f 1628/1583/2873 1634/1603/2873 1629/1599/2873
f 1634/1603/2874 1635/1604/2874 1629/1599/2874
f 1629/1599/2875 1635/1604/2875 1630/1600/2875
f 1635/1604/2876 1636/1605/2876 1630/1600/2876
f 1630/1600/2877 1636/1605/2877 1631/1601/2877
f 1636/1605/2878 1637/1606/2878 1631/1601/2878
f 1631/1601/2879 1637/1606/2879 1632/1602/2879
f 1637/1606/2880 1638/1607/2880 1632/1602/2880
f 1632/1602/2881 1638/1607/2881 277/1070/2881
f 1638/1607/2882 276/1072/2882 277/1070/2882
f 259/1054/2883 1639/1585/2883 1633/1584/2883
f 1639/1585/2884 1640/1608/2884 1633/1584/2884
f 1633/1584/2885 1640/1608/2885 1634/1603/2885
f 1640/1608/2886 1641/1609/2886 1634/1603/2886
f 1634/1603/2887 1641/1609/2887 1635/1604/2887
f 1641/1609/2888 1642/1610/2888 1635/1604/2888
f 1635/1604/2889 1642/1610/2889 1636/1605/2889
f 1642/1610/2890 1643/1611/2890 1636/1605/2890
f 1636/1605/2891 1643/1611/2891 1637/1606/2891
f 1643/1611/2892 1644/1612/2892 1637/1606/2892
f 1637/1606/2893 1644/1612/2893 1638/1607/2893
f 1644/1612/2894 1645/1613/2894 1638/1607/2894
f 1638/1607/2895 1645/1613/2895 276/1072/2895
f 1645/1613/2896 275/1074/2896 276/1072/2896
f 260/1053/2897 1646/1586/2897 1639/1585/2897
f 1646/1586/2898 1647/1614/2898 1639/1585/2898
f 1639/1585/2899 1647/1614/2899 1640/1608/2899
f 1647/1614/2900 1648/1615/2900 1640/1608/2900
f 1640/1608/2901 1648/1615/2901 1641/1609/2901
f 1648/1615/2902 1649/1616/2902 1641/1609/2902
f 1641/1609/2903 1649/1616/2903 1642/1610/2903
f 1649/1616/2904 1650/1617/2904 1642/1610/2904
f 1642/1610/2905 1650/1617/2905 1643/1611/2905
f 1650/1617/2906 1651/1618/2906 1643/1611/2906
f 1643/1611/2907 1651/1618/2907 1644/1612/2907
f 1651/1618/2908 1652/1619/2908 1644/1612/2908
f 1644/1612/2909 1652/1619/2909 1645/1613/2909
f 1652/1619/2910 1653/1620/2910 1645/1613/2910
f 1645/1613/2911 1653/1620/2911 275/1074/2911
f 1653/1620/2912 274/1076/2912 275/1074/2912
f 261/1052/2913 1654/1587/2913 1646/1586/2913
f 1654/1587/2914 1655/1621/2914 1646/1586/2914
f 1646/1586/2915 1655/1621/2915 1647/1614/2915
f 1655/1621/2916 1656/1622/2916 1647/1614/2916
f 1647/1614/2917 1656/1622/2917 1648/1615/2917
f 1656/1622/2918 1657/1623/2918 1648/1615/2918
f 1648/1615/2919 1657/1623/2919 1649/1616/2919
f 1657/1623/2920 1658/1624/2920 1649/1616/2920
f 1649/1616/2921 1658/1624/2921 1650/1617/2921
f 1658/1624/2922 1659/1625/2922 1650/1617/2922
f 1650/1617/2923 1659/1625/2923 1651/1618/2923
f 1659/1625/2924 1660/1626/2924 1651/1618/2924
f 1651/1618/2925 1660/1626/2925 1652/1619/2925
f 1660/1626/2926 1661/1627/2926 1652/1619/2926
f 1652/1619/2927 1661/1627/2927 1653/1620/2927
f 1661/1627/2928 1662/1628/2928 1653/1620/2928
f 1653/1620/2929 1662/1628/2929 274/1076/2929
f 1662/1628/2930 273/1078/2930 274/1076/2930
f 262/1051/2931 1663/1588/2931 1654/1587/2931
f 1663/1588/2932 1664/1629/2932 1654/1587/2932
f 1654/1587/2933 1664/1629/2933 1655/1621/2933
f 1664/1629/2934 1665/1630/2934 1655/1621/2934
f 1655/1621/2935 1665/1630/2935 1656/1622/2935
f 1665/1630/2936 1666/1631/2936 1656/1622/2936
f 1656/1622/2937 1666/1631/2937 1657/1623/2937
f 1666/1631/2938 1667/1632/2938 1657/1623/2938
f 1657/1623/2939 1667/1632/2939 1658/1624/2939
f 1667/1632/2940 1668/1633/2940 1658/1624/2940
f 1658/1624/2941 1668/1633/2941 1659/1625/2941
f 1668/1633/2942 1669/1634/2942 1659/1625/2942
f 1659/1625/2943 1669/1634/2943 1660/1626/2943
f 1669/1634/2944 1670/1635/2944 1660/1626/2944
f 1660/1626/2945 1670/1635/2945 1661/1627/2945
f 1670/1635/2946 1671/1636/2946 1661/1627/2946
f 1661/1627/2947 1671/1636/2947 1662/1628/2947
f 1671/1636/2948 1672/1637/2948 1662/1628/2948
f 1662/1628/2949 1672/1637/2949 273/1078/2949
f 1672/1637/2950 272/1080/2950 273/1078/2950
f 263/1050/2951 1673/1589/2951 1663/1588/2951
f 1673/1589/2952 1674/1638/2952 1663/1588/2952
f 1663/1588/2953 1674/1638/2953 1664/1629/2953
f 1674/1638/2954 1675/1639/2954 1664/1629/2954
f 1664/1629/2955 1675/1639/2955 1665/1630/2955
f 1675/1639/2956 1676/1640/2956 1665/1630/2956
f 1665/1630/2957 1676/1640/2957 1666/1631/2957
f 1676/1640/2958 1677/1641/2958 1666/1631/2958
f 1666/1631/2959 1677/1641/2959 1667/1632/2959
f 1677/1641/2960 1678/1642/2960 1667/1632/2960
f 1667/1632/2961 1678/1642/2961 1668/1633/2961
f 1678/1642/2962 1679/1643/2962 1668/1633/2962
f 1668/1633/2963 1679/1643/2963 1669/1634/2963
f 1679/1643/2964 1680/1644/2964 1669/1634/2964
f 1669/1634/2965 1680/1644/2965 1670/1635/2965
f 1680/1644/2966 1681/1645/2966 1670/1635/2966
f 1670/1635/2967 1681/1645/2967 1671/1636/2967
f 1681/1645/2968 1682/1646/2968 1671/1636/2968
f 1671/1636/2969 1682/1646/2969 1672/1637/2969
f 1682/1646/2970 1683/1647/2970 1672/1637/2970
f 1672/1637/2971 1683/1647/2971 272/1080/2971
f 1683/1647/2972 271/1082/2972 272/1080/2972
f 264/1049/2973 1684/1590/2973 1673/1589/2973
f 1684/1590/2974 1685/1648/2974 1673/1589/2974
f 1673/1589/2975 1685/1648/2975 1674/1638/2975
f 1685/1648/2976 1686/1649/2976 1674/1638/2976
f 1674/1638/2977 1686/1649/2977 1675/1639/2977
f 1686/1649/2978 1687/1650/2978 1675/1639/2978
f 1675/1639/2979 1687/1650/2979 1676/1640/2979
f 1687/1650/2980 1688/1651/2980 1676/1640/2980
f 1676/1640/2981 1688/1651/2981 1677/1641/2981
f 1688/1651/2982 1689/1652/2982 1677/1641/2982
f 1677/1641/2983 1689/1652/2983 1678/1642/2983
f 1689/1652/2984 1690/1653/2984 1678/1642/2984
f 1678/1642/2985 1690/1653/2985 1679/1643/2985
f 1690/1653/2986 1691/1654/2986 1679/1643/2986
f 1679/1643/2987 1691/1654/2987 1680/1644/2987
f 1691/1654/2988 1692/1655/2988 1680/1644/2988
f 1680/1644/2989 1692/1655/2989 1681/1645/2989
f 1692/1655/2990 1693/1656/2990 1681/1645/2990
f 1681/1645/2991 1693/1656/2991 1682/1646/2991
f 1693/1656/2992 1694/1657/2992 1682/1646/2992
f 1682/1646/2993 1694/1657/2993 1683/1647/2993
f 1694/1657/2994 1695/1658/2994 1683/1647/2994
f 1683/1647/2995 1695/1658/2995 271/1082/2995
f 1695/1658/2996 270/1084/2996 271/1082/2996
f 265/1048/2997 1696/1591/2997 1684/1590/2997
f 1696/1591/2998 1697/1659/2998 1684/1590/2998
f 1684/1590/2999 1697/1659/2999 1685/1648/2999
f 1697/1659/3000 1698/1660/3000 1685/1648/3000
f 1685/1648/3001 1698/1660/3001 1686/1649/3001
f 1698/1660/3002 1699/1661/3002 1686/1649/3002
f 1686/1649/3003 1699/1661/3003 1687/1650/3003
f 1699/1661/3004 1700/1662/3004 1687/1650/3004
f 1687/1650/3005 1700/1662/3005 1688/1651/3005
f 1700/1662/3006 1701/1663/3006 1688/1651/3006
f 1688/1651/3007 1701/1663/3007 1689/1652/3007
f 1701/1663/3008 1702/1664/3008 1689/1652/3008
f 1689/1652/3009 1702/1664/3009 1690/1653/3009
f 1702/1664/3010 1703/1665/3010 1690/1653/3010
f 1690/1653/3011 1703/1665/3011 1691/1654/3011
f 1703/1665/3012 1704/1666/3012 1691/1654/3012
f 1691/1654/3013 1704/1666/3013 1692/1655/3013
f 1704/1666/3014 1705/1667/3014 1692/1655/3014
f 1692/1655/3015 1705/1667/3015 1693/1656/3015
f 1705/1667/3016 1706/1668/3016 1693/1656/3016
f 1693/1656/3017 1706/1668/3017 1694/1657/3017
f 1706/1668/3018 1707/1669/3018 1694/1657/3018
f 1694/1657/3019 1707/1669/3019 1695/1658/3019
f 1707/1669/3020 1708/1670/3020 1695/1658/3020
f 1695/1658/3021 1708/1670/3021 270/1084/3021
f 1708/1670/3022 269/1086/3022 270/1084/3022
f 266/1047/3023 1709/1592/3023 1696/1591/3023
f 1709/1592/3024 1710/1671/3024 1696/1591/3024
f 1696/1591/3025 1710/1671/3025 1697/1659/3025
f 1710/1671/3026 1711/1672/3026 1697/1659/3026
f 1697/1659/3027 1711/1672/3027 1698/1660/3027
f 1711/1672/3028 1712/1673/3028 1698/1660/3028
f 1698/1660/3029 1712/1673/3029 1699/1661/3029
f 1712/1673/3030 1713/1674/3030 1699/1661/3030
f 1699/1661/3031 1713/1674/3031 1700/1662/3031
f 1713/1674/3032 1714/1675/3032 1700/1662/3032
f 1700/1662/3033 1714/1675/3033 1701/1663/3033
f 1714/1675/3034 1715/1676/3034 1701/1663/3034
f 1701/1663/3035 1715/1676/3035 1702/1664/3035
f 1715/1676/3036 1716/1677/3036 1702/1664/3036
f 1702/1664/3037 1716/1677/3037 1703/1665/3037
f 1716/1677/3038 1717/1678/3038 1703/1665/3038
f 1703/1665/3039 1717/1678/3039 1704/1666/3039
f 1717/1678/3040 1718/1679/3040 1704/1666/3040
f 1704/1666/3041 1718/1679/3041 1705/1667/3041
f 1718/1679/3042 1719/1680/3042 1705/1667/3042
f 1705/1667/3043 1719/1680/3043 1706/1668/3043
f 1719/1680/3044 1720/1681/3044 1706/1668/3044
f 1706/1668/3045 1720/1681/3045 1707/1669/3045
f 1720/1681/3046 1721/1682/3046 1707/1669/3046
f 1707/1669/3047 1721/1682/3047 1708/1670/3047
f 1721/1682/3048 1722/1683/3048 1708/1670/3048
f 1708/1670/3049 1722/1683/3049 269/1086/3049
f 1722/1683/3050 268/31/3050 269/1086/3050
f 267/25/3051 147/24/3051 1709/1592/3051
f 147/24/3052 146/1684/3052 1709/1592/3052
f 1709/1592/3053 146/1684/3053 1710/1671/3053
f 146/1684/3054 145/1685/3054 1710/1671/3054
f 1710/1671/3055 145/1685/3055 1711/1672/3055
f 145/1685/3056 144/1686/3056 1711/1672/3056
f 1711/1672/3057 144/1686/3057 1712/1673/3057
f 144/1686/3058 143/1687/3058 1712/1673/3058
f 1712/1673/3059 143/1687/3059 1713/1674/3059
f 143/1687/3060 142/1688/3060 1713/1674/3060
f 1713/1674/3061 142/1688/3061 1714/1675/3061
f 142/1688/3062 141/1689/3062 1714/1675/3062
f 1714/1675/3063 141/1689/3063 1715/1676/3063
f 141/1689/3064 140/1690/3064 1715/1676/3064
f 1715/1676/3065 140/1690/3065 1716/1677/3065
f 140/1690/3066 139/1691/3066 1716/1677/3066
f 1716/1677/3067 139/1691/3067 1717/1678/3067
f 139/1691/3068 138/1692/3068 1717/1678/3068
f 1717/1678/3069 138/1692/3069 1718/1679/3069
f 138/1692/3070 137/1693/3070 1718/1679/3070
f 1718/1679/3071 137/1693/3071 1719/1680/3071
f 137/1693/3072 136/1694/3072 1719/1680/3072
f 1719/1680/3073 136/1694/3073 1720/1681/3073
f 136/1694/3074 135/1695/3074 1720/1681/3074
f 1720/1681/3075 135/1695/3075 1721/1682/3075
f 135/1695/3076 134/1696/3076 1721/1682/3076
f 1721/1682/3077 134/1696/3077 1722/1683/3077
f 134/1696/3078 133/1697/3078 1722/1683/3078
f 1722/1683/3079 133/1697/3079 268/31/3079
f 133/1697/3080 4/20/3080 268/31/3080
f 223/1193/3081 252/1698/3081 8/496/3081
f 224/1192/3082 1723/1699/3082 223/1193/3082
f 225/1191/3083 1724/1700/3083 224/1192/3083
f 226/1190/3084 1726/1701/3084 225/1191/3084
f 227/1189/3085 1729/1702/3085 226/1190/3085
f 228/1188/3086 1733/1703/3086 227/1189/3086
f 229/1187/3087 1738/1704/3087 228/1188/3087
f 230/1186/3088 1744/1705/3088 229/1187/3088
f 231/1185/3089 1751/1706/3089 230/1186/3089
f 232/1184/3090 1759/1707/3090 231/1185/3090
f 233/1183/3091 1768/1708/3091 232/1184/3091
f 234/1182/3092 1778/1709/3092 233/1183/3092
f 235/1181/3093 1789/1710/3093 234/1182/3093
f 236/1180/3094 1801/1711/3094 235/1181/3094
f 237/22/3095 1814/1712/3095 236/1180/3095
f 223/1193/3096 1723/1699/3096 252/1698/3096
f 1723/1699/3097 251/1713/3097 252/1698/3097
f 224/1192/3098 1724/1700/3098 1723/1699/3098
f 1724/1700/3099 1725/1714/3099 1723/1699/3099
f 1723/1699/3100 1725/1714/3100 251/1713/3100
f 1725/1714/3101 250/1715/3101 251/1713/3101
f 225/1191/3102 1726/1701/3102 1724/1700/3102
f 1726/1701/3103 1727/1716/3103 1724/1700/3103
f 1724/1700/3104 1727/1716/3104 1725/1714/3104
f 1727/1716/3105 1728/1717/3105 1725/1714/3105
f 1725/1714/3106 1728/1717/3106 250/1715/3106
f 1728/1717/3107 249/1718/3107 250/1715/3107
f 226/1190/3108 1729/1702/3108 1726/1701/3108
f 1729/1702/3109 1730/1719/3109 1726/1701/3109
f 1726/1701/3110 1730/1719/3110 1727/1716/3110
f 1730/1719/3111 1731/1720/3111 1727/1716/3111
f 1727/1716/3112 1731/1720/3112 1728/1717/3112
f 1731/1720/3113 1732/1721/3113 1728/1717/3113
f 1728/1717/3114 1732/1721/3114 249/1718/3114
f 1732/1721/3115 248/1722/3115 249/1718/3115
f 227/1189/3116 1733/1703/3116 1729/1702/3116
f 1733/1703/3117 1734/1723/3117 1729/1702/3117
f 1729/1702/3118 1734/1723/3118 1730/1719/3118
f 1734/1723/3119 1735/1724/3119 1730/1719/3119
f 1730/1719/3120 1735/1724/3120 1731/1720/3120
f 1735/1724/3121 1736/1725/3121 1731/1720/3121
f 1731/1720/3122 1736/1725/3122 1732/1721/3122
f 1736/1725/3123 1737/1726/3123 1732/1721/3123
f 1732/1721/3124 1737/1726/3124 248/1722/3124
f 1737/1726/3125 247/1727/3125 248/1722/3125
f 228/1188/3126 1738/1704/3126 1733/1703/3126
f 1738/1704/3127 1739/1728/3127 1733/1703/3127
f 1733/1703/3128 1739/1728/3128 1734/1723/3128
f 1739/1728/3129 1740/1729/3129 1734/1723/3129
f 1734/1723/3130 1740/1729/3130 1735/1724/3130
f 1740/1729/3131 1741/1730/3131 1735/1724/3131
f 1735/1724/3132 1741/1730/3132 1736/1725/3132
f 1741/1730/3133 1742/1731/3133 1736/1725/3133
f 1736/1725/3134 1742/1731/3134 1737/1726/3134
f 1742/1731/3135 1743/1732/3135 1737/1726/3135
f 1737/1726/3136 1743/1732/3136 247/1727/3136
f 1743/1732/3137 246/1733/3137 247/1727/3137
f 229/1187/3138 1744/1705/3138 1738/1704/3138
f 1744/1705/3139 1745/1734/3139 1738/1704/3139
f 1738/1704/3140 1745/1734/3140 1739/1728/3140
f 1745/1734/3141 1746/1735/3141 1739/1728/3141
f 1739/1728/3142 1746/1735/3142 1740/1729/3142
f 1746/1735/3143 1747/1736/3143 1740/1729/3143
f 1740/1729/3144 1747/1736/3144 1741/1730/3144
f 1747/1736/3145 1748/1737/3145 1741/1730/3145
f 1741/1730/3146 1748/1737/3146 1742/1731/3146
f 1748/1737/3147 1749/1738/3147 1742/1731/3147
f 1742/1731/3148 1749/1738/3148 1743/1732/3148
f 1749/1738/3149 1750/1739/3149 1743/1732/3149
f 1743/1732/3150 1750/1739/3150 246/1733/3150
f 1750/1739/3151 245/1740/3151 246/1733/3151
f 230/1186/3152 1751/1706/3152 1744/1705/3152
f 1751/1706/3153 1752/1741/3153 1744/1705/3153
f 1744/1705/3154 1752/1741/3154 1745/1734/3154
f 1752/1741/3155 1753/1742/3155 1745/1734/3155
f 1745/1734/3156 1753/1742/3156 1746/1735/3156
f 1753/1742/3157 1754/1743/3157 1746/1735/3157
f 1746/1735/3158 1754/1743/3158 1747/1736/3158
f 1754/1743/3159 1755/1744/3159 1747/1736/3159
f 1747/1736/3160 1755/1744/3160 1748/1737/3160
f 1755/1744/3161 1756/1745/3161 1748/1737/3161
f 1748/1737/3162 1756/1745/3162 1749/1738/3162
f 1756/1745/3163 1757/1746/3163 1749/1738/3163
f 1749/1738/3164 1757/1746/3164 1750/1739/3164
f 1757/1746/3165 1758/1747/3165 1750/1739/3165
f 1750/1739/3166 1758/1747/3166 245/1740/3166
f 1758/1747/3167 244/1748/3167 245/1740/3167
f 231/1185/3168 1759/1707/3168 1751/1706/3168
f 1759/1707/3169 1760/1749/3169 1751/1706/3169
f 1751/1706/3170 1760/1749/3170 1752/1741/3170
f 1760/1749/3171 1761/1750/3171 1752/1741/3171
f 1752/1741/3172 1761/1750/3172 1753/1742/3172
f 1761/1750/3173 1762/1751/3173 1753/1742/3173
f 1753/1742/3174 1762/1751/3174 1754/1743/3174
f 1762/1751/3175 1763/1752/3175 1754/1743/3175
f 1754/1743/3176 1763/1752/3176 1755/1744/3176
f 1763/1752/3177 1764/1753/3177 1755/1744/3177
f 1755/1744/3178 1764/1753/3178 1756/1745/3178
f 1764/1753/3179 1765/1754/3179 1756/1745/3179
f 1756/1745/3180 1765/1754/3180 1757/1746/3180
f 1765/1754/3181 1766/1755/3181 1757/1746/3181
f 1757/1746/3182 1766/1755/3182 1758/1747/3182
f 1766/1755/3183 1767/1756/3183 1758/1747/3183
f 1758/1747/3184 1767/1756/3184 244/1748/3184
f 1767/1756/3185 243/1757/3185 244/1748/3185
f 232/1184/3186 1768/1708/3186 1759/1707/3186
f 1768/1708/3187 1769/1758/3187 1759/1707/3187
f 1759/1707/3188 1769/1758/3188 1760/1749/3188
f 1769/1758/3189 1770/1759/3189 1760/1749/3189
f 1760/1749/3190 1770/1759/3190 1761/1750/3190
f 1770/1759/3191 1771/1760/3191 1761/1750/3191
f 1761/1750/3192 1771/1760/3192 1762/1751/3192
f 1771/1760/3193 1772/1761/3193 1762/1751/3193
f 1762/1751/3194 1772/1761/3194 1763/1752/3194
f 1772/1761/3195 1773/1762/3195 1763/1752/3195
f 1763/1752/3196 1773/1762/3196 1764/1753/3196
f 1773/1762/3197 1774/1763/3197 1764/1753/3197
f 1764/1753/3198 1774/1763/3198 1765/1754/3198
f 1774/1763/3199 1775/1764/3199 1765/1754/3199
f 1765/1754/3200 1775/1764/3200 1766/1755/3200
f 1775/1764/3201 1776/1765/3201 1766/1755/3201
f 1766/1755/3202 1776/1765/3202 1767/1756/3202
f 1776/1765/3203 1777/1766/3203 1767/1756/3203
f 1767/1756/3204 1777/1766/3204 243/1757/3204
f 1777/1766/3205 242/1767/3205 243/1757/3205
f 233/1183/3206 1778/1709/3206 1768/1708/3206
f 1778/1709/3207 1779/1768/3207 1768/1708/3207
f 1768/1708/3208 1779/1768/3208 1769/1758/3208
f 1779/1768/3209 1780/1769/3209 1769/1758/3209
f 1769/1758/3210 1780/1769/3210 1770/1759/3210
f 1780/1769/3211 1781/1770/3211 1770/1759/3211
f 1770/1759/3212 1781/1770/3212 1771/1760/3212
f 1781/1770/3213 1782/1771/3213 1771/1760/3213
f 1771/1760/3214 1782/1771/3214 1772/1761/3214
f 1782/1771/3215 1783/1772/3215 1772/1761/3215
f 1772/1761/3216 1783/1772/3216 1773/1762/3216
f 1783/1772/3217 1784/1773/3217 1773/1762/3217
f 1773/1762/3218 1784/1773/3218 1774/1763/3218
f 1784/1773/3219 1785/1774/3219 1774/1763/3219
f 1774/1763/3220 1785/1774/3220 1775/1764/3220
f 1785/1774/3221 1786/1775/3221 1775/1764/3221
f 1775/1764/3222 1786/1775/3222 1776/1765/3222
f 1786/1775/3223 1787/1776/3223 1776/1765/3223
f 1776/1765/3224 1787/1776/3224 1777/1766/3224
f 1787/1776/3225 1788/1777/3225 1777/1766/3225
f 1777/1766/3226 1788/1777/3226 242/1767/3226
f 1788/1777/3227 241/1778/3227 242/1767/3227
f 234/1182/3228 1789/1710/3228 1778/1709/3228
f 1789/1710/3229 1790/1779/3229 1778/1709/3229
f 1778/1709/3230 1790/1779/3230 1779/1768/3230
f 1790/1779/3231 1791/1780/3231 1779/1768/3231
f 1779/1768/3232 1791/1780/3232 1780/1769/3232
f 1791/1780/3233 1792/1781/3233 1780/1769/3233
f 1780/1769/3234 1792/1781/3234 1781/1770/3234
f 1792/1781/3235 1793/1782/3235 1781/1770/3235
f 1781/1770/3236 1793/1782/3236 1782/1771/3236
f 1793/1782/3237 1794/1783/3237 1782/1771/3237
f 1782/1771/3238 1794/1783/3238 1783/1772/3238
f 1794/1783/3239 1795/1784/3239 1783/1772/3239
f 1783/1772/3240 1795/1784/3240 1784/1773/3240
f 1795/1784/3241 1796/1785/3241 1784/1773/3241
f 1784/1773/3242 1796/1785/3242 1785/1774/3242
f 1796/1785/3243 1797/1786/3243 1785/1774/3243
f 1785/1774/3244 1797/1786/3244 1786/1775/3244
f 1797/1786/3245 1798/1787/3245 1786/1775/3245
f 1786/1775/3246 1798/1787/3246 1787/1776/3246
f 1798/1787/3247 1799/1788/3247 1787/1776/3247
f 1787/1776/3248 1799/1788/3248 1788/1777/3248
f 1799/1788/3249 1800/1789/3249 1788/1777/3249
f 1788/1777/3250 1800/1789/3250 241/1778/3250
f 1800/1789/3251 240/1790/3251 241/1778/3251
f 235/1181/3252 1801/1711/3252 1789/1710/3252
f 1801/1711/3253 1802/1791/3253 1789/1710/3253
f 1789/1710/3254 1802/1791/3254 1790/1779/3254
f 1802/1791/3255 1803/1792/3255 1790/1779/3255
f 1790/1779/3256 1803/1792/3256 1791/1780/3256
f 1803/1792/3257 1804/1793/3257 1791/1780/3257
f 1791/1780/3258 1804/1793/3258 1792/1781/3258
f 1804/1793/3259 1805/1794/3259 1792/1781/3259
f 1792/1781/3260 1805/1794/3260 1793/1782/3260
f 1805/1794/3261 1806/1795/3261 1793/1782/3261
f 1793/1782/3262 1806/1795/3262 1794/1783/3262
f 1806/1795/3263 1807/1796/3263 1794/1783/3263
f 1794/1783/3264 1807/1796/3264 1795/1784/3264
f 1807/1796/3265 1808/1797/3265 1795/1784/3265
f 1795/1784/3266 1808/1797/3266 1796/1785/3266
f 1808/1797/3267 1809/1798/3267 1796/1785/3267
f 1796/1785/3268 1809/1798/3268 1797/1786/3268
f 1809/1798/3269 1810/1799/3269 1797/1786/3269
f 1797/1786/3270 1810/1799/3270 1798/1787/3270
f 1810/1799/3271 1811/1800/3271 1798/1787/3271
f 1798/1787/3272 1811/1800/3272 1799/1788/3272
f 1811/1800/3273 1812/1801/3273 1799/1788/3273
f 1799/1788/3274 1812/1801/3274 1800/1789/3274
f 1812/1801/3275 1813/1802/3275 1800/1789/3275
f 1800/1789/3276 1813/1802/3276 240/1790/3276
f 1813/1802/3277 239/1803/3277 240/1790/3277
f 236/1180/3278 1814/1712/3278 1801/1711/3278
f 1814/1712/3279 1815/1804/3279 1801/1711/3279
f 1801/1711/3280 1815/1804/3280 1802/1791/3280
f 1815/1804/3281 1816/1805/3281 1802/1791/3281
f 1802/1791/3282 1816/1805/3282 1803/1792/3282
f 1816/1805/3283 1817/1806/3283 1803/1792/3283
f 1803/1792/3284 1817/1806/3284 1804/1793/3284
f 1817/1806/3285 1818/1807/3285 1804/1793/3285
f 1804/1793/3286 1818/1807/3286 1805/1794/3286
f 1818/1807/3287 1819/1808/3287 1805/1794/3287
f 1805/1794/3288 1819/1808/3288 1806/1795/3288
f 1819/1808/3289 1820/1809/3289 1806/1795/3289
f 1806/1795/3290 1820/1809/3290 1807/1796/3290
f 1820/1809/3291 1821/1810/3291 1807/1796/3291
f 1807/1796/3292 1821/1810/3292 1808/1797/3292
f 1821/1810/3293 1822/1811/3293 1808/1797/3293
f 1808/1797/3294 1822/1811/3294 1809/1798/3294
f 1822/1811/3295 1823/1812/3295 1809/1798/3295
f 1809/1798/3296 1823/1812/3296 1810/1799/3296
f 1823/1812/3297 1824/1813/3297 1810/1799/3297
f 1810/1799/3298 1824/1813/3298 1811/1800/3298
f 1824/1813/3299 1825/1814/3299 1811/1800/3299
f 1811/1800/3300 1825/1814/3300 1812/1801/3300
f 1825/1814/3301 1826/1815/3301 1812/1801/3301
f 1812/1801/3302 1826/1815/3302 1813/1802/3302
f 1826/1815/3303 1827/1816/3303 1813/1802/3303
f 1813/1802/3304 1827/1816/3304 239/1803/3304
f 1827/1816/3305 238/1817/3305 239/1803/3305
f 237/22/3306 117/21/3306 1814/1712/3306
f 117/21/3307 116/1818/3307 1814/1712/3307
f 1814/1712/3308 116/1818/3308 1815/1804/3308
f 116/1818/3309 115/1819/3309 1815/1804/3309
f 1815/1804/3310 115/1819/3310 1816/1805/3310
f 115/1819/3311 114/1820/3311 1816/1805/3311
f 1816/1805/3312 114/1820/3312 1817/1806/3312
f 114/1820/3313 113/1821/3313 1817/1806/3313
f 1817/1806/3314 113/1821/3314 1818/1807/3314
f 113/1821/3315 112/1822/3315 1818/1807/3315
f 1818/1807/3316 112/1822/3316 1819/1808/3316
f 112/1822/3317 111/1823/3317 1819/1808/3317
f 1819/1808/3318 111/1823/3318 1820/1809/3318
f 111/1823/3319 110/1824/3319 1820/1809/3319
f 1820/1809/3320 110/1824/3320 1821/1810/3320
f 110/1824/3321 109/1825/3321 1821/1810/3321
f 1821/1810/3322 109/1825/3322 1822/1811/3322
f 109/1825/3323 108/1826/3323 1822/1811/3323
f 1822/1811/3324 108/1826/3324 1823/1812/3324
f 108/1826/3325 107/1827/3325 1823/1812/3325
f 1823/1812/3326 107/1827/3326 1824/1813/3326
f 107/1827/3327 106/1828/3327 1824/1813/3327
f 1824/1813/3328 106/1828/3328 1825/1814/3328
f 106/1828/3329 105/1829/3329 1825/1814/3329
f 1825/1814/3330 105/1829/3330 1826/1815/3330
f 105/1829/3331 104/1830/3331 1826/1815/3331
f 1826/1815/3332 104/1830/3332 1827/1816/3332
f 104/1830/3333 103/1831/3333 1827/1816/3333
f 1827/1816/3334 103/1831/3334 238/1817/3334
f 103/1831/3335 3/1832/3335 238/1817/3335
f 193/1326/3336 222/1327/3336 7/34/3336
f 194/1325/3337 1828/1833/3337 193/1326/3337
f 195/1324/3338 1829/1834/3338 194/1325/3338
f 196/1323/3339 1831/1835/3339 195/1324/3339
f 197/1322/3340 1834/1836/3340 196/1323/3340
f 198/1321/3341 1838/1837/3341 197/1322/3341
f 199/1320/3342 1843/1838/3342 198/1321/3342
f 200/1319/3343 1849/1839/3343 199/1320/3343
f 201/1318/3344 1856/1840/3344 200/1319/3344
f 202/1317/3345 1864/1841/3345 201/1318/3345
f 203/1316/3346 1873/1842/3346 202/1317/3346
f 204/1315/3347 1883/1843/3347 203/1316/3347
f 205/1314/3348 1894/1844/3348 204/1315/3348
f 206/1313/3349 1906/1845/3349 205/1314/3349
f 207/19/3350 1919/1846/3350 206/1313/3350
f 193/1326/3351 1828/1833/3351 222/1327/3351
f 1828/1833/3352 221/1328/3352 222/1327/3352
f 194/1325/3353 1829/1834/3353 1828/1833/3353
f 1829/1834/3354 1830/1847/3354 1828/1833/3354
f 1828/1833/3355 1830/1847/3355 221/1328/3355
f 1830/1847/3356 220/1330/3356 221/1328/3356
f 195/1324/3357 1831/1835/3357 1829/1834/3357
f 1831/1835/3358 1832/1848/3358 1829/1834/3358
f 1829/1834/3359 1832/1848/3359 1830/1847/3359
f 1832/1848/3360 1833/1849/3360 1830/1847/3360
f 1830/1847/3361 1833/1849/3361 220/1330/3361
f 1833/1849/3362 219/1332/3362 220/1330/3362
f 196/1323/3363 1834/1836/3363 1831/1835/3363
f 1834/1836/3364 1835/1850/3364 1831/1835/3364
f 1831/1835/3365 1835/1850/3365 1832/1848/3365
f 1835/1850/3366 1836/1851/3366 1832/1848/3366
f 1832/1848/3367 1836/1851/3367 1833/1849/3367
f 1836/1851/3368 1837/1852/3368 1833/1849/3368
f 1833/1849/3369 1837/1852/3369 219/1332/3369
f 1837/1852/3370 218/1334/3370 219/1332/3370
f 197/1322/3371 1838/1837/3371 1834/1836/3371
f 1838/1837/3372 1839/1853/3372 1834/1836/3372
f 1834/1836/3373 1839/1853/3373 1835/1850/3373
f 1839/1853/3374 1840/1854/3374 1835/1850/3374
f 1835/1850/3375 1840/1854/3375 1836/1851/3375
f 1840/1854/3376 1841/1855/3376 1836/1851/3376
f 1836/1851/3377 1841/1855/3377 1837/1852/3377
f 1841/1855/3378 1842/1856/3378 1837/1852/3378
f 1837/1852/3379 1842/1856/3379 218/1334/3379
f 1842/1856/3380 217/1336/3380 218/1334/3380
f 198/1321/3381 1843/1838/3381 1838/1837/3381
f 1843/1838/3382 1844/1857/3382 1838/1837/3382
f 1838/1837/3383 1844/1857/3383 1839/1853/3383
f 1844/1857/3384 1845/1858/3384 1839/1853/3384
f 1839/1853/3385 1845/1858/3385 1840/1854/3385
f 1845/1858/3386 1846/1859/3386 1840/1854/3386
f 1840/1854/3387 1846/1859/3387 1841/1855/3387
f 1846/1859/3388 1847/1860/3388 1841/1855/3388
f 1841/1855/3389 1847/1860/3389 1842/1856/3389
f 1847/1860/3390 1848/1861/3390 1842/1856/3390
f 1842/1856/3391 1848/1861/3391 217/1336/3391
f 1848/1861/3392 216/1338/3392 217/1336/3392
f 199/1320/3393 1849/1839/3393 1843/1838/3393
f 1849/1839/3394 1850/1862/3394 1843/1838/3394
f 1843/1838/3395 1850/1862/3395 1844/1857/3395
f 1850/1862/3396 1851/1863/3396 1844/1857/3396
f 1844/1857/3397 1851/1863/3397 1845/1858/3397
f 1851/1863/3398 1852/1864/3398 1845/1858/3398
f 1845/1858/3399 1852/1864/3399 1846/1859/3399
f 1852/1864/3400 1853/1865/3400 1846/1859/3400
f 1846/1859/3401 1853/1865/3401 1847/1860/3401
f 1853/1865/3402 1854/1866/3402 1847/1860/3402
f 1847/1860/3403 1854/1866/3403 1848/1861/3403
f 1854/1866/3404 1855/1867/3404 1848/1861/3404
f 1848/1861/3405 1855/1867/3405 216/1338/3405
f 1855/1867/3406 215/1340/3406 216/1338/3406
f 200/1319/3407 1856/1840/3407 1849/1839/3407
f 1856/1840/3408 1857/1868/3408 1849/1839/3408
f 1849/1839/3409 1857/1868/3409 1850/1862/3409
f 1857/1868/3410 1858/1869/3410 1850/1862/3410
f 1850/1862/3411 1858/1869/3411 1851/1863/3411
f 1858/1869/3412 1859/1870/3412 1851/1863/3412
f 1851/1863/3413 1859/1870/3413 1852/1864/3413
f 1859/1870/3414 1860/1871/3414 1852/1864/3414
f 1852/1864/3415 1860/1871/3415 1853/1865/3415
f 1860/1871/3416 1861/1872/3416 1853/1865/3416
f 1853/1865/3417 1861/1872/3417 1854/1866/3417
f 1861/1872/3418 1862/1873/3418 1854/1866/3418
f 1854/1866/3419 1862/1873/3419 1855/1867/3419
f 1862/1873/3420 1863/1874/3420 1855/1867/3420
f 1855/1867/3421 1863/1874/3421 215/1340/3421
f 1863/1874/3422 214/1342/3422 215/1340/3422
f 201/1318/3423 1864/1841/3423 1856/1840/3423
f 1864/1841/3424 1865/1875/3424 1856/1840/3424
f 1856/1840/3425 1865/1875/3425 1857/1868/3425
f 1865/1875/3426 1866/1876/3426 1857/1868/3426
f 1857/1868/3427 1866/1876/3427 1858/1869/3427
f 1866/1876/3428 1867/1877/3428 1858/1869/3428
f 1858/1869/3429 1867/1877/3429 1859/1870/3429
f 1867/1877/3430 1868/1878/3430 1859/1870/3430
f 1859/1870/3431 1868/1878/3431 1860/1871/3431
f 1868/1878/3432 1869/1879/3432 1860/1871/3432
f 1860/1871/3433 1869/1879/3433 1861/1872/3433
f 1869/1879/3434 1870/1880/3434 1861/1872/3434
f 1861/1872/3435 1870/1880/3435 1862/1873/3435
f 1870/1880/3436 1871/1881/3436 1862/1873/3436
f 1862/1873/3437 1871/1881/3437 1863/1874/3437
f 1871/1881/3438 1872/1882/3438 1863/1874/3438
f 1863/1874/3439 1872/1882/3439 214/1342/3439
f 1872/1882/3440 213/1344/3440 214/1342/3440
f 202/1317/3441 1873/1842/3441 1864/1841/3441
f 1873/1842/3442 1874/1883/3442 1864/1841/3442
f 1864/1841/3443 1874/1883/3443 1865/1875/3443
f 1874/1883/3444 1875/1884/3444 1865/1875/3444
f 1865/1875/3445 1875/1884/3445 1866/1876/3445
f 1875/1884/3446 1876/1885/3446 1866/1876/3446
f 1866/1876/3447 1876/1885/3447 1867/1877/3447
f 1876/1885/3448 1877/1886/3448 1867/1877/3448
f 1867/1877/3449 1877/1886/3449 1868/1878/3449
f 1877/1886/3450 1878/1887/3450 1868/1878/3450
f 1868/1878/3451 1878/1887/3451 1869/1879/3451
f 1878/1887/3452 1879/1888/3452 1869/1879/3452
f 1869/1879/3453 1879/1888/3453 1870/1880/3453
f 1879/1888/3454 1880/1889/3454 1870/1880/3454
f 1870/1880/3455 1880/1889/3455 1871/1881/3455
f 1880/1889/3456 1881/1890/3456 1871/1881/3456
f 1871/1881/3457 1881/1890/3457 1872/1882/3457
f 1881/1890/3458 1882/1891/3458 1872/1882/3458
f 1872/1882/3459 1882/1891/3459 213/1344/3459
f 1882/1891/3460 212/1346/3460 213/1344/3460
f 203/1316/3461 1883/1843/3461 1873/1842/3461
f 1883/1843/3462 1884/1892/3462 1873/1842/3462
f 1873/1842/3463 1884/1892/3463 1874/1883/3463
f 1884/1892/3464 1885/1893/3464 1874/1883/3464
f 1874/1883/3465 1885/1893/3465 1875/1884/3465
f 1885/1893/3466 1886/1894/3466 1875/1884/3466
f 1875/1884/3467 1886/1894/3467 1876/1885/3467
f 1886/1894/3468 1887/1895/3468 1876/1885/3468
f 1876/1885/3469 1887/1895/3469 1877/1886/3469
f 1887/1895/3470 1888/1896/3470 1877/1886/3470
f 1877/1886/3471 1888/1896/3471 1878/1887/3471
f 1888/1896/3472 1889/1897/3472 1878/1887/3472
f 1878/1887/3473 1889/1897/3473 1879/1888/3473
f 1889/1897/3474 1890/1898/3474 1879/1888/3474
f 1879/1888/3475 1890/1898/3475 1880/1889/3475
f 1890/1898/3476 1891/1899/3476 1880/1889/3476
f 1880/1889/3477 1891/1899/3477 1881/1890/3477
f 1891/1899/3478 1892/1900/3478 1881/1890/3478
f 1881/1890/3479 1892/1900/3479 1882/1891/3479
f 1892/1900/3480 1893/1901/3480 1882/1891/3480
f 1882/1891/3481 1893/1901/3481 212/1346/3481
f 1893/1901/3482 211/1348/3482 212/1346/3482
f 204/1315/3483 1894/1844/3483 1883/1843/3483
f 1894/1844/3484 1895/1902/3484 1883/1843/3484
f 1883/1843/3485 1895/1902/3485 1884/1892/3485
f 1895/1902/3486 1896/1903/3486 1884/1892/3486
f 1884/1892/3487 1896/1903/3487 1885/1893/3487
f 1896/1903/3488 1897/1904/3488 1885/1893/3488
f 1885/1893/3489 1897/1904/3489 1886/1894/3489
f 1897/1904/3490 1898/1905/3490 1886/1894/3490
f 1886/1894/3491 1898/1905/3491 1887/1895/3491
f 1898/1905/3492 1899/1906/3492 1887/1895/3492
f 1887/1895/3493 1899/1906/3493 1888/1896/3493
f 1899/1906/3494 1900/1907/3494 1888/1896/3494
f 1888/1896/3495 1900/1907/3495 1889/1897/3495
f 1900/1907/3496 1901/1908/3496 1889/1897/3496
f 1889/1897/3497 1901/1908/3497 1890/1898/3497
f 1901/1908/3498 1902/1909/3498 1890/1898/3498
f 1890/1898/3499 1902/1909/3499 1891/1899/3499
f 1902/1909/3500 1903/1910/3500 1891/1899/3500
f 1891/1899/3501 1903/1910/3501 1892/1900/3501
f 1903/1910/3502 1904/1911/3502 1892/1900/3502
f 1892/1900/3503 1904/1911/3503 1893/1901/3503
f 1904/1911/3504 1905/1912/3504 1893/1901/3504
f 1893/1901/3505 1905/1912/3505 211/1348/3505
f 1905/1912/3506 210/1350/3506 211/1348/3506
f 205/1314/3507 1906/1845/3507 1894/1844/3507
f 1906/1845/3508 1907/1913/3508 1894/1844/3508
f 1894/1844/3509 1907/1913/3509 1895/1902/3509
f 1907/1913/3510 1908/1914/3510 1895/1902/3510
f 1895/1902/3511 1908/1914/3511 1896/1903/3511
f 1908/1914/3512 1909/1915/3512 1896/1903/3512
f 1896/1903/3513 1909/1915/3513 1897/1904/3513
f 1909/1915/3514 1910/1916/3514 1897/1904/3514
f 1897/1904/3515 1910/1916/3515 1898/1905/3515
f 1910/1916/3516 1911/1917/3516 1898/1905/3516
f 1898/1905/3517 1911/1917/3517 1899/1906/3517
f 1911/1917/3518 1912/1918/3518 1899/1906/3518
f 1899/1906/3519 1912/1918/3519 1900/1907/3519
f 1912/1918/3520 1913/1919/3520 1900/1907/3520
f 1900/1907/3521 1913/1919/3521 1901/1908/3521
f 1913/1919/3522 1914/1920/3522 1901/1908/3522
f 1901/1908/3523 1914/1920/3523 1902/1909/3523
f 1914/1920/3524 1915/1921/3524 1902/1909/3524
f 1902/1909/3525 1915/1921/3525 1903/1910/3525
f 1915/1921/3526 1916/1922/3526 1903/1910/3526
f 1903/1910/3527 1916/1922/3527 1904/1911/3527
f 1916/1922/3528 1917/1923/3528 1904/1911/3528
f 1904/1911/3529 1917/1923/3529 1905/1912/3529
f 1917/1923/3530 1918/1924/3530 1905/1912/3530
f 1905/1912/3531 1918/1924/3531 210/1350/3531
f 1918/1924/3532 209/1352/3532 210/1350/3532
f 206/1313/3533 1919/1846/3533 1906/1845/3533
f 1919/1846/3534 1920/1925/3534 1906/1845/3534
f 1906/1845/3535 1920/1925/3535 1907/1913/3535
f 1920/1925/3536 1921/1926/3536 1907/1913/3536
f 1907/1913/3537 1921/1926/3537 1908/1914/3537
f 1921/1926/3538 1922/1927/3538 1908/1914/3538
f 1908/1914/3539 1922/1927/3539 1909/1915/3539
f 1922/1927/3540 1923/1928/3540 1909/1915/3540
f 1909/1915/3541 1923/1928/3541 1910/1916/3541
f 1923/1928/3542 1924/1929/3542 1910/1916/3542
f 1910/1916/3543 1924/1929/3543 1911/1917/3543
f 1924/1929/3544 1925/1930/3544 1911/1917/3544
f 1911/1917/3545 1925/1930/3545 1912/1918/3545
f 1925/1930/3546 1926/1931/3546 1912/1918/3546
f 1912/1918/3547 1926/1931/3547 1913/1919/3547
f 1926/1931/3548 1927/1932/3548 1913/1919/3548
f 1913/1919/3549 1927/1932/3549 1914/1920/3549
f 1927/1932/3550 1928/1933/3550 1914/1920/3550
f 1914/1920/3551 1928/1933/3551 1915/1921/3551
f 1928/1933/3552 1929/1934/3552 1915/1921/3552
f 1915/1921/3553 1929/1934/3553 1916/1922/3553
f 1929/1934/3554 1930/1935/3554 1916/1922/3554
f 1916/1922/3555 1930/1935/3555 1917/1923/3555
f 1930/1935/3556 1931/1936/3556 1917/1923/3556
f 1917/1923/3557 1931/1936/3557 1918/1924/3557
f 1931/1936/3558 1932/1937/3558 1918/1924/3558
f 1918/1924/3559 1932/1937/3559 209/1352/3559
f 1932/1937/3560 208/29/3560 209/1352/3560
f 207/19/3561 57/18/3561 1919/1846/3561
f 57/18/3562 56/1938/3562 1919/1846/3562
f 1919/1846/3563 56/1938/3563 1920/1925/3563
f 56/1938/3564 55/1939/3564 1920/1925/3564
f 1920/1925/3565 55/1939/3565 1921/1926/3565
f 55/1939/3566 54/1940/3566 1921/1926/3566
f 1921/1926/3567 54/1940/3567 1922/1927/3567
f 54/1940/3568 53/1941/3568 1922/1927/3568
f 1922/1927/3569 53/1941/3569 1923/1928/3569
f 53/1941/3570 52/1942/3570 1923/1928/3570
f 1923/1928/3571 52/1942/3571 1924/1929/3571
f 52/1942/3572 51/1943/3572 1924/1929/3572
f 1924/1929/3573 51/1943/3573 1925/1930/3573
f 51/1943/3574 50/1944/3574 1925/1930/3574
f 1925/1930/3575 50/1944/3575 1926/1931/3575
f 50/1944/3576 49/1945/3576 1926/1931/3576
f 1926/1931/3577 49/1945/3577 1927/1932/3577
f 49/1945/3578 48/1946/3578 1927/1932/3578
f 1927/1932/3579 48/1946/3579 1928/1933/3579
f 48/1946/3580 47/1947/3580 1928/1933/3580
f 1928/1933/3581 47/1947/3581 1929/1934/3581
f 47/1947/3582 46/1948/3582 1929/1934/3582
f 1929/1934/3583 46/1948/3583 1930/1935/3583
f 46/1948/3584 45/1949/3584 1930/1935/3584
f 1930/1935/3585 45/1949/3585 1931/1936/3585
f 45/1949/3586 44/1950/3586 1931/1936/3586
f 1931/1936/3587 44/1950/3587 1932/1937/3587
f 44/1950/3588 43/1951/3588 1932/1937/3588
f 1932/1937/3589 43/1951/3589 208/29/3589
f 43/1951/3590 2/4/3590 208/29/3590
f 163/1459/3591 192/795/3591 11/46/3591
f 164/1458/3592 1933/1952/3592 163/1459/3592
f 165/1457/3593 1934/1953/3593 164/1458/3593
f 166/1456/3594 1936/1954/3594 165/1457/3594
f 167/1455/3595 1939/1955/3595 166/1456/3595
f 168/1454/3596 1943/1956/3596 167/1455/3596
f 169/1453/3597 1948/1957/3597 168/1454/3597
f 170/1452/3598 1954/1958/3598 169/1453/3598
f 171/1451/3599 1961/1959/3599 170/1452/3599
f 172/1450/3600 1969/1960/3600 171/1451/3600
f 173/1449/3601 1978/1961/3601 172/1450/3601
f 174/1448/3602 1988/1962/3602 173/1449/3602
f 175/1447/3603 1999/1963/3603 174/1448/3603
f 176/1446/3604 2011/1964/3604 175/1447/3604
f 177/16/3605 2024/1965/3605 176/1446/3605
f 163/1459/3606 1933/1952/3606 192/795/3606
f 1933/1952/3607 191/796/3607 192/795/3607
f 164/1458/3608 1934/1953/3608 1933/1952/3608
f 1934/1953/3609 1935/1966/3609 1933/1952/3609
f 1933/1952/3610 1935/1966/3610 191/796/3610
f 1935/1966/3611 190/798/3611 191/796/3611
f 165/1457/3612 1936/1954/3612 1934/1953/3612
f 1936/1954/3613 1937/1967/3613 1934/1953/3613
f 1934/1953/3614 1937/1967/3614 1935/1966/3614
f 1937/1967/3615 1938/1968/3615 1935/1966/3615
f 1935/1966/3616 1938/1968/3616 190/798/3616
f 1938/1968/3617 189/800/3617 190/798/3617
f 166/1456/3618 1939/1955/3618 1936/1954/3618
f 1939/1955/3619 1940/1969/3619 1936/1954/3619
f 1936/1954/3620 1940/1969/3620 1937/1967/3620
f 1940/1969/3621 1941/1970/3621 1937/1967/3621
f 1937/1967/3622 1941/1970/3622 1938/1968/3622
f 1941/1970/3623 1942/1971/3623 1938/1968/3623
f 1938/1968/3624 1942/1971/3624 189/800/3624
f 1942/1971/3625 188/802/3625 189/800/3625
f 167/1455/3626 1943/1956/3626 1939/1955/3626
f 1943/1956/3627 1944/1972/3627 1939/1955/3627
f 1939/1955/3628 1944/1972/3628 1940/1969/3628
f 1944/1972/3629 1945/1973/3629 1940/1969/3629
f 1940/1969/3630 1945/1973/3630 1941/1970/3630
f 1945/1973/3631 1946/1974/3631 1941/1970/3631
f 1941/1970/3632 1946/1974/3632 1942/1971/3632
f 1946/1974/3633 1947/1975/3633 1942/1971/3633
f 1942/1971/3634 1947/1975/3634 188/802/3634
f 1947/1975/3635 187/804/3635 188/802/3635
f 168/1454/3636 1948/1957/3636 1943/1956/3636
f 1948/1957/3637 1949/1976/3637 1943/1956/3637
f 1943/1956/3638 1949/1976/3638 1944/1972/3638
f 1949/1976/3639 1950/1977/3639 1944/1972/3639
f 1944/1972/3640 1950/1977/3640 1945/1973/3640
f 1950/1977/3641 1951/1978/3641 1945/1973/3641
f 1945/1973/3642 1951/1978/3642 1946/1974/3642
f 1951/1978/3643 1952/1979/3643 1946/1974/3643
f 1946/1974/3644 1952/1979/3644 1947/1975/3644
f 1952/1979/3645 1953/1980/3645 1947/1975/3645
f 1947/1975/3646 1953/1980/3646 187/804/3646
f 1953/1980/3647 186/806/3647 187/804/3647
f 169/1453/3648 1954/1958/3648 1948/1957/3648
f 1954/1958/3649 1955/1981/3649 1948/1957/3649
f 1948/1957/3650 1955/1981/3650 1949/1976/3650
f 1955/1981/3651 1956/1982/3651 1949/1976/3651
f 1949/1976/3652 1956/1982/3652 1950/1977/3652
f 1956/1982/3653 1957/1983/3653 1950/1977/3653
f 1950/1977/3654 1957/1983/3654 1951/1978/3654
f 1957/1983/3655 1958/1984/3655 1951/1978/3655
f 1951/1978/3656 1958/1984/3656 1952/1979/3656
f 1958/1984/3657 1959/1985/3657 1952/1979/3657
f 1952/1979/3658 1959/1985/3658 1953/1980/3658
f 1959/1985/3659 1960/1986/3659 1953/1980/3659
f 1953/1980/3660 1960/1986/3660 186/806/3660
f 1960/1986/3661 185/808/3661 186/806/3661
f 170/1452/3662 1961/1959/3662 1954/1958/3662
f 1961/1959/3663 1962/1987/3663 1954/1958/3663
f 1954/1958/3664 1962/1987/3664 1955/1981/3664
f 1962/1987/3665 1963/1988/3665 1955/1981/3665
f 1955/1981/3666 1963/1988/3666 1956/1982/3666
f 1963/1988/3667 1964/1989/3667 1956/1982/3667
f 1956/1982/3668 1964/1989/3668 1957/1983/3668
f 1964/1989/3669 1965/1990/3669 1957/1983/3669
f 1957/1983/3670 1965/1990/3670 1958/1984/3670
f 1965/1990/3671 1966/1991/3671 1958/1984/3671
f 1958/1984/3672 1966/1991/3672 1959/1985/3672
f 1966/1991/3673 1967/1992/3673 1959/1985/3673
f 1959/1985/3674 1967/1992/3674 1960/1986/3674
f 1967/1992/3675 1968/1993/3675 1960/1986/3675
f 1960/1986/3676 1968/1993/3676 185/808/3676
f 1968/1993/3677 184/810/3677 185/808/3677
f 171/1451/3678 1969/1960/3678 1961/1959/3678
f 1969/1960/3679 1970/1994/3679 1961/1959/3679
f 1961/1959/3680 1970/1994/3680 1962/1987/3680
f 1970/1994/3681 1971/1995/3681 1962/1987/3681
f 1962/1987/3682 1971/1995/3682 1963/1988/3682
f 1971/1995/3683 1972/1996/3683 1963/1988/3683
f 1963/1988/3684 1972/1996/3684 1964/1989/3684
f 1972/1996/3685 1973/1997/3685 1964/1989/3685
f 1964/1989/3686 1973/1997/3686 1965/1990/3686
f 1973/1997/3687 1974/1998/3687 1965/1990/3687
f 1965/1990/3688 1974/1998/3688 1966/1991/3688
f 1974/1998/3689 1975/1999/3689 1966/1991/3689
f 1966/1991/3690 1975/1999/3690 1967/1992/3690
f 1975/1999/3691 1976/2000/3691 1967/1992/3691
f 1967/1992/3692 1976/2000/3692 1968/1993/3692
f 1976/2000/3693 1977/2001/3693 1968/1993/3693
f 1968/1993/3694 1977/2001/3694 184/810/3694
f 1977/2001/3695 183/812/3695 184/810/3695
f 172/1450/3696 1978/1961/3696 1969/1960/3696
f 1978/1961/3697 1979/2002/3697 1969/1960/3697
f 1969/1960/3698 1979/2002/3698 1970/1994/3698
f 1979/2002/3699 1980/2003/3699 1970/1994/3699
f 1970/1994/3700 1980/2003/3700 1971/1995/3700
f 1980/2003/3701 1981/2004/3701 1971/1995/3701
f 1971/1995/3702 1981/2004/3702 1972/1996/3702
f 1981/2004/3703 1982/2005/3703 1972/1996/3703
f 1972/1996/3704 1982/2005/3704 1973/1997/3704
f 1982/2005/3705 1983/2006/3705 1973/1997/3705
f 1973/1997/3706 1983/2006/3706 1974/1998/3706
f 1983/2006/3707 1984/2007/3707 1974/1998/3707
f 1974/1998/3708 1984/2007/3708 1975/1999/3708
f 1984/2007/3709 1985/2008/3709 1975/1999/3709
f 1975/1999/3710 1985/2008/3710 1976/2000/3710
f 1985/2008/3711 1986/2009/3711 1976/2000/3711
f 1976/2000/3712 1986/2009/3712 1977/2001/3712
f 1986/2009/3713 1987/2010/3713 1977/2001/3713
f 1977/2001/3714 1987/2010/3714 183/812/3714
f 1987/2010/3715 182/814/3715 183/812/3715
f 173/1449/3716 1988/1962/3716 1978/1961/3716
f 1988/1962/3717 1989/2011/3717 1978/1961/3717
f 1978/1961/3718 1989/2011/3718 1979/2002/3718
f 1989/2011/3719 1990/2012/3719 1979/2002/3719
f 1979/2002/3720 1990/2012/3720 1980/2003/3720
f 1990/2012/3721 1991/2013/3721 1980/2003/3721
f 1980/2003/3722 1991/2013/3722 1981/2004/3722
f 1991/2013/3723 1992/2014/3723 1981/2004/3723
f 1981/2004/3724 1992/2014/3724 1982/2005/3724
f 1992/2014/3725 1993/2015/3725 1982/2005/3725
f 1982/2005/3726 1993/2015/3726 1983/2006/3726
f 1993/2015/3727 1994/2016/3727 1983/2006/3727
f 1983/2006/3728 1994/2016/3728 1984/2007/3728
f 1994/2016/3729 1995/2017/3729 1984/2007/3729
f 1984/2007/3730 1995/2017/3730 1985/2008/3730
f 1995/2017/3731 1996/2018/3731 1985/2008/3731
f 1985/2008/3732 1996/2018/3732 1986/2009/3732
f 1996/2018/3733 1997/2019/3733 1986/2009/3733
f 1986/2009/3734 1997/2019/3734 1987/2010/3734
f 1997/2019/3735 1998/2020/3735 1987/2010/3735
f 1987/2010/3736 1998/2020/3736 182/814/3736
f 1998/2020/3737 181/816/3737 182/814/3737
f 174/1448/3738 1999/1963/3738 1988/1962/3738
f 1999/1963/3739 2000/2021/3739 1988/1962/3739
f 1988/1962/3740 2000/2021/3740 1989/2011/3740
f 2000/2021/3741 2001/2022/3741 1989/2011/3741
f 1989/2011/3742 2001/2022/3742 1990/2012/3742
f 2001/2022/3743 2002/2023/3743 1990/2012/3743
f 1990/2012/3744 2002/2023/3744 1991/2013/3744
f 2002/2023/3745 2003/2024/3745 1991/2013/3745
f 1991/2013/3746 2003/2024/3746 1992/2014/3746
f 2003/2024/3747 2004/2025/3747 1992/2014/3747
f 1992/2014/3748 2004/2025/3748 1993/2015/3748
f 2004/2025/3749 2005/2026/3749 1993/2015/3749
f 1993/2015/3750 2005/2026/3750 1994/2016/3750
f 2005/2026/3751 2006/2027/3751 1994/2016/3751
f 1994/2016/3752 2006/2027/3752 1995/2017/3752
f 2006/2027/3753 2007/2028/3753 1995/2017/3753
f 1995/2017/3754 2007/2028/3754 1996/2018/3754
f 2007/2028/3755 2008/2029/3755 1996/2018/3755
f 1996/2018/3756 2008/2029/3756 1997/2019/3756
f 2008/2029/3757 2009/2030/3757 1997/2019/3757
f 1997/2019/3758 2009/2030/3758 1998/2020/3758
f 2009/2030/3759 2010/2031/3759 1998/2020/3759
f 1998/2020/3760 2010/2031/3760 181/816/3760
f 2010/2031/3761 180/818/3761 181/816/3761
f 175/1447/3762 2011/1964/3762 1999/1963/3762
f 2011/1964/3763 2012/2032/3763 1999/1963/3763
f 1999/1963/3764 2012/2032/3764 2000/2021/3764
f 2012/2032/3765 2013/2033/3765 2000/2021/3765
f 2000/2021/3766 2013/2033/3766 2001/2022/3766
f 2013/2033/3767 2014/2034/3767 2001/2022/3767
f 2001/2022/3768 2014/2034/3768 2002/2023/3768
f 2014/2034/3769 2015/2035/3769 2002/2023/3769
f 2002/2023/3770 2015/2035/3770 2003/2024/3770
f 2015/2035/3771 2016/2036/3771 2003/2024/3771
f 2003/2024/3772 2016/2036/3772 2004/2025/3772
f 2016/2036/3773 2017/2037/3773 2004/2025/3773
f 2004/2025/3774 2017/2037/3774 2005/2026/3774
f 2017/2037/3775 2018/2038/3775 2005/2026/3775
f 2005/2026/3776 2018/2038/3776 2006/2027/3776
f 2018/2038/3777 2019/2039/3777 2006/2027/3777
f 2006/2027/3778 2019/2039/3778 2007/2028/3778
f 2019/2039/3779 2020/2040/3779 2007/2028/3779
f 2007/2028/3780 2020/2040/3780 2008/2029/3780
f 2020/2040/3781 2021/2041/3781 2008/2029/3781
f 2008/2029/3782 2021/2041/3782 2009/2030/3782
f 2021/2041/3783 2022/2042/3783 2009/2030/3783
f 2009/2030/3784 2022/2042/3784 2010/2031/3784
f 2022/2042/3785 2023/2043/3785 2010/2031/3785
f 2010/2031/3786 2023/2043/3786 180/818/3786
f 2023/2043/3787 179/820/3787 180/818/3787
f 176/1446/3788 2024/1965/3788 2011/1964/3788
f 2024/1965/3789 2025/2044/3789 2011/1964/3789
f 2011/1964/3790 2025/2044/3790 2012/2032/3790
f 2025/2044/3791 2026/2045/3791 2012/2032/3791
f 2012/2032/3792 2026/2045/3792 2013/2033/3792
f 2026/2045/3793 2027/2046/3793 2013/2033/3793
f 2013/2033/3794 2027/2046/3794 2014/2034/3794
f 2027/2046/3795 2028/2047/3795 2014/2034/3795
f 2014/2034/3796 2028/2047/3796 2015/2035/3796
f 2028/2047/3797 2029/2048/3797 2015/2035/3797
f 2015/2035/3798 2029/2048/3798 2016/2036/3798
f 2029/2048/3799 2030/2049/3799 2016/2036/3799
f 2016/2036/3800 2030/2049/3800 2017/2037/3800
f 2030/2049/3801 2031/2050/3801 2017/2037/3801
f 2017/2037/3802 2031/2050/3802 2018/2038/3802
f 2031/2050/3803 2032/2051/3803 2018/2038/3803
f 2018/2038/3804 2032/2051/3804 2019/2039/3804
f 2032/2051/3805 2033/2052/3805 2019/2039/3805
f 2019/2039/3806 2033/2052/3806 2020/2040/3806
f 2033/2052/3807 2034/2053/3807 2020/2040/3807
f 2020/2040/3808 2034/2053/3808 2021/2041/3808
f 2034/2053/3809 2035/2054/3809 2021/2041/3809
f 2021/2041/3810 2035/2054/3810 2022/2042/3810
f 2035/2054/3811 2036/2055/3811 2022/2042/3811
f 2022/2042/3812 2036/2055/3812 2023/2043/3812
f 2036/2055/3813 2037/2056/3813 2023/2043/3813
f 2023/2043/3814 2037/2056/3814 179/820/3814
f 2037/2056/3815 178/33/3815 179/820/3815
f 177/16/3816 72/6/3816 2024/1965/3816
f 72/6/3817 71/2057/3817 2024/1965/3817
f 2024/1965/3818 71/2057/3818 2025/2044/3818
f 71/2057/3819 70/2058/3819 2025/2044/3819
f 2025/2044/3820 70/2058/3820 2026/2045/3820
f 70/2058/3821 69/2059/3821 2026/2045/3821
f 2026/2045/3822 69/2059/3822 2027/2046/3822
f 69/2059/3823 68/2060/3823 2027/2046/3823
f 2027/2046/3824 68/2060/3824 2028/2047/3824
f 68/2060/3825 67/2061/3825 2028/2047/3825
f 2028/2047/3826 67/2061/3826 2029/2048/3826
f 67/2061/3827 66/2062/3827 2029/2048/3827
f 2029/2048/3828 66/2062/3828 2030/2049/3828
f 66/2062/3829 65/2063/3829 2030/2049/3829
f 2030/2049/3830 65/2063/3830 2031/2050/3830
f 65/2063/3831 64/2064/3831 2031/2050/3831
f 2031/2050/3832 64/2064/3832 2032/2051/3832
f 64/2064/3833 63/2065/3833 2032/2051/3833
f 2032/2051/3834 63/2065/3834 2033/2052/3834
f 63/2065/3835 62/2066/3835 2033/2052/3835
f 2033/2052/3836 62/2066/3836 2034/2053/3836
f 62/2066/3837 61/2067/3837 2034/2053/3837
f 2034/2053/3838 61/2067/3838 2035/2054/3838
f 61/2067/3839 60/2068/3839 2035/2054/3839
f 2035/2054/3840 60/2068/3840 2036/2055/3840
f 60/2068/3841 59/2069/3841 2036/2055/3841
f 2036/2055/3842 59/2069/3842 2037/2056/3842
f 59/2069/3843 58/2070/3843 2037/2056/3843
f 2037/2056/3844 58/2070/3844 178/33/3844
f 58/2070/3845 6/26/3845 178/33/3845
f 87/2071/3846 162/27/3846 6/26/3846
f 86/2072/3847 2038/2073/3847 87/2071/3847
f 85/2074/3848 2039/2075/3848 86/2072/3848
f 84/2076/3849 2041/2077/3849 85/2074/3849
f 83/2078/3850 2044/2079/3850 84/2076/3850
f 82/2080/3851 2048/2081/3851 83/2078/3851
f 81/2082/3852 2053/2083/3852 82/2080/3852
f 80/2084/3853 2059/2085/3853 81/2082/3853
f 79/2086/3854 2066/2087/3854 80/2084/3854
f 78/2088/3855 2074/2089/3855 79/2086/3855
f 77/2090/3856 2083/2091/3856 78/2088/3856
f 76/2092/3857 2093/2093/3857 77/2090/3857
f 75/2094/3858 2104/2095/3858 76/2092/3858
f 74/2096/3859 2116/2097/3859 75/2094/3859
f 73/15/3860 2129/2098/3860 74/2096/3860
f 87/2071/3861 2038/2073/3861 162/27/3861
f 2038/2073/3862 161/1565/3862 162/27/3862
f 86/2072/3863 2039/2075/3863 2038/2073/3863
f 2039/2075/3864 2040/2099/3864 2038/2073/3864
f 2038/2073/3865 2040/2099/3865 161/1565/3865
f 2040/2099/3866 160/1566/3866 161/1565/3866
f 85/2074/3867 2041/2077/3867 2039/2075/3867
f 2041/2077/3868 2042/2100/3868 2039/2075/3868
f 2039/2075/3869 2042/2100/3869 2040/2099/3869
f 2042/2100/3870 2043/2101/3870 2040/2099/3870
f 2040/2099/3871 2043/2101/3871 160/1566/3871
f 2043/2101/3872 159/1567/3872 160/1566/3872
f 84/2076/3873 2044/2079/3873 2041/2077/3873
f 2044/2079/3874 2045/2102/3874 2041/2077/3874
f 2041/2077/3875 2045/2102/3875 2042/2100/3875
f 2045/2102/3876 2046/2103/3876 2042/2100/3876
f 2042/2100/3877 2046/2103/3877 2043/2101/3877
f 2046/2103/3878 2047/2104/3878 2043/2101/3878
f 2043/2101/3879 2047/2104/3879 159/1567/3879
f 2047/2104/3880 158/1568/3880 159/1567/3880
f 83/2078/3881 2048/2081/3881 2044/2079/3881
f 2048/2081/3882 2049/2105/3882 2044/2079/3882
f 2044/2079/3883 2049/2105/3883 2045/2102/3883
f 2049/2105/3884 2050/2106/3884 2045/2102/3884
f 2045/2102/3885 2050/2106/3885 2046/2103/3885
f 2050/2106/3886 2051/2107/3886 2046/2103/3886
f 2046/2103/3887 2051/2107/3887 2047/2104/3887
f 2051/2107/3888 2052/2108/3888 2047/2104/3888
f 2047/2104/3889 2052/2108/3889 158/1568/3889
f 2052/2108/3890 157/1569/3890 158/1568/3890
f 82/2080/3891 2053/2083/3891 2048/2081/3891
f 2053/2083/3892 2054/2109/3892 2048/2081/3892
f 2048/2081/3893 2054/2109/3893 2049/2105/3893
f 2054/2109/3894 2055/2110/3894 2049/2105/3894
f 2049/2105/3895 2055/2110/3895 2050/2106/3895
f 2055/2110/3896 2056/2111/3896 2050/2106/3896
f 2050/2106/3897 2056/2111/3897 2051/2107/3897
f 2056/2111/3898 2057/2112/3898 2051/2107/3898
f 2051/2107/3899 2057/2112/3899 2052/2108/3899
f 2057/2112/3900 2058/2113/3900 2052/2108/3900
f 2052/2108/3901 2058/2113/3901 157/1569/3901
f 2058/2113/3902 156/1570/3902 157/1569/3902
f 81/2082/3903 2059/2085/3903 2053/2083/3903
f 2059/2085/3904 2060/2114/3904 2053/2083/3904
f 2053/2083/3905 2060/2114/3905 2054/2109/3905
f 2060/2114/3906 2061/2115/3906 2054/2109/3906
f 2054/2109/3907 2061/2115/3907 2055/2110/3907
f 2061/2115/3908 2062/2116/3908 2055/2110/3908
f 2055/2110/3909 2062/2116/3909 2056/2111/3909
f 2062/2116/3910 2063/2117/3910 2056/2111/3910
f 2056/2111/3911 2063/2117/3911 2057/2112/3911
f 2063/2117/3912 2064/2118/3912 2057/2112/3912
f 2057/2112/3913 2064/2118/3913 2058/2113/3913
f 2064/2118/3914 2065/2119/3914 2058/2113/3914
f 2058/2113/3915 2065/2119/3915 156/1570/3915
f 2065/2119/3916 155/1571/3916 156/1570/3916
f 80/2084/3917 2066/2087/3917 2059/2085/3917
f 2066/2087/3918 2067/2120/3918 2059/2085/3918
f 2059/2085/3919 2067/2120/3919 2060/2114/3919
f 2067/2120/3920 2068/2121/3920 2060/2114/3920
f 2060/2114/3921 2068/2121/3921 2061/2115/3921
f 2068/2121/3922 2069/2122/3922 2061/2115/3922
f 2061/2115/3923 2069/2122/3923 2062/2116/3923
f 2069/2122/3924 2070/2123/3924 2062/2116/3924
f 2062/2116/3925 2070/2123/3925 2063/2117/3925
f 2070/2123/3926 2071/2124/3926 2063/2117/3926
f 2063/2117/3927 2071/2124/3927 2064/2118/3927
f 2071/2124/3928 2072/2125/3928 2064/2118/3928
f 2064/2118/3929 2072/2125/3929 2065/2119/3929
f 2072/2125/3930 2073/2126/3930 2065/2119/3930
f 2065/2119/3931 2073/2126/3931 155/1571/3931
f 2073/2126/3932 154/1572/3932 155/1571/3932
f 79/2086/3933 2074/2089/3933 2066/2087/3933
f 2074/2089/3934 2075/2127/3934 2066/2087/3934
f 2066/2087/3935 2075/2127/3935 2067/2120/3935
f 2075/2127/3936 2076/2128/3936 2067/2120/3936
f 2067/2120/3937 2076/2128/3937 2068/2121/3937
f 2076/2128/3938 2077/2129/3938 2068/2121/3938
f 2068/2121/3939 2077/2129/3939 2069/2122/3939
f 2077/2129/3940 2078/2130/3940 2069/2122/3940
f 2069/2122/3941 2078/2130/3941 2070/2123/3941
f 2078/2130/3942 2079/2131/3942 2070/2123/3942
f 2070/2123/3943 2079/2131/3943 2071/2124/3943
f 2079/2131/3944 2080/2132/3944 2071/2124/3944
f 2071/2124/3945 2080/2132/3945 2072/2125/3945
f 2080/2132/3946 2081/2133/3946 2072/2125/3946
f 2072/2125/3947 2081/2133/3947 2073/2126/3947
f 2081/2133/3948 2082/2134/3948 2073/2126/3948
f 2073/2126/3949 2082/2134/3949 154/1572/3949
f 2082/2134/3950 153/1573/3950 154/1572/3950
f 78/2088/3951 2083/2091/3951 2074/2089/3951
f 2083/2091/3952 2084/2135/3952 2074/2089/3952
f 2074/2089/3953 2084/2135/3953 2075/2127/3953
f 2084/2135/3954 2085/2136/3954 2075/2127/3954
f 2075/2127/3955 2085/2136/3955 2076/2128/3955
f 2085/2136/3956 2086/2137/3956 2076/2128/3956
f 2076/2128/3957 2086/2137/3957 2077/2129/3957
f 2086/2137/3958 2087/2138/3958 2077/2129/3958
f 2077/2129/3959 2087/2138/3959 2078/2130/3959
f 2087/2138/3960 2088/2139/3960 2078/2130/3960
f 2078/2130/3961 2088/2139/3961 2079/2131/3961
f 2088/2139/3962 2089/2140/3962 2079/2131/3962
f 2079/2131/3963 2089/2140/3963 2080/2132/3963
f 2089/2140/3964 2090/2141/3964 2080/2132/3964
f 2080/2132/3965 2090/2141/3965 2081/2133/3965
f 2090/2141/3966 2091/2142/3966 2081/2133/3966
f 2081/2133/3967 2091/2142/3967 2082/2134/3967
f 2091/2142/3968 2092/2143/3968 2082/2134/3968
f 2082/2134/3969 2092/2143/3969 153/1573/3969
f 2092/2143/3970 152/1574/3970 153/1573/3970
f 77/2090/3971 2093/2093/3971 2083/2091/3971
f 2093/2093/3972 2094/2144/3972 2083/2091/3972
f 2083/2091/3973 2094/2144/3973 2084/2135/3973
f 2094/2144/3974 2095/2145/3974 2084/2135/3974
f 2084/2135/3975 2095/2145/3975 2085/2136/3975
f 2095/2145/3976 2096/2146/3976 2085/2136/3976
f 2085/2136/3977 2096/2146/3977 2086/2137/3977
f 2096/2146/3978 2097/2147/3978 2086/2137/3978
f 2086/2137/3979 2097/2147/3979 2087/2138/3979
f 2097/2147/3980 2098/2148/3980 2087/2138/3980
f 2087/2138/3981 2098/2148/3981 2088/2139/3981
f 2098/2148/3982 2099/2149/3982 2088/2139/3982
f 2088/2139/3983 2099/2149/3983 2089/2140/3983
f 2099/2149/3984 2100/2150/3984 2089/2140/3984
f 2089/2140/3985 2100/2150/3985 2090/2141/3985
f 2100/2150/3986 2101/2151/3986 2090/2141/3986
f 2090/2141/3987 2101/2151/3987 2091/2142/3987
f 2101/2151/3988 2102/2152/3988 2091/2142/3988
f 2091/2142/3989 2102/2152/3989 2092/2143/3989
f 2102/2152/3990 2103/2153/3990 2092/2143/3990
f 2092/2143/3991 2103/2153/3991 152/1574/3991
f 2103/2153/3992 151/1575/3992 152/1574/3992
f 76/2092/3993 2104/2095/3993 2093/2093/3993
f 2104/2095/3994 2105/2154/3994 2093/2093/3994
f 2093/2093/3995 2105/2154/3995 2094/2144/3995
f 2105/2154/3996 2106/2155/3996 2094/2144/3996
f 2094/2144/3997 2106/2155/3997 2095/2145/3997
f 2106/2155/3998 2107/2156/3998 2095/2145/3998
f 2095/2145/3999 2107/2156/3999 2096/2146/3999
f 2107/2156/4000 2108/2157/4000 2096/2146/4000
f 2096/2146/4001 2108/2157/4001 2097/2147/4001
f 2108/2157/4002 2109/2158/4002 2097/2147/4002
f 2097/2147/4003 2109/2158/4003 2098/2148/4003
f 2109/2158/4004 2110/2159/4004 2098/2148/4004
f 2098/2148/4005 2110/2159/4005 2099/2149/4005
f 2110/2159/4006 2111/2160/4006 2099/2149/4006
f 2099/2149/4007 2111/2160/4007 2100/2150/4007
f 2111/2160/4008 2112/2161/4008 2100/2150/4008
f 2100/2150/4009 2112/2161/4009 2101/2151/4009
f 2112/2161/4010 2113/2162/4010 2101/2151/4010
f 2101/2151/4011 2113/2162/4011 2102/2152/4011
f 2113/2162/4012 2114/2163/4012 2102/2152/4012
f 2102/2152/4013 2114/2163/4013 2103/2153/4013
f 2114/2163/4014 2115/2164/4014 2103/2153/4014
f 2103/2153/4015 2115/2164/4015 151/1575/4015
f 2115/2164/4016 150/1576/4016 151/1575/4016
f 75/2094/4017 2116/2097/4017 2104/2095/4017
f 2116/2097/4018 2117/2165/4018 2104/2095/4018
f 2104/2095/4019 2117/2165/4019 2105/2154/4019
f 2117/2165/4020 2118/2166/4020 2105/2154/4020
f 2105/2154/4021 2118/2166/4021 2106/2155/4021
f 2118/2166/4022 2119/2167/4022 2106/2155/4022
f 2106/2155/4023 2119/2167/4023 2107/2156/4023
f 2119/2167/4024 2120/2168/4024 2107/2156/4024
f 2107/2156/4025 2120/2168/4025 2108/2157/4025
f 2120/2168/4026 2121/2169/4026 2108/2157/4026
f 2108/2157/4027 2121/2169/4027 2109/2158/4027
f 2121/2169/4028 2122/2170/4028 2109/2158/4028
f 2109/2158/4029 2122/2170/4029 2110/2159/4029
f 2122/2170/4030 2123/2171/4030 2110/2159/4030
f 2110/2159/4031 2123/2171/4031 2111/2160/4031
f 2123/2171/4032 2124/2172/4032 2111/2160/4032
f 2111/2160/4033 2124/2172/4033 2112/2161/4033
f 2124/2172/4034 2125/2173/4034 2112/2161/4034
f 2112/2161/4035 2125/2173/4035 2113/2162/4035
f 2125/2173/4036 2126/2174/4036 2113/2162/4036
f 2113/2162/4037 2126/2174/4037 2114/2163/4037
f 2126/2174/4038 2127/2175/4038 2114/2163/4038
f 2114/2163/4039 2127/2175/4039 2115/2164/4039
f 2127/2175/4040 2128/2176/4040 2115/2164/4040
f 2115/2164/4041 2128/2176/4041 150/1576/4041
f 2128/2176/4042 149/1577/4042 150/1576/4042
f 74/2096/4043 2129/2098/4043 2116/2097/4043
f 2129/2098/4044 2130/2177/4044 2116/2097/4044
f 2116/2097/4045 2130/2177/4045 2117/2165/4045
f 2130/2177/4046 2131/2178/4046 2117/2165/4046
f 2117/2165/4047 2131/2178/4047 2118/2166/4047
f 2131/2178/4048 2132/2179/4048 2118/2166/4048
f 2118/2166/4049 2132/2179/4049 2119/2167/4049
f 2132/2179/4050 2133/2180/4050 2119/2167/4050
f 2119/2167/4051 2133/2180/4051 2120/2168/4051
f 2133/2180/4052 2134/2181/4052 2120/2168/4052
f 2120/2168/4053 2134/2181/4053 2121/2169/4053
f 2134/2181/4054 2135/2182/4054 2121/2169/4054
f 2121/2169/4055 2135/2182/4055 2122/2170/4055
f 2135/2182/4056 2136/2183/4056 2122/2170/4056
f 2122/2170/4057 2136/2183/4057 2123/2171/4057
f 2136/2183/4058 2137/2184/4058 2123/2171/4058
f 2123/2171/4059 2137/2184/4059 2124/2172/4059
f 2137/2184/4060 2138/2185/4060 2124/2172/4060
f 2124/2172/4061 2138/2185/4061 2125/2173/4061
f 2138/2185/4062 2139/2186/4062 2125/2173/4062
f 2125/2173/4063 2139/2186/4063 2126/2174/4063
f 2139/2186/4064 2140/2187/4064 2126/2174/4064
f 2126/2174/4065 2140/2187/4065 2127/2175/4065
f 2140/2187/4066 2141/2188/4066 2127/2175/4066
f 2127/2175/4067 2141/2188/4067 2128/2176/4067
f 2141/2188/4068 2142/2189/4068 2128/2176/4068
f 2128/2176/4069 2142/2189/4069 149/1577/4069
f 2142/2189/4070 148/1578/4070 149/1577/4070
f 73/15/4071 132/14/4071 2129/2098/4071
f 132/14/4072 131/2190/4072 2129/2098/4072
f 2129/2098/4073 131/2190/4073 2130/2177/4073
f 131/2190/4074 130/2191/4074 2130/2177/4074
f 2130/2177/4075 130/2191/4075 2131/2178/4075
f 130/2191/4076 129/2192/4076 2131/2178/4076
f 2131/2178/4077 129/2192/4077 2132/2179/4077
f 129/2192/4078 128/2193/4078 2132/2179/4078
f 2132/2179/4079 128/2193/4079 2133/2180/4079
f 128/2193/4080 127/2194/4080 2133/2180/4080
f 2133/2180/4081 127/2194/4081 2134/2181/4081
f 127/2194/4082 126/2195/4082 2134/2181/4082
f 2134/2181/4083 126/2195/4083 2135/2182/4083
f 126/2195/4084 125/2196/4084 2135/2182/4084
f 2135/2182/4085 125/2196/4085 2136/2183/4085
f 125/2196/4086 124/2197/4086 2136/2183/4086
f 2136/2183/4087 124/2197/4087 2137/2184/4087
f 124/2197/4088 123/2198/4088 2137/2184/4088
f 2137/2184/4089 123/2198/4089 2138/2185/4089
f 123/2198/4090 122/2199/4090 2138/2185/4090
f 2138/2185/4091 122/2199/4091 2139/2186/4091
f 122/2199/4092 121/2200/4092 2139/2186/4092
f 2139/2186/4093 121/2200/4093 2140/2187/4093
f 121/2200/4094 120/2201/4094 2140/2187/4094
f 2140/2187/4095 120/2201/4095 2141/2188/4095
f 120/2201/4096 119/2202/4096 2141/2188/4096
f 2141/2188/4097 119/2202/4097 2142/2189/4097
f 119/2202/4098 118/2203/4098 2142/2189/4098
f 2142/2189/4099 118/2203/4099 148/1578/4099
f 118/2203/4100 5/23/4100 148/1578/4100
f 118/2204/4101 147/24/4101 5/23/4101
f 119/2205/4102 2143/2206/4102 118/2204/4102
f 120/2207/4103 2144/2208/4103 119/2205/4103
f 121/2209/4104 2146/2210/4104 120/2207/4104
f 122/2211/4105 2149/2212/4105 121/2209/4105
f 123/2213/4106 2153/2214/4106 122/2211/4106
f 124/2215/4107 2158/2216/4107 123/2213/4107
f 125/2217/4108 2164/2218/4108 124/2215/4108
f 126/2219/4109 2171/2220/4109 125/2217/4109
f 127/2221/4110 2179/2222/4110 126/2219/4110
f 128/2223/4111 2188/2224/4111 127/2221/4111
f 129/2225/4112 2198/2226/4112 128/2223/4112
f 130/2227/4113 2209/2228/4113 129/2225/4113
f 131/2229/4114 2221/2230/4114 130/2227/4114
f 132/12/4115 2234/2231/4115 131/2229/4115
f 118/2204/4116 2143/2206/4116 147/24/4116
f 2143/2206/4117 146/1684/4117 147/24/4117
f 119/2205/4118 2144/2208/4118 2143/2206/4118
f 2144/2208/4119 2145/2232/4119 2143/2206/4119
f 2143/2206/4120 2145/2232/4120 146/1684/4120
f 2145/2232/4121 145/1685/4121 146/1684/4121
f 120/2207/4122 2146/2210/4122 2144/2208/4122
f 2146/2210/4123 2147/2233/4123 2144/2208/4123
f 2144/2208/4124 2147/2233/4124 2145/2232/4124
f 2147/2233/4125 2148/2234/4125 2145/2232/4125
f 2145/2232/4126 2148/2234/4126 145/1685/4126
f 2148/2234/4127 144/1686/4127 145/1685/4127
f 121/2209/4128 2149/2212/4128 2146/2210/4128
f 2149/2212/4129 2150/2235/4129 2146/2210/4129
f 2146/2210/4130 2150/2235/4130 2147/2233/4130
f 2150/2235/4131 2151/2236/4131 2147/2233/4131
f 2147/2233/4132 2151/2236/4132 2148/2234/4132
f 2151/2236/4133 2152/2237/4133 2148/2234/4133
f 2148/2234/4134 2152/2237/4134 144/1686/4134
f 2152/2237/4135 143/1687/4135 144/1686/4135
f 122/2211/4136 2153/2214/4136 2149/2212/4136
f 2153/2214/4137 2154/2238/4137 2149/2212/4137
f 2149/2212/4138 2154/2238/4138 2150/2235/4138
f 2154/2238/4139 2155/2239/4139 2150/2235/4139
f 2150/2235/4140 2155/2239/4140 2151/2236/4140
f 2155/2239/4141 2156/2240/4141 2151/2236/4141
f 2151/2236/4142 2156/2240/4142 2152/2237/4142
f 2156/2240/4143 2157/2241/4143 2152/2237/4143
f 2152/2237/4144 2157/2241/4144 143/1687/4144
f 2157/2241/4145 142/1688/4145 143/1687/4145
f 123/2213/4146 2158/2216/4146 2153/2214/4146
f 2158/2216/4147 2159/2242/4147 2153/2214/4147
f 2153/2214/4148 2159/2242/4148 2154/2238/4148
f 2159/2242/4149 2160/2243/4149 2154/2238/4149
f 2154/2238/4150 2160/2243/4150 2155/2239/4150
f 2160/2243/4151 2161/2244/4151 2155/2239/4151
f 2155/2239/4152 2161/2244/4152 2156/2240/4152
f 2161/2244/4153 2162/2245/4153 2156/2240/4153
f 2156/2240/4154 2162/2245/4154 2157/2241/4154
f 2162/2245/4155 2163/2246/4155 2157/2241/4155
f 2157/2241/4156 2163/2246/4156 142/1688/4156
f 2163/2246/4157 141/1689/4157 142/1688/4157
f 124/2215/4158 2164/2218/4158 2158/2216/4158
f 2164/2218/4159 2165/2247/4159 2158/2216/4159
f 2158/2216/4160 2165/2247/4160 2159/2242/4160
f 2165/2247/4161 2166/2248/4161 2159/2242/4161
f 2159/2242/4162 2166/2248/4162 2160/2243/4162
f 2166/2248/4163 2167/2249/4163 2160/2243/4163
f 2160/2243/4164 2167/2249/4164 2161/2244/4164
f 2167/2249/4165 2168/2250/4165 2161/2244/4165
f 2161/2244/4166 2168/2250/4166 2162/2245/4166
f 2168/2250/4167 2169/2251/4167 2162/2245/4167
f 2162/2245/4168 2169/2251/4168 2163/2246/4168
f 2169/2251/4169 2170/2252/4169 2163/2246/4169
f 2163/2246/4170 2170/2252/4170 141/1689/4170
f 2170/2252/4171 140/1690/4171 141/1689/4171
f 125/2217/4172 2171/2220/4172 2164/2218/4172
f 2171/2220/4173 2172/2253/4173 2164/2218/4173
f 2164/2218/4174 2172/2253/4174 2165/2247/4174
f 2172/2253/4175 2173/2254/4175 2165/2247/4175
f 2165/2247/4176 2173/2254/4176 2166/2248/4176
f 2173/2254/4177 2174/2255/4177 2166/2248/4177
f 2166/2248/4178 2174/2255/4178 2167/2249/4178
f 2174/2255/4179 2175/2256/4179 2167/2249/4179
f 2167/2249/4180 2175/2256/4180 2168/2250/4180
f 2175/2256/4181 2176/2257/4181 2168/2250/4181
f 2168/2250/4182 2176/2257/4182 2169/2251/4182
f 2176/2257/4183 2177/2258/4183 2169/2251/4183
f 2169/2251/4184 2177/2258/4184 2170/2252/4184
f 2177/2258/4185 2178/2259/4185 2170/2252/4185
f 2170/2252/4186 2178/2259/4186 140/1690/4186
f 2178/2259/4187 139/1691/4187 140/1690/4187
f 126/2219/4188 2179/2222/4188 2171/2220/4188
f 2179/2222/4189 2180/2260/4189 2171/2220/4189
f 2171/2220/4190 2180/2260/4190 2172/2253/4190
f 2180/2260/4191 2181/2261/4191 2172/2253/4191
f 2172/2253/4192 2181/2261/4192 2173/2254/4192
f 2181/2261/4193 2182/2262/4193 2173/2254/4193
f 2173/2254/4194 2182/2262/4194 2174/2255/4194
f 2182/2262/4195 2183/2263/4195 2174/2255/4195
f 2174/2255/4196 2183/2263/4196 2175/2256/4196
f 2183/2263/4197 2184/2264/4197 2175/2256/4197
f 2175/2256/4198 2184/2264/4198 2176/2257/4198
f 2184/2264/4199 2185/2265/4199 2176/2257/4199
f 2176/2257/4200 2185/2265/4200 2177/2258/4200
f 2185/2265/4201 2186/2266/4201 2177/2258/4201
f 2177/2258/4202 2186/2266/4202 2178/2259/4202
f 2186/2266/4203 2187/2267/4203 2178/2259/4203
f 2178/2259/4204 2187/2267/4204 139/1691/4204
f 2187/2267/4205 138/1692/4205 139/1691/4205
f 127/2221/4206 2188/2224/4206 2179/2222/4206
f 2188/2224/4207 2189/2268/4207 2179/2222/4207
f 2179/2222/4208 2189/2268/4208 2180/2260/4208
f 2189/2268/4209 2190/2269/4209 2180/2260/4209
f 2180/2260/4210 2190/2269/4210 2181/2261/4210
f 2190/2269/4211 2191/2270/4211 2181/2261/4211
f 2181/2261/4212 2191/2270/4212 2182/2262/4212
f 2191/2270/4213 2192/2271/4213 2182/2262/4213
f 2182/2262/4214 2192/2271/4214 2183/2263/4214
f 2192/2271/4215 2193/2272/4215 2183/2263/4215
f 2183/2263/4216 2193/2272/4216 2184/2264/4216
f 2193/2272/4217 2194/2273/4217 2184/2264/4217
f 2184/2264/4218 2194/2273/4218 2185/2265/4218
f 2194/2273/4219 2195/2274/4219 2185/2265/4219
f 2185/2265/4220 2195/2274/4220 2186/2266/4220
f 2195/2274/4221 2196/2275/4221 2186/2266/4221
f 2186/2266/4222 2196/2275/4222 2187/2267/4222
f 2196/2275/4223 2197/2276/4223 2187/2267/4223
f 2187/2267/4224 2197/2276/4224 138/1692/4224
f 2197/2276/4225 137/1693/4225 138/1692/4225
f 128/2223/4226 2198/2226/4226 2188/2224/4226
f 2198/2226/4227 2199/2277/4227 2188/2224/4227
f 2188/2224/4228 2199/2277/4228 2189/2268/4228
f 2199/2277/4229 2200/2278/4229 2189/2268/4229
f 2189/2268/4230 2200/2278/4230 2190/2269/4230
f 2200/2278/4231 2201/2279/4231 2190/2269/4231
f 2190/2269/4232 2201/2279/4232 2191/2270/4232
f 2201/2279/4233 2202/2280/4233 2191/2270/4233
f 2191/2270/4234 2202/2280/4234 2192/2271/4234
f 2202/2280/4235 2203/2281/4235 2192/2271/4235
f 2192/2271/4236 2203/2281/4236 2193/2272/4236
f 2203/2281/4237 2204/2282/4237 2193/2272/4237
f 2193/2272/4238 2204/2282/4238 2194/2273/4238
f 2204/2282/4239 2205/2283/4239 2194/2273/4239
f 2194/2273/4240 2205/2283/4240 2195/2274/4240
f 2205/2283/4241 2206/2284/4241 2195/2274/4241
f 2195/2274/4242 2206/2284/4242 2196/2275/4242
f 2206/2284/4243 2207/2285/4243 2196/2275/4243
f 2196/2275/4244 2207/2285/4244 2197/2276/4244
f 2207/2285/4245 2208/2286/4245 2197/2276/4245
f 2197/2276/4246 2208/2286/4246 137/1693/4246
f 2208/2286/4247 136/1694/4247 137/1693/4247
f 129/2225/4248 2209/2228/4248 2198/2226/4248
f 2209/2228/4249 2210/2287/4249 2198/2226/4249
f 2198/2226/4250 2210/2287/4250 2199/2277/4250
f 2210/2287/4251 2211/2288/4251 2199/2277/4251
f 2199/2277/4252 2211/2288/4252 2200/2278/4252
f 2211/2288/4253 2212/2289/4253 2200/2278/4253
f 2200/2278/4254 2212/2289/4254 2201/2279/4254
f 2212/2289/4255 2213/2290/4255 2201/2279/4255
f 2201/2279/4256 2213/2290/4256 2202/2280/4256
f 2213/2290/4257 2214/2291/4257 2202/2280/4257
f 2202/2280/4258 2214/2291/4258 2203/2281/4258
f 2214/2291/4259 2215/2292/4259 2203/2281/4259
f 2203/2281/4260 2215/2292/4260 2204/2282/4260
f 2215/2292/4261 2216/2293/4261 2204/2282/4261
f 2204/2282/4262 2216/2293/4262 2205/2283/4262
f 2216/2293/4263 2217/2294/4263 2205/2283/4263
f 2205/2283/4264 2217/2294/4264 2206/2284/4264
f 2217/2294/4265 2218/2295/4265 2206/2284/4265
f 2206/2284/4266 2218/2295/4266 2207/2285/4266
f 2218/2295/4267 2219/2296/4267 2207/2285/4267
f 2207/2285/4268 2219/2296/4268 2208/2286/4268
f 2219/2296/4269 2220/2297/4269 2208/2286/4269
f 2208/2286/4270 2220/2297/4270 136/1694/4270
f 2220/2297/4271 135/1695/4271 136/1694/4271
f 130/2227/4272 2221/2230/4272 2209/2228/4272
f 2221/2230/4273 2222/2298/4273 2209/2228/4273
f 2209/2228/4274 2222/2298/4274 2210/2287/4274
f 2222/2298/4275 2223/2299/4275 2210/2287/4275
f 2210/2287/4276 2223/2299/4276 2211/2288/4276
f 2223/2299/4277 2224/2300/4277 2211/2288/4277
f 2211/2288/4278 2224/2300/4278 2212/2289/4278
f 2224/2300/4279 2225/2301/4279 2212/2289/4279
f 2212/2289/4280 2225/2301/4280 2213/2290/4280
f 2225/2301/4281 2226/2302/4281 2213/2290/4281
f 2213/2290/4282 2226/2302/4282 2214/2291/4282
f 2226/2302/4283 2227/2303/4283 2214/2291/4283
f 2214/2291/4284 2227/2303/4284 2215/2292/4284
f 2227/2303/4285 2228/2304/4285 2215/2292/4285
f 2215/2292/4286 2228/2304/4286 2216/2293/4286
f 2228/2304/4287 2229/2305/4287 2216/2293/4287
f 2216/2293/4288 2229/2305/4288 2217/2294/4288
f 2229/2305/4289 2230/2306/4289 2217/2294/4289
f 2217/2294/4290 2230/2306/4290 2218/2295/4290
f 2230/2306/4291 2231/2307/4291 2218/2295/4291
f 2218/2295/4292 2231/2307/4292 2219/2296/4292
f 2231/2307/4293 2232/2308/4293 2219/2296/4293
f 2219/2296/4294 2232/2308/4294 2220/2297/4294
f 2232/2308/4295 2233/2309/4295 2220/2297/4295
f 2220/2297/4296 2233/2309/4296 135/1695/4296
f 2233/2309/4297 134/1696/4297 135/1695/4297
f 131/2229/4298 2234/2231/4298 2221/2230/4298
f 2234/2231/4299 2235/2310/4299 2221/2230/4299
f 2221/2230/4300 2235/2310/4300 2222/2298/4300
f 2235/2310/4301 2236/2311/4301 2222/2298/4301
f 2222/2298/4302 2236/2311/4302 2223/2299/4302
f 2236/2311/4303 2237/2312/4303 2223/2299/4303
f 2223/2299/4304 2237/2312/4304 2224/2300/4304
f 2237/2312/4305 2238/2313/4305 2224/2300/4305
f 2224/2300/4306 2238/2313/4306 2225/2301/4306
f 2238/2313/4307 2239/2314/4307 2225/2301/4307
f 2225/2301/4308 2239/2314/4308 2226/2302/4308
f 2239/2314/4309 2240/2315/4309 2226/2302/4309
f 2226/2302/4310 2240/2315/4310 2227/2303/4310
f 2240/2315/4311 2241/2316/4311 2227/2303/4311
f 2227/2303/4312 2241/2316/4312 2228/2304/4312
f 2241/2316/4313 2242/2317/4313 2228/2304/4313
f 2228/2304/4314 2242/2317/4314 2229/2305/4314
f 2242/2317/4315 2243/2318/4315 2229/2305/4315
f 2229/2305/4316 2243/2318/4316 2230/2306/4316
f 2243/2318/4317 2244/2319/4317 2230/2306/4317
f 2230/2306/4318 2244/2319/4318 2231/2307/4318
f 2244/2319/4319 2245/2320/4319 2231/2307/4319
f 2231/2307/4320 2245/2320/4320 2232/2308/4320
f 2245/2320/4321 2246/2321/4321 2232/2308/4321
f 2232/2308/4322 2246/2321/4322 2233/2309/4322
f 2246/2321/4323 2247/2322/4323 2233/2309/4323
f 2233/2309/4324 2247/2322/4324 134/1696/4324
f 2247/2322/4325 133/1697/4325 134/1696/4325
f 132/12/4326 102/11/4326 2234/2231/4326
f 102/11/4327 101/2323/4327 2234/2231/4327
f 2234/2231/4328 101/2323/4328 2235/2310/4328
f 101/2323/4329 100/2324/4329 2235/2310/4329
f 2235/2310/4330 100/2324/4330 2236/2311/4330
f 100/2324/4331 99/2325/4331 2236/2311/4331
f 2236/2311/4332 99/2325/4332 2237/2312/4332
f 99/2325/4333 98/2326/4333 2237/2312/4333
f 2237/2312/4334 98/2326/4334 2238/2313/4334
f 98/2326/4335 97/2327/4335 2238/2313/4335
f 2238/2313/4336 97/2327/4336 2239/2314/4336
f 97/2327/4337 96/2328/4337 2239/2314/4337
f 2239/2314/4338 96/2328/4338 2240/2315/4338
f 96/2328/4339 95/2329/4339 2240/2315/4339
f 2240/2315/4340 95/2329/4340 2241/2316/4340
f 95/2329/4341 94/2330/4341 2241/2316/4341
f 2241/2316/4342 94/2330/4342 2242/2317/4342
f 94/2330/4343 93/2331/4343 2242/2317/4343
f 2242/2317/4344 93/2331/4344 2243/2318/4344
f 93/2331/4345 92/2332/4345 2243/2318/4345
f 2243/2318/4346 92/2332/4346 2244/2319/4346
f 92/2332/4347 91/2333/4347 2244/2319/4347
f 2244/2319/4348 91/2333/4348 2245/2320/4348
f 91/2333/4349 90/2334/4349 2245/2320/4349
f 2245/2320/4350 90/2334/4350 2246/2321/4350
f 90/2334/4351 89/2335/4351 2246/2321/4351
f 2246/2321/4352 89/2335/4352 2247/2322/4352
f 89/2335/4353 88/2336/4353 2247/2322/4353
f 2247/2322/4354 88/2336/4354 133/1697/4354
f 88/2336/4355 4/20/4355 133/1697/4355
f 88/2337/4356 117/21/4356 4/20/4356
f 89/2338/4357 2248/2339/4357 88/2337/4357
f 90/2340/4358 2249/2341/4358 89/2338/4358
f 91/2342/4359 2251/2343/4359 90/2340/4359
f 92/2344/4360 2254/2345/4360 91/2342/4360
f 93/2346/4361 2258/2347/4361 92/2344/4361
f 94/2348/4362 2263/2349/4362 93/2346/4362
f 95/2350/4363 2269/2351/4363 94/2348/4363
f 96/2352/4364 2276/2353/4364 95/2350/4364
f 97/2354/4365 2284/2355/4365 96/2352/4365
f 98/2356/4366 2293/2357/4366 97/2354/4366
f 99/2358/4367 2303/2359/4367 98/2356/4367
f 100/2360/4368 2314/2361/4368 99/2358/4368
f 101/2362/4369 2326/2363/4369 100/2360/4369
f 102/9/4370 2339/2364/4370 101/2362/4370
f 88/2337/4371 2248/2339/4371 117/21/4371
f 2248/2339/4372 116/1818/4372 117/21/4372
f 89/2338/4373 2249/2341/4373 2248/2339/4373
f 2249/2341/4374 2250/2365/4374 2248/2339/4374
f 2248/2339/4375 2250/2365/4375 116/1818/4375
f 2250/2365/4376 115/1819/4376 116/1818/4376
f 90/2340/4377 2251/2343/4377 2249/2341/4377
f 2251/2343/4378 2252/2366/4378 2249/2341/4378
f 2249/2341/4379 2252/2366/4379 2250/2365/4379
f 2252/2366/4380 2253/2367/4380 2250/2365/4380
f 2250/2365/4381 2253/2367/4381 115/1819/4381
f 2253/2367/4382 114/1820/4382 115/1819/4382
f 91/2342/4383 2254/2345/4383 2251/2343/4383
f 2254/2345/4384 2255/2368/4384 2251/2343/4384
f 2251/2343/4385 2255/2368/4385 2252/2366/4385
f 2255/2368/4386 2256/2369/4386 2252/2366/4386
f 2252/2366/4387 2256/2369/4387 2253/2367/4387
f 2256/2369/4388 2257/2370/4388 2253/2367/4388
f 2253/2367/4389 2257/2370/4389 114/1820/4389
f 2257/2370/4390 113/1821/4390 114/1820/4390
f 92/2344/4391 2258/2347/4391 2254/2345/4391
f 2258/2347/4392 2259/2371/4392 2254/2345/4392
f 2254/2345/4393 2259/2371/4393 2255/2368/4393
f 2259/2371/4394 2260/2372/4394 2255/2368/4394
f 2255/2368/4395 2260/2372/4395 2256/2369/4395
f 2260/2372/4396 2261/2373/4396 2256/2369/4396
f 2256/2369/4397 2261/2373/4397 2257/2370/4397
f 2261/2373/4398 2262/2374/4398 2257/2370/4398
f 2257/2370/4399 2262/2374/4399 113/1821/4399
f 2262/2374/4400 112/1822/4400 113/1821/4400
f 93/2346/4401 2263/2349/4401 2258/2347/4401
f 2263/2349/4402 2264/2375/4402 2258/2347/4402
f 2258/2347/4403 2264/2375/4403 2259/2371/4403
f 2264/2375/4404 2265/2376/4404 2259/2371/4404
f 2259/2371/4405 2265/2376/4405 2260/2372/4405
f 2265/2376/4406 2266/2377/4406 2260/2372/4406
f 2260/2372/4407 2266/2377/4407 2261/2373/4407
f 2266/2377/4408 2267/2378/4408 2261/2373/4408
f 2261/2373/4409 2267/2378/4409 2262/2374/4409
f 2267/2378/4410 2268/2379/4410 2262/2374/4410
f 2262/2374/4411 2268/2379/4411 112/1822/4411
f 2268/2379/4412 111/1823/4412 112/1822/4412
f 94/2348/4413 2269/2351/4413 2263/2349/4413
f 2269/2351/4414 2270/2380/4414 2263/2349/4414
f 2263/2349/4415 2270/2380/4415 2264/2375/4415
f 2270/2380/4416 2271/2381/4416 2264/2375/4416
f 2264/2375/4417 2271/2381/4417 2265/2376/4417
f 2271/2381/4418 2272/2382/4418 2265/2376/4418
f 2265/2376/4419 2272/2382/4419 2266/2377/4419
f 2272/2382/4420 2273/2383/4420 2266/2377/4420
f 2266/2377/4421 2273/2383/4421 2267/2378/4421
f 2273/2383/4422 2274/2384/4422 2267/2378/4422
f 2267/2378/4423 2274/2384/4423 2268/2379/4423
f 2274/2384/4424 2275/2385/4424 2268/2379/4424
f 2268/2379/4425 2275/2385/4425 111/1823/4425
f 2275/2385/4426 110/1824/4426 111/1823/4426
f 95/2350/4427 2276/2353/4427 2269/2351/4427
f 2276/2353/4428 2277/2386/4428 2269/2351/4428
f 2269/2351/4429 2277/2386/4429 2270/2380/4429
f 2277/2386/4430 2278/2387/4430 2270/2380/4430
f 2270/2380/4431 2278/2387/4431 2271/2381/4431
f 2278/2387/4432 2279/2388/4432 2271/2381/4432
f 2271/2381/4433 2279/2388/4433 2272/2382/4433
f 2279/2388/4434 2280/2389/4434 2272/2382/4434
f 2272/2382/4435 2280/2389/4435 2273/2383/4435
f 2280/2389/4436 2281/2390/4436 2273/2383/4436
f 2273/2383/4437 2281/2390/4437 2274/2384/4437
f 2281/2390/4438 2282/2391/4438 2274/2384/4438
f 2274/2384/4439 2282/2391/4439 2275/2385/4439
f 2282/2391/4440 2283/2392/4440 2275/2385/4440
f 2275/2385/4441 2283/2392/4441 110/1824/4441
f 2283/2392/4442 109/1825/4442 110/1824/4442
f 96/2352/4443 2284/2355/4443 2276/2353/4443
f 2284/2355/4444 2285/2393/4444 2276/2353/4444
f 2276/2353/4445 2285/2393/4445 2277/2386/4445
f 2285/2393/4446 2286/2394/4446 2277/2386/4446
f 2277/2386/4447 2286/2394/4447 2278/2387/4447
f 2286/2394/4448 2287/2395/4448 2278/2387/4448
f 2278/2387/4449 2287/2395/4449 2279/2388/4449
f 2287/2395/4450 2288/2396/4450 2279/2388/4450
f 2279/2388/4451 2288/2396/4451 2280/2389/4451
f 2288/2396/4452 2289/2397/4452 2280/2389/4452
f 2280/2389/4453 2289/2397/4453 2281/2390/4453
f 2289/2397/4454 2290/2398/4454 2281/2390/4454
f 2281/2390/4455 2290/2398/4455 2282/2391/4455
f 2290/2398/4456 2291/2399/4456 2282/2391/4456
f 2282/2391/4457 2291/2399/4457 2283/2392/4457
f 2291/2399/4458 2292/2400/4458 2283/2392/4458
f 2283/2392/4459 2292/2400/4459 109/1825/4459
f 2292/2400/4460 108/1826/4460 109/1825/4460
f 97/2354/4461 2293/2357/4461 2284/2355/4461
f 2293/2357/4462 2294/2401/4462 2284/2355/4462
f 2284/2355/4463 2294/2401/4463 2285/2393/4463
f 2294/2401/4464 2295/2402/4464 2285/2393/4464
f 2285/2393/4465 2295/2402/4465 2286/2394/4465
f 2295/2402/4466 2296/2403/4466 2286/2394/4466
f 2286/2394/4467 2296/2403/4467 2287/2395/4467
f 2296/2403/4468 2297/2404/4468 2287/2395/4468
f 2287/2395/4469 2297/2404/4469 2288/2396/4469
f 2297/2404/4470 2298/2405/4470 2288/2396/4470
f 2288/2396/4471 2298/2405/4471 2289/2397/4471
f 2298/2405/4472 2299/2406/4472 2289/2397/4472
f 2289/2397/4473 2299/2406/4473 2290/2398/4473
f 2299/2406/4474 2300/2407/4474 2290/2398/4474
f 2290/2398/4475 2300/2407/4475 2291/2399/4475
f 2300/2407/4476 2301/2408/4476 2291/2399/4476
f 2291/2399/4477 2301/2408/4477 2292/2400/4477
f 2301/2408/4478 2302/2409/4478 2292/2400/4478
f 2292/2400/4479 2302/2409/4479 108/1826/4479
f 2302/2409/4480 107/1827/4480 108/1826/4480
f 98/2356/4481 2303/2359/4481 2293/2357/4481
f 2303/2359/4482 2304/2410/4482 2293/2357/4482
f 2293/2357/4483 2304/2410/4483 2294/2401/4483
f 2304/2410/4484 2305/2411/4484 2294/2401/4484
f 2294/2401/4485 2305/2411/4485 2295/2402/4485
f 2305/2411/4486 2306/2412/4486 2295/2402/4486
f 2295/2402/4487 2306/2412/4487 2296/2403/4487
f 2306/2412/4488 2307/2413/4488 2296/2403/4488
f 2296/2403/4489 2307/2413/4489 2297/2404/4489
f 2307/2413/4490 2308/2414/4490 2297/2404/4490
f 2297/2404/4491 2308/2414/4491 2298/2405/4491
f 2308/2414/4492 2309/2415/4492 2298/2405/4492
f 2298/2405/4493 2309/2415/4493 2299/2406/4493
f 2309/2415/4494 2310/2416/4494 2299/2406/4494
f 2299/2406/4495 2310/2416/4495 2300/2407/4495
f 2310/2416/4496 2311/2417/4496 2300/2407/4496
f 2300/2407/4497 2311/2417/4497 2301/2408/4497
f 2311/2417/4498 2312/2418/4498 2301/2408/4498
f 2301/2408/4499 2312/2418/4499 2302/2409/4499
f 2312/2418/4500 2313/2419/4500 2302/2409/4500
f 2302/2409/4501 2313/2419/4501 107/1827/4501
f 2313/2419/4502 106/1828/4502 107/1827/4502
f 99/2358/4503 2314/2361/4503 2303/2359/4503
f 2314/2361/4504 2315/2420/4504 2303/2359/4504
f 2303/2359/4505 2315/2420/4505 2304/2410/4505
f 2315/2420/4506 2316/2421/4506 2304/2410/4506
f 2304/2410/4507 2316/2421/4507 2305/2411/4507
f 2316/2421/4508 2317/2422/4508 2305/2411/4508
f 2305/2411/4509 2317/2422/4509 2306/2412/4509
f 2317/2422/4510 2318/2423/4510 2306/2412/4510
f 2306/2412/4511 2318/2423/4511 2307/2413/4511
f 2318/2423/4512 2319/2424/4512 2307/2413/4512
f 2307/2413/4513 2319/2424/4513 2308/2414/4513
f 2319/2424/4514 2320/2425/4514 2308/2414/4514
f 2308/2414/4515 2320/2425/4515 2309/2415/4515
f 2320/2425/4516 2321/2426/4516 2309/2415/4516
f 2309/2415/4517 2321/2426/4517 2310/2416/4517
f 2321/2426/4518 2322/2427/4518 2310/2416/4518
f 2310/2416/4519 2322/2427/4519 2311/2417/4519
f 2322/2427/4520 2323/2428/4520 2311/2417/4520
f 2311/2417/4521 2323/2428/4521 2312/2418/4521
f 2323/2428/4522 2324/2429/4522 2312/2418/4522
f 2312/2418/4523 2324/2429/4523 2313/2419/4523
f 2324/2429/4524 2325/2430/4524 2313/2419/4524
f 2313/2419/4525 2325/2430/4525 106/1828/4525
f 2325/2430/4526 105/1829/4526 106/1828/4526
f 100/2360/4527 2326/2363/4527 2314/2361/4527
f 2326/2363/4528 2327/2431/4528 2314/2361/4528
f 2314/2361/4529 2327/2431/4529 2315/2420/4529
f 2327/2431/4530 2328/2432/4530 2315/2420/4530
f 2315/2420/4531 2328/2432/4531 2316/2421/4531
f 2328/2432/4532 2329/2433/4532 2316/2421/4532
f 2316/2421/4533 2329/2433/4533 2317/2422/4533
f 2329/2433/4534 2330/2434/4534 2317/2422/4534
f 2317/2422/4535 2330/2434/4535 2318/2423/4535
f 2330/2434/4536 2331/2435/4536 2318/2423/4536
f 2318/2423/4537 2331/2435/4537 2319/2424/4537
f 2331/2435/4538 2332/2436/4538 2319/2424/4538
f 2319/2424/4539 2332/2436/4539 2320/2425/4539
f 2332/2436/4540 2333/2437/4540 2320/2425/4540
f 2320/2425/4541 2333/2437/4541 2321/2426/4541
f 2333/2437/4542 2334/2438/4542 2321/2426/4542
f 2321/2426/4543 2334/2438/4543 2322/2427/4543
f 2334/2438/4544 2335/2439/4544 2322/2427/4544
f 2322/2427/4545 2335/2439/4545 2323/2428/4545
f 2335/2439/4546 2336/2440/4546 2323/2428/4546
f 2323/2428/4547 2336/2440/4547 2324/2429/4547
f 2336/2440/4548 2337/2441/4548 2324/2429/4548
f 2324/2429/4549 2337/2441/4549 2325/2430/4549
f 2337/2441/4550 2338/2442/4550 2325/2430/4550
f 2325/2430/4551 2338/2442/4551 105/1829/4551
f 2338/2442/4552 104/1830/4552 105/1829/4552
f 101/2362/4553 2339/2364/4553 2326/2363/4553
f 2339/2364/4554 2340/2443/4554 2326/2363/4554
f 2326/2363/4555 2340/2443/4555 2327/2431/4555
f 2340/2443/4556 2341/2444/4556 2327/2431/4556
f 2327/2431/4557 2341/2444/4557 2328/2432/4557
f 2341/2444/4558 2342/2445/4558 2328/2432/4558
f 2328/2432/4559 2342/2445/4559 2329/2433/4559
f 2342/2445/4560 2343/2446/4560 2329/2433/4560
f 2329/2433/4561 2343/2446/4561 2330/2434/4561
f 2343/2446/4562 2344/2447/4562 2330/2434/4562
f 2330/2434/4563 2344/2447/4563 2331/2435/4563
f 2344/2447/4564 2345/2448/4564 2331/2435/4564
f 2331/2435/4565 2345/2448/4565 2332/2436/4565
f 2345/2448/4566 2346/2449/4566 2332/2436/4566
f 2332/2436/4567 2346/2449/4567 2333/2437/4567
f 2346/2449/4568 2347/2450/4568 2333/2437/4568
f 2333/2437/4569 2347/2450/4569 2334/2438/4569
f 2347/2450/4570 2348/2451/4570 2334/2438/4570
f 2334/2438/4571 2348/2451/4571 2335/2439/4571
f 2348/2451/4572 2349/2452/4572 2335/2439/4572
f 2335/2439/4573 2349/2452/4573 2336/2440/4573
f 2349/2452/4574 2350/2453/4574 2336/2440/4574
f 2336/2440/4575 2350/2453/4575 2337/2441/4575
f 2350/2453/4576 2351/2454/4576 2337/2441/4576
f 2337/2441/4577 2351/2454/4577 2338/2442/4577
f 2351/2454/4578 2352/2455/4578 2338/2442/4578
f 2338/2442/4579 2352/2455/4579 104/1830/4579
f 2352/2455/4580 103/1831/4580 104/1830/4580
f 102/9/4581 27/8/4581 2339/2364/4581
f 27/8/4582 26/2456/4582 2339/2364/4582
f 2339/2364/4583 26/2456/4583 2340/2443/4583
f 26/2456/4584 25/2457/4584 2340/2443/4584
f 2340/2443/4585 25/2457/4585 2341/2444/4585
f 25/2457/4586 24/2458/4586 2341/2444/4586
f 2341/2444/4587 24/2458/4587 2342/2445/4587
f 24/2458/4588 23/2459/4588 2342/2445/4588
f 2342/2445/4589 23/2459/4589 2343/2446/4589
f 23/2459/4590 22/2460/4590 2343/2446/4590
f 2343/2446/4591 22/2460/4591 2344/2447/4591
f 22/2460/4592 21/2461/4592 2344/2447/4592
f 2344/2447/4593 21/2461/4593 2345/2448/4593
f 21/2461/4594 20/2462/4594 2345/2448/4594
f 2345/2448/4595 20/2462/4595 2346/2449/4595
f 20/2462/4596 19/2463/4596 2346/2449/4596
f 2346/2449/4597 19/2463/4597 2347/2450/4597
f 19/2463/4598 18/2464/4598 2347/2450/4598
f 2347/2450/4599 18/2464/4599 2348/2451/4599
f 18/2464/4600 17/2465/4600 2348/2451/4600
f 2348/2451/4601 17/2465/4601 2349/2452/4601
f 17/2465/4602 16/2466/4602 2349/2452/4602
f 2349/2452/4603 16/2466/4603 2350/2453/4603
f 16/2466/4604 15/2467/4604 2350/2453/4604
f 2350/2453/4605 15/2467/4605 2351/2454/4605
f 15/2467/4606 14/2468/4606 2351/2454/4606
f 2351/2454/4607 14/2468/4607 2352/2455/4607
f 14/2468/4608 13/2469/4608 2352/2455/4608
f 2352/2455/4609 13/2469/4609 103/1831/4609
f 13/2469/4610 3/1832/4610 103/1831/4610
f 58/2070/4611 87/2470/4611 6/26/4611
f 59/2069/4612 2353/2471/4612 58/2070/4612
f 60/2068/4613 2354/2472/4613 59/2069/4613
f 61/2067/4614 2356/2473/4614 60/2068/4614
f 62/2066/4615 2359/2474/4615 61/2067/4615
f 63/2065/4616 2363/2475/4616 62/2066/4616
f 64/2064/4617 2368/2476/4617 63/2065/4617
f 65/2063/4618 2374/2477/4618 64/2064/4618
f 66/2062/4619 2381/2478/4619 65/2063/4619
f 67/2061/4620 2389/2479/4620 66/2062/4620
f 68/2060/4621 2398/2480/4621 67/2061/4621
f 69/2059/4622 2408/2481/4622 68/2060/4622
f 70/2058/4623 2419/2482/4623 69/2059/4623
f 71/2057/4624 2431/2483/4624 70/2058/4624
f 72/6/4625 2444/2484/4625 71/2057/4625
f 58/2070/4626 2353/2471/4626 87/2470/4626
f 2353/2471/4627 86/2485/4627 87/2470/4627
f 59/2069/4628 2354/2472/4628 2353/2471/4628
f 2354/2472/4629 2355/2486/4629 2353/2471/4629
f 2353/2471/4630 2355/2486/4630 86/2485/4630
f 2355/2486/4631 85/2487/4631 86/2485/4631
f 60/2068/4632 2356/2473/4632 2354/2472/4632
f 2356/2473/4633 2357/2488/4633 2354/2472/4633
f 2354/2472/4634 2357/2488/4634 2355/2486/4634
f 2357/2488/4635 2358/2489/4635 2355/2486/4635
f 2355/2486/4636 2358/2489/4636 85/2487/4636
f 2358/2489/4637 84/2490/4637 85/2487/4637
f 61/2067/4638 2359/2474/4638 2356/2473/4638
f 2359/2474/4639 2360/2491/4639 2356/2473/4639
f 2356/2473/4640 2360/2491/4640 2357/2488/4640
f 2360/2491/4641 2361/2492/4641 2357/2488/4641
f 2357/2488/4642 2361/2492/4642 2358/2489/4642
f 2361/2492/4643 2362/2493/4643 2358/2489/4643
f 2358/2489/4644 2362/2493/4644 84/2490/4644
f 2362/2493/4645 83/2494/4645 84/2490/4645
f 62/2066/4646 2363/2475/4646 2359/2474/4646
f 2363/2475/4647 2364/2495/4647 2359/2474/4647
f 2359/2474/4648 2364/2495/4648 2360/2491/4648
f 2364/2495/4649 2365/2496/4649 2360/2491/4649
f 2360/2491/4650 2365/2496/4650 2361/2492/4650
f 2365/2496/4651 2366/2497/4651 2361/2492/4651
f 2361/2492/4652 2366/2497/4652 2362/2493/4652
f 2366/2497/4653 2367/2498/4653 2362/2493/4653
f 2362/2493/4654 2367/2498/4654 83/2494/4654
f 2367/2498/4655 82/2499/4655 83/2494/4655
f 63/2065/4656 2368/2476/4656 2363/2475/4656
f 2368/2476/4657 2369/2500/4657 2363/2475/4657
f 2363/2475/4658 2369/2500/4658 2364/2495/4658
f 2369/2500/4659 2370/2501/4659 2364/2495/4659
f 2364/2495/4660 2370/2501/4660 2365/2496/4660
f 2370/2501/4661 2371/2502/4661 2365/2496/4661
f 2365/2496/4662 2371/2502/4662 2366/2497/4662
f 2371/2502/4663 2372/2503/4663 2366/2497/4663
f 2366/2497/4664 2372/2503/4664 2367/2498/4664
f 2372/2503/4665 2373/2504/4665 2367/2498/4665
f 2367/2498/4666 2373/2504/4666 82/2499/4666
f 2373/2504/4667 81/2505/4667 82/2499/4667
f 64/2064/4668 2374/2477/4668 2368/2476/4668
f 2374/2477/4669 2375/2506/4669 2368/2476/4669
f 2368/2476/4670 2375/2506/4670 2369/2500/4670
f 2375/2506/4671 2376/2507/4671 2369/2500/4671
f 2369/2500/4672 2376/2507/4672 2370/2501/4672
f 2376/2507/4673 2377/2508/4673 2370/2501/4673
f 2370/2501/4674 2377/2508/4674 2371/2502/4674
f 2377/2508/4675 2378/2509/4675 2371/2502/4675
f 2371/2502/4676 2378/2509/4676 2372/2503/4676
f 2378/2509/4677 2379/2510/4677 2372/2503/4677
f 2372/2503/4678 2379/2510/4678 2373/2504/4678
f 2379/2510/4679 2380/2511/4679 2373/2504/4679
f 2373/2504/4680 2380/2511/4680 81/2505/4680
f 2380/2511/4681 80/2512/4681 81/2505/4681
f 65/2063/4682 2381/2478/4682 2374/2477/4682
f 2381/2478/4683 2382/2513/4683 2374/2477/4683
f 2374/2477/4684 2382/2513/4684 2375/2506/4684
f 2382/2513/4685 2383/2514/4685 2375/2506/4685
f 2375/2506/4686 2383/2514/4686 2376/2507/4686
f 2383/2514/4687 2384/2515/4687 2376/2507/4687
f 2376/2507/4688 2384/2515/4688 2377/2508/4688
f 2384/2515/4689 2385/2516/4689 2377/2508/4689
f 2377/2508/4690 2385/2516/4690 2378/2509/4690
f 2385/2516/4691 2386/2517/4691 2378/2509/4691
f 2378/2509/4692 2386/2517/4692 2379/2510/4692
f 2386/2517/4693 2387/2518/4693 2379/2510/4693
f 2379/2510/4694 2387/2518/4694 2380/2511/4694
f 2387/2518/4695 2388/2519/4695 2380/2511/4695
f 2380/2511/4696 2388/2519/4696 80/2512/4696
f 2388/2519/4697 79/2520/4697 80/2512/4697
f 66/2062/4698 2389/2479/4698 2381/2478/4698
f 2389/2479/4699 2390/2521/4699 2381/2478/4699
f 2381/2478/4700 2390/2521/4700 2382/2513/4700
f 2390/2521/4701 2391/2522/4701 2382/2513/4701
f 2382/2513/4702 2391/2522/4702 2383/2514/4702
f 2391/2522/4703 2392/2523/4703 2383/2514/4703
f 2383/2514/4704 2392/2523/4704 2384/2515/4704
f 2392/2523/4705 2393/2524/4705 2384/2515/4705
f 2384/2515/4706 2393/2524/4706 2385/2516/4706
f 2393/2524/4707 2394/2525/4707 2385/2516/4707
f 2385/2516/4708 2394/2525/4708 2386/2517/4708
f 2394/2525/4709 2395/2526/4709 2386/2517/4709
f 2386/2517/4710 2395/2526/4710 2387/2518/4710
f 2395/2526/4711 2396/2527/4711 2387/2518/4711
f 2387/2518/4712 2396/2527/4712 2388/2519/4712
f 2396/2527/4713 2397/2528/4713 2388/2519/4713
f 2388/2519/4714 2397/2528/4714 79/2520/4714
f 2397/2528/4715 78/2529/4715 79/2520/4715
f 67/2061/4716 2398/2480/4716 2389/2479/4716
f 2398/2480/4717 2399/2530/4717 2389/2479/4717
f 2389/2479/4718 2399/2530/4718 2390/2521/4718
f 2399/2530/4719 2400/2531/4719 2390/2521/4719
f 2390/2521/4720 2400/2531/4720 2391/2522/4720
f 2400/2531/4721 2401/2532/4721 2391/2522/4721
f 2391/2522/4722 2401/2532/4722 2392/2523/4722
f 2401/2532/4723 2402/2533/4723 2392/2523/4723
f 2392/2523/4724 2402/2533/4724 2393/2524/4724
f 2402/2533/4725 2403/2534/4725 2393/2524/4725
f 2393/2524/4726 2403/2534/4726 2394/2525/4726
f 2403/2534/4727 2404/2535/4727 2394/2525/4727
f 2394/2525/4728 2404/2535/4728 2395/2526/4728
f 2404/2535/4729 2405/2536/4729 2395/2526/4729
f 2395/2526/4730 2405/2536/4730 2396/2527/4730
f 2405/2536/4731 2406/2537/4731 2396/2527/4731
f 2396/2527/4732 2406/2537/4732 2397/2528/4732
f 2406/2537/4733 2407/2538/4733 2397/2528/4733
f 2397/2528/4734 2407/2538/4734 78/2529/4734
f 2407/2538/4735 77/2539/4735 78/2529/4735
f 68/2060/4736 2408/2481/4736 2398/2480/4736
f 2408/2481/4737 2409/2540/4737 2398/2480/4737
f 2398/2480/4738 2409/2540/4738 2399/2530/4738
f 2409/2540/4739 2410/2541/4739 2399/2530/4739
f 2399/2530/4740 2410/2541/4740 2400/2531/4740
f 2410/2541/4741 2411/2542/4741 2400/2531/4741
f 2400/2531/4742 2411/2542/4742 2401/2532/4742
f 2411/2542/4743 2412/2543/4743 2401/2532/4743
f 2401/2532/4744 2412/2543/4744 2402/2533/4744
f 2412/2543/4745 2413/2544/4745 2402/2533/4745
f 2402/2533/4746 2413/2544/4746 2403/2534/4746
f 2413/2544/4747 2414/2545/4747 2403/2534/4747
f 2403/2534/4748 2414/2545/4748 2404/2535/4748
f 2414/2545/4749 2415/2546/4749 2404/2535/4749
f 2404/2535/4750 2415/2546/4750 2405/2536/4750
f 2415/2546/4751 2416/2547/4751 2405/2536/4751
f 2405/2536/4752 2416/2547/4752 2406/2537/4752
f 2416/2547/4753 2417/2548/4753 2406/2537/4753
f 2406/2537/4754 2417/2548/4754 2407/2538/4754
f 2417/2548/4755 2418/2549/4755 2407/2538/4755
f 2407/2538/4756 2418/2549/4756 77/2539/4756
f 2418/2549/4757 76/2550/4757 77/2539/4757
f 69/2059/4758 2419/2482/4758 2408/2481/4758
f 2419/2482/4759 2420/2551/4759 2408/2481/4759
f 2408/2481/4760 2420/2551/4760 2409/2540/4760
f 2420/2551/4761 2421/2552/4761 2409/2540/4761
f 2409/2540/4762 2421/2552/4762 2410/2541/4762
f 2421/2552/4763 2422/2553/4763 2410/2541/4763
f 2410/2541/4764 2422/2553/4764 2411/2542/4764
f 2422/2553/4765 2423/2554/4765 2411/2542/4765
f 2411/2542/4766 2423/2554/4766 2412/2543/4766
f 2423/2554/4767 2424/2555/4767 2412/2543/4767
f 2412/2543/4768 2424/2555/4768 2413/2544/4768
f 2424/2555/4769 2425/2556/4769 2413/2544/4769
f 2413/2544/4770 2425/2556/4770 2414/2545/4770
f 2425/2556/4771 2426/2557/4771 2414/2545/4771
f 2414/2545/4772 2426/2557/4772 2415/2546/4772
f 2426/2557/4773 2427/2558/4773 2415/2546/4773
f 2415/2546/4774 2427/2558/4774 2416/2547/4774
f 2427/2558/4775 2428/2559/4775 2416/2547/4775
f 2416/2547/4776 2428/2559/4776 2417/2548/4776
f 2428/2559/4777 2429/2560/4777 2417/2548/4777
f 2417/2548/4778 2429/2560/4778 2418/2549/4778
f 2429/2560/4779 2430/2561/4779 2418/2549/4779
f 2418/2549/4780 2430/2561/4780 76/2550/4780
f 2430/2561/4781 75/2562/4781 76/2550/4781
f 70/2058/4782 2431/2483/4782 2419/2482/4782
f 2431/2483/4783 2432/2563/4783 2419/2482/4783
f 2419/2482/4784 2432/2563/4784 2420/2551/4784
f 2432/2563/4785 2433/2564/4785 2420/2551/4785
f 2420/2551/4786 2433/2564/4786 2421/2552/4786
f 2433/2564/4787 2434/2565/4787 2421/2552/4787
f 2421/2552/4788 2434/2565/4788 2422/2553/4788
f 2434/2565/4789 2435/2566/4789 2422/2553/4789
f 2422/2553/4790 2435/2566/4790 2423/2554/4790
f 2435/2566/4791 2436/2567/4791 2423/2554/4791
f 2423/2554/4792 2436/2567/4792 2424/2555/4792
f 2436/2567/4793 2437/2568/4793 2424/2555/4793
f 2424/2555/4794 2437/2568/4794 2425/2556/4794
f 2437/2568/4795 2438/2569/4795 2425/2556/4795
f 2425/2556/4796 2438/2569/4796 2426/2557/4796
f 2438/2569/4797 2439/2570/4797 2426/2557/4797
f 2426/2557/4798 2439/2570/4798 2427/2558/4798
f 2439/2570/4799 2440/2571/4799 2427/2558/4799
f 2427/2558/4800 2440/2571/4800 2428/2559/4800
f 2440/2571/4801 2441/2572/4801 2428/2559/4801
f 2428/2559/4802 2441/2572/4802 2429/2560/4802
f 2441/2572/4803 2442/2573/4803 2429/2560/4803
f 2429/2560/4804 2442/2573/4804 2430/2561/4804
f 2442/2573/4805 2443/2574/4805 2430/2561/4805
f 2430/2561/4806 2443/2574/4806 75/2562/4806
f 2443/2574/4807 74/2575/4807 75/2562/4807
f 71/2057/4808 2444/2484/4808 2431/2483/4808
f 2444/2484/4809 2445/2576/4809 2431/2483/4809
f 2431/2483/4810 2445/2576/4810 2432/2563/4810
f 2445/2576/4811 2446/2577/4811 2432/2563/4811
f 2432/2563/4812 2446/2577/4812 2433/2564/4812
f 2446/2577/4813 2447/2578/4813 2433/2564/4813
f 2433/2564/4814 2447/2578/4814 2434/2565/4814
f 2447/2578/4815 2448/2579/4815 2434/2565/4815
f 2434/2565/4816 2448/2579/4816 2435/2566/4816
f 2448/2579/4817 2449/2580/4817 2435/2566/4817
f 2435/2566/4818 2449/2580/4818 2436/2567/4818
f 2449/2580/4819 2450/2581/4819 2436/2567/4819
f 2436/2567/4820 2450/2581/4820 2437/2568/4820
f 2450/2581/4821 2451/2582/4821 2437/2568/4821
f 2437/2568/4822 2451/2582/4822 2438/2569/4822
f 2451/2582/4823 2452/2583/4823 2438/2569/4823
f 2438/2569/4824 2452/2583/4824 2439/2570/4824
f 2452/2583/4825 2453/2584/4825 2439/2570/4825
f 2439/2570/4826 2453/2584/4826 2440/2571/4826
f 2453/2584/4827 2454/2585/4827 2440/2571/4827
f 2440/2571/4828 2454/2585/4828 2441/2572/4828
f 2454/2585/4829 2455/2586/4829 2441/2572/4829
f 2441/2572/4830 2455/2586/4830 2442/2573/4830
f 2455/2586/4831 2456/2587/4831 2442/2573/4831
f 2442/2573/4832 2456/2587/4832 2443/2574/4832
f 2456/2587/4833 2457/2588/4833 2443/2574/4833
f 2443/2574/4834 2457/2588/4834 74/2575/4834
f 2457/2588/4835 73/2589/4835 74/2575/4835
f 72/6/4836 42/5/4836 2444/2484/4836
f 42/5/4837 41/2590/4837 2444/2484/4837
f 2444/2484/4838 41/2590/4838 2445/2576/4838
f 41/2590/4839 40/2591/4839 2445/2576/4839
f 2445/2576/4840 40/2591/4840 2446/2577/4840
f 40/2591/4841 39/2592/4841 2446/2577/4841
f 2446/2577/4842 39/2592/4842 2447/2578/4842
f 39/2592/4843 38/2593/4843 2447/2578/4843
f 2447/2578/4844 38/2593/4844 2448/2579/4844
f 38/2593/4845 37/2594/4845 2448/2579/4845
f 2448/2579/4846 37/2594/4846 2449/2580/4846
f 37/2594/4847 36/2595/4847 2449/2580/4847
f 2449/2580/4848 36/2595/4848 2450/2581/4848
f 36/2595/4849 35/2596/4849 2450/2581/4849
f 2450/2581/4850 35/2596/4850 2451/2582/4850
f 35/2596/4851 34/2597/4851 2451/2582/4851
f 2451/2582/4852 34/2597/4852 2452/2583/4852
f 34/2597/4853 33/2598/4853 2452/2583/4853
f 2452/2583/4854 33/2598/4854 2453/2584/4854
f 33/2598/4855 32/2599/4855 2453/2584/4855
f 2453/2584/4856 32/2599/4856 2454/2585/4856
f 32/2599/4857 31/2600/4857 2454/2585/4857
f 2454/2585/4858 31/2600/4858 2455/2586/4858
f 31/2600/4859 30/2601/4859 2455/2586/4859
f 2455/2586/4860 30/2601/4860 2456/2587/4860
f 30/2601/4861 29/2602/4861 2456/2587/4861
f 2456/2587/4862 29/2602/4862 2457/2588/4862
f 29/2602/4863 28/2603/4863 2457/2588/4863
f 2457/2588/4864 28/2603/4864 73/2589/4864
f 28/2603/4865 1/2604/4865 73/2589/4865
f 13/2605/4866 57/18/4866 3/17/4866
f 14/2606/4867 2458/2607/4867 13/2605/4867
f 15/2608/4868 2459/2609/4868 14/2606/4868
f 16/2610/4869 2461/2611/4869 15/2608/4869
f 17/2612/4870 2464/2613/4870 16/2610/4870
f 18/2614/4871 2468/2615/4871 17/2612/4871
f 19/2616/4872 2473/2617/4872 18/2614/4872
f 20/2618/4873 2479/2619/4873 19/2616/4873
f 21/2620/4874 2486/2621/4874 20/2618/4874
f 22/2622/4875 2494/2623/4875 21/2620/4875
f 23/2624/4876 2503/2625/4876 22/2622/4876
f 24/2626/4877 2513/2627/4877 23/2624/4877
f 25/2628/4878 2524/2629/4878 24/2626/4878
f 26/2630/4879 2536/2631/4879 25/2628/4879
f 27/3/4880 2549/2632/4880 26/2630/4880
f 13/2605/4881 2458/2607/4881 57/18/4881
f 2458/2607/4882 56/1938/4882 57/18/4882
f 14/2606/4883 2459/2609/4883 2458/2607/4883
f 2459/2609/4884 2460/2633/4884 2458/2607/4884
f 2458/2607/4885 2460/2633/4885 56/1938/4885
f 2460/2633/4886 55/1939/4886 56/1938/4886
f 15/2608/4887 2461/2611/4887 2459/2609/4887
f 2461/2611/4888 2462/2634/4888 2459/2609/4888
f 2459/2609/4889 2462/2634/4889 2460/2633/4889
f 2462/2634/4890 2463/2635/4890 2460/2633/4890
f 2460/2633/4891 2463/2635/4891 55/1939/4891
f 2463/2635/4892 54/1940/4892 55/1939/4892
f 16/2610/4893 2464/2613/4893 2461/2611/4893
f 2464/2613/4894 2465/2636/4894 2461/2611/4894
f 2461/2611/4895 2465/2636/4895 2462/2634/4895
f 2465/2636/4896 2466/2637/4896 2462/2634/4896
f 2462/2634/4897 2466/2637/4897 2463/2635/4897
f 2466/2637/4898 2467/2638/4898 2463/2635/4898
f 2463/2635/4899 2467/2638/4899 54/1940/4899
f 2467/2638/4900 53/1941/4900 54/1940/4900
f 17/2612/4901 2468/2615/4901 2464/2613/4901
f 2468/2615/4902 2469/2639/4902 2464/2613/4902
f 2464/2613/4903 2469/2639/4903 2465/2636/4903
f 2469/2639/4904 2470/2640/4904 2465/2636/4904
f 2465/2636/4905 2470/2640/4905 2466/2637/4905
f 2470/2640/4906 2471/2641/4906 2466/2637/4906
f 2466/2637/4907 2471/2641/4907 2467/2638/4907
f 2471/2641/4908 2472/2642/4908 2467/2638/4908
f 2467/2638/4909 2472/2642/4909 53/1941/4909
f 2472/2642/4910 52/1942/4910 53/1941/4910
f 18/2614/4911 2473/2617/4911 2468/2615/4911
f 2473/2617/4912 2474/2643/4912 2468/2615/4912
f 2468/2615/4913 2474/2643/4913 2469/2639/4913
f 2474/2643/4914 2475/2644/4914 2469/2639/4914
f 2469/2639/4915 2475/2644/4915 2470/2640/4915
f 2475/2644/4916 2476/2645/4916 2470/2640/4916
f 2470/2640/4917 2476/2645/4917 2471/2641/4917
f 2476/2645/4918 2477/2646/4918 2471/2641/4918
f 2471/2641/4919 2477/2646/4919 2472/2642/4919
f 2477/2646/4920 2478/2647/4920 2472/2642/4920
f 2472/2642/4921 2478/2647/4921 52/1942/4921
f 2478/2647/4922 51/1943/4922 52/1942/4922
f 19/2616/4923 2479/2619/4923 2473/2617/4923
f 2479/2619/4924 2480/2648/4924 2473/2617/4924
f 2473/2617/4925 2480/2648/4925 2474/2643/4925
f 2480/2648/4926 2481/2649/4926 2474/2643/4926
f 2474/2643/4927 2481/2649/4927 2475/2644/4927
f 2481/2649/4928 2482/2650/4928 2475/2644/4928
f 2475/2644/4929 2482/2650/4929 2476/2645/4929
f 2482/2650/4930 2483/2651/4930 2476/2645/4930
f 2476/2645/4931 2483/2651/4931 2477/2646/4931
f 2483/2651/4932 2484/2652/4932 2477/2646/4932
f 2477/2646/4933 2484/2652/4933 2478/2647/4933
f 2484/2652/4934 2485/2653/4934 2478/2647/4934
f 2478/2647/4935 2485/2653/4935 51/1943/4935
f 2485/2653/4936 50/1944/4936 51/1943/4936
f 20/2618/4937 2486/2621/4937 2479/2619/4937
f 2486/2621/4938 2487/2654/4938 2479/2619/4938
f 2479/2619/4939 2487/2654/4939 2480/2648/4939
f 2487/2654/4940 2488/2655/4940 2480/2648/4940
f 2480/2648/4941 2488/2655/4941 2481/2649/4941
f 2488/2655/4942 2489/2656/4942 2481/2649/4942
f 2481/2649/4943 2489/2656/4943 2482/2650/4943
f 2489/2656/4944 2490/2657/4944 2482/2650/4944
f 2482/2650/4945 2490/2657/4945 2483/2651/4945
f 2490/2657/4946 2491/2658/4946 2483/2651/4946
f 2483/2651/4947 2491/2658/4947 2484/2652/4947
f 2491/2658/4948 2492/2659/4948 2484/2652/4948
f 2484/2652/4949 2492/2659/4949 2485/2653/4949
f 2492/2659/4950 2493/2660/4950 2485/2653/4950
f 2485/2653/4951 2493/2660/4951 50/1944/4951
f 2493/2660/4952 49/1945/4952 50/1944/4952
f 21/2620/4953 2494/2623/4953 2486/2621/4953
f 2494/2623/4954 2495/2661/4954 2486/2621/4954
f 2486/2621/4955 2495/2661/4955 2487/2654/4955
f 2495/2661/4956 2496/2662/4956 2487/2654/4956
f 2487/2654/4957 2496/2662/4957 2488/2655/4957
f 2496/2662/4958 2497/2663/4958 2488/2655/4958
f 2488/2655/4959 2497/2663/4959 2489/2656/4959
f 2497/2663/4960 2498/2664/4960 2489/2656/4960
f 2489/2656/4961 2498/2664/4961 2490/2657/4961
f 2498/2664/4962 2499/2665/4962 2490/2657/4962
f 2490/2657/4963 2499/2665/4963 2491/2658/4963
f 2499/2665/4964 2500/2666/4964 2491/2658/4964
f 2491/2658/4965 2500/2666/4965 2492/2659/4965
f 2500/2666/4966 2501/2667/4966 2492/2659/4966
f 2492/2659/4967 2501/2667/4967 2493/2660/4967
f 2501/2667/4968 2502/2668/4968 2493/2660/4968
f 2493/2660/4969 2502/2668/4969 49/1945/4969
f 2502/2668/4970 48/1946/4970 49/1945/4970
f 22/2622/4971 2503/2625/4971 2494/2623/4971
f 2503/2625/4972 2504/2669/4972 2494/2623/4972
f 2494/2623/4973 2504/2669/4973 2495/2661/4973
f 2504/2669/4974 2505/2670/4974 2495/2661/4974
f 2495/2661/4975 2505/2670/4975 2496/2662/4975
f 2505/2670/4976 2506/2671/4976 2496/2662/4976
f 2496/2662/4977 2506/2671/4977 2497/2663/4977
f 2506/2671/4978 2507/2672/4978 2497/2663/4978
f 2497/2663/4979 2507/2672/4979 2498/2664/4979
f 2507/2672/4980 2508/2673/4980 2498/2664/4980
f 2498/2664/4981 2508/2673/4981 2499/2665/4981
f 2508/2673/4982 2509/2674/4982 2499/2665/4982
f 2499/2665/4983 2509/2674/4983 2500/2666/4983
f 2509/2674/4984 2510/2675/4984 2500/2666/4984
f 2500/2666/4985 2510/2675/4985 2501/2667/4985
f 2510/2675/4986 2511/2676/4986 2501/2667/4986
f 2501/2667/4987 2511/2676/4987 2502/2668/4987
f 2511/2676/4988 2512/2677/4988 2502/2668/4988
f 2502/2668/4989 2512/2677/4989 48/1946/4989
f 2512/2677/4990 47/1947/4990 48/1946/4990
f 23/2624/4991 2513/2627/4991 2503/2625/4991
f 2513/2627/4992 2514/2678/4992 2503/2625/4992
f 2503/2625/4993 2514/2678/4993 2504/2669/4993
f 2514/2678/4994 2515/2679/4994 2504/2669/4994
f 2504/2669/4995 2515/2679/4995 2505/2670/4995
f 2515/2679/4996 2516/2680/4996 2505/2670/4996
f 2505/2670/4997 2516/2680/4997 2506/2671/4997
f 2516/2680/4998 2517/2681/4998 2506/2671/4998
f 2506/2671/4999 2517/2681/4999 2507/2672/4999
f 2517/2681/5000 2518/2682/5000 2507/2672/5000
f 2507/2672/5001 2518/2682/5001 2508/2673/5001
f 2518/2682/5002 2519/2683/5002 2508/2673/5002
f 2508/2673/5003 2519/2683/5003 2509/2674/5003
f 2519/2683/5004 2520/2684/5004 2509/2674/5004
f 2509/2674/5005 2520/2684/5005 2510/2675/5005
f 2520/2684/5006 2521/2685/5006 2510/2675/5006
f 2510/2675/5007 2521/2685/5007 2511/2676/5007
f 2521/2685/5008 2522/2686/5008 2511/2676/5008
f 2511/2676/5009 2522/2686/5009 2512/2677/5009
f 2522/2686/5010 2523/2687/5010 2512/2677/5010
f 2512/2677/5011 2523/2687/5011 47/1947/5011
f 2523/2687/5012 46/1948/5012 47/1947/5012
f 24/2626/5013 2524/2629/5013 2513/2627/5013
f 2524/2629/5014 2525/2688/5014 2513/2627/5014
f 2513/2627/5015 2525/2688/5015 2514/2678/5015
f 2525/2688/5016 2526/2689/5016 2514/2678/5016
f 2514/2678/5017 2526/2689/5017 2515/2679/5017
f 2526/2689/5018 2527/2690/5018 2515/2679/5018
f 2515/2679/5019 2527/2690/5019 2516/2680/5019
f 2527/2690/5020 2528/2691/5020 2516/2680/5020
f 2516/2680/5021 2528/2691/5021 2517/2681/5021
f 2528/2691/5022 2529/2692/5022 2517/2681/5022
f 2517/2681/5023 2529/2692/5023 2518/2682/5023
f 2529/2692/5024 2530/2693/5024 2518/2682/5024
f 2518/2682/5025 2530/2693/5025 2519/2683/5025
f 2530/2693/5026 2531/2694/5026 2519/2683/5026
f 2519/2683/5027 2531/2694/5027 2520/2684/5027
f 2531/2694/5028 2532/2695/5028 2520/2684/5028
f 2520/2684/5029 2532/2695/5029 2521/2685/5029
f 2532/2695/5030 2533/2696/5030 2521/2685/5030
f 2521/2685/5031 2533/2696/5031 2522/2686/5031
f 2533/2696/5032 2534/2697/5032 2522/2686/5032
f 2522/2686/5033 2534/2697/5033 2523/2687/5033
f 2534/2697/5034 2535/2698/5034 2523/2687/5034
f 2523/2687/5035 2535/2698/5035 46/1948/5035
f 2535/2698/5036 45/1949/5036 46/1948/5036
f 25/2628/5037 2536/2631/5037 2524/2629/5037
f 2536/2631/5038 2537/2699/5038 2524/2629/5038
f 2524/2629/5039 2537/2699/5039 2525/2688/5039
f 2537/2699/5040 2538/2700/5040 2525/2688/5040
f 2525/2688/5041 2538/2700/5041 2526/2689/5041
f 2538/2700/5042 2539/2701/5042 2526/2689/5042
f 2526/2689/5043 2539/2701/5043 2527/2690/5043
f 2539/2701/5044 2540/2702/5044 2527/2690/5044
f 2527/2690/5045 2540/2702/5045 2528/2691/5045
f 2540/2702/5046 2541/2703/5046 2528/2691/5046
f 2528/2691/5047 2541/2703/5047 2529/2692/5047
f 2541/2703/5048 2542/2704/5048 2529/2692/5048
f 2529/2692/5049 2542/2704/5049 2530/2693/5049
f 2542/2704/5050 2543/2705/5050 2530/2693/5050
f 2530/2693/5051 2543/2705/5051 2531/2694/5051
f 2543/2705/5052 2544/2706/5052 2531/2694/5052
f 2531/2694/5053 2544/2706/5053 2532/2695/5053
f 2544/2706/5054 2545/2707/5054 2532/2695/5054
f 2532/2695/5055 2545/2707/5055 2533/2696/5055
f 2545/2707/5056 2546/2708/5056 2533/2696/5056
f 2533/2696/5057 2546/2708/5057 2534/2697/5057
f 2546/2708/5058 2547/2709/5058 2534/2697/5058
f 2534/2697/5059 2547/2709/5059 2535/2698/5059
f 2547/2709/5060 2548/2710/5060 2535/2698/5060
f 2535/2698/5061 2548/2710/5061 45/1949/5061
f 2548/2710/5062 44/1950/5062 45/1949/5062
f 26/2630/5063 2549/2632/5063 2536/2631/5063
f 2549/2632/5064 2550/2711/5064 2536/2631/5064
f 2536/2631/5065 2550/2711/5065 2537/2699/5065
f 2550/2711/5066 2551/2712/5066 2537/2699/5066
f 2537/2699/5067 2551/2712/5067 2538/2700/5067
f 2551/2712/5068 2552/2713/5068 2538/2700/5068
f 2538/2700/5069 2552/2713/5069 2539/2701/5069
f 2552/2713/5070 2553/2714/5070 2539/2701/5070
f 2539/2701/5071 2553/2714/5071 2540/2702/5071
f 2553/2714/5072 2554/2715/5072 2540/2702/5072
f 2540/2702/5073 2554/2715/5073 2541/2703/5073
f 2554/2715/5074 2555/2716/5074 2541/2703/5074
f 2541/2703/5075 2555/2716/5075 2542/2704/5075
f 2555/2716/5076 2556/2717/5076 2542/2704/5076
f 2542/2704/5077 2556/2717/5077 2543/2705/5077
f 2556/2717/5078 2557/2718/5078 2543/2705/5078
f 2543/2705/5079 2557/2718/5079 2544/2706/5079
f 2557/2718/5080 2558/2719/5080 2544/2706/5080
f 2544/2706/5081 2558/2719/5081 2545/2707/5081
f 2558/2719/5082 2559/2720/5082 2545/2707/5082
f 2545/2707/5083 2559/2720/5083 2546/2708/5083
f 2559/2720/5084 2560/2721/5084 2546/2708/5084
f 2546/2708/5085 2560/2721/5085 2547/2709/5085
f 2560/2721/5086 2561/2722/5086 2547/2709/5086
f 2547/2709/5087 2561/2722/5087 2548/2710/5087
f 2561/2722/5088 2562/2723/5088 2548/2710/5088
f 2548/2710/5089 2562/2723/5089 44/1950/5089
f 2562/2723/5090 43/1951/5090 44/1950/5090
f 27/3/5091 28/2/5091 2549/2632/5091
f 28/2/5092 29/2724/5092 2549/2632/5092
f 2549/2632/5093 29/2724/5093 2550/2711/5093
f 29/2724/5094 30/2725/5094 2550/2711/5094
f 2550/2711/5095 30/2725/5095 2551/2712/5095
f 30/2725/5096 31/2726/5096 2551/2712/5096
f 2551/2712/5097 31/2726/5097 2552/2713/5097
f 31/2726/5098 32/2727/5098 2552/2713/5098
f 2552/2713/5099 32/2727/5099 2553/2714/5099
f 32/2727/5100 33/2728/5100 2553/2714/5100
f 2553/2714/5101 33/2728/5101 2554/2715/5101
f 33/2728/5102 34/2729/5102 2554/2715/5102
f 2554/2715/5103 34/2729/5103 2555/2716/5103
f 34/2729/5104 35/2730/5104 2555/2716/5104
f 2555/2716/5105 35/2730/5105 2556/2717/5105
f 35/2730/5106 36/2731/5106 2556/2717/5106
f 2556/2717/5107 36/2731/5107 2557/2718/5107
f 36/2731/5108 37/2732/5108 2557/2718/5108
f 2557/2718/5109 37/2732/5109 2558/2719/5109
f 37/2732/5110 38/2733/5110 2558/2719/5110
f 2558/2719/5111 38/2733/5111 2559/2720/5111
f 38/2733/5112 39/2734/5112 2559/2720/5112
f 2559/2720/5113 39/2734/5113 2560/2721/5113
f 39/2734/5114 40/2735/5114 2560/2721/5114
f 2560/2721/5115 40/2735/5115 2561/2722/5115
f 40/2735/5116 41/2736/5116 2561/2722/5116
f 2561/2722/5117 41/2736/5117 2562/2723/5117
f 41/2736/5118 42/2737/5118 2562/2723/5118
f 2562/2723/5119 42/2737/5119 43/1951/5119
f 42/2737/5120 2/4/5120 43/1951/5120
f 2563/2738/5121 2564/2739/5121 2566/2740/5121 2565/2741/5121
f 2565/2741/5122 2566/2740/5122 2570/2742/5122 2569/2743/5122
f 2569/2743/5123 2570/2742/5123 2568/2744/5123 2567/2745/5123
f 2567/2745/5124 2568/2744/5124 2564/2746/5124 2563/2747/5124
f 2565/2748/5125 2569/2743/5125 2567/2745/5125 2563/2749/5125
f 2570/2742/5126 2566/2750/5126 2564/2751/5126 2568/2744/5126
f 2571/1/1 2598/2/1 2597/3/1
f 2572/4/2 2612/5/2 2642/6/2
f 2571/7/3 2597/8/3 2672/9/3
f 2571/10/4 2672/11/4 2702/12/4
f 2571/13/5 2702/14/5 2643/15/5
f 2572/4/6 2642/6/6 2747/16/6
f 2573/17/7 2627/18/7 2777/19/7
f 2574/20/8 2687/21/8 2807/22/8
f 2575/23/9 2717/24/9 2837/25/9
f 2576/26/10 2732/27/10 2867/28/10
f 2572/4/11 2747/16/11 2778/29/11
f 2573/17/12 2777/19/12 2808/30/12
f 2574/20/13 2807/22/13 2838/31/13
f 2575/23/14 2837/25/14 2868/32/14
f 2576/26/15 2867/28/15 2748/33/15
f 2577/34/16 2897/35/16 2972/36/16
f 2578/37/17 2912/38/17 3002/39/17
f 2579/40/18 2927/41/18 3017/42/18
f 2580/43/19 2942/44/19 3032/45/19
f 2581/46/20 2957/47/20 2973/48/20
f 2987/49/21 3018/50/21 2582/51/21
f 2986/52/22 3033/53/22 2987/49/22
f 2985/54/23 3034/55/23 2986/52/23
f 2984/56/24 3036/57/24 2985/54/24
f 2983/58/25 3039/59/25 2984/56/25
f 2982/60/26 3043/61/26 2983/58/26
f 2981/62/27 3048/63/27 2982/60/27
f 2980/64/28 3054/65/28 2981/62/28
f 2979/66/29 3061/67/29 2980/64/29
f 2978/68/30 3069/69/30 2979/66/30
f 2977/70/31 3078/71/31 2978/68/31
f 2976/72/5127 3088/73/5127 2977/70/5127
f 2975/74/33 3099/75/33 2976/72/33
f 2974/76/34 3111/77/34 2975/74/34
f 2973/48/35 3124/78/35 2974/76/35
f 2987/49/36 3033/53/36 3018/50/36
f 3033/53/37 3019/79/37 3018/50/37
f 2986/52/38 3034/55/38 3033/53/38
f 3034/55/39 3035/80/39 3033/53/39
f 3033/53/40 3035/80/40 3019/79/40
f 3035/80/5128 3020/81/5128 3019/79/5128
f 2985/54/42 3036/57/42 3034/55/42
f 3036/57/43 3037/82/43 3034/55/43
f 3034/55/44 3037/82/44 3035/80/44
f 3037/82/45 3038/83/45 3035/80/45
f 3035/80/46 3038/83/46 3020/81/46
f 3038/83/47 3021/84/47 3020/81/47
f 2984/56/48 3039/59/48 3036/57/48
f 3039/59/49 3040/85/49 3036/57/49
f 3036/57/50 3040/85/50 3037/82/50
f 3040/85/51 3041/86/51 3037/82/51
f 3037/82/52 3041/86/52 3038/83/52
f 3041/86/5129 3042/87/5129 3038/83/5129
f 3038/83/54 3042/87/54 3021/84/54
f 3042/87/55 3022/88/55 3021/84/55
f 2983/58/5130 3043/61/5130 3039/59/5130
f 3043/61/57 3044/89/57 3039/59/57
f 3039/59/58 3044/89/58 3040/85/58
f 3044/89/59 3045/90/59 3040/85/59
f 3040/85/60 3045/90/60 3041/86/60
f 3045/90/61 3046/91/61 3041/86/61
f 3041/86/62 3046/91/62 3042/87/62
f 3046/91/63 3047/92/63 3042/87/63
f 3042/87/64 3047/92/64 3022/88/64
f 3047/92/65 3023/93/65 3022/88/65
f 2982/60/66 3048/63/66 3043/61/66
f 3048/63/67 3049/94/67 3043/61/67
f 3043/61/68 3049/94/68 3044/89/68
f 3049/94/5131 3050/95/5131 3044/89/5131
f 3044/89/70 3050/95/70 3045/90/70
f 3050/95/71 3051/96/71 3045/90/71
f 3045/90/72 3051/96/72 3046/91/72
f 3051/96/73 3052/97/73 3046/91/73
f 3046/91/74 3052/97/74 3047/92/74
f 3052/97/75 3053/98/75 3047/92/75
f 3047/92/76 3053/98/76 3023/93/76
f 3053/98/77 3024/99/77 3023/93/77
f 2981/62/78 3054/65/78 3048/63/78
f 3054/65/79 3055/100/79 3048/63/79
f 3048/63/80 3055/100/80 3049/94/80
f 3055/100/81 3056/101/81 3049/94/81
f 3049/94/82 3056/101/82 3050/95/82
f 3056/101/83 3057/102/83 3050/95/83
f 3050/95/84 3057/102/84 3051/96/84
f 3057/102/85 3058/103/85 3051/96/85
f 3051/96/5132 3058/103/5132 3052/97/5132
f 3058/103/87 3059/104/87 3052/97/87
f 3052/97/88 3059/104/88 3053/98/88
f 3059/104/89 3060/105/89 3053/98/89
f 3053/98/90 3060/105/90 3024/99/90
f 3060/105/91 3025/106/91 3024/99/91
f 2980/64/92 3061/67/92 3054/65/92
f 3061/67/93 3062/107/93 3054/65/93
f 3054/65/94 3062/107/94 3055/100/94
f 3062/107/95 3063/108/95 3055/100/95
f 3055/100/96 3063/108/96 3056/101/96
f 3063/108/97 3064/109/97 3056/101/97
f 3056/101/98 3064/109/98 3057/102/98
f 3064/109/99 3065/110/99 3057/102/99
f 3057/102/100 3065/110/100 3058/103/100
f 3065/110/101 3066/111/101 3058/103/101
f 3058/103/102 3066/111/102 3059/104/102
f 3066/111/103 3067/112/103 3059/104/103
f 3059/104/104 3067/112/104 3060/105/104
f 3067/112/105 3068/113/105 3060/105/105
f 3060/105/106 3068/113/106 3025/106/106
f 3068/113/107 3026/114/107 3025/106/107
f 2979/66/108 3069/69/108 3061/67/108
f 3069/69/109 3070/115/109 3061/67/109
f 3061/67/110 3070/115/110 3062/107/110
f 3070/115/111 3071/116/111 3062/107/111
f 3062/107/112 3071/116/112 3063/108/112
f 3071/116/5133 3072/117/5133 3063/108/5133
f 3063/108/114 3072/117/114 3064/109/114
f 3072/117/115 3073/118/115 3064/109/115
f 3064/109/116 3073/118/116 3065/110/116
f 3073/118/117 3074/119/117 3065/110/117
f 3065/110/118 3074/119/118 3066/111/118
f 3074/119/119 3075/120/119 3066/111/119
f 3066/111/120 3075/120/120 3067/112/120
f 3075/120/121 3076/121/121 3067/112/121
f 3067/112/122 3076/121/122 3068/113/122
f 3076/121/123 3077/122/123 3068/113/123
f 3068/113/124 3077/122/124 3026/114/124
f 3077/122/125 3027/123/125 3026/114/125
f 2978/68/126 3078/71/126 3069/69/126
f 3078/71/127 3079/124/127 3069/69/127
f 3069/69/128 3079/124/128 3070/115/128
f 3079/124/129 3080/125/129 3070/115/129
f 3070/115/130 3080/125/130 3071/116/130
f 3080/125/131 3081/126/131 3071/116/131
f 3071/116/132 3081/126/132 3072/117/132
f 3081/126/133 3082/127/133 3072/117/133
f 3072/117/134 3082/127/134 3073/118/134
f 3082/127/135 3083/128/135 3073/118/135
f 3073/118/136 3083/128/136 3074/119/136
f 3083/128/137 3084/129/137 3074/119/137
f 3074/119/5134 3084/129/5134 3075/120/5134
f 3084/129/139 3085/130/139 3075/120/139
f 3075/120/140 3085/130/140 3076/121/140
f 3085/130/141 3086/131/141 3076/121/141
f 3076/121/142 3086/131/142 3077/122/142
f 3086/131/143 3087/132/143 3077/122/143
f 3077/122/144 3087/132/144 3027/123/144
f 3087/132/5135 3028/133/5135 3027/123/5135
f 2977/70/146 3088/73/146 3078/71/146
f 3088/73/147 3089/134/147 3078/71/147
f 3078/71/148 3089/134/148 3079/124/148
f 3089/134/149 3090/135/149 3079/124/149
f 3079/124/150 3090/135/150 3080/125/150
f 3090/135/151 3091/136/151 3080/125/151
f 3080/125/152 3091/136/152 3081/126/152
f 3091/136/153 3092/137/153 3081/126/153
f 3081/126/154 3092/137/154 3082/127/154
f 3092/137/155 3093/138/155 3082/127/155
f 3082/127/156 3093/138/156 3083/128/156
f 3093/138/157 3094/139/157 3083/128/157
f 3083/128/158 3094/139/158 3084/129/158
f 3094/139/159 3095/140/159 3084/129/159
f 3084/129/160 3095/140/160 3085/130/160
f 3095/140/161 3096/141/161 3085/130/161
f 3085/130/162 3096/141/162 3086/131/162
f 3096/141/163 3097/142/163 3086/131/163
f 3086/131/164 3097/142/164 3087/132/164
f 3097/142/165 3098/143/165 3087/132/165
f 3087/132/166 3098/143/166 3028/133/166
f 3098/143/167 3029/144/167 3028/133/167
f 2976/72/168 3099/75/168 3088/73/168
f 3099/75/169 3100/145/169 3088/73/169
f 3088/73/170 3100/145/170 3089/134/170
f 3100/145/171 3101/146/171 3089/134/171
f 3089/134/172 3101/146/172 3090/135/172
f 3101/146/173 3102/147/173 3090/135/173
f 3090/135/174 3102/147/174 3091/136/174
f 3102/147/175 3103/148/175 3091/136/175
f 3091/136/176 3103/148/176 3092/137/176
f 3103/148/5136 3104/149/5136 3092/137/5136
f 3092/137/178 3104/149/178 3093/138/178
f 3104/149/179 3105/150/179 3093/138/179
f 3093/138/180 3105/150/180 3094/139/180
f 3105/150/181 3106/151/181 3094/139/181
f 3094/139/182 3106/151/182 3095/140/182
f 3106/151/183 3107/152/183 3095/140/183
f 3095/140/184 3107/152/184 3096/141/184
f 3107/152/185 3108/153/185 3096/141/185
f 3096/141/186 3108/153/186 3097/142/186
f 3108/153/187 3109/154/187 3097/142/187
f 3097/142/188 3109/154/188 3098/143/188
f 3109/154/189 3110/155/189 3098/143/189
f 3098/143/190 3110/155/190 3029/144/190
f 3110/155/191 3030/156/191 3029/144/191
f 2975/74/192 3111/77/192 3099/75/192
f 3111/77/193 3112/157/193 3099/75/193
f 3099/75/194 3112/157/194 3100/145/194
f 3112/157/195 3113/158/195 3100/145/195
f 3100/145/196 3113/158/196 3101/146/196
f 3113/158/197 3114/159/197 3101/146/197
f 3101/146/198 3114/159/198 3102/147/198
f 3114/159/199 3115/160/199 3102/147/199
f 3102/147/200 3115/160/200 3103/148/200
f 3115/160/201 3116/161/201 3103/148/201
f 3103/148/202 3116/161/202 3104/149/202
f 3116/161/5137 3117/162/5137 3104/149/5137
f 3104/149/204 3117/162/204 3105/150/204
f 3117/162/205 3118/163/205 3105/150/205
f 3105/150/206 3118/163/206 3106/151/206
f 3118/163/207 3119/164/207 3106/151/207
f 3106/151/208 3119/164/208 3107/152/208
f 3119/164/209 3120/165/209 3107/152/209
f 3107/152/210 3120/165/210 3108/153/210
f 3120/165/211 3121/166/211 3108/153/211
f 3108/153/212 3121/166/212 3109/154/212
f 3121/166/213 3122/167/213 3109/154/213
f 3109/154/214 3122/167/214 3110/155/214
f 3122/167/215 3123/168/215 3110/155/215
f 3110/155/216 3123/168/216 3030/156/216
f 3123/168/217 3031/169/217 3030/156/217
f 2974/76/218 3124/78/218 3111/77/218
f 3124/78/219 3125/170/219 3111/77/219
f 3111/77/220 3125/170/220 3112/157/220
f 3125/170/221 3126/171/221 3112/157/221
f 3112/157/222 3126/171/222 3113/158/222
f 3126/171/223 3127/172/223 3113/158/223
f 3113/158/224 3127/172/224 3114/159/224
f 3127/172/225 3128/173/225 3114/159/225
f 3114/159/226 3128/173/226 3115/160/226
f 3128/173/227 3129/174/227 3115/160/227
f 3115/160/228 3129/174/228 3116/161/228
f 3129/174/229 3130/175/229 3116/161/229
f 3116/161/230 3130/175/230 3117/162/230
f 3130/175/231 3131/176/231 3117/162/231
f 3117/162/232 3131/176/232 3118/163/232
f 3131/176/233 3132/177/233 3118/163/233
f 3118/163/234 3132/177/234 3119/164/234
f 3132/177/235 3133/178/235 3119/164/235
f 3119/164/236 3133/178/236 3120/165/236
f 3133/178/237 3134/179/237 3120/165/237
f 3120/165/238 3134/179/238 3121/166/238
f 3134/179/239 3135/180/239 3121/166/239
f 3121/166/240 3135/180/240 3122/167/240
f 3135/180/241 3136/181/241 3122/167/241
f 3122/167/242 3136/181/242 3123/168/242
f 3136/181/243 3137/182/243 3123/168/243
f 3123/168/244 3137/182/244 3031/169/244
f 3137/182/245 3032/183/245 3031/169/245
f 2973/48/246 2957/47/246 3124/78/246
f 2957/47/247 2956/184/247 3124/78/247
f 3124/78/248 2956/184/248 3125/170/248
f 2956/184/249 2955/185/249 3125/170/249
f 3125/170/250 2955/185/250 3126/171/250
f 2955/185/251 2954/186/251 3126/171/251
f 3126/171/252 2954/186/252 3127/172/252
f 2954/186/253 2953/187/253 3127/172/253
f 3127/172/254 2953/187/254 3128/173/254
f 2953/187/255 2952/188/255 3128/173/255
f 3128/173/256 2952/188/256 3129/174/256
f 2952/188/257 2951/189/257 3129/174/257
f 3129/174/258 2951/189/258 3130/175/258
f 2951/189/259 2950/190/259 3130/175/259
f 3130/175/260 2950/190/260 3131/176/260
f 2950/190/261 2949/191/261 3131/176/261
f 3131/176/262 2949/191/262 3132/177/262
f 2949/191/5138 2948/192/5138 3132/177/5138
f 3132/177/264 2948/192/264 3133/178/264
f 2948/192/265 2947/193/265 3133/178/265
f 3133/178/266 2947/193/266 3134/179/266
f 2947/193/267 2946/194/267 3134/179/267
f 3134/179/268 2946/194/268 3135/180/268
f 2946/194/269 2945/195/269 3135/180/269
f 3135/180/270 2945/195/270 3136/181/270
f 2945/195/271 2944/196/271 3136/181/271
f 3136/181/272 2944/196/272 3137/182/272
f 2944/196/273 2943/197/273 3137/182/273
f 3137/182/274 2943/197/274 3032/183/274
f 2943/197/275 2580/43/275 3032/183/275
f 3018/198/276 3003/199/276 2582/200/276
f 3019/201/277 3138/202/277 3018/198/277
f 3020/203/278 3139/204/278 3019/201/278
f 3021/205/279 3141/206/279 3020/203/279
f 3022/207/280 3144/208/280 3021/205/280
f 3023/209/281 3148/210/281 3022/207/281
f 3024/211/282 3153/212/282 3023/209/282
f 3025/213/283 3159/214/283 3024/211/283
f 3026/215/284 3166/216/284 3025/213/284
f 3027/217/285 3174/218/285 3026/215/285
f 3028/219/5139 3183/220/5139 3027/217/5139
f 3029/221/287 3193/222/287 3028/219/287
f 3030/223/288 3204/224/288 3029/221/288
f 3031/225/289 3216/226/289 3030/223/289
f 3032/45/290 3229/227/290 3031/225/290
f 3018/198/291 3138/202/291 3003/199/291
f 3138/202/292 3004/228/292 3003/199/292
f 3019/201/293 3139/204/293 3138/202/293
f 3139/204/294 3140/229/294 3138/202/294
f 3138/202/295 3140/229/295 3004/228/295
f 3140/229/296 3005/230/296 3004/228/296
f 3020/203/297 3141/206/297 3139/204/297
f 3141/206/298 3142/231/298 3139/204/298
f 3139/204/299 3142/231/299 3140/229/299
f 3142/231/300 3143/232/300 3140/229/300
f 3140/229/301 3143/232/301 3005/230/301
f 3143/232/302 3006/233/302 3005/230/302
f 3021/205/303 3144/208/303 3141/206/303
f 3144/208/304 3145/234/304 3141/206/304
f 3141/206/305 3145/234/305 3142/231/305
f 3145/234/306 3146/235/306 3142/231/306
f 3142/231/307 3146/235/307 3143/232/307
f 3146/235/308 3147/236/308 3143/232/308
f 3143/232/309 3147/236/309 3006/233/309
f 3147/236/310 3007/237/310 3006/233/310
f 3022/207/311 3148/210/311 3144/208/311
f 3148/210/312 3149/238/312 3144/208/312
f 3144/208/313 3149/238/313 3145/234/313
f 3149/238/314 3150/239/314 3145/234/314
f 3145/234/315 3150/239/315 3146/235/315
f 3150/239/316 3151/240/316 3146/235/316
f 3146/235/317 3151/240/317 3147/236/317
f 3151/240/318 3152/241/318 3147/236/318
f 3147/236/319 3152/241/319 3007/237/319
f 3152/241/320 3008/242/320 3007/237/320
f 3023/209/321 3153/212/321 3148/210/321
f 3153/212/322 3154/243/322 3148/210/322
f 3148/210/323 3154/243/323 3149/238/323
f 3154/243/324 3155/244/324 3149/238/324
f 3149/238/325 3155/244/325 3150/239/325
f 3155/244/326 3156/245/326 3150/239/326
f 3150/239/327 3156/245/327 3151/240/327
f 3156/245/328 3157/246/328 3151/240/328
f 3151/240/329 3157/246/329 3152/241/329
f 3157/246/330 3158/247/330 3152/241/330
f 3152/241/331 3158/247/331 3008/242/331
f 3158/247/332 3009/248/332 3008/242/332
f 3024/211/333 3159/214/333 3153/212/333
f 3159/214/334 3160/249/334 3153/212/334
f 3153/212/335 3160/249/335 3154/243/335
f 3160/249/336 3161/250/336 3154/243/336
f 3154/243/337 3161/250/337 3155/244/337
f 3161/250/338 3162/251/338 3155/244/338
f 3155/244/339 3162/251/339 3156/245/339
f 3162/251/340 3163/252/340 3156/245/340
f 3156/245/341 3163/252/341 3157/246/341
f 3163/252/342 3164/253/342 3157/246/342
f 3157/246/343 3164/253/343 3158/247/343
f 3164/253/344 3165/254/344 3158/247/344
f 3158/247/345 3165/254/345 3009/248/345
f 3165/254/346 3010/255/346 3009/248/346
f 3025/213/347 3166/216/347 3159/214/347
f 3166/216/348 3167/256/348 3159/214/348
f 3159/214/349 3167/256/349 3160/249/349
f 3167/256/350 3168/257/350 3160/249/350
f 3160/249/351 3168/257/351 3161/250/351
f 3168/257/352 3169/258/352 3161/250/352
f 3161/250/353 3169/258/353 3162/251/353
f 3169/258/354 3170/259/354 3162/251/354
f 3162/251/5140 3170/259/5140 3163/252/5140
f 3170/259/356 3171/260/356 3163/252/356
f 3163/252/357 3171/260/357 3164/253/357
f 3171/260/358 3172/261/358 3164/253/358
f 3164/253/359 3172/261/359 3165/254/359
f 3172/261/360 3173/262/360 3165/254/360
f 3165/254/361 3173/262/361 3010/255/361
f 3173/262/362 3011/263/362 3010/255/362
f 3026/215/363 3174/218/363 3166/216/363
f 3174/218/364 3175/264/364 3166/216/364
f 3166/216/365 3175/264/365 3167/256/365
f 3175/264/366 3176/265/366 3167/256/366
f 3167/256/367 3176/265/367 3168/257/367
f 3176/265/368 3177/266/368 3168/257/368
f 3168/257/369 3177/266/369 3169/258/369
f 3177/266/370 3178/267/370 3169/258/370
f 3169/258/371 3178/267/371 3170/259/371
f 3178/267/5141 3179/268/5141 3170/259/5141
f 3170/259/373 3179/268/373 3171/260/373
f 3179/268/374 3180/269/374 3171/260/374
f 3171/260/375 3180/269/375 3172/261/375
f 3180/269/376 3181/270/376 3172/261/376
f 3172/261/377 3181/270/377 3173/262/377
f 3181/270/378 3182/271/378 3173/262/378
f 3173/262/379 3182/271/379 3011/263/379
f 3182/271/5142 3012/272/5142 3011/263/5142
f 3027/217/381 3183/220/381 3174/218/381
f 3183/220/382 3184/273/382 3174/218/382
f 3174/218/383 3184/273/383 3175/264/383
f 3184/273/384 3185/274/384 3175/264/384
f 3175/264/385 3185/274/385 3176/265/385
f 3185/274/386 3186/275/386 3176/265/386
f 3176/265/387 3186/275/387 3177/266/387
f 3186/275/388 3187/276/388 3177/266/388
f 3177/266/389 3187/276/389 3178/267/389
f 3187/276/390 3188/277/390 3178/267/390
f 3178/267/391 3188/277/391 3179/268/391
f 3188/277/392 3189/278/392 3179/268/392
f 3179/268/393 3189/278/393 3180/269/393
f 3189/278/394 3190/279/394 3180/269/394
f 3180/269/395 3190/279/395 3181/270/395
f 3190/279/396 3191/280/396 3181/270/396
f 3181/270/397 3191/280/397 3182/271/397
f 3191/280/398 3192/281/398 3182/271/398
f 3182/271/399 3192/281/399 3012/272/399
f 3192/281/400 3013/282/400 3012/272/400
f 3028/219/401 3193/222/401 3183/220/401
f 3193/222/402 3194/283/402 3183/220/402
f 3183/220/403 3194/283/403 3184/273/403
f 3194/283/404 3195/284/404 3184/273/404
f 3184/273/5143 3195/284/5143 3185/274/5143
f 3195/284/406 3196/285/406 3185/274/406
f 3185/274/407 3196/285/407 3186/275/407
f 3196/285/408 3197/286/408 3186/275/408
f 3186/275/409 3197/286/409 3187/276/409
f 3197/286/410 3198/287/410 3187/276/410
f 3187/276/411 3198/287/411 3188/277/411
f 3198/287/412 3199/288/412 3188/277/412
f 3188/277/413 3199/288/413 3189/278/413
f 3199/288/414 3200/289/414 3189/278/414
f 3189/278/415 3200/289/415 3190/279/415
f 3200/289/416 3201/290/416 3190/279/416
f 3190/279/417 3201/290/417 3191/280/417
f 3201/290/418 3202/291/418 3191/280/418
f 3191/280/419 3202/291/419 3192/281/419
f 3202/291/420 3203/292/420 3192/281/420
f 3192/281/421 3203/292/421 3013/282/421
f 3203/292/5144 3014/293/5144 3013/282/5144
f 3029/221/423 3204/224/423 3193/222/423
f 3204/224/5145 3205/294/5145 3193/222/5145
f 3193/222/425 3205/294/425 3194/283/425
f 3205/294/426 3206/295/426 3194/283/426
f 3194/283/427 3206/295/427 3195/284/427
f 3206/295/428 3207/296/428 3195/284/428
f 3195/284/429 3207/296/429 3196/285/429
f 3207/296/430 3208/297/430 3196/285/430
f 3196/285/431 3208/297/431 3197/286/431
f 3208/297/432 3209/298/432 3197/286/432
f 3197/286/433 3209/298/433 3198/287/433
f 3209/298/434 3210/299/434 3198/287/434
f 3198/287/435 3210/299/435 3199/288/435
f 3210/299/436 3211/300/436 3199/288/436
f 3199/288/437 3211/300/437 3200/289/437
f 3211/300/438 3212/301/438 3200/289/438
f 3200/289/439 3212/301/439 3201/290/439
f 3212/301/440 3213/302/440 3201/290/440
f 3201/290/441 3213/302/441 3202/291/441
f 3213/302/442 3214/303/442 3202/291/442
f 3202/291/443 3214/303/443 3203/292/443
f 3214/303/444 3215/304/444 3203/292/444
f 3203/292/445 3215/304/445 3014/293/445
f 3215/304/446 3015/305/446 3014/293/446
f 3030/223/447 3216/226/447 3204/224/447
f 3216/226/448 3217/306/448 3204/224/448
f 3204/224/449 3217/306/449 3205/294/449
f 3217/306/450 3218/307/450 3205/294/450
f 3205/294/451 3218/307/451 3206/295/451
f 3218/307/452 3219/308/452 3206/295/452
f 3206/295/453 3219/308/453 3207/296/453
f 3219/308/454 3220/309/454 3207/296/454
f 3207/296/455 3220/309/455 3208/297/455
f 3220/309/456 3221/310/456 3208/297/456
f 3208/297/457 3221/310/457 3209/298/457
f 3221/310/5146 3222/311/5146 3209/298/5146
f 3209/298/459 3222/311/459 3210/299/459
f 3222/311/460 3223/312/460 3210/299/460
f 3210/299/461 3223/312/461 3211/300/461
f 3223/312/462 3224/313/462 3211/300/462
f 3211/300/463 3224/313/463 3212/301/463
f 3224/313/464 3225/314/464 3212/301/464
f 3212/301/465 3225/314/465 3213/302/465
f 3225/314/466 3226/315/466 3213/302/466
f 3213/302/467 3226/315/467 3214/303/467
f 3226/315/468 3227/316/468 3214/303/468
f 3214/303/469 3227/316/469 3215/304/469
f 3227/316/470 3228/317/470 3215/304/470
f 3215/304/471 3228/317/471 3015/305/471
f 3228/317/472 3016/318/472 3015/305/472
f 3031/225/473 3229/227/473 3216/226/473
f 3229/227/474 3230/319/474 3216/226/474
f 3216/226/475 3230/319/475 3217/306/475
f 3230/319/476 3231/320/476 3217/306/476
f 3217/306/477 3231/320/477 3218/307/477
f 3231/320/478 3232/321/478 3218/307/478
f 3218/307/479 3232/321/479 3219/308/479
f 3232/321/480 3233/322/480 3219/308/480
f 3219/308/481 3233/322/481 3220/309/481
f 3233/322/482 3234/323/482 3220/309/482
f 3220/309/483 3234/323/483 3221/310/483
f 3234/323/484 3235/324/484 3221/310/484
f 3221/310/485 3235/324/485 3222/311/485
f 3235/324/486 3236/325/486 3222/311/486
f 3222/311/487 3236/325/487 3223/312/487
f 3236/325/488 3237/326/488 3223/312/488
f 3223/312/489 3237/326/489 3224/313/489
f 3237/326/490 3238/327/490 3224/313/490
f 3224/313/491 3238/327/491 3225/314/491
f 3238/327/492 3239/328/492 3225/314/492
f 3225/314/493 3239/328/493 3226/315/493
f 3239/328/494 3240/329/494 3226/315/494
f 3226/315/495 3240/329/495 3227/316/495
f 3240/329/496 3241/330/496 3227/316/496
f 3227/316/497 3241/330/497 3228/317/497
f 3241/330/498 3242/331/498 3228/317/498
f 3228/317/499 3242/331/499 3016/318/499
f 3242/331/500 3017/332/500 3016/318/500
f 3032/45/501 2942/44/501 3229/227/501
f 2942/44/502 2941/333/502 3229/227/502
f 3229/227/503 2941/333/503 3230/319/503
f 2941/333/504 2940/334/504 3230/319/504
f 3230/319/505 2940/334/505 3231/320/505
f 2940/334/506 2939/335/506 3231/320/506
f 3231/320/507 2939/335/507 3232/321/507
f 2939/335/508 2938/336/508 3232/321/508
f 3232/321/509 2938/336/509 3233/322/509
f 2938/336/510 2937/337/510 3233/322/510
f 3233/322/511 2937/337/511 3234/323/511
f 2937/337/512 2936/338/512 3234/323/512
f 3234/323/513 2936/338/513 3235/324/513
f 2936/338/514 2935/339/514 3235/324/514
f 3235/324/515 2935/339/515 3236/325/515
f 2935/339/516 2934/340/516 3236/325/516
f 3236/325/517 2934/340/517 3237/326/517
f 2934/340/518 2933/341/518 3237/326/518
f 3237/326/519 2933/341/519 3238/327/519
f 2933/341/520 2932/342/520 3238/327/520
f 3238/327/5147 2932/342/5147 3239/328/5147
f 2932/342/522 2931/343/522 3239/328/522
f 3239/328/523 2931/343/523 3240/329/523
f 2931/343/5148 2930/344/5148 3240/329/5148
f 3240/329/525 2930/344/525 3241/330/525
f 2930/344/5149 2929/345/5149 3241/330/5149
f 3241/330/527 2929/345/527 3242/331/527
f 2929/345/528 2928/346/528 3242/331/528
f 3242/331/529 2928/346/529 3017/332/529
f 2928/346/530 2579/40/530 3017/332/530
f 3003/347/531 2988/348/531 2582/349/531
f 3004/350/532 3243/351/532 3003/347/532
f 3005/352/533 3244/353/533 3004/350/533
f 3006/354/534 3246/355/534 3005/352/534
f 3007/356/535 3249/357/535 3006/354/535
f 3008/358/536 3253/359/536 3007/356/536
f 3009/360/537 3258/361/537 3008/358/537
f 3010/362/538 3264/363/538 3009/360/538
f 3011/364/539 3271/365/539 3010/362/539
f 3012/366/540 3279/367/540 3011/364/540
f 3013/368/541 3288/369/541 3012/366/541
f 3014/370/542 3298/371/542 3013/368/542
f 3015/372/543 3309/373/543 3014/370/543
f 3016/374/544 3321/375/544 3015/372/544
f 3017/42/545 3334/376/545 3016/374/545
f 3003/347/546 3243/351/546 2988/348/546
f 3243/351/547 2989/377/547 2988/348/547
f 3004/350/548 3244/353/548 3243/351/548
f 3244/353/549 3245/378/549 3243/351/549
f 3243/351/550 3245/378/550 2989/377/550
f 3245/378/551 2990/379/551 2989/377/551
f 3005/352/552 3246/355/552 3244/353/552
f 3246/355/553 3247/380/553 3244/353/553
f 3244/353/554 3247/380/554 3245/378/554
f 3247/380/555 3248/381/555 3245/378/555
f 3245/378/556 3248/381/556 2990/379/556
f 3248/381/557 2991/382/557 2990/379/557
f 3006/354/558 3249/357/558 3246/355/558
f 3249/357/559 3250/383/559 3246/355/559
f 3246/355/560 3250/383/560 3247/380/560
f 3250/383/561 3251/384/561 3247/380/561
f 3247/380/562 3251/384/562 3248/381/562
f 3251/384/563 3252/385/563 3248/381/563
f 3248/381/564 3252/385/564 2991/382/564
f 3252/385/565 2992/386/565 2991/382/565
f 3007/356/566 3253/359/566 3249/357/566
f 3253/359/5150 3254/387/5150 3249/357/5150
f 3249/357/568 3254/387/568 3250/383/568
f 3254/387/569 3255/388/569 3250/383/569
f 3250/383/570 3255/388/570 3251/384/570
f 3255/388/571 3256/389/571 3251/384/571
f 3251/384/572 3256/389/572 3252/385/572
f 3256/389/5151 3257/390/5151 3252/385/5151
f 3252/385/574 3257/390/574 2992/386/574
f 3257/390/575 2993/391/575 2992/386/575
f 3008/358/576 3258/361/576 3253/359/576
f 3258/361/577 3259/392/577 3253/359/577
f 3253/359/578 3259/392/578 3254/387/578
f 3259/392/579 3260/393/579 3254/387/579
f 3254/387/580 3260/393/580 3255/388/580
f 3260/393/581 3261/394/581 3255/388/581
f 3255/388/582 3261/394/582 3256/389/582
f 3261/394/583 3262/395/583 3256/389/583
f 3256/389/584 3262/395/584 3257/390/584
f 3262/395/585 3263/396/585 3257/390/585
f 3257/390/586 3263/396/586 2993/391/586
f 3263/396/587 2994/397/587 2993/391/587
f 3009/360/588 3264/363/588 3258/361/588
f 3264/363/589 3265/398/589 3258/361/589
f 3258/361/590 3265/398/590 3259/392/590
f 3265/398/591 3266/399/591 3259/392/591
f 3259/392/592 3266/399/592 3260/393/592
f 3266/399/593 3267/400/593 3260/393/593
f 3260/393/594 3267/400/594 3261/394/594
f 3267/400/595 3268/401/595 3261/394/595
f 3261/394/596 3268/401/596 3262/395/596
f 3268/401/597 3269/402/597 3262/395/597
f 3262/395/598 3269/402/598 3263/396/598
f 3269/402/599 3270/403/599 3263/396/599
f 3263/396/600 3270/403/600 2994/397/600
f 3270/403/601 2995/404/601 2994/397/601
f 3010/362/5152 3271/365/5152 3264/363/5152
f 3271/365/603 3272/405/603 3264/363/603
f 3264/363/604 3272/405/604 3265/398/604
f 3272/405/605 3273/406/605 3265/398/605
f 3265/398/606 3273/406/606 3266/399/606
f 3273/406/607 3274/407/607 3266/399/607
f 3266/399/608 3274/407/608 3267/400/608
f 3274/407/609 3275/408/609 3267/400/609
f 3267/400/610 3275/408/610 3268/401/610
f 3275/408/611 3276/409/611 3268/401/611
f 3268/401/612 3276/409/612 3269/402/612
f 3276/409/613 3277/410/613 3269/402/613
f 3269/402/614 3277/410/614 3270/403/614
f 3277/410/615 3278/411/615 3270/403/615
f 3270/403/5153 3278/411/5153 2995/404/5153
f 3278/411/617 2996/412/617 2995/404/617
f 3011/364/618 3279/367/618 3271/365/618
f 3279/367/619 3280/413/619 3271/365/619
f 3271/365/620 3280/413/620 3272/405/620
f 3280/413/621 3281/414/621 3272/405/621
f 3272/405/622 3281/414/622 3273/406/622
f 3281/414/623 3282/415/623 3273/406/623
f 3273/406/624 3282/415/624 3274/407/624
f 3282/415/625 3283/416/625 3274/407/625
f 3274/407/626 3283/416/626 3275/408/626
f 3283/416/627 3284/417/627 3275/408/627
f 3275/408/628 3284/417/628 3276/409/628
f 3284/417/629 3285/418/629 3276/409/629
f 3276/409/630 3285/418/630 3277/410/630
f 3285/418/631 3286/419/631 3277/410/631
f 3277/410/632 3286/419/632 3278/411/632
f 3286/419/633 3287/420/633 3278/411/633
f 3278/411/634 3287/420/634 2996/412/634
f 3287/420/635 2997/421/635 2996/412/635
f 3012/366/636 3288/369/636 3279/367/636
f 3288/369/637 3289/422/637 3279/367/637
f 3279/367/638 3289/422/638 3280/413/638
f 3289/422/639 3290/423/639 3280/413/639
f 3280/413/640 3290/423/640 3281/414/640
f 3290/423/641 3291/424/641 3281/414/641
f 3281/414/642 3291/424/642 3282/415/642
f 3291/424/643 3292/425/643 3282/415/643
f 3282/415/644 3292/425/644 3283/416/644
f 3292/425/645 3293/426/645 3283/416/645
f 3283/416/646 3293/426/646 3284/417/646
f 3293/426/647 3294/427/647 3284/417/647
f 3284/417/648 3294/427/648 3285/418/648
f 3294/427/649 3295/428/649 3285/418/649
f 3285/418/650 3295/428/650 3286/419/650
f 3295/428/651 3296/429/651 3286/419/651
f 3286/419/652 3296/429/652 3287/420/652
f 3296/429/653 3297/430/653 3287/420/653
f 3287/420/654 3297/430/654 2997/421/654
f 3297/430/655 2998/431/655 2997/421/655
f 3013/368/656 3298/371/656 3288/369/656
f 3298/371/657 3299/432/657 3288/369/657
f 3288/369/658 3299/432/658 3289/422/658
f 3299/432/659 3300/433/659 3289/422/659
f 3289/422/660 3300/433/660 3290/423/660
f 3300/433/661 3301/434/661 3290/423/661
f 3290/423/662 3301/434/662 3291/424/662
f 3301/434/663 3302/435/663 3291/424/663
f 3291/424/664 3302/435/664 3292/425/664
f 3302/435/665 3303/436/665 3292/425/665
f 3292/425/666 3303/436/666 3293/426/666
f 3303/436/667 3304/437/667 3293/426/667
f 3293/426/668 3304/437/668 3294/427/668
f 3304/437/669 3305/438/669 3294/427/669
f 3294/427/670 3305/438/670 3295/428/670
f 3305/438/671 3306/439/671 3295/428/671
f 3295/428/672 3306/439/672 3296/429/672
f 3306/439/673 3307/440/673 3296/429/673
f 3296/429/674 3307/440/674 3297/430/674
f 3307/440/675 3308/441/675 3297/430/675
f 3297/430/676 3308/441/676 2998/431/676
f 3308/441/677 2999/442/677 2998/431/677
f 3014/370/678 3309/373/678 3298/371/678
f 3309/373/679 3310/443/679 3298/371/679
f 3298/371/680 3310/443/680 3299/432/680
f 3310/443/681 3311/444/681 3299/432/681
f 3299/432/682 3311/444/682 3300/433/682
f 3311/444/683 3312/445/683 3300/433/683
f 3300/433/684 3312/445/684 3301/434/684
f 3312/445/685 3313/446/685 3301/434/685
f 3301/434/686 3313/446/686 3302/435/686
f 3313/446/687 3314/447/687 3302/435/687
f 3302/435/688 3314/447/688 3303/436/688
f 3314/447/689 3315/448/689 3303/436/689
f 3303/436/690 3315/448/690 3304/437/690
f 3315/448/691 3316/449/691 3304/437/691
f 3304/437/692 3316/449/692 3305/438/692
f 3316/449/693 3317/450/693 3305/438/693
f 3305/438/694 3317/450/694 3306/439/694
f 3317/450/695 3318/451/695 3306/439/695
f 3306/439/696 3318/451/696 3307/440/696
f 3318/451/697 3319/452/697 3307/440/697
f 3307/440/698 3319/452/698 3308/441/698
f 3319/452/699 3320/453/699 3308/441/699
f 3308/441/700 3320/453/700 2999/442/700
f 3320/453/701 3000/454/701 2999/442/701
f 3015/372/702 3321/375/702 3309/373/702
f 3321/375/703 3322/455/703 3309/373/703
f 3309/373/704 3322/455/704 3310/443/704
f 3322/455/705 3323/456/705 3310/443/705
f 3310/443/706 3323/456/706 3311/444/706
f 3323/456/707 3324/457/707 3311/444/707
f 3311/444/708 3324/457/708 3312/445/708
f 3324/457/709 3325/458/709 3312/445/709
f 3312/445/710 3325/458/710 3313/446/710
f 3325/458/711 3326/459/711 3313/446/711
f 3313/446/712 3326/459/712 3314/447/712
f 3326/459/713 3327/460/713 3314/447/713
f 3314/447/714 3327/460/714 3315/448/714
f 3327/460/5154 3328/461/5154 3315/448/5154
f 3315/448/716 3328/461/716 3316/449/716
f 3328/461/717 3329/462/717 3316/449/717
f 3316/449/718 3329/462/718 3317/450/718
f 3329/462/719 3330/463/719 3317/450/719
f 3317/450/720 3330/463/720 3318/451/720
f 3330/463/721 3331/464/721 3318/451/721
f 3318/451/722 3331/464/722 3319/452/722
f 3331/464/723 3332/465/723 3319/452/723
f 3319/452/724 3332/465/724 3320/453/724
f 3332/465/725 3333/466/725 3320/453/725
f 3320/453/726 3333/466/726 3000/454/726
f 3333/466/727 3001/467/727 3000/454/727
f 3016/374/728 3334/376/728 3321/375/728
f 3334/376/729 3335/468/729 3321/375/729
f 3321/375/730 3335/468/730 3322/455/730
f 3335/468/731 3336/469/731 3322/455/731
f 3322/455/732 3336/469/732 3323/456/732
f 3336/469/733 3337/470/733 3323/456/733
f 3323/456/734 3337/470/734 3324/457/734
f 3337/470/735 3338/471/735 3324/457/735
f 3324/457/736 3338/471/736 3325/458/736
f 3338/471/737 3339/472/737 3325/458/737
f 3325/458/738 3339/472/738 3326/459/738
f 3339/472/739 3340/473/739 3326/459/739
f 3326/459/740 3340/473/740 3327/460/740
f 3340/473/741 3341/474/741 3327/460/741
f 3327/460/742 3341/474/742 3328/461/742
f 3341/474/743 3342/475/743 3328/461/743
f 3328/461/744 3342/475/744 3329/462/744
f 3342/475/745 3343/476/745 3329/462/745
f 3329/462/746 3343/476/746 3330/463/746
f 3343/476/747 3344/477/747 3330/463/747
f 3330/463/748 3344/477/748 3331/464/748
f 3344/477/749 3345/478/749 3331/464/749
f 3331/464/750 3345/478/750 3332/465/750
f 3345/478/751 3346/479/751 3332/465/751
f 3332/465/752 3346/479/752 3333/466/752
f 3346/479/753 3347/480/753 3333/466/753
f 3333/466/754 3347/480/754 3001/467/754
f 3347/480/755 3002/481/755 3001/467/755
f 3017/42/756 2927/41/756 3334/376/756
f 2927/41/757 2926/482/757 3334/376/757
f 3334/376/758 2926/482/758 3335/468/758
f 2926/482/5155 2925/483/5155 3335/468/5155
f 3335/468/760 2925/483/760 3336/469/760
f 2925/483/761 2924/484/761 3336/469/761
f 3336/469/762 2924/484/762 3337/470/762
f 2924/484/763 2923/485/763 3337/470/763
f 3337/470/764 2923/485/764 3338/471/764
f 2923/485/765 2922/486/765 3338/471/765
f 3338/471/766 2922/486/766 3339/472/766
f 2922/486/767 2921/487/767 3339/472/767
f 3339/472/768 2921/487/768 3340/473/768
f 2921/487/769 2920/488/769 3340/473/769
f 3340/473/770 2920/488/770 3341/474/770
f 2920/488/771 2919/489/771 3341/474/771
f 3341/474/772 2919/489/772 3342/475/772
f 2919/489/773 2918/490/773 3342/475/773
f 3342/475/774 2918/490/774 3343/476/774
f 2918/490/775 2917/491/775 3343/476/775
f 3343/476/776 2917/491/776 3344/477/776
f 2917/491/777 2916/492/777 3344/477/777
f 3344/477/778 2916/492/778 3345/478/778
f 2916/492/779 2915/493/779 3345/478/779
f 3345/478/780 2915/493/780 3346/479/780
f 2915/493/781 2914/494/781 3346/479/781
f 3346/479/782 2914/494/782 3347/480/782
f 2914/494/783 2913/495/783 3347/480/783
f 3347/480/784 2913/495/784 3002/481/784
f 2913/495/785 2578/496/785 3002/481/785
f 2988/497/786 2958/498/786 2582/499/786
f 2989/500/787 3348/501/787 2988/497/787
f 2990/502/788 3349/503/788 2989/500/788
f 2991/504/789 3351/505/789 2990/502/789
f 2992/506/790 3354/507/790 2991/504/790
f 2993/508/791 3358/509/791 2992/506/791
f 2994/510/792 3363/511/792 2993/508/792
f 2995/512/793 3369/513/793 2994/510/793
f 2996/514/794 3376/515/794 2995/512/794
f 2997/516/5156 3384/517/5156 2996/514/5156
f 2998/518/796 3393/519/796 2997/516/796
f 2999/520/797 3403/521/797 2998/518/797
f 3000/522/798 3414/523/798 2999/520/798
f 3001/524/799 3426/525/799 3000/522/799
f 3002/39/800 3439/526/800 3001/524/800
f 2988/497/801 3348/501/801 2958/498/801
f 3348/501/802 2959/527/802 2958/498/802
f 2989/500/803 3349/503/803 3348/501/803
f 3349/503/804 3350/528/804 3348/501/804
f 3348/501/805 3350/528/805 2959/527/805
f 3350/528/806 2960/529/806 2959/527/806
f 2990/502/807 3351/505/807 3349/503/807
f 3351/505/808 3352/530/808 3349/503/808
f 3349/503/809 3352/530/809 3350/528/809
f 3352/530/810 3353/531/810 3350/528/810
f 3350/528/811 3353/531/811 2960/529/811
f 3353/531/812 2961/532/812 2960/529/812
f 2991/504/813 3354/507/813 3351/505/813
f 3354/507/814 3355/533/814 3351/505/814
f 3351/505/815 3355/533/815 3352/530/815
f 3355/533/816 3356/534/816 3352/530/816
f 3352/530/817 3356/534/817 3353/531/817
f 3356/534/818 3357/535/818 3353/531/818
f 3353/531/819 3357/535/819 2961/532/819
f 3357/535/820 2962/536/820 2961/532/820
f 2992/506/821 3358/509/821 3354/507/821
f 3358/509/822 3359/537/822 3354/507/822
f 3354/507/823 3359/537/823 3355/533/823
f 3359/537/824 3360/538/824 3355/533/824
f 3355/533/825 3360/538/825 3356/534/825
f 3360/538/826 3361/539/826 3356/534/826
f 3356/534/827 3361/539/827 3357/535/827
f 3361/539/828 3362/540/828 3357/535/828
f 3357/535/829 3362/540/829 2962/536/829
f 3362/540/830 2963/541/830 2962/536/830
f 2993/508/831 3363/511/831 3358/509/831
f 3363/511/832 3364/542/832 3358/509/832
f 3358/509/833 3364/542/833 3359/537/833
f 3364/542/834 3365/543/834 3359/537/834
f 3359/537/835 3365/543/835 3360/538/835
f 3365/543/836 3366/544/836 3360/538/836
f 3360/538/837 3366/544/837 3361/539/837
f 3366/544/838 3367/545/838 3361/539/838
f 3361/539/839 3367/545/839 3362/540/839
f 3367/545/5157 3368/546/5157 3362/540/5157
f 3362/540/841 3368/546/841 2963/541/841
f 3368/546/842 2964/547/842 2963/541/842
f 2994/510/843 3369/513/843 3363/511/843
f 3369/513/844 3370/548/844 3363/511/844
f 3363/511/845 3370/548/845 3364/542/845
f 3370/548/846 3371/549/846 3364/542/846
f 3364/542/847 3371/549/847 3365/543/847
f 3371/549/848 3372/550/848 3365/543/848
f 3365/543/849 3372/550/849 3366/544/849
f 3372/550/850 3373/551/850 3366/544/850
f 3366/544/851 3373/551/851 3367/545/851
f 3373/551/852 3374/552/852 3367/545/852
f 3367/545/853 3374/552/853 3368/546/853
f 3374/552/854 3375/553/854 3368/546/854
f 3368/546/855 3375/553/855 2964/547/855
f 3375/553/856 2965/554/856 2964/547/856
f 2995/512/857 3376/515/857 3369/513/857
f 3376/515/858 3377/555/858 3369/513/858
f 3369/513/859 3377/555/859 3370/548/859
f 3377/555/860 3378/556/860 3370/548/860
f 3370/548/861 3378/556/861 3371/549/861
f 3378/556/862 3379/557/862 3371/549/862
f 3371/549/863 3379/557/863 3372/550/863
f 3379/557/864 3380/558/864 3372/550/864
f 3372/550/865 3380/558/865 3373/551/865
f 3380/558/866 3381/559/866 3373/551/866
f 3373/551/867 3381/559/867 3374/552/867
f 3381/559/868 3382/560/868 3374/552/868
f 3374/552/869 3382/560/869 3375/553/869
f 3382/560/870 3383/561/870 3375/553/870
f 3375/553/871 3383/561/871 2965/554/871
f 3383/561/872 2966/562/872 2965/554/872
f 2996/514/873 3384/517/873 3376/515/873
f 3384/517/874 3385/563/874 3376/515/874
f 3376/515/875 3385/563/875 3377/555/875
f 3385/563/876 3386/564/876 3377/555/876
f 3377/555/877 3386/564/877 3378/556/877
f 3386/564/878 3387/565/878 3378/556/878
f 3378/556/879 3387/565/879 3379/557/879
f 3387/565/5158 3388/566/5158 3379/557/5158
f 3379/557/881 3388/566/881 3380/558/881
f 3388/566/882 3389/567/882 3380/558/882
f 3380/558/883 3389/567/883 3381/559/883
f 3389/567/884 3390/568/884 3381/559/884
f 3381/559/885 3390/568/885 3382/560/885
f 3390/568/886 3391/569/886 3382/560/886
f 3382/560/887 3391/569/887 3383/561/887
f 3391/569/888 3392/570/888 3383/561/888
f 3383/561/889 3392/570/889 2966/562/889
f 3392/570/890 2967/571/890 2966/562/890
f 2997/516/891 3393/519/891 3384/517/891
f 3393/519/892 3394/572/892 3384/517/892
f 3384/517/893 3394/572/893 3385/563/893
f 3394/572/894 3395/573/894 3385/563/894
f 3385/563/895 3395/573/895 3386/564/895
f 3395/573/896 3396/574/896 3386/564/896
f 3386/564/897 3396/574/897 3387/565/897
f 3396/574/898 3397/575/898 3387/565/898
f 3387/565/899 3397/575/899 3388/566/899
f 3397/575/900 3398/576/900 3388/566/900
f 3388/566/901 3398/576/901 3389/567/901
f 3398/576/902 3399/577/902 3389/567/902
f 3389/567/903 3399/577/903 3390/568/903
f 3399/577/904 3400/578/904 3390/568/904
f 3390/568/905 3400/578/905 3391/569/905
f 3400/578/906 3401/579/906 3391/569/906
f 3391/569/907 3401/579/907 3392/570/907
f 3401/579/908 3402/580/908 3392/570/908
f 3392/570/909 3402/580/909 2967/571/909
f 3402/580/5159 2968/581/5159 2967/571/5159
f 2998/518/911 3403/521/911 3393/519/911
f 3403/521/912 3404/582/912 3393/519/912
f 3393/519/913 3404/582/913 3394/572/913
f 3404/582/914 3405/583/914 3394/572/914
f 3394/572/915 3405/583/915 3395/573/915
f 3405/583/916 3406/584/916 3395/573/916
f 3395/573/917 3406/584/917 3396/574/917
f 3406/584/918 3407/585/918 3396/574/918
f 3396/574/919 3407/585/919 3397/575/919
f 3407/585/920 3408/586/920 3397/575/920
f 3397/575/921 3408/586/921 3398/576/921
f 3408/586/922 3409/587/922 3398/576/922
f 3398/576/923 3409/587/923 3399/577/923
f 3409/587/924 3410/588/924 3399/577/924
f 3399/577/925 3410/588/925 3400/578/925
f 3410/588/926 3411/589/926 3400/578/926
f 3400/578/5160 3411/589/5160 3401/579/5160
f 3411/589/928 3412/590/928 3401/579/928
f 3401/579/929 3412/590/929 3402/580/929
f 3412/590/930 3413/591/930 3402/580/930
f 3402/580/931 3413/591/931 2968/581/931
f 3413/591/932 2969/592/932 2968/581/932
f 2999/520/933 3414/523/933 3403/521/933
f 3414/523/934 3415/593/934 3403/521/934
f 3403/521/935 3415/593/935 3404/582/935
f 3415/593/936 3416/594/936 3404/582/936
f 3404/582/937 3416/594/937 3405/583/937
f 3416/594/938 3417/595/938 3405/583/938
f 3405/583/939 3417/595/939 3406/584/939
f 3417/595/940 3418/596/940 3406/584/940
f 3406/584/941 3418/596/941 3407/585/941
f 3418/596/5161 3419/597/5161 3407/585/5161
f 3407/585/943 3419/597/943 3408/586/943
f 3419/597/944 3420/598/944 3408/586/944
f 3408/586/945 3420/598/945 3409/587/945
f 3420/598/946 3421/599/946 3409/587/946
f 3409/587/947 3421/599/947 3410/588/947
f 3421/599/948 3422/600/948 3410/588/948
f 3410/588/949 3422/600/949 3411/589/949
f 3422/600/950 3423/601/950 3411/589/950
f 3411/589/951 3423/601/951 3412/590/951
f 3423/601/952 3424/602/952 3412/590/952
f 3412/590/953 3424/602/953 3413/591/953
f 3424/602/5162 3425/603/5162 3413/591/5162
f 3413/591/955 3425/603/955 2969/592/955
f 3425/603/956 2970/604/956 2969/592/956
f 3000/522/957 3426/525/957 3414/523/957
f 3426/525/958 3427/605/958 3414/523/958
f 3414/523/959 3427/605/959 3415/593/959
f 3427/605/960 3428/606/960 3415/593/960
f 3415/593/961 3428/606/961 3416/594/961
f 3428/606/962 3429/607/962 3416/594/962
f 3416/594/963 3429/607/963 3417/595/963
f 3429/607/964 3430/608/964 3417/595/964
f 3417/595/965 3430/608/965 3418/596/965
f 3430/608/966 3431/609/966 3418/596/966
f 3418/596/967 3431/609/967 3419/597/967
f 3431/609/968 3432/610/968 3419/597/968
f 3419/597/969 3432/610/969 3420/598/969
f 3432/610/5163 3433/611/5163 3420/598/5163
f 3420/598/971 3433/611/971 3421/599/971
f 3433/611/972 3434/612/972 3421/599/972
f 3421/599/973 3434/612/973 3422/600/973
f 3434/612/974 3435/613/974 3422/600/974
f 3422/600/975 3435/613/975 3423/601/975
f 3435/613/976 3436/614/976 3423/601/976
f 3423/601/977 3436/614/977 3424/602/977
f 3436/614/978 3437/615/978 3424/602/978
f 3424/602/979 3437/615/979 3425/603/979
f 3437/615/980 3438/616/980 3425/603/980
f 3425/603/981 3438/616/981 2970/604/981
f 3438/616/982 2971/617/982 2970/604/982
f 3001/524/983 3439/526/983 3426/525/983
f 3439/526/984 3440/618/984 3426/525/984
f 3426/525/985 3440/618/985 3427/605/985
f 3440/618/986 3441/619/986 3427/605/986
f 3427/605/987 3441/619/987 3428/606/987
f 3441/619/988 3442/620/988 3428/606/988
f 3428/606/989 3442/620/989 3429/607/989
f 3442/620/990 3443/621/990 3429/607/990
f 3429/607/991 3443/621/991 3430/608/991
f 3443/621/992 3444/622/992 3430/608/992
f 3430/608/993 3444/622/993 3431/609/993
f 3444/622/994 3445/623/994 3431/609/994
f 3431/609/995 3445/623/995 3432/610/995
f 3445/623/996 3446/624/996 3432/610/996
f 3432/610/997 3446/624/997 3433/611/997
f 3446/624/998 3447/625/998 3433/611/998
f 3433/611/999 3447/625/999 3434/612/999
f 3447/625/1000 3448/626/1000 3434/612/1000
f 3434/612/1001 3448/626/1001 3435/613/1001
f 3448/626/1002 3449/627/1002 3435/613/1002
f 3435/613/1003 3449/627/1003 3436/614/1003
f 3449/627/1004 3450/628/1004 3436/614/1004
f 3436/614/1005 3450/628/1005 3437/615/1005
f 3450/628/1006 3451/629/1006 3437/615/1006
f 3437/615/1007 3451/629/1007 3438/616/1007
f 3451/629/1008 3452/630/1008 3438/616/1008
f 3438/616/1009 3452/630/1009 2971/617/1009
f 3452/630/1010 2972/631/1010 2971/617/1010
f 3002/39/1011 2912/38/1011 3439/526/1011
f 2912/38/1012 2911/632/1012 3439/526/1012
f 3439/526/1013 2911/632/1013 3440/618/1013
f 2911/632/5164 2910/633/5164 3440/618/5164
f 3440/618/1015 2910/633/1015 3441/619/1015
f 2910/633/1016 2909/634/1016 3441/619/1016
f 3441/619/1017 2909/634/1017 3442/620/1017
f 2909/634/1018 2908/635/1018 3442/620/1018
f 3442/620/5165 2908/635/5165 3443/621/5165
f 2908/635/1020 2907/636/1020 3443/621/1020
f 3443/621/1021 2907/636/1021 3444/622/1021
f 2907/636/1022 2906/637/1022 3444/622/1022
f 3444/622/1023 2906/637/1023 3445/623/1023
f 2906/637/1024 2905/638/1024 3445/623/1024
f 3445/623/1025 2905/638/1025 3446/624/1025
f 2905/638/1026 2904/639/1026 3446/624/1026
f 3446/624/1027 2904/639/1027 3447/625/1027
f 2904/639/1028 2903/640/1028 3447/625/1028
f 3447/625/1029 2903/640/1029 3448/626/1029
f 2903/640/1030 2902/641/1030 3448/626/1030
f 3448/626/1031 2902/641/1031 3449/627/1031
f 2902/641/1032 2901/642/1032 3449/627/1032
f 3449/627/1033 2901/642/1033 3450/628/1033
f 2901/642/1034 2900/643/1034 3450/628/1034
f 3450/628/1035 2900/643/1035 3451/629/1035
f 2900/643/1036 2899/644/1036 3451/629/1036
f 3451/629/1037 2899/644/1037 3452/630/1037
f 2899/644/1038 2898/645/1038 3452/630/1038
f 3452/630/1039 2898/645/1039 2972/631/1039
f 2898/645/1040 2577/34/1040 2972/631/1040
f 2958/646/1041 2987/647/1041 2582/648/1041
f 2959/649/1042 3453/650/1042 2958/646/1042
f 2960/651/1043 3454/652/1043 2959/649/1043
f 2961/653/1044 3456/654/1044 2960/651/1044
f 2962/655/1045 3459/656/1045 2961/653/1045
f 2963/657/1046 3463/658/1046 2962/655/1046
f 2964/659/1047 3468/660/1047 2963/657/1047
f 2965/661/1048 3474/662/1048 2964/659/1048
f 2966/663/1049 3481/664/1049 2965/661/1049
f 2967/665/1050 3489/666/1050 2966/663/1050
f 2968/667/5166 3498/668/5166 2967/665/5166
f 2969/669/1052 3508/670/1052 2968/667/1052
f 2970/671/1053 3519/672/1053 2969/669/1053
f 2971/673/1054 3531/674/1054 2970/671/1054
f 2972/36/1055 3544/675/1055 2971/673/1055
f 2958/646/1056 3453/650/1056 2987/647/1056
f 3453/650/1057 2986/676/1057 2987/647/1057
f 2959/649/1058 3454/652/1058 3453/650/1058
f 3454/652/1059 3455/677/1059 3453/650/1059
f 3453/650/1060 3455/677/1060 2986/676/1060
f 3455/677/1061 2985/678/1061 2986/676/1061
f 2960/651/1062 3456/654/1062 3454/652/1062
f 3456/654/1063 3457/679/1063 3454/652/1063
f 3454/652/1064 3457/679/1064 3455/677/1064
f 3457/679/1065 3458/680/1065 3455/677/1065
f 3455/677/1066 3458/680/1066 2985/678/1066
f 3458/680/1067 2984/681/1067 2985/678/1067
f 2961/653/1068 3459/656/1068 3456/654/1068
f 3459/656/1069 3460/682/1069 3456/654/1069
f 3456/654/1070 3460/682/1070 3457/679/1070
f 3460/682/5167 3461/683/5167 3457/679/5167
f 3457/679/1072 3461/683/1072 3458/680/1072
f 3461/683/1073 3462/684/1073 3458/680/1073
f 3458/680/1074 3462/684/1074 2984/681/1074
f 3462/684/5168 2983/685/5168 2984/681/5168
f 2962/655/1076 3463/658/1076 3459/656/1076
f 3463/658/1077 3464/686/1077 3459/656/1077
f 3459/656/1078 3464/686/1078 3460/682/1078
f 3464/686/1079 3465/687/1079 3460/682/1079
f 3460/682/1080 3465/687/1080 3461/683/1080
f 3465/687/1081 3466/688/1081 3461/683/1081
f 3461/683/1082 3466/688/1082 3462/684/1082
f 3466/688/1083 3467/689/1083 3462/684/1083
f 3462/684/5169 3467/689/5169 2983/685/5169
f 3467/689/1085 2982/690/1085 2983/685/1085
f 2963/657/1086 3468/660/1086 3463/658/1086
f 3468/660/1087 3469/691/1087 3463/658/1087
f 3463/658/1088 3469/691/1088 3464/686/1088
f 3469/691/1089 3470/692/1089 3464/686/1089
f 3464/686/1090 3470/692/1090 3465/687/1090
f 3470/692/1091 3471/693/1091 3465/687/1091
f 3465/687/1092 3471/693/1092 3466/688/1092
f 3471/693/1093 3472/694/1093 3466/688/1093
f 3466/688/1094 3472/694/1094 3467/689/1094
f 3472/694/1095 3473/695/1095 3467/689/1095
f 3467/689/1096 3473/695/1096 2982/690/1096
f 3473/695/1097 2981/696/1097 2982/690/1097
f 2964/659/1098 3474/662/1098 3468/660/1098
f 3474/662/1099 3475/697/1099 3468/660/1099
f 3468/660/1100 3475/697/1100 3469/691/1100
f 3475/697/1101 3476/698/1101 3469/691/1101
f 3469/691/1102 3476/698/1102 3470/692/1102
f 3476/698/1103 3477/699/1103 3470/692/1103
f 3470/692/1104 3477/699/1104 3471/693/1104
f 3477/699/1105 3478/700/1105 3471/693/1105
f 3471/693/1106 3478/700/1106 3472/694/1106
f 3478/700/1107 3479/701/1107 3472/694/1107
f 3472/694/1108 3479/701/1108 3473/695/1108
f 3479/701/1109 3480/702/1109 3473/695/1109
f 3473/695/1110 3480/702/1110 2981/696/1110
f 3480/702/1111 2980/703/1111 2981/696/1111
f 2965/661/1112 3481/664/1112 3474/662/1112
f 3481/664/1113 3482/704/1113 3474/662/1113
f 3474/662/1114 3482/704/1114 3475/697/1114
f 3482/704/1115 3483/705/1115 3475/697/1115
f 3475/697/1116 3483/705/1116 3476/698/1116
f 3483/705/1117 3484/706/1117 3476/698/1117
f 3476/698/1118 3484/706/1118 3477/699/1118
f 3484/706/1119 3485/707/1119 3477/699/1119
f 3477/699/1120 3485/707/1120 3478/700/1120
f 3485/707/1121 3486/708/1121 3478/700/1121
f 3478/700/1122 3486/708/1122 3479/701/1122
f 3486/708/1123 3487/709/1123 3479/701/1123
f 3479/701/1124 3487/709/1124 3480/702/1124
f 3487/709/1125 3488/710/1125 3480/702/1125
f 3480/702/1126 3488/710/1126 2980/703/1126
f 3488/710/1127 2979/711/1127 2980/703/1127
f 2966/663/1128 3489/666/1128 3481/664/1128
f 3489/666/1129 3490/712/1129 3481/664/1129
f 3481/664/1130 3490/712/1130 3482/704/1130
f 3490/712/1131 3491/713/1131 3482/704/1131
f 3482/704/1132 3491/713/1132 3483/705/1132
f 3491/713/1133 3492/714/1133 3483/705/1133
f 3483/705/1134 3492/714/1134 3484/706/1134
f 3492/714/1135 3493/715/1135 3484/706/1135
f 3484/706/1136 3493/715/1136 3485/707/1136
f 3493/715/1137 3494/716/1137 3485/707/1137
f 3485/707/1138 3494/716/1138 3486/708/1138
f 3494/716/1139 3495/717/1139 3486/708/1139
f 3486/708/1140 3495/717/1140 3487/709/1140
f 3495/717/1141 3496/718/1141 3487/709/1141
f 3487/709/1142 3496/718/1142 3488/710/1142
f 3496/718/1143 3497/719/1143 3488/710/1143
f 3488/710/1144 3497/719/1144 2979/711/1144
f 3497/719/1145 2978/720/1145 2979/711/1145
f 2967/665/1146 3498/668/1146 3489/666/1146
f 3498/668/1147 3499/721/1147 3489/666/1147
f 3489/666/1148 3499/721/1148 3490/712/1148
f 3499/721/1149 3500/722/1149 3490/712/1149
f 3490/712/1150 3500/722/1150 3491/713/1150
f 3500/722/1151 3501/723/1151 3491/713/1151
f 3491/713/1152 3501/723/1152 3492/714/1152
f 3501/723/1153 3502/724/1153 3492/714/1153
f 3492/714/1154 3502/724/1154 3493/715/1154
f 3502/724/1155 3503/725/1155 3493/715/1155
f 3493/715/1156 3503/725/1156 3494/716/1156
f 3503/725/1157 3504/726/1157 3494/716/1157
f 3494/716/1158 3504/726/1158 3495/717/1158
f 3504/726/1159 3505/727/1159 3495/717/1159
f 3495/717/1160 3505/727/1160 3496/718/1160
f 3505/727/5170 3506/728/5170 3496/718/5170
f 3496/718/1162 3506/728/1162 3497/719/1162
f 3506/728/1163 3507/729/1163 3497/719/1163
f 3497/719/1164 3507/729/1164 2978/720/1164
f 3507/729/1165 2977/730/1165 2978/720/1165
f 2968/667/1166 3508/670/1166 3498/668/1166
f 3508/670/1167 3509/731/1167 3498/668/1167
f 3498/668/1168 3509/731/1168 3499/721/1168
f 3509/731/1169 3510/732/1169 3499/721/1169
f 3499/721/1170 3510/732/1170 3500/722/1170
f 3510/732/1171 3511/733/1171 3500/722/1171
f 3500/722/1172 3511/733/1172 3501/723/1172
f 3511/733/1173 3512/734/1173 3501/723/1173
f 3501/723/1174 3512/734/1174 3502/724/1174
f 3512/734/1175 3513/735/1175 3502/724/1175
f 3502/724/1176 3513/735/1176 3503/725/1176
f 3513/735/1177 3514/736/1177 3503/725/1177
f 3503/725/1178 3514/736/1178 3504/726/1178
f 3514/736/1179 3515/737/1179 3504/726/1179
f 3504/726/1180 3515/737/1180 3505/727/1180
f 3515/737/1181 3516/738/1181 3505/727/1181
f 3505/727/1182 3516/738/1182 3506/728/1182
f 3516/738/1183 3517/739/1183 3506/728/1183
f 3506/728/1184 3517/739/1184 3507/729/1184
f 3517/739/1185 3518/740/1185 3507/729/1185
f 3507/729/1186 3518/740/1186 2977/730/1186
f 3518/740/5171 2976/741/5171 2977/730/5171
f 2969/669/1188 3519/672/1188 3508/670/1188
f 3519/672/1189 3520/742/1189 3508/670/1189
f 3508/670/1190 3520/742/1190 3509/731/1190
f 3520/742/1191 3521/743/1191 3509/731/1191
f 3509/731/1192 3521/743/1192 3510/732/1192
f 3521/743/1193 3522/744/1193 3510/732/1193
f 3510/732/1194 3522/744/1194 3511/733/1194
f 3522/744/1195 3523/745/1195 3511/733/1195
f 3511/733/1196 3523/745/1196 3512/734/1196
f 3523/745/1197 3524/746/1197 3512/734/1197
f 3512/734/1198 3524/746/1198 3513/735/1198
f 3524/746/1199 3525/747/1199 3513/735/1199
f 3513/735/1200 3525/747/1200 3514/736/1200
f 3525/747/1201 3526/748/1201 3514/736/1201
f 3514/736/1202 3526/748/1202 3515/737/1202
f 3526/748/1203 3527/749/1203 3515/737/1203
f 3515/737/1204 3527/749/1204 3516/738/1204
f 3527/749/1205 3528/750/1205 3516/738/1205
f 3516/738/1206 3528/750/1206 3517/739/1206
f 3528/750/1207 3529/751/1207 3517/739/1207
f 3517/739/1208 3529/751/1208 3518/740/1208
f 3529/751/1209 3530/752/1209 3518/740/1209
f 3518/740/1210 3530/752/1210 2976/741/1210
f 3530/752/1211 2975/753/1211 2976/741/1211
f 2970/671/1212 3531/674/1212 3519/672/1212
f 3531/674/1213 3532/754/1213 3519/672/1213
f 3519/672/1214 3532/754/1214 3520/742/1214
f 3532/754/1215 3533/755/1215 3520/742/1215
f 3520/742/1216 3533/755/1216 3521/743/1216
f 3533/755/1217 3534/756/1217 3521/743/1217
f 3521/743/1218 3534/756/1218 3522/744/1218
f 3534/756/1219 3535/757/1219 3522/744/1219
f 3522/744/1220 3535/757/1220 3523/745/1220
f 3535/757/5172 3536/758/5172 3523/745/5172
f 3523/745/1222 3536/758/1222 3524/746/1222
f 3536/758/1223 3537/759/1223 3524/746/1223
f 3524/746/1224 3537/759/1224 3525/747/1224
f 3537/759/5173 3538/760/5173 3525/747/5173
f 3525/747/1226 3538/760/1226 3526/748/1226
f 3538/760/1227 3539/761/1227 3526/748/1227
f 3526/748/1228 3539/761/1228 3527/749/1228
f 3539/761/1229 3540/762/1229 3527/749/1229
f 3527/749/1230 3540/762/1230 3528/750/1230
f 3540/762/1231 3541/763/1231 3528/750/1231
f 3528/750/1232 3541/763/1232 3529/751/1232
f 3541/763/1233 3542/764/1233 3529/751/1233
f 3529/751/1234 3542/764/1234 3530/752/1234
f 3542/764/1235 3543/765/1235 3530/752/1235
f 3530/752/1236 3543/765/1236 2975/753/1236
f 3543/765/1237 2974/766/1237 2975/753/1237
f 2971/673/1238 3544/675/1238 3531/674/1238
f 3544/675/1239 3545/767/1239 3531/674/1239
f 3531/674/1240 3545/767/1240 3532/754/1240
f 3545/767/1241 3546/768/1241 3532/754/1241
f 3532/754/1242 3546/768/1242 3533/755/1242
f 3546/768/1243 3547/769/1243 3533/755/1243
f 3533/755/1244 3547/769/1244 3534/756/1244
f 3547/769/1245 3548/770/1245 3534/756/1245
f 3534/756/1246 3548/770/1246 3535/757/1246
f 3548/770/1247 3549/771/1247 3535/757/1247
f 3535/757/1248 3549/771/1248 3536/758/1248
f 3549/771/1249 3550/772/1249 3536/758/1249
f 3536/758/1250 3550/772/1250 3537/759/1250
f 3550/772/1251 3551/773/1251 3537/759/1251
f 3537/759/1252 3551/773/1252 3538/760/1252
f 3551/773/1253 3552/774/1253 3538/760/1253
f 3538/760/1254 3552/774/1254 3539/761/1254
f 3552/774/1255 3553/775/1255 3539/761/1255
f 3539/761/1256 3553/775/1256 3540/762/1256
f 3553/775/1257 3554/776/1257 3540/762/1257
f 3540/762/1258 3554/776/1258 3541/763/1258
f 3554/776/1259 3555/777/1259 3541/763/1259
f 3541/763/1260 3555/777/1260 3542/764/1260
f 3555/777/1261 3556/778/1261 3542/764/1261
f 3542/764/1262 3556/778/1262 3543/765/1262
f 3556/778/1263 3557/779/1263 3543/765/1263
f 3543/765/1264 3557/779/1264 2974/766/1264
f 3557/779/1265 2973/780/1265 2974/766/1265
f 2972/36/1266 2897/35/1266 3544/675/1266
f 2897/35/1267 2896/781/1267 3544/675/1267
f 3544/675/1268 2896/781/1268 3545/767/1268
f 2896/781/1269 2895/782/1269 3545/767/1269
f 3545/767/1270 2895/782/1270 3546/768/1270
f 2895/782/1271 2894/783/1271 3546/768/1271
f 3546/768/1272 2894/783/1272 3547/769/1272
f 2894/783/1273 2893/784/1273 3547/769/1273
f 3547/769/1274 2893/784/1274 3548/770/1274
f 2893/784/1275 2892/785/1275 3548/770/1275
f 3548/770/1276 2892/785/1276 3549/771/1276
f 2892/785/1277 2891/786/1277 3549/771/1277
f 3549/771/1278 2891/786/1278 3550/772/1278
f 2891/786/1279 2890/787/1279 3550/772/1279
f 3550/772/1280 2890/787/1280 3551/773/1280
f 2890/787/1281 2889/788/1281 3551/773/1281
f 3551/773/1282 2889/788/1282 3552/774/1282
f 2889/788/1283 2888/789/1283 3552/774/1283
f 3552/774/1284 2888/789/1284 3553/775/1284
f 2888/789/1285 2887/790/1285 3553/775/1285
f 3553/775/1286 2887/790/1286 3554/776/1286
f 2887/790/1287 2886/791/1287 3554/776/1287
f 3554/776/1288 2886/791/1288 3555/777/1288
f 2886/791/1289 2885/792/1289 3555/777/1289
f 3555/777/1290 2885/792/1290 3556/778/1290
f 2885/792/1291 2884/793/1291 3556/778/1291
f 3556/778/1292 2884/793/1292 3557/779/1292
f 2884/793/1293 2883/794/1293 3557/779/1293
f 3557/779/1294 2883/794/1294 2973/780/1294
f 2883/794/1295 2581/46/1295 2973/780/1295
f 2762/795/1296 2957/47/1296 2581/46/1296
f 2761/796/1297 3558/797/1297 2762/795/1297
f 2760/798/1298 3559/799/1298 2761/796/1298
f 2759/800/1299 3561/801/1299 2760/798/1299
f 2758/802/1300 3564/803/1300 2759/800/1300
f 2757/804/1301 3568/805/1301 2758/802/1301
f 2756/806/1302 3573/807/1302 2757/804/1302
f 2755/808/1303 3579/809/1303 2756/806/1303
f 2754/810/1304 3586/811/1304 2755/808/1304
f 2753/812/1305 3594/813/1305 2754/810/1305
f 2752/814/1306 3603/815/1306 2753/812/1306
f 2751/816/1307 3613/817/1307 2752/814/1307
f 2750/818/1308 3624/819/1308 2751/816/1308
f 2749/820/1309 3636/821/1309 2750/818/1309
f 2748/33/1310 3649/822/1310 2749/820/1310
f 2762/795/1311 3558/797/1311 2957/47/1311
f 3558/797/1312 2956/184/1312 2957/47/1312
f 2761/796/1313 3559/799/1313 3558/797/1313
f 3559/799/1314 3560/823/1314 3558/797/1314
f 3558/797/1315 3560/823/1315 2956/184/1315
f 3560/823/1316 2955/185/1316 2956/184/1316
f 2760/798/1317 3561/801/1317 3559/799/1317
f 3561/801/1318 3562/824/1318 3559/799/1318
f 3559/799/1319 3562/824/1319 3560/823/1319
f 3562/824/1320 3563/825/1320 3560/823/1320
f 3560/823/1321 3563/825/1321 2955/185/1321
f 3563/825/1322 2954/186/1322 2955/185/1322
f 2759/800/1323 3564/803/1323 3561/801/1323
f 3564/803/1324 3565/826/1324 3561/801/1324
f 3561/801/1325 3565/826/1325 3562/824/1325
f 3565/826/1326 3566/827/1326 3562/824/1326
f 3562/824/1327 3566/827/1327 3563/825/1327
f 3566/827/1328 3567/828/1328 3563/825/1328
f 3563/825/1329 3567/828/1329 2954/186/1329
f 3567/828/1330 2953/187/1330 2954/186/1330
f 2758/802/1331 3568/805/1331 3564/803/1331
f 3568/805/1332 3569/829/1332 3564/803/1332
f 3564/803/1333 3569/829/1333 3565/826/1333
f 3569/829/5174 3570/830/5174 3565/826/5174
f 3565/826/1335 3570/830/1335 3566/827/1335
f 3570/830/1336 3571/831/1336 3566/827/1336
f 3566/827/1337 3571/831/1337 3567/828/1337
f 3571/831/1338 3572/832/1338 3567/828/1338
f 3567/828/1339 3572/832/1339 2953/187/1339
f 3572/832/1340 2952/188/1340 2953/187/1340
f 2757/804/1341 3573/807/1341 3568/805/1341
f 3573/807/1342 3574/833/1342 3568/805/1342
f 3568/805/1343 3574/833/1343 3569/829/1343
f 3574/833/1344 3575/834/1344 3569/829/1344
f 3569/829/1345 3575/834/1345 3570/830/1345
f 3575/834/1346 3576/835/1346 3570/830/1346
f 3570/830/1347 3576/835/1347 3571/831/1347
f 3576/835/1348 3577/836/1348 3571/831/1348
f 3571/831/1349 3577/836/1349 3572/832/1349
f 3577/836/1350 3578/837/1350 3572/832/1350
f 3572/832/1351 3578/837/1351 2952/188/1351
f 3578/837/1352 2951/189/1352 2952/188/1352
f 2756/806/1353 3579/809/1353 3573/807/1353
f 3579/809/1354 3580/838/1354 3573/807/1354
f 3573/807/1355 3580/838/1355 3574/833/1355
f 3580/838/1356 3581/839/1356 3574/833/1356
f 3574/833/1357 3581/839/1357 3575/834/1357
f 3581/839/1358 3582/840/1358 3575/834/1358
f 3575/834/1359 3582/840/1359 3576/835/1359
f 3582/840/1360 3583/841/1360 3576/835/1360
f 3576/835/1361 3583/841/1361 3577/836/1361
f 3583/841/1362 3584/842/1362 3577/836/1362
f 3577/836/1363 3584/842/1363 3578/837/1363
f 3584/842/1364 3585/843/1364 3578/837/1364
f 3578/837/1365 3585/843/1365 2951/189/1365
f 3585/843/1366 2950/190/1366 2951/189/1366
f 2755/808/1367 3586/811/1367 3579/809/1367
f 3586/811/1368 3587/844/1368 3579/809/1368
f 3579/809/1369 3587/844/1369 3580/838/1369
f 3587/844/1370 3588/845/1370 3580/838/1370
f 3580/838/1371 3588/845/1371 3581/839/1371
f 3588/845/1372 3589/846/1372 3581/839/1372
f 3581/839/1373 3589/846/1373 3582/840/1373
f 3589/846/1374 3590/847/1374 3582/840/1374
f 3582/840/1375 3590/847/1375 3583/841/1375
f 3590/847/1376 3591/848/1376 3583/841/1376
f 3583/841/1377 3591/848/1377 3584/842/1377
f 3591/848/1378 3592/849/1378 3584/842/1378
f 3584/842/1379 3592/849/1379 3585/843/1379
f 3592/849/1380 3593/850/1380 3585/843/1380
f 3585/843/5175 3593/850/5175 2950/190/5175
f 3593/850/1382 2949/191/1382 2950/190/1382
f 2754/810/1383 3594/813/1383 3586/811/1383
f 3594/813/1384 3595/851/1384 3586/811/1384
f 3586/811/1385 3595/851/1385 3587/844/1385
f 3595/851/1386 3596/852/1386 3587/844/1386
f 3587/844/1387 3596/852/1387 3588/845/1387
f 3596/852/1388 3597/853/1388 3588/845/1388
f 3588/845/1389 3597/853/1389 3589/846/1389
f 3597/853/1390 3598/854/1390 3589/846/1390
f 3589/846/1391 3598/854/1391 3590/847/1391
f 3598/854/1392 3599/855/1392 3590/847/1392
f 3590/847/1393 3599/855/1393 3591/848/1393
f 3599/855/1394 3600/856/1394 3591/848/1394
f 3591/848/1395 3600/856/1395 3592/849/1395
f 3600/856/1396 3601/857/1396 3592/849/1396
f 3592/849/1397 3601/857/1397 3593/850/1397
f 3601/857/1398 3602/858/1398 3593/850/1398
f 3593/850/1399 3602/858/1399 2949/191/1399
f 3602/858/1400 2948/192/1400 2949/191/1400
f 2753/812/1401 3603/815/1401 3594/813/1401
f 3603/815/1402 3604/859/1402 3594/813/1402
f 3594/813/1403 3604/859/1403 3595/851/1403
f 3604/859/1404 3605/860/1404 3595/851/1404
f 3595/851/1405 3605/860/1405 3596/852/1405
f 3605/860/1406 3606/861/1406 3596/852/1406
f 3596/852/1407 3606/861/1407 3597/853/1407
f 3606/861/1408 3607/862/1408 3597/853/1408
f 3597/853/1409 3607/862/1409 3598/854/1409
f 3607/862/1410 3608/863/1410 3598/854/1410
f 3598/854/5176 3608/863/5176 3599/855/5176
f 3608/863/5177 3609/864/5177 3599/855/5177
f 3599/855/1413 3609/864/1413 3600/856/1413
f 3609/864/1414 3610/865/1414 3600/856/1414
f 3600/856/1415 3610/865/1415 3601/857/1415
f 3610/865/1416 3611/866/1416 3601/857/1416
f 3601/857/1417 3611/866/1417 3602/858/1417
f 3611/866/1418 3612/867/1418 3602/858/1418
f 3602/858/1419 3612/867/1419 2948/192/1419
f 3612/867/1420 2947/193/1420 2948/192/1420
f 2752/814/1421 3613/817/1421 3603/815/1421
f 3613/817/1422 3614/868/1422 3603/815/1422
f 3603/815/1423 3614/868/1423 3604/859/1423
f 3614/868/1424 3615/869/1424 3604/859/1424
f 3604/859/1425 3615/869/1425 3605/860/1425
f 3615/869/1426 3616/870/1426 3605/860/1426
f 3605/860/1427 3616/870/1427 3606/861/1427
f 3616/870/1428 3617/871/1428 3606/861/1428
f 3606/861/1429 3617/871/1429 3607/862/1429
f 3617/871/1430 3618/872/1430 3607/862/1430
f 3607/862/1431 3618/872/1431 3608/863/1431
f 3618/872/1432 3619/873/1432 3608/863/1432
f 3608/863/1433 3619/873/1433 3609/864/1433
f 3619/873/1434 3620/874/1434 3609/864/1434
f 3609/864/1435 3620/874/1435 3610/865/1435
f 3620/874/1436 3621/875/1436 3610/865/1436
f 3610/865/1437 3621/875/1437 3611/866/1437
f 3621/875/1438 3622/876/1438 3611/866/1438
f 3611/866/1439 3622/876/1439 3612/867/1439
f 3622/876/1440 3623/877/1440 3612/867/1440
f 3612/867/1441 3623/877/1441 2947/193/1441
f 3623/877/1442 2946/194/1442 2947/193/1442
f 2751/816/1443 3624/819/1443 3613/817/1443
f 3624/819/1444 3625/878/1444 3613/817/1444
f 3613/817/1445 3625/878/1445 3614/868/1445
f 3625/878/1446 3626/879/1446 3614/868/1446
f 3614/868/1447 3626/879/1447 3615/869/1447
f 3626/879/1448 3627/880/1448 3615/869/1448
f 3615/869/1449 3627/880/1449 3616/870/1449
f 3627/880/5178 3628/881/5178 3616/870/5178
f 3616/870/1451 3628/881/1451 3617/871/1451
f 3628/881/1452 3629/882/1452 3617/871/1452
f 3617/871/1453 3629/882/1453 3618/872/1453
f 3629/882/1454 3630/883/1454 3618/872/1454
f 3618/872/1455 3630/883/1455 3619/873/1455
f 3630/883/1456 3631/884/1456 3619/873/1456
f 3619/873/1457 3631/884/1457 3620/874/1457
f 3631/884/1458 3632/885/1458 3620/874/1458
f 3620/874/1459 3632/885/1459 3621/875/1459
f 3632/885/1460 3633/886/1460 3621/875/1460
f 3621/875/1461 3633/886/1461 3622/876/1461
f 3633/886/1462 3634/887/1462 3622/876/1462
f 3622/876/1463 3634/887/1463 3623/877/1463
f 3634/887/1464 3635/888/1464 3623/877/1464
f 3623/877/5179 3635/888/5179 2946/194/5179
f 3635/888/1466 2945/195/1466 2946/194/1466
f 2750/818/1467 3636/821/1467 3624/819/1467
f 3636/821/1468 3637/889/1468 3624/819/1468
f 3624/819/1469 3637/889/1469 3625/878/1469
f 3637/889/1470 3638/890/1470 3625/878/1470
f 3625/878/1471 3638/890/1471 3626/879/1471
f 3638/890/1472 3639/891/1472 3626/879/1472
f 3626/879/1473 3639/891/1473 3627/880/1473
f 3639/891/1474 3640/892/1474 3627/880/1474
f 3627/880/1475 3640/892/1475 3628/881/1475
f 3640/892/1476 3641/893/1476 3628/881/1476
f 3628/881/1477 3641/893/1477 3629/882/1477
f 3641/893/1478 3642/894/1478 3629/882/1478
f 3629/882/1479 3642/894/1479 3630/883/1479
f 3642/894/1480 3643/895/1480 3630/883/1480
f 3630/883/1481 3643/895/1481 3631/884/1481
f 3643/895/1482 3644/896/1482 3631/884/1482
f 3631/884/1483 3644/896/1483 3632/885/1483
f 3644/896/1484 3645/897/1484 3632/885/1484
f 3632/885/1485 3645/897/1485 3633/886/1485
f 3645/897/1486 3646/898/1486 3633/886/1486
f 3633/886/5180 3646/898/5180 3634/887/5180
f 3646/898/1488 3647/899/1488 3634/887/1488
f 3634/887/1489 3647/899/1489 3635/888/1489
f 3647/899/5181 3648/900/5181 3635/888/5181
f 3635/888/1491 3648/900/1491 2945/195/1491
f 3648/900/1492 2944/196/1492 2945/195/1492
f 2749/820/1493 3649/822/1493 3636/821/1493
f 3649/822/1494 3650/901/1494 3636/821/1494
f 3636/821/1495 3650/901/1495 3637/889/1495
f 3650/901/1496 3651/902/1496 3637/889/1496
f 3637/889/5182 3651/902/5182 3638/890/5182
f 3651/902/1498 3652/903/1498 3638/890/1498
f 3638/890/1499 3652/903/1499 3639/891/1499
f 3652/903/1500 3653/904/1500 3639/891/1500
f 3639/891/1501 3653/904/1501 3640/892/1501
f 3653/904/1502 3654/905/1502 3640/892/1502
f 3640/892/1503 3654/905/1503 3641/893/1503
f 3654/905/1504 3655/906/1504 3641/893/1504
f 3641/893/1505 3655/906/1505 3642/894/1505
f 3655/906/1506 3656/907/1506 3642/894/1506
f 3642/894/1507 3656/907/1507 3643/895/1507
f 3656/907/1508 3657/908/1508 3643/895/1508
f 3643/895/1509 3657/908/1509 3644/896/1509
f 3657/908/1510 3658/909/1510 3644/896/1510
f 3644/896/1511 3658/909/1511 3645/897/1511
f 3658/909/1512 3659/910/1512 3645/897/1512
f 3645/897/1513 3659/910/1513 3646/898/1513
f 3659/910/1514 3660/911/1514 3646/898/1514
f 3646/898/1515 3660/911/1515 3647/899/1515
f 3660/911/1516 3661/912/1516 3647/899/1516
f 3647/899/1517 3661/912/1517 3648/900/1517
f 3661/912/1518 3662/913/1518 3648/900/1518
f 3648/900/1519 3662/913/1519 2944/196/1519
f 3662/913/1520 2943/197/1520 2944/196/1520
f 2748/33/1521 2867/28/1521 3649/822/1521
f 2867/28/1522 2866/914/1522 3649/822/1522
f 3649/822/1523 2866/914/1523 3650/901/1523
f 2866/914/1524 2865/915/1524 3650/901/1524
f 3650/901/1525 2865/915/1525 3651/902/1525
f 2865/915/1526 2864/916/1526 3651/902/1526
f 3651/902/1527 2864/916/1527 3652/903/1527
f 2864/916/1528 2863/917/1528 3652/903/1528
f 3652/903/1529 2863/917/1529 3653/904/1529
f 2863/917/1530 2862/918/1530 3653/904/1530
f 3653/904/1531 2862/918/1531 3654/905/1531
f 2862/918/1532 2861/919/1532 3654/905/1532
f 3654/905/1533 2861/919/1533 3655/906/1533
f 2861/919/1534 2860/920/1534 3655/906/1534
f 3655/906/1535 2860/920/1535 3656/907/1535
f 2860/920/1536 2859/921/1536 3656/907/1536
f 3656/907/1537 2859/921/1537 3657/908/1537
f 2859/921/1538 2858/922/1538 3657/908/1538
f 3657/908/1539 2858/922/1539 3658/909/1539
f 2858/922/1540 2857/923/1540 3658/909/1540
f 3658/909/1541 2857/923/1541 3659/910/1541
f 2857/923/1542 2856/924/1542 3659/910/1542
f 3659/910/1543 2856/924/1543 3660/911/1543
f 2856/924/1544 2855/925/1544 3660/911/1544
f 3660/911/1545 2855/925/1545 3661/912/1545
f 2855/925/1546 2854/926/1546 3661/912/1546
f 3661/912/1547 2854/926/1547 3662/913/1547
f 2854/926/1548 2853/927/1548 3662/913/1548
f 3662/913/1549 2853/927/1549 2943/197/1549
f 2853/927/1550 2580/43/1550 2943/197/1550
f 2882/928/1551 2942/44/1551 2580/43/1551
f 2881/929/1552 3663/930/1552 2882/928/1552
f 2880/931/1553 3664/932/1553 2881/929/1553
f 2879/933/1554 3666/934/1554 2880/931/1554
f 2878/935/1555 3669/936/1555 2879/933/1555
f 2877/937/1556 3673/938/1556 2878/935/1556
f 2876/939/1557 3678/940/1557 2877/937/1557
f 2875/941/1558 3684/942/1558 2876/939/1558
f 2874/943/1559 3691/944/1559 2875/941/1559
f 2873/945/1560 3699/946/1560 2874/943/1560
f 2872/947/1561 3708/948/1561 2873/945/1561
f 2871/949/1562 3718/950/1562 2872/947/1562
f 2870/951/1563 3729/952/1563 2871/949/1563
f 2869/953/1564 3741/954/1564 2870/951/1564
f 2868/32/1565 3754/955/1565 2869/953/1565
f 2882/928/1566 3663/930/1566 2942/44/1566
f 3663/930/1567 2941/333/1567 2942/44/1567
f 2881/929/1568 3664/932/1568 3663/930/1568
f 3664/932/1569 3665/956/1569 3663/930/1569
f 3663/930/1570 3665/956/1570 2941/333/1570
f 3665/956/1571 2940/334/1571 2941/333/1571
f 2880/931/1572 3666/934/1572 3664/932/1572
f 3666/934/1573 3667/957/1573 3664/932/1573
f 3664/932/1574 3667/957/1574 3665/956/1574
f 3667/957/1575 3668/958/1575 3665/956/1575
f 3665/956/1576 3668/958/1576 2940/334/1576
f 3668/958/1577 2939/335/1577 2940/334/1577
f 2879/933/1578 3669/936/1578 3666/934/1578
f 3669/936/1579 3670/959/1579 3666/934/1579
f 3666/934/1580 3670/959/1580 3667/957/1580
f 3670/959/1581 3671/960/1581 3667/957/1581
f 3667/957/1582 3671/960/1582 3668/958/1582
f 3671/960/1583 3672/961/1583 3668/958/1583
f 3668/958/1584 3672/961/1584 2939/335/1584
f 3672/961/1585 2938/336/1585 2939/335/1585
f 2878/935/1586 3673/938/1586 3669/936/1586
f 3673/938/1587 3674/962/1587 3669/936/1587
f 3669/936/1588 3674/962/1588 3670/959/1588
f 3674/962/1589 3675/963/1589 3670/959/1589
f 3670/959/1590 3675/963/1590 3671/960/1590
f 3675/963/1591 3676/964/1591 3671/960/1591
f 3671/960/1592 3676/964/1592 3672/961/1592
f 3676/964/1593 3677/965/1593 3672/961/1593
f 3672/961/1594 3677/965/1594 2938/336/1594
f 3677/965/1595 2937/337/1595 2938/336/1595
f 2877/937/1596 3678/940/1596 3673/938/1596
f 3678/940/1597 3679/966/1597 3673/938/1597
f 3673/938/1598 3679/966/1598 3674/962/1598
f 3679/966/1599 3680/967/1599 3674/962/1599
f 3674/962/1600 3680/967/1600 3675/963/1600
f 3680/967/1601 3681/968/1601 3675/963/1601
f 3675/963/1602 3681/968/1602 3676/964/1602
f 3681/968/1603 3682/969/1603 3676/964/1603
f 3676/964/1604 3682/969/1604 3677/965/1604
f 3682/969/1605 3683/970/1605 3677/965/1605
f 3677/965/1606 3683/970/1606 2937/337/1606
f 3683/970/1607 2936/338/1607 2937/337/1607
f 2876/939/1608 3684/942/1608 3678/940/1608
f 3684/942/1609 3685/971/1609 3678/940/1609
f 3678/940/1610 3685/971/1610 3679/966/1610
f 3685/971/1611 3686/972/1611 3679/966/1611
f 3679/966/1612 3686/972/1612 3680/967/1612
f 3686/972/1613 3687/973/1613 3680/967/1613
f 3680/967/1614 3687/973/1614 3681/968/1614
f 3687/973/1615 3688/974/1615 3681/968/1615
f 3681/968/1616 3688/974/1616 3682/969/1616
f 3688/974/1617 3689/975/1617 3682/969/1617
f 3682/969/5183 3689/975/5183 3683/970/5183
f 3689/975/1619 3690/976/1619 3683/970/1619
f 3683/970/1620 3690/976/1620 2936/338/1620
f 3690/976/1621 2935/339/1621 2936/338/1621
f 2875/941/1622 3691/944/1622 3684/942/1622
f 3691/944/1623 3692/977/1623 3684/942/1623
f 3684/942/1624 3692/977/1624 3685/971/1624
f 3692/977/1625 3693/978/1625 3685/971/1625
f 3685/971/1626 3693/978/1626 3686/972/1626
f 3693/978/1627 3694/979/1627 3686/972/1627
f 3686/972/1628 3694/979/1628 3687/973/1628
f 3694/979/1629 3695/980/1629 3687/973/1629
f 3687/973/1630 3695/980/1630 3688/974/1630
f 3695/980/1631 3696/981/1631 3688/974/1631
f 3688/974/1632 3696/981/1632 3689/975/1632
f 3696/981/1633 3697/982/1633 3689/975/1633
f 3689/975/1634 3697/982/1634 3690/976/1634
f 3697/982/1635 3698/983/1635 3690/976/1635
f 3690/976/1636 3698/983/1636 2935/339/1636
f 3698/983/5184 2934/340/5184 2935/339/5184
f 2874/943/1638 3699/946/1638 3691/944/1638
f 3699/946/1639 3700/984/1639 3691/944/1639
f 3691/944/1640 3700/984/1640 3692/977/1640
f 3700/984/1641 3701/985/1641 3692/977/1641
f 3692/977/1642 3701/985/1642 3693/978/1642
f 3701/985/1643 3702/986/1643 3693/978/1643
f 3693/978/1644 3702/986/1644 3694/979/1644
f 3702/986/1645 3703/987/1645 3694/979/1645
f 3694/979/1646 3703/987/1646 3695/980/1646
f 3703/987/1647 3704/988/1647 3695/980/1647
f 3695/980/1648 3704/988/1648 3696/981/1648
f 3704/988/1649 3705/989/1649 3696/981/1649
f 3696/981/1650 3705/989/1650 3697/982/1650
f 3705/989/1651 3706/990/1651 3697/982/1651
f 3697/982/1652 3706/990/1652 3698/983/1652
f 3706/990/1653 3707/991/1653 3698/983/1653
f 3698/983/1654 3707/991/1654 2934/340/1654
f 3707/991/1655 2933/341/1655 2934/340/1655
f 2873/945/1656 3708/948/1656 3699/946/1656
f 3708/948/1657 3709/992/1657 3699/946/1657
f 3699/946/1658 3709/992/1658 3700/984/1658
f 3709/992/1659 3710/993/1659 3700/984/1659
f 3700/984/1660 3710/993/1660 3701/985/1660
f 3710/993/1661 3711/994/1661 3701/985/1661
f 3701/985/1662 3711/994/1662 3702/986/1662
f 3711/994/1663 3712/995/1663 3702/986/1663
f 3702/986/1664 3712/995/1664 3703/987/1664
f 3712/995/1665 3713/996/1665 3703/987/1665
f 3703/987/1666 3713/996/1666 3704/988/1666
f 3713/996/1667 3714/997/1667 3704/988/1667
f 3704/988/1668 3714/997/1668 3705/989/1668
f 3714/997/1669 3715/998/1669 3705/989/1669
f 3705/989/1670 3715/998/1670 3706/990/1670
f 3715/998/1671 3716/999/1671 3706/990/1671
f 3706/990/1672 3716/999/1672 3707/991/1672
f 3716/999/1673 3717/1000/1673 3707/991/1673
f 3707/991/1674 3717/1000/1674 2933/341/1674
f 3717/1000/1675 2932/342/1675 2933/341/1675
f 2872/947/1676 3718/950/1676 3708/948/1676
f 3718/950/1677 3719/1001/1677 3708/948/1677
f 3708/948/1678 3719/1001/1678 3709/992/1678
f 3719/1001/1679 3720/1002/1679 3709/992/1679
f 3709/992/1680 3720/1002/1680 3710/993/1680
f 3720/1002/1681 3721/1003/1681 3710/993/1681
f 3710/993/1682 3721/1003/1682 3711/994/1682
f 3721/1003/1683 3722/1004/1683 3711/994/1683
f 3711/994/1684 3722/1004/1684 3712/995/1684
f 3722/1004/1685 3723/1005/1685 3712/995/1685
f 3712/995/1686 3723/1005/1686 3713/996/1686
f 3723/1005/1687 3724/1006/1687 3713/996/1687
f 3713/996/1688 3724/1006/1688 3714/997/1688
f 3724/1006/1689 3725/1007/1689 3714/997/1689
f 3714/997/1690 3725/1007/1690 3715/998/1690
f 3725/1007/1691 3726/1008/1691 3715/998/1691
f 3715/998/1692 3726/1008/1692 3716/999/1692
f 3726/1008/1693 3727/1009/1693 3716/999/1693
f 3716/999/1694 3727/1009/1694 3717/1000/1694
f 3727/1009/1695 3728/1010/1695 3717/1000/1695
f 3717/1000/1696 3728/1010/1696 2932/342/1696
f 3728/1010/1697 2931/343/1697 2932/342/1697
f 2871/949/1698 3729/952/1698 3718/950/1698
f 3729/952/1699 3730/1011/1699 3718/950/1699
f 3718/950/1700 3730/1011/1700 3719/1001/1700
f 3730/1011/1701 3731/1012/1701 3719/1001/1701
f 3719/1001/1702 3731/1012/1702 3720/1002/1702
f 3731/1012/1703 3732/1013/1703 3720/1002/1703
f 3720/1002/1704 3732/1013/1704 3721/1003/1704
f 3732/1013/1705 3733/1014/1705 3721/1003/1705
f 3721/1003/1706 3733/1014/1706 3722/1004/1706
f 3733/1014/1707 3734/1015/1707 3722/1004/1707
f 3722/1004/1708 3734/1015/1708 3723/1005/1708
f 3734/1015/1709 3735/1016/1709 3723/1005/1709
f 3723/1005/1710 3735/1016/1710 3724/1006/1710
f 3735/1016/1711 3736/1017/1711 3724/1006/1711
f 3724/1006/1712 3736/1017/1712 3725/1007/1712
f 3736/1017/1713 3737/1018/1713 3725/1007/1713
f 3725/1007/1714 3737/1018/1714 3726/1008/1714
f 3737/1018/1715 3738/1019/1715 3726/1008/1715
f 3726/1008/1716 3738/1019/1716 3727/1009/1716
f 3738/1019/1717 3739/1020/1717 3727/1009/1717
f 3727/1009/1718 3739/1020/1718 3728/1010/1718
f 3739/1020/1719 3740/1021/1719 3728/1010/1719
f 3728/1010/1720 3740/1021/1720 2931/343/1720
f 3740/1021/1721 2930/344/1721 2931/343/1721
f 2870/951/1722 3741/954/1722 3729/952/1722
f 3741/954/1723 3742/1022/1723 3729/952/1723
f 3729/952/1724 3742/1022/1724 3730/1011/1724
f 3742/1022/1725 3743/1023/1725 3730/1011/1725
f 3730/1011/1726 3743/1023/1726 3731/1012/1726
f 3743/1023/1727 3744/1024/1727 3731/1012/1727
f 3731/1012/1728 3744/1024/1728 3732/1013/1728
f 3744/1024/1729 3745/1025/1729 3732/1013/1729
f 3732/1013/1730 3745/1025/1730 3733/1014/1730
f 3745/1025/1731 3746/1026/1731 3733/1014/1731
f 3733/1014/1732 3746/1026/1732 3734/1015/1732
f 3746/1026/1733 3747/1027/1733 3734/1015/1733
f 3734/1015/1734 3747/1027/1734 3735/1016/1734
f 3747/1027/1735 3748/1028/1735 3735/1016/1735
f 3735/1016/1736 3748/1028/1736 3736/1017/1736
f 3748/1028/1737 3749/1029/1737 3736/1017/1737
f 3736/1017/1738 3749/1029/1738 3737/1018/1738
f 3749/1029/1739 3750/1030/1739 3737/1018/1739
f 3737/1018/1740 3750/1030/1740 3738/1019/1740
f 3750/1030/1741 3751/1031/1741 3738/1019/1741
f 3738/1019/1742 3751/1031/1742 3739/1020/1742
f 3751/1031/1743 3752/1032/1743 3739/1020/1743
f 3739/1020/1744 3752/1032/1744 3740/1021/1744
f 3752/1032/1745 3753/1033/1745 3740/1021/1745
f 3740/1021/1746 3753/1033/1746 2930/344/1746
f 3753/1033/1747 2929/345/1747 2930/344/1747
f 2869/953/1748 3754/955/1748 3741/954/1748
f 3754/955/1749 3755/1034/1749 3741/954/1749
f 3741/954/1750 3755/1034/1750 3742/1022/1750
f 3755/1034/1751 3756/1035/1751 3742/1022/1751
f 3742/1022/1752 3756/1035/1752 3743/1023/1752
f 3756/1035/1753 3757/1036/1753 3743/1023/1753
f 3743/1023/1754 3757/1036/1754 3744/1024/1754
f 3757/1036/1755 3758/1037/1755 3744/1024/1755
f 3744/1024/1756 3758/1037/1756 3745/1025/1756
f 3758/1037/1757 3759/1038/1757 3745/1025/1757
f 3745/1025/1758 3759/1038/1758 3746/1026/1758
f 3759/1038/1759 3760/1039/1759 3746/1026/1759
f 3746/1026/1760 3760/1039/1760 3747/1027/1760
f 3760/1039/1761 3761/1040/1761 3747/1027/1761
f 3747/1027/1762 3761/1040/1762 3748/1028/1762
f 3761/1040/1763 3762/1041/1763 3748/1028/1763
f 3748/1028/1764 3762/1041/1764 3749/1029/1764
f 3762/1041/1765 3763/1042/1765 3749/1029/1765
f 3749/1029/1766 3763/1042/1766 3750/1030/1766
f 3763/1042/5185 3764/1043/5185 3750/1030/5185
f 3750/1030/1768 3764/1043/1768 3751/1031/1768
f 3764/1043/1769 3765/1044/1769 3751/1031/1769
f 3751/1031/1770 3765/1044/1770 3752/1032/1770
f 3765/1044/1771 3766/1045/1771 3752/1032/1771
f 3752/1032/1772 3766/1045/1772 3753/1033/1772
f 3766/1045/1773 3767/1046/1773 3753/1033/1773
f 3753/1033/1774 3767/1046/1774 2929/345/1774
f 3767/1046/1775 2928/346/1775 2929/345/1775
f 2868/32/1776 2837/25/1776 3754/955/1776
f 2837/25/1777 2836/1047/1777 3754/955/1777
f 3754/955/1778 2836/1047/1778 3755/1034/1778
f 2836/1047/1779 2835/1048/1779 3755/1034/1779
f 3755/1034/1780 2835/1048/1780 3756/1035/1780
f 2835/1048/1781 2834/1049/1781 3756/1035/1781
f 3756/1035/1782 2834/1049/1782 3757/1036/1782
f 2834/1049/1783 2833/1050/1783 3757/1036/1783
f 3757/1036/1784 2833/1050/1784 3758/1037/1784
f 2833/1050/1785 2832/1051/1785 3758/1037/1785
f 3758/1037/1786 2832/1051/1786 3759/1038/1786
f 2832/1051/1787 2831/1052/1787 3759/1038/1787
f 3759/1038/1788 2831/1052/1788 3760/1039/1788
f 2831/1052/1789 2830/1053/1789 3760/1039/1789
f 3760/1039/1790 2830/1053/1790 3761/1040/1790
f 2830/1053/1791 2829/1054/1791 3761/1040/1791
f 3761/1040/1792 2829/1054/1792 3762/1041/1792
f 2829/1054/1793 2828/1055/1793 3762/1041/1793
f 3762/1041/1794 2828/1055/1794 3763/1042/1794
f 2828/1055/1795 2827/1056/1795 3763/1042/1795
f 3763/1042/1796 2827/1056/1796 3764/1043/1796
f 2827/1056/1797 2826/1057/1797 3764/1043/1797
f 3764/1043/1798 2826/1057/1798 3765/1044/1798
f 2826/1057/1799 2825/1058/1799 3765/1044/1799
f 3765/1044/1800 2825/1058/1800 3766/1045/1800
f 2825/1058/1801 2824/1059/1801 3766/1045/1801
f 3766/1045/1802 2824/1059/1802 3767/1046/1802
f 2824/1059/1803 2823/1060/1803 3767/1046/1803
f 3767/1046/1804 2823/1060/1804 2928/346/1804
f 2823/1060/1805 2579/40/1805 2928/346/1805
f 2852/1061/1806 2927/41/1806 2579/40/1806
f 2851/1062/1807 3768/1063/1807 2852/1061/1807
f 2850/1064/1808 3769/1065/1808 2851/1062/1808
f 2849/1066/1809 3771/1067/1809 2850/1064/1809
f 2848/1068/1810 3774/1069/1810 2849/1066/1810
f 2847/1070/1811 3778/1071/1811 2848/1068/1811
f 2846/1072/1812 3783/1073/1812 2847/1070/1812
f 2845/1074/1813 3789/1075/1813 2846/1072/1813
f 2844/1076/1814 3796/1077/1814 2845/1074/1814
f 2843/1078/1815 3804/1079/1815 2844/1076/1815
f 2842/1080/1816 3813/1081/1816 2843/1078/1816
f 2841/1082/1817 3823/1083/1817 2842/1080/1817
f 2840/1084/1818 3834/1085/1818 2841/1082/1818
f 2839/1086/1819 3846/1087/1819 2840/1084/1819
f 2838/31/5186 3859/1088/5186 2839/1086/5186
f 2852/1061/1821 3768/1063/1821 2927/41/1821
f 3768/1063/1822 2926/482/1822 2927/41/1822
f 2851/1062/1823 3769/1065/1823 3768/1063/1823
f 3769/1065/1824 3770/1089/1824 3768/1063/1824
f 3768/1063/1825 3770/1089/1825 2926/482/1825
f 3770/1089/1826 2925/483/1826 2926/482/1826
f 2850/1064/1827 3771/1067/1827 3769/1065/1827
f 3771/1067/1828 3772/1090/1828 3769/1065/1828
f 3769/1065/1829 3772/1090/1829 3770/1089/1829
f 3772/1090/1830 3773/1091/1830 3770/1089/1830
f 3770/1089/1831 3773/1091/1831 2925/483/1831
f 3773/1091/1832 2924/484/1832 2925/483/1832
f 2849/1066/1833 3774/1069/1833 3771/1067/1833
f 3774/1069/1834 3775/1092/1834 3771/1067/1834
f 3771/1067/1835 3775/1092/1835 3772/1090/1835
f 3775/1092/1836 3776/1093/1836 3772/1090/1836
f 3772/1090/1837 3776/1093/1837 3773/1091/1837
f 3776/1093/1838 3777/1094/1838 3773/1091/1838
f 3773/1091/1839 3777/1094/1839 2924/484/1839
f 3777/1094/1840 2923/485/1840 2924/484/1840
f 2848/1068/1841 3778/1071/1841 3774/1069/1841
f 3778/1071/1842 3779/1095/1842 3774/1069/1842
f 3774/1069/1843 3779/1095/1843 3775/1092/1843
f 3779/1095/5187 3780/1096/5187 3775/1092/5187
f 3775/1092/1845 3780/1096/1845 3776/1093/1845
f 3780/1096/1846 3781/1097/1846 3776/1093/1846
f 3776/1093/1847 3781/1097/1847 3777/1094/1847
f 3781/1097/1848 3782/1098/1848 3777/1094/1848
f 3777/1094/1849 3782/1098/1849 2923/485/1849
f 3782/1098/1850 2922/486/1850 2923/485/1850
f 2847/1070/1851 3783/1073/1851 3778/1071/1851
f 3783/1073/1852 3784/1099/1852 3778/1071/1852
f 3778/1071/1853 3784/1099/1853 3779/1095/1853
f 3784/1099/1854 3785/1100/1854 3779/1095/1854
f 3779/1095/1855 3785/1100/1855 3780/1096/1855
f 3785/1100/1856 3786/1101/1856 3780/1096/1856
f 3780/1096/1857 3786/1101/1857 3781/1097/1857
f 3786/1101/1858 3787/1102/1858 3781/1097/1858
f 3781/1097/1859 3787/1102/1859 3782/1098/1859
f 3787/1102/1860 3788/1103/1860 3782/1098/1860
f 3782/1098/1861 3788/1103/1861 2922/486/1861
f 3788/1103/1862 2921/487/1862 2922/486/1862
f 2846/1072/1863 3789/1075/1863 3783/1073/1863
f 3789/1075/1864 3790/1104/1864 3783/1073/1864
f 3783/1073/1865 3790/1104/1865 3784/1099/1865
f 3790/1104/1866 3791/1105/1866 3784/1099/1866
f 3784/1099/1867 3791/1105/1867 3785/1100/1867
f 3791/1105/1868 3792/1106/1868 3785/1100/1868
f 3785/1100/1869 3792/1106/1869 3786/1101/1869
f 3792/1106/1870 3793/1107/1870 3786/1101/1870
f 3786/1101/1871 3793/1107/1871 3787/1102/1871
f 3793/1107/1872 3794/1108/1872 3787/1102/1872
f 3787/1102/1873 3794/1108/1873 3788/1103/1873
f 3794/1108/1874 3795/1109/1874 3788/1103/1874
f 3788/1103/1875 3795/1109/1875 2921/487/1875
f 3795/1109/1876 2920/488/1876 2921/487/1876
f 2845/1074/1877 3796/1077/1877 3789/1075/1877
f 3796/1077/1878 3797/1110/1878 3789/1075/1878
f 3789/1075/1879 3797/1110/1879 3790/1104/1879
f 3797/1110/1880 3798/1111/1880 3790/1104/1880
f 3790/1104/1881 3798/1111/1881 3791/1105/1881
f 3798/1111/1882 3799/1112/1882 3791/1105/1882
f 3791/1105/1883 3799/1112/1883 3792/1106/1883
f 3799/1112/1884 3800/1113/1884 3792/1106/1884
f 3792/1106/1885 3800/1113/1885 3793/1107/1885
f 3800/1113/1886 3801/1114/1886 3793/1107/1886
f 3793/1107/1887 3801/1114/1887 3794/1108/1887
f 3801/1114/1888 3802/1115/1888 3794/1108/1888
f 3794/1108/1889 3802/1115/1889 3795/1109/1889
f 3802/1115/5188 3803/1116/5188 3795/1109/5188
f 3795/1109/1891 3803/1116/1891 2920/488/1891
f 3803/1116/1892 2919/489/1892 2920/488/1892
f 2844/1076/1893 3804/1079/1893 3796/1077/1893
f 3804/1079/1894 3805/1117/1894 3796/1077/1894
f 3796/1077/1895 3805/1117/1895 3797/1110/1895
f 3805/1117/1896 3806/1118/1896 3797/1110/1896
f 3797/1110/1897 3806/1118/1897 3798/1111/1897
f 3806/1118/1898 3807/1119/1898 3798/1111/1898
f 3798/1111/1899 3807/1119/1899 3799/1112/1899
f 3807/1119/1900 3808/1120/1900 3799/1112/1900
f 3799/1112/1901 3808/1120/1901 3800/1113/1901
f 3808/1120/1902 3809/1121/1902 3800/1113/1902
f 3800/1113/1903 3809/1121/1903 3801/1114/1903
f 3809/1121/1904 3810/1122/1904 3801/1114/1904
f 3801/1114/1905 3810/1122/1905 3802/1115/1905
f 3810/1122/1906 3811/1123/1906 3802/1115/1906
f 3802/1115/1907 3811/1123/1907 3803/1116/1907
f 3811/1123/1908 3812/1124/1908 3803/1116/1908
f 3803/1116/1909 3812/1124/1909 2919/489/1909
f 3812/1124/1910 2918/490/1910 2919/489/1910
f 2843/1078/1911 3813/1081/1911 3804/1079/1911
f 3813/1081/1912 3814/1125/1912 3804/1079/1912
f 3804/1079/1913 3814/1125/1913 3805/1117/1913
f 3814/1125/1914 3815/1126/1914 3805/1117/1914
f 3805/1117/1915 3815/1126/1915 3806/1118/1915
f 3815/1126/1916 3816/1127/1916 3806/1118/1916
f 3806/1118/1917 3816/1127/1917 3807/1119/1917
f 3816/1127/1918 3817/1128/1918 3807/1119/1918
f 3807/1119/1919 3817/1128/1919 3808/1120/1919
f 3817/1128/1920 3818/1129/1920 3808/1120/1920
f 3808/1120/1921 3818/1129/1921 3809/1121/1921
f 3818/1129/5189 3819/1130/5189 3809/1121/5189
f 3809/1121/1923 3819/1130/1923 3810/1122/1923
f 3819/1130/1924 3820/1131/1924 3810/1122/1924
f 3810/1122/1925 3820/1131/1925 3811/1123/1925
f 3820/1131/1926 3821/1132/1926 3811/1123/1926
f 3811/1123/1927 3821/1132/1927 3812/1124/1927
f 3821/1132/1928 3822/1133/1928 3812/1124/1928
f 3812/1124/1929 3822/1133/1929 2918/490/1929
f 3822/1133/1930 2917/491/1930 2918/490/1930
f 2842/1080/1931 3823/1083/1931 3813/1081/1931
f 3823/1083/1932 3824/1134/1932 3813/1081/1932
f 3813/1081/1933 3824/1134/1933 3814/1125/1933
f 3824/1134/1934 3825/1135/1934 3814/1125/1934
f 3814/1125/1935 3825/1135/1935 3815/1126/1935
f 3825/1135/1936 3826/1136/1936 3815/1126/1936
f 3815/1126/1937 3826/1136/1937 3816/1127/1937
f 3826/1136/1938 3827/1137/1938 3816/1127/1938
f 3816/1127/1939 3827/1137/1939 3817/1128/1939
f 3827/1137/1940 3828/1138/1940 3817/1128/1940
f 3817/1128/1941 3828/1138/1941 3818/1129/1941
f 3828/1138/1942 3829/1139/1942 3818/1129/1942
f 3818/1129/1943 3829/1139/1943 3819/1130/1943
f 3829/1139/1944 3830/1140/1944 3819/1130/1944
f 3819/1130/1945 3830/1140/1945 3820/1131/1945
f 3830/1140/1946 3831/1141/1946 3820/1131/1946
f 3820/1131/1947 3831/1141/1947 3821/1132/1947
f 3831/1141/1948 3832/1142/1948 3821/1132/1948
f 3821/1132/1949 3832/1142/1949 3822/1133/1949
f 3832/1142/1950 3833/1143/1950 3822/1133/1950
f 3822/1133/1951 3833/1143/1951 2917/491/1951
f 3833/1143/1952 2916/492/1952 2917/491/1952
f 2841/1082/1953 3834/1085/1953 3823/1083/1953
f 3834/1085/1954 3835/1144/1954 3823/1083/1954
f 3823/1083/1955 3835/1144/1955 3824/1134/1955
f 3835/1144/1956 3836/1145/1956 3824/1134/1956
f 3824/1134/1957 3836/1145/1957 3825/1135/1957
f 3836/1145/1958 3837/1146/1958 3825/1135/1958
f 3825/1135/1959 3837/1146/1959 3826/1136/1959
f 3837/1146/1960 3838/1147/1960 3826/1136/1960
f 3826/1136/1961 3838/1147/1961 3827/1137/1961
f 3838/1147/1962 3839/1148/1962 3827/1137/1962
f 3827/1137/1963 3839/1148/1963 3828/1138/1963
f 3839/1148/1964 3840/1149/1964 3828/1138/1964
f 3828/1138/5190 3840/1149/5190 3829/1139/5190
f 3840/1149/1966 3841/1150/1966 3829/1139/1966
f 3829/1139/1967 3841/1150/1967 3830/1140/1967
f 3841/1150/1968 3842/1151/1968 3830/1140/1968
f 3830/1140/1969 3842/1151/1969 3831/1141/1969
f 3842/1151/1970 3843/1152/1970 3831/1141/1970
f 3831/1141/1971 3843/1152/1971 3832/1142/1971
f 3843/1152/1972 3844/1153/1972 3832/1142/1972
f 3832/1142/1973 3844/1153/1973 3833/1143/1973
f 3844/1153/1974 3845/1154/1974 3833/1143/1974
f 3833/1143/1975 3845/1154/1975 2916/492/1975
f 3845/1154/1976 2915/493/1976 2916/492/1976
f 2840/1084/1977 3846/1087/1977 3834/1085/1977
f 3846/1087/1978 3847/1155/1978 3834/1085/1978
f 3834/1085/1979 3847/1155/1979 3835/1144/1979
f 3847/1155/1980 3848/1156/1980 3835/1144/1980
f 3835/1144/1981 3848/1156/1981 3836/1145/1981
f 3848/1156/1982 3849/1157/1982 3836/1145/1982
f 3836/1145/1983 3849/1157/1983 3837/1146/1983
f 3849/1157/1984 3850/1158/1984 3837/1146/1984
f 3837/1146/1985 3850/1158/1985 3838/1147/1985
f 3850/1158/1986 3851/1159/1986 3838/1147/1986
f 3838/1147/1987 3851/1159/1987 3839/1148/1987
f 3851/1159/1988 3852/1160/1988 3839/1148/1988
f 3839/1148/5191 3852/1160/5191 3840/1149/5191
f 3852/1160/1990 3853/1161/1990 3840/1149/1990
f 3840/1149/1991 3853/1161/1991 3841/1150/1991
f 3853/1161/1992 3854/1162/1992 3841/1150/1992
f 3841/1150/1993 3854/1162/1993 3842/1151/1993
f 3854/1162/1994 3855/1163/1994 3842/1151/1994
f 3842/1151/1995 3855/1163/1995 3843/1152/1995
f 3855/1163/5192 3856/1164/5192 3843/1152/5192
f 3843/1152/1997 3856/1164/1997 3844/1153/1997
f 3856/1164/1998 3857/1165/1998 3844/1153/1998
f 3844/1153/1999 3857/1165/1999 3845/1154/1999
f 3857/1165/2000 3858/1166/2000 3845/1154/2000
f 3845/1154/2001 3858/1166/2001 2915/493/2001
f 3858/1166/2002 2914/494/2002 2915/493/2002
f 2839/1086/2003 3859/1088/2003 3846/1087/2003
f 3859/1088/5193 3860/1167/5193 3846/1087/5193
f 3846/1087/2005 3860/1167/2005 3847/1155/2005
f 3860/1167/2006 3861/1168/2006 3847/1155/2006
f 3847/1155/2007 3861/1168/2007 3848/1156/2007
f 3861/1168/2008 3862/1169/2008 3848/1156/2008
f 3848/1156/2009 3862/1169/2009 3849/1157/2009
f 3862/1169/2010 3863/1170/2010 3849/1157/2010
f 3849/1157/2011 3863/1170/2011 3850/1158/2011
f 3863/1170/2012 3864/1171/2012 3850/1158/2012
f 3850/1158/5194 3864/1171/5194 3851/1159/5194
f 3864/1171/2014 3865/1172/2014 3851/1159/2014
f 3851/1159/2015 3865/1172/2015 3852/1160/2015
f 3865/1172/2016 3866/1173/2016 3852/1160/2016
f 3852/1160/2017 3866/1173/2017 3853/1161/2017
f 3866/1173/2018 3867/1174/2018 3853/1161/2018
f 3853/1161/2019 3867/1174/2019 3854/1162/2019
f 3867/1174/2020 3868/1175/2020 3854/1162/2020
f 3854/1162/5195 3868/1175/5195 3855/1163/5195
f 3868/1175/2022 3869/1176/2022 3855/1163/2022
f 3855/1163/2023 3869/1176/2023 3856/1164/2023
f 3869/1176/2024 3870/1177/2024 3856/1164/2024
f 3856/1164/2025 3870/1177/2025 3857/1165/2025
f 3870/1177/2026 3871/1178/2026 3857/1165/2026
f 3857/1165/2027 3871/1178/2027 3858/1166/2027
f 3871/1178/2028 3872/1179/2028 3858/1166/2028
f 3858/1166/2029 3872/1179/2029 2914/494/2029
f 3872/1179/2030 2913/495/2030 2914/494/2030
f 2838/31/5196 2807/22/5196 3859/1088/5196
f 2807/22/2032 2806/1180/2032 3859/1088/2032
f 3859/1088/2033 2806/1180/2033 3860/1167/2033
f 2806/1180/2034 2805/1181/2034 3860/1167/2034
f 3860/1167/2035 2805/1181/2035 3861/1168/2035
f 2805/1181/2036 2804/1182/2036 3861/1168/2036
f 3861/1168/2037 2804/1182/2037 3862/1169/2037
f 2804/1182/2038 2803/1183/2038 3862/1169/2038
f 3862/1169/2039 2803/1183/2039 3863/1170/2039
f 2803/1183/2040 2802/1184/2040 3863/1170/2040
f 3863/1170/2041 2802/1184/2041 3864/1171/2041
f 2802/1184/2042 2801/1185/2042 3864/1171/2042
f 3864/1171/2043 2801/1185/2043 3865/1172/2043
f 2801/1185/2044 2800/1186/2044 3865/1172/2044
f 3865/1172/2045 2800/1186/2045 3866/1173/2045
f 2800/1186/2046 2799/1187/2046 3866/1173/2046
f 3866/1173/2047 2799/1187/2047 3867/1174/2047
f 2799/1187/2048 2798/1188/2048 3867/1174/2048
f 3867/1174/2049 2798/1188/2049 3868/1175/2049
f 2798/1188/2050 2797/1189/2050 3868/1175/2050
f 3868/1175/2051 2797/1189/2051 3869/1176/2051
f 2797/1189/2052 2796/1190/2052 3869/1176/2052
f 3869/1176/2053 2796/1190/2053 3870/1177/2053
f 2796/1190/2054 2795/1191/2054 3870/1177/2054
f 3870/1177/2055 2795/1191/2055 3871/1178/2055
f 2795/1191/2056 2794/1192/2056 3871/1178/2056
f 3871/1178/2057 2794/1192/2057 3872/1179/2057
f 2794/1192/2058 2793/1193/2058 3872/1179/2058
f 3872/1179/2059 2793/1193/2059 2913/495/2059
f 2793/1193/2060 2578/496/2060 2913/495/2060
f 2822/1194/2061 2912/38/2061 2578/37/2061
f 2821/1195/2062 3873/1196/2062 2822/1194/2062
f 2820/1197/2063 3874/1198/2063 2821/1195/2063
f 2819/1199/2064 3876/1200/2064 2820/1197/2064
f 2818/1201/2065 3879/1202/2065 2819/1199/2065
f 2817/1203/2066 3883/1204/2066 2818/1201/2066
f 2816/1205/2067 3888/1206/2067 2817/1203/2067
f 2815/1207/2068 3894/1208/2068 2816/1205/2068
f 2814/1209/2069 3901/1210/2069 2815/1207/2069
f 2813/1211/2070 3909/1212/2070 2814/1209/2070
f 2812/1213/2071 3918/1214/2071 2813/1211/2071
f 2811/1215/2072 3928/1216/2072 2812/1213/2072
f 2810/1217/2073 3939/1218/2073 2811/1215/2073
f 2809/1219/2074 3951/1220/2074 2810/1217/2074
f 2808/30/2075 3964/1221/2075 2809/1219/2075
f 2822/1194/5197 3873/1196/5197 2912/38/5197
f 3873/1196/2077 2911/632/2077 2912/38/2077
f 2821/1195/2078 3874/1198/2078 3873/1196/2078
f 3874/1198/2079 3875/1222/2079 3873/1196/2079
f 3873/1196/2080 3875/1222/2080 2911/632/2080
f 3875/1222/2081 2910/633/2081 2911/632/2081
f 2820/1197/2082 3876/1200/2082 3874/1198/2082
f 3876/1200/2083 3877/1223/2083 3874/1198/2083
f 3874/1198/2084 3877/1223/2084 3875/1222/2084
f 3877/1223/2085 3878/1224/2085 3875/1222/2085
f 3875/1222/2086 3878/1224/2086 2910/633/2086
f 3878/1224/2087 2909/634/2087 2910/633/2087
f 2819/1199/2088 3879/1202/2088 3876/1200/2088
f 3879/1202/2089 3880/1225/2089 3876/1200/2089
f 3876/1200/2090 3880/1225/2090 3877/1223/2090
f 3880/1225/2091 3881/1226/2091 3877/1223/2091
f 3877/1223/2092 3881/1226/2092 3878/1224/2092
f 3881/1226/2093 3882/1227/2093 3878/1224/2093
f 3878/1224/2094 3882/1227/2094 2909/634/2094
f 3882/1227/2095 2908/635/2095 2909/634/2095
f 2818/1201/2096 3883/1204/2096 3879/1202/2096
f 3883/1204/2097 3884/1228/2097 3879/1202/2097
f 3879/1202/2098 3884/1228/2098 3880/1225/2098
f 3884/1228/5198 3885/1229/5198 3880/1225/5198
f 3880/1225/2100 3885/1229/2100 3881/1226/2100
f 3885/1229/2101 3886/1230/2101 3881/1226/2101
f 3881/1226/2102 3886/1230/2102 3882/1227/2102
f 3886/1230/2103 3887/1231/2103 3882/1227/2103
f 3882/1227/2104 3887/1231/2104 2908/635/2104
f 3887/1231/2105 2907/636/2105 2908/635/2105
f 2817/1203/2106 3888/1206/2106 3883/1204/2106
f 3888/1206/2107 3889/1232/2107 3883/1204/2107
f 3883/1204/2108 3889/1232/2108 3884/1228/2108
f 3889/1232/2109 3890/1233/2109 3884/1228/2109
f 3884/1228/2110 3890/1233/2110 3885/1229/2110
f 3890/1233/2111 3891/1234/2111 3885/1229/2111
f 3885/1229/2112 3891/1234/2112 3886/1230/2112
f 3891/1234/2113 3892/1235/2113 3886/1230/2113
f 3886/1230/2114 3892/1235/2114 3887/1231/2114
f 3892/1235/2115 3893/1236/2115 3887/1231/2115
f 3887/1231/2116 3893/1236/2116 2907/636/2116
f 3893/1236/2117 2906/637/2117 2907/636/2117
f 2816/1205/2118 3894/1208/2118 3888/1206/2118
f 3894/1208/2119 3895/1237/2119 3888/1206/2119
f 3888/1206/2120 3895/1237/2120 3889/1232/2120
f 3895/1237/2121 3896/1238/2121 3889/1232/2121
f 3889/1232/2122 3896/1238/2122 3890/1233/2122
f 3896/1238/2123 3897/1239/2123 3890/1233/2123
f 3890/1233/2124 3897/1239/2124 3891/1234/2124
f 3897/1239/2125 3898/1240/2125 3891/1234/2125
f 3891/1234/2126 3898/1240/2126 3892/1235/2126
f 3898/1240/2127 3899/1241/2127 3892/1235/2127
f 3892/1235/2128 3899/1241/2128 3893/1236/2128
f 3899/1241/2129 3900/1242/2129 3893/1236/2129
f 3893/1236/2130 3900/1242/2130 2906/637/2130
f 3900/1242/2131 2905/638/2131 2906/637/2131
f 2815/1207/2132 3901/1210/2132 3894/1208/2132
f 3901/1210/2133 3902/1243/2133 3894/1208/2133
f 3894/1208/2134 3902/1243/2134 3895/1237/2134
f 3902/1243/2135 3903/1244/2135 3895/1237/2135
f 3895/1237/2136 3903/1244/2136 3896/1238/2136
f 3903/1244/2137 3904/1245/2137 3896/1238/2137
f 3896/1238/2138 3904/1245/2138 3897/1239/2138
f 3904/1245/2139 3905/1246/2139 3897/1239/2139
f 3897/1239/2140 3905/1246/2140 3898/1240/2140
f 3905/1246/2141 3906/1247/2141 3898/1240/2141
f 3898/1240/2142 3906/1247/2142 3899/1241/2142
f 3906/1247/2143 3907/1248/2143 3899/1241/2143
f 3899/1241/2144 3907/1248/2144 3900/1242/2144
f 3907/1248/2145 3908/1249/2145 3900/1242/2145
f 3900/1242/2146 3908/1249/2146 2905/638/2146
f 3908/1249/5199 2904/639/5199 2905/638/5199
f 2814/1209/2148 3909/1212/2148 3901/1210/2148
f 3909/1212/2149 3910/1250/2149 3901/1210/2149
f 3901/1210/2150 3910/1250/2150 3902/1243/2150
f 3910/1250/2151 3911/1251/2151 3902/1243/2151
f 3902/1243/2152 3911/1251/2152 3903/1244/2152
f 3911/1251/2153 3912/1252/2153 3903/1244/2153
f 3903/1244/2154 3912/1252/2154 3904/1245/2154
f 3912/1252/2155 3913/1253/2155 3904/1245/2155
f 3904/1245/2156 3913/1253/2156 3905/1246/2156
f 3913/1253/2157 3914/1254/2157 3905/1246/2157
f 3905/1246/2158 3914/1254/2158 3906/1247/2158
f 3914/1254/2159 3915/1255/2159 3906/1247/2159
f 3906/1247/2160 3915/1255/2160 3907/1248/2160
f 3915/1255/2161 3916/1256/2161 3907/1248/2161
f 3907/1248/2162 3916/1256/2162 3908/1249/2162
f 3916/1256/2163 3917/1257/2163 3908/1249/2163
f 3908/1249/2164 3917/1257/2164 2904/639/2164
f 3917/1257/2165 2903/640/2165 2904/639/2165
f 2813/1211/2166 3918/1214/2166 3909/1212/2166
f 3918/1214/2167 3919/1258/2167 3909/1212/2167
f 3909/1212/2168 3919/1258/2168 3910/1250/2168
f 3919/1258/2169 3920/1259/2169 3910/1250/2169
f 3910/1250/2170 3920/1259/2170 3911/1251/2170
f 3920/1259/2171 3921/1260/2171 3911/1251/2171
f 3911/1251/2172 3921/1260/2172 3912/1252/2172
f 3921/1260/2173 3922/1261/2173 3912/1252/2173
f 3912/1252/2174 3922/1261/2174 3913/1253/2174
f 3922/1261/2175 3923/1262/2175 3913/1253/2175
f 3913/1253/2176 3923/1262/2176 3914/1254/2176
f 3923/1262/2177 3924/1263/2177 3914/1254/2177
f 3914/1254/2178 3924/1263/2178 3915/1255/2178
f 3924/1263/2179 3925/1264/2179 3915/1255/2179
f 3915/1255/2180 3925/1264/2180 3916/1256/2180
f 3925/1264/2181 3926/1265/2181 3916/1256/2181
f 3916/1256/2182 3926/1265/2182 3917/1257/2182
f 3926/1265/2183 3927/1266/2183 3917/1257/2183
f 3917/1257/2184 3927/1266/2184 2903/640/2184
f 3927/1266/2185 2902/641/2185 2903/640/2185
f 2812/1213/2186 3928/1216/2186 3918/1214/2186
f 3928/1216/2187 3929/1267/2187 3918/1214/2187
f 3918/1214/2188 3929/1267/2188 3919/1258/2188
f 3929/1267/2189 3930/1268/2189 3919/1258/2189
f 3919/1258/2190 3930/1268/2190 3920/1259/2190
f 3930/1268/2191 3931/1269/2191 3920/1259/2191
f 3920/1259/2192 3931/1269/2192 3921/1260/2192
f 3931/1269/2193 3932/1270/2193 3921/1260/2193
f 3921/1260/2194 3932/1270/2194 3922/1261/2194
f 3932/1270/2195 3933/1271/2195 3922/1261/2195
f 3922/1261/2196 3933/1271/2196 3923/1262/2196
f 3933/1271/2197 3934/1272/2197 3923/1262/2197
f 3923/1262/2198 3934/1272/2198 3924/1263/2198
f 3934/1272/2199 3935/1273/2199 3924/1263/2199
f 3924/1263/2200 3935/1273/2200 3925/1264/2200
f 3935/1273/2201 3936/1274/2201 3925/1264/2201
f 3925/1264/2202 3936/1274/2202 3926/1265/2202
f 3936/1274/2203 3937/1275/2203 3926/1265/2203
f 3926/1265/2204 3937/1275/2204 3927/1266/2204
f 3937/1275/2205 3938/1276/2205 3927/1266/2205
f 3927/1266/2206 3938/1276/2206 2902/641/2206
f 3938/1276/2207 2901/642/2207 2902/641/2207
f 2811/1215/2208 3939/1218/2208 3928/1216/2208
f 3939/1218/2209 3940/1277/2209 3928/1216/2209
f 3928/1216/2210 3940/1277/2210 3929/1267/2210
f 3940/1277/2211 3941/1278/2211 3929/1267/2211
f 3929/1267/2212 3941/1278/2212 3930/1268/2212
f 3941/1278/2213 3942/1279/2213 3930/1268/2213
f 3930/1268/2214 3942/1279/2214 3931/1269/2214
f 3942/1279/2215 3943/1280/2215 3931/1269/2215
f 3931/1269/2216 3943/1280/2216 3932/1270/2216
f 3943/1280/2217 3944/1281/2217 3932/1270/2217
f 3932/1270/2218 3944/1281/2218 3933/1271/2218
f 3944/1281/2219 3945/1282/2219 3933/1271/2219
f 3933/1271/2220 3945/1282/2220 3934/1272/2220
f 3945/1282/2221 3946/1283/2221 3934/1272/2221
f 3934/1272/2222 3946/1283/2222 3935/1273/2222
f 3946/1283/2223 3947/1284/2223 3935/1273/2223
f 3935/1273/2224 3947/1284/2224 3936/1274/2224
f 3947/1284/2225 3948/1285/2225 3936/1274/2225
f 3936/1274/2226 3948/1285/2226 3937/1275/2226
f 3948/1285/2227 3949/1286/2227 3937/1275/2227
f 3937/1275/2228 3949/1286/2228 3938/1276/2228
f 3949/1286/2229 3950/1287/2229 3938/1276/2229
f 3938/1276/2230 3950/1287/2230 2901/642/2230
f 3950/1287/2231 2900/643/2231 2901/642/2231
f 2810/1217/2232 3951/1220/2232 3939/1218/2232
f 3951/1220/2233 3952/1288/2233 3939/1218/2233
f 3939/1218/2234 3952/1288/2234 3940/1277/2234
f 3952/1288/2235 3953/1289/2235 3940/1277/2235
f 3940/1277/2236 3953/1289/2236 3941/1278/2236
f 3953/1289/2237 3954/1290/2237 3941/1278/2237
f 3941/1278/2238 3954/1290/2238 3942/1279/2238
f 3954/1290/2239 3955/1291/2239 3942/1279/2239
f 3942/1279/2240 3955/1291/2240 3943/1280/2240
f 3955/1291/2241 3956/1292/2241 3943/1280/2241
f 3943/1280/2242 3956/1292/2242 3944/1281/2242
f 3956/1292/2243 3957/1293/2243 3944/1281/2243
f 3944/1281/2244 3957/1293/2244 3945/1282/2244
f 3957/1293/2245 3958/1294/2245 3945/1282/2245
f 3945/1282/2246 3958/1294/2246 3946/1283/2246
f 3958/1294/2247 3959/1295/2247 3946/1283/2247
f 3946/1283/2248 3959/1295/2248 3947/1284/2248
f 3959/1295/2249 3960/1296/2249 3947/1284/2249
f 3947/1284/2250 3960/1296/2250 3948/1285/2250
f 3960/1296/2251 3961/1297/2251 3948/1285/2251
f 3948/1285/2252 3961/1297/2252 3949/1286/2252
f 3961/1297/2253 3962/1298/2253 3949/1286/2253
f 3949/1286/2254 3962/1298/2254 3950/1287/2254
f 3962/1298/2255 3963/1299/2255 3950/1287/2255
f 3950/1287/2256 3963/1299/2256 2900/643/2256
f 3963/1299/2257 2899/644/2257 2900/643/2257
f 2809/1219/2258 3964/1221/2258 3951/1220/2258
f 3964/1221/2259 3965/1300/2259 3951/1220/2259
f 3951/1220/2260 3965/1300/2260 3952/1288/2260
f 3965/1300/2261 3966/1301/2261 3952/1288/2261
f 3952/1288/2262 3966/1301/2262 3953/1289/2262
f 3966/1301/2263 3967/1302/2263 3953/1289/2263
f 3953/1289/2264 3967/1302/2264 3954/1290/2264
f 3967/1302/2265 3968/1303/2265 3954/1290/2265
f 3954/1290/2266 3968/1303/2266 3955/1291/2266
f 3968/1303/2267 3969/1304/2267 3955/1291/2267
f 3955/1291/2268 3969/1304/2268 3956/1292/2268
f 3969/1304/2269 3970/1305/2269 3956/1292/2269
f 3956/1292/2270 3970/1305/2270 3957/1293/2270
f 3970/1305/2271 3971/1306/2271 3957/1293/2271
f 3957/1293/2272 3971/1306/2272 3958/1294/2272
f 3971/1306/2273 3972/1307/2273 3958/1294/2273
f 3958/1294/2274 3972/1307/2274 3959/1295/2274
f 3972/1307/2275 3973/1308/2275 3959/1295/2275
f 3959/1295/2276 3973/1308/2276 3960/1296/2276
f 3973/1308/2277 3974/1309/2277 3960/1296/2277
f 3960/1296/2278 3974/1309/2278 3961/1297/2278
f 3974/1309/2279 3975/1310/2279 3961/1297/2279
f 3961/1297/2280 3975/1310/2280 3962/1298/2280
f 3975/1310/2281 3976/1311/2281 3962/1298/2281
f 3962/1298/2282 3976/1311/2282 3963/1299/2282
f 3976/1311/2283 3977/1312/2283 3963/1299/2283
f 3963/1299/2284 3977/1312/2284 2899/644/2284
f 3977/1312/2285 2898/645/2285 2899/644/2285
f 2808/30/2286 2777/19/2286 3964/1221/2286
f 2777/19/2287 2776/1313/2287 3964/1221/2287
f 3964/1221/2288 2776/1313/2288 3965/1300/2288
f 2776/1313/2289 2775/1314/2289 3965/1300/2289
f 3965/1300/2290 2775/1314/2290 3966/1301/2290
f 2775/1314/2291 2774/1315/2291 3966/1301/2291
f 3966/1301/2292 2774/1315/2292 3967/1302/2292
f 2774/1315/2293 2773/1316/2293 3967/1302/2293
f 3967/1302/2294 2773/1316/2294 3968/1303/2294
f 2773/1316/2295 2772/1317/2295 3968/1303/2295
f 3968/1303/2296 2772/1317/2296 3969/1304/2296
f 2772/1317/2297 2771/1318/2297 3969/1304/2297
f 3969/1304/2298 2771/1318/2298 3970/1305/2298
f 2771/1318/2299 2770/1319/2299 3970/1305/2299
f 3970/1305/2300 2770/1319/2300 3971/1306/2300
f 2770/1319/2301 2769/1320/2301 3971/1306/2301
f 3971/1306/2302 2769/1320/2302 3972/1307/2302
f 2769/1320/2303 2768/1321/2303 3972/1307/2303
f 3972/1307/2304 2768/1321/2304 3973/1308/2304
f 2768/1321/2305 2767/1322/2305 3973/1308/2305
f 3973/1308/2306 2767/1322/2306 3974/1309/2306
f 2767/1322/2307 2766/1323/2307 3974/1309/2307
f 3974/1309/2308 2766/1323/2308 3975/1310/2308
f 2766/1323/2309 2765/1324/2309 3975/1310/2309
f 3975/1310/2310 2765/1324/2310 3976/1311/2310
f 2765/1324/2311 2764/1325/2311 3976/1311/2311
f 3976/1311/2312 2764/1325/2312 3977/1312/2312
f 2764/1325/2313 2763/1326/2313 3977/1312/2313
f 3977/1312/2314 2763/1326/2314 2898/645/2314
f 2763/1326/2315 2577/34/2315 2898/645/2315
f 2792/1327/2316 2897/35/2316 2577/34/2316
f 2791/1328/2317 3978/1329/2317 2792/1327/2317
f 2790/1330/2318 3979/1331/2318 2791/1328/2318
f 2789/1332/2319 3981/1333/2319 2790/1330/2319
f 2788/1334/2320 3984/1335/2320 2789/1332/2320
f 2787/1336/2321 3988/1337/2321 2788/1334/2321
f 2786/1338/2322 3993/1339/2322 2787/1336/2322
f 2785/1340/2323 3999/1341/2323 2786/1338/2323
f 2784/1342/2324 4006/1343/2324 2785/1340/2324
f 2783/1344/2325 4014/1345/2325 2784/1342/2325
f 2782/1346/2326 4023/1347/2326 2783/1344/2326
f 2781/1348/2327 4033/1349/2327 2782/1346/2327
f 2780/1350/2328 4044/1351/2328 2781/1348/2328
f 2779/1352/2329 4056/1353/2329 2780/1350/2329
f 2778/29/2330 4069/1354/2330 2779/1352/2330
f 2792/1327/5200 3978/1329/5200 2897/35/5200
f 3978/1329/2332 2896/781/2332 2897/35/2332
f 2791/1328/2333 3979/1331/2333 3978/1329/2333
f 3979/1331/2334 3980/1355/2334 3978/1329/2334
f 3978/1329/2335 3980/1355/2335 2896/781/2335
f 3980/1355/2336 2895/782/2336 2896/781/2336
f 2790/1330/2337 3981/1333/2337 3979/1331/2337
f 3981/1333/2338 3982/1356/2338 3979/1331/2338
f 3979/1331/2339 3982/1356/2339 3980/1355/2339
f 3982/1356/2340 3983/1357/2340 3980/1355/2340
f 3980/1355/2341 3983/1357/2341 2895/782/2341
f 3983/1357/2342 2894/783/2342 2895/782/2342
f 2789/1332/2343 3984/1335/2343 3981/1333/2343
f 3984/1335/2344 3985/1358/2344 3981/1333/2344
f 3981/1333/2345 3985/1358/2345 3982/1356/2345
f 3985/1358/2346 3986/1359/2346 3982/1356/2346
f 3982/1356/2347 3986/1359/2347 3983/1357/2347
f 3986/1359/2348 3987/1360/2348 3983/1357/2348
f 3983/1357/2349 3987/1360/2349 2894/783/2349
f 3987/1360/2350 2893/784/2350 2894/783/2350
f 2788/1334/2351 3988/1337/2351 3984/1335/2351
f 3988/1337/2352 3989/1361/2352 3984/1335/2352
f 3984/1335/2353 3989/1361/2353 3985/1358/2353
f 3989/1361/2354 3990/1362/2354 3985/1358/2354
f 3985/1358/2355 3990/1362/2355 3986/1359/2355
f 3990/1362/2356 3991/1363/2356 3986/1359/2356
f 3986/1359/2357 3991/1363/2357 3987/1360/2357
f 3991/1363/2358 3992/1364/2358 3987/1360/2358
f 3987/1360/2359 3992/1364/2359 2893/784/2359
f 3992/1364/2360 2892/785/2360 2893/784/2360
f 2787/1336/2361 3993/1339/2361 3988/1337/2361
f 3993/1339/2362 3994/1365/2362 3988/1337/2362
f 3988/1337/2363 3994/1365/2363 3989/1361/2363
f 3994/1365/2364 3995/1366/2364 3989/1361/2364
f 3989/1361/2365 3995/1366/2365 3990/1362/2365
f 3995/1366/2366 3996/1367/2366 3990/1362/2366
f 3990/1362/2367 3996/1367/2367 3991/1363/2367
f 3996/1367/2368 3997/1368/2368 3991/1363/2368
f 3991/1363/2369 3997/1368/2369 3992/1364/2369
f 3997/1368/2370 3998/1369/2370 3992/1364/2370
f 3992/1364/2371 3998/1369/2371 2892/785/2371
f 3998/1369/5201 2891/786/5201 2892/785/5201
f 2786/1338/2373 3999/1341/2373 3993/1339/2373
f 3999/1341/2374 4000/1370/2374 3993/1339/2374
f 3993/1339/2375 4000/1370/2375 3994/1365/2375
f 4000/1370/2376 4001/1371/2376 3994/1365/2376
f 3994/1365/2377 4001/1371/2377 3995/1366/2377
f 4001/1371/2378 4002/1372/2378 3995/1366/2378
f 3995/1366/2379 4002/1372/2379 3996/1367/2379
f 4002/1372/2380 4003/1373/2380 3996/1367/2380
f 3996/1367/2381 4003/1373/2381 3997/1368/2381
f 4003/1373/2382 4004/1374/2382 3997/1368/2382
f 3997/1368/2383 4004/1374/2383 3998/1369/2383
f 4004/1374/2384 4005/1375/2384 3998/1369/2384
f 3998/1369/2385 4005/1375/2385 2891/786/2385
f 4005/1375/2386 2890/787/2386 2891/786/2386
f 2785/1340/2387 4006/1343/2387 3999/1341/2387
f 4006/1343/2388 4007/1376/2388 3999/1341/2388
f 3999/1341/2389 4007/1376/2389 4000/1370/2389
f 4007/1376/2390 4008/1377/2390 4000/1370/2390
f 4000/1370/2391 4008/1377/2391 4001/1371/2391
f 4008/1377/2392 4009/1378/2392 4001/1371/2392
f 4001/1371/2393 4009/1378/2393 4002/1372/2393
f 4009/1378/2394 4010/1379/2394 4002/1372/2394
f 4002/1372/2395 4010/1379/2395 4003/1373/2395
f 4010/1379/2396 4011/1380/2396 4003/1373/2396
f 4003/1373/2397 4011/1380/2397 4004/1374/2397
f 4011/1380/2398 4012/1381/2398 4004/1374/2398
f 4004/1374/2399 4012/1381/2399 4005/1375/2399
f 4012/1381/2400 4013/1382/2400 4005/1375/2400
f 4005/1375/2401 4013/1382/2401 2890/787/2401
f 4013/1382/2402 2889/788/2402 2890/787/2402
f 2784/1342/2403 4014/1345/2403 4006/1343/2403
f 4014/1345/2404 4015/1383/2404 4006/1343/2404
f 4006/1343/2405 4015/1383/2405 4007/1376/2405
f 4015/1383/2406 4016/1384/2406 4007/1376/2406
f 4007/1376/2407 4016/1384/2407 4008/1377/2407
f 4016/1384/2408 4017/1385/2408 4008/1377/2408
f 4008/1377/2409 4017/1385/2409 4009/1378/2409
f 4017/1385/2410 4018/1386/2410 4009/1378/2410
f 4009/1378/2411 4018/1386/2411 4010/1379/2411
f 4018/1386/5202 4019/1387/5202 4010/1379/5202
f 4010/1379/2413 4019/1387/2413 4011/1380/2413
f 4019/1387/2414 4020/1388/2414 4011/1380/2414
f 4011/1380/2415 4020/1388/2415 4012/1381/2415
f 4020/1388/2416 4021/1389/2416 4012/1381/2416
f 4012/1381/2417 4021/1389/2417 4013/1382/2417
f 4021/1389/2418 4022/1390/2418 4013/1382/2418
f 4013/1382/2419 4022/1390/2419 2889/788/2419
f 4022/1390/2420 2888/789/2420 2889/788/2420
f 2783/1344/2421 4023/1347/2421 4014/1345/2421
f 4023/1347/2422 4024/1391/2422 4014/1345/2422
f 4014/1345/2423 4024/1391/2423 4015/1383/2423
f 4024/1391/2424 4025/1392/2424 4015/1383/2424
f 4015/1383/2425 4025/1392/2425 4016/1384/2425
f 4025/1392/2426 4026/1393/2426 4016/1384/2426
f 4016/1384/2427 4026/1393/2427 4017/1385/2427
f 4026/1393/2428 4027/1394/2428 4017/1385/2428
f 4017/1385/2429 4027/1394/2429 4018/1386/2429
f 4027/1394/2430 4028/1395/2430 4018/1386/2430
f 4018/1386/2431 4028/1395/2431 4019/1387/2431
f 4028/1395/2432 4029/1396/2432 4019/1387/2432
f 4019/1387/2433 4029/1396/2433 4020/1388/2433
f 4029/1396/2434 4030/1397/2434 4020/1388/2434
f 4020/1388/2435 4030/1397/2435 4021/1389/2435
f 4030/1397/2436 4031/1398/2436 4021/1389/2436
f 4021/1389/2437 4031/1398/2437 4022/1390/2437
f 4031/1398/2438 4032/1399/2438 4022/1390/2438
f 4022/1390/2439 4032/1399/2439 2888/789/2439
f 4032/1399/2440 2887/790/2440 2888/789/2440
f 2782/1346/2441 4033/1349/2441 4023/1347/2441
f 4033/1349/2442 4034/1400/2442 4023/1347/2442
f 4023/1347/2443 4034/1400/2443 4024/1391/2443
f 4034/1400/2444 4035/1401/2444 4024/1391/2444
f 4024/1391/2445 4035/1401/2445 4025/1392/2445
f 4035/1401/2446 4036/1402/2446 4025/1392/2446
f 4025/1392/2447 4036/1402/2447 4026/1393/2447
f 4036/1402/2448 4037/1403/2448 4026/1393/2448
f 4026/1393/2449 4037/1403/2449 4027/1394/2449
f 4037/1403/2450 4038/1404/2450 4027/1394/2450
f 4027/1394/2451 4038/1404/2451 4028/1395/2451
f 4038/1404/2452 4039/1405/2452 4028/1395/2452
f 4028/1395/2453 4039/1405/2453 4029/1396/2453
f 4039/1405/2454 4040/1406/2454 4029/1396/2454
f 4029/1396/2455 4040/1406/2455 4030/1397/2455
f 4040/1406/2456 4041/1407/2456 4030/1397/2456
f 4030/1397/2457 4041/1407/2457 4031/1398/2457
f 4041/1407/2458 4042/1408/2458 4031/1398/2458
f 4031/1398/2459 4042/1408/2459 4032/1399/2459
f 4042/1408/2460 4043/1409/2460 4032/1399/2460
f 4032/1399/2461 4043/1409/2461 2887/790/2461
f 4043/1409/2462 2886/791/2462 2887/790/2462
f 2781/1348/2463 4044/1351/2463 4033/1349/2463
f 4044/1351/2464 4045/1410/2464 4033/1349/2464
f 4033/1349/2465 4045/1410/2465 4034/1400/2465
f 4045/1410/2466 4046/1411/2466 4034/1400/2466
f 4034/1400/2467 4046/1411/2467 4035/1401/2467
f 4046/1411/2468 4047/1412/2468 4035/1401/2468
f 4035/1401/2469 4047/1412/2469 4036/1402/2469
f 4047/1412/2470 4048/1413/2470 4036/1402/2470
f 4036/1402/2471 4048/1413/2471 4037/1403/2471
f 4048/1413/2472 4049/1414/2472 4037/1403/2472
f 4037/1403/2473 4049/1414/2473 4038/1404/2473
f 4049/1414/2474 4050/1415/2474 4038/1404/2474
f 4038/1404/2475 4050/1415/2475 4039/1405/2475
f 4050/1415/2476 4051/1416/2476 4039/1405/2476
f 4039/1405/2477 4051/1416/2477 4040/1406/2477
f 4051/1416/2478 4052/1417/2478 4040/1406/2478
f 4040/1406/2479 4052/1417/2479 4041/1407/2479
f 4052/1417/2480 4053/1418/2480 4041/1407/2480
f 4041/1407/2481 4053/1418/2481 4042/1408/2481
f 4053/1418/2482 4054/1419/2482 4042/1408/2482
f 4042/1408/2483 4054/1419/2483 4043/1409/2483
f 4054/1419/2484 4055/1420/2484 4043/1409/2484
f 4043/1409/2485 4055/1420/2485 2886/791/2485
f 4055/1420/2486 2885/792/2486 2886/791/2486
f 2780/1350/5203 4056/1353/5203 4044/1351/5203
f 4056/1353/2488 4057/1421/2488 4044/1351/2488
f 4044/1351/2489 4057/1421/2489 4045/1410/2489
f 4057/1421/2490 4058/1422/2490 4045/1410/2490
f 4045/1410/2491 4058/1422/2491 4046/1411/2491
f 4058/1422/2492 4059/1423/2492 4046/1411/2492
f 4046/1411/2493 4059/1423/2493 4047/1412/2493
f 4059/1423/2494 4060/1424/2494 4047/1412/2494
f 4047/1412/2495 4060/1424/2495 4048/1413/2495
f 4060/1424/2496 4061/1425/2496 4048/1413/2496
f 4048/1413/2497 4061/1425/2497 4049/1414/2497
f 4061/1425/2498 4062/1426/2498 4049/1414/2498
f 4049/1414/2499 4062/1426/2499 4050/1415/2499
f 4062/1426/2500 4063/1427/2500 4050/1415/2500
f 4050/1415/2501 4063/1427/2501 4051/1416/2501
f 4063/1427/2502 4064/1428/2502 4051/1416/2502
f 4051/1416/2503 4064/1428/2503 4052/1417/2503
f 4064/1428/2504 4065/1429/2504 4052/1417/2504
f 4052/1417/2505 4065/1429/2505 4053/1418/2505
f 4065/1429/2506 4066/1430/2506 4053/1418/2506
f 4053/1418/2507 4066/1430/2507 4054/1419/2507
f 4066/1430/2508 4067/1431/2508 4054/1419/2508
f 4054/1419/2509 4067/1431/2509 4055/1420/2509
f 4067/1431/2510 4068/1432/2510 4055/1420/2510
f 4055/1420/2511 4068/1432/2511 2885/792/2511
f 4068/1432/2512 2884/793/2512 2885/792/2512
f 2779/1352/2513 4069/1354/2513 4056/1353/2513
f 4069/1354/2514 4070/1433/2514 4056/1353/2514
f 4056/1353/2515 4070/1433/2515 4057/1421/2515
f 4070/1433/2516 4071/1434/2516 4057/1421/2516
f 4057/1421/2517 4071/1434/2517 4058/1422/2517
f 4071/1434/2518 4072/1435/2518 4058/1422/2518
f 4058/1422/2519 4072/1435/2519 4059/1423/2519
f 4072/1435/5204 4073/1436/5204 4059/1423/5204
f 4059/1423/2521 4073/1436/2521 4060/1424/2521
f 4073/1436/5205 4074/1437/5205 4060/1424/5205
f 4060/1424/2523 4074/1437/2523 4061/1425/2523
f 4074/1437/2524 4075/1438/2524 4061/1425/2524
f 4061/1425/2525 4075/1438/2525 4062/1426/2525
f 4075/1438/2526 4076/1439/2526 4062/1426/2526
f 4062/1426/2527 4076/1439/2527 4063/1427/2527
f 4076/1439/2528 4077/1440/2528 4063/1427/2528
f 4063/1427/2529 4077/1440/2529 4064/1428/2529
f 4077/1440/2530 4078/1441/2530 4064/1428/2530
f 4064/1428/2531 4078/1441/2531 4065/1429/2531
f 4078/1441/2532 4079/1442/2532 4065/1429/2532
f 4065/1429/2533 4079/1442/2533 4066/1430/2533
f 4079/1442/2534 4080/1443/2534 4066/1430/2534
f 4066/1430/2535 4080/1443/2535 4067/1431/2535
f 4080/1443/2536 4081/1444/2536 4067/1431/2536
f 4067/1431/2537 4081/1444/2537 4068/1432/2537
f 4081/1444/2538 4082/1445/2538 4068/1432/2538
f 4068/1432/2539 4082/1445/2539 2884/793/2539
f 4082/1445/2540 2883/794/2540 2884/793/2540
f 2778/29/2541 2747/16/2541 4069/1354/2541
f 2747/16/5206 2746/1446/5206 4069/1354/5206
f 4069/1354/2543 2746/1446/2543 4070/1433/2543
f 2746/1446/5207 2745/1447/5207 4070/1433/5207
f 4070/1433/5208 2745/1447/5208 4071/1434/5208
f 2745/1447/2546 2744/1448/2546 4071/1434/2546
f 4071/1434/2547 2744/1448/2547 4072/1435/2547
f 2744/1448/2548 2743/1449/2548 4072/1435/2548
f 4072/1435/2549 2743/1449/2549 4073/1436/2549
f 2743/1449/2550 2742/1450/2550 4073/1436/2550
f 4073/1436/2551 2742/1450/2551 4074/1437/2551
f 2742/1450/2552 2741/1451/2552 4074/1437/2552
f 4074/1437/2553 2741/1451/2553 4075/1438/2553
f 2741/1451/2554 2740/1452/2554 4075/1438/2554
f 4075/1438/2555 2740/1452/2555 4076/1439/2555
f 2740/1452/2556 2739/1453/2556 4076/1439/2556
f 4076/1439/2557 2739/1453/2557 4077/1440/2557
f 2739/1453/2558 2738/1454/2558 4077/1440/2558
f 4077/1440/2559 2738/1454/2559 4078/1441/2559
f 2738/1454/2560 2737/1455/2560 4078/1441/2560
f 4078/1441/2561 2737/1455/2561 4079/1442/2561
f 2737/1455/2562 2736/1456/2562 4079/1442/2562
f 4079/1442/2563 2736/1456/2563 4080/1443/2563
f 2736/1456/2564 2735/1457/2564 4080/1443/2564
f 4080/1443/2565 2735/1457/2565 4081/1444/2565
f 2735/1457/2566 2734/1458/2566 4081/1444/2566
f 4081/1444/2567 2734/1458/2567 4082/1445/2567
f 2734/1458/2568 2733/1459/2568 4082/1445/2568
f 4082/1445/2569 2733/1459/2569 2883/794/2569
f 2733/1459/2570 2581/46/2570 2883/794/2570
f 2853/927/2571 2882/928/2571 2580/43/2571
f 2854/926/2572 4083/1460/2572 2853/927/2572
f 2855/925/2573 4084/1461/2573 2854/926/2573
f 2856/924/2574 4086/1462/2574 2855/925/2574
f 2857/923/2575 4089/1463/2575 2856/924/2575
f 2858/922/2576 4093/1464/2576 2857/923/2576
f 2859/921/2577 4098/1465/2577 2858/922/2577
f 2860/920/2578 4104/1466/2578 2859/921/2578
f 2861/919/2579 4111/1467/2579 2860/920/2579
f 2862/918/2580 4119/1468/2580 2861/919/2580
f 2863/917/2581 4128/1469/2581 2862/918/2581
f 2864/916/2582 4138/1470/2582 2863/917/2582
f 2865/915/2583 4149/1471/2583 2864/916/2583
f 2866/914/2584 4161/1472/2584 2865/915/2584
f 2867/28/2585 4174/1473/2585 2866/914/2585
f 2853/927/2586 4083/1460/2586 2882/928/2586
f 4083/1460/2587 2881/929/2587 2882/928/2587
f 2854/926/2588 4084/1461/2588 4083/1460/2588
f 4084/1461/2589 4085/1474/2589 4083/1460/2589
f 4083/1460/2590 4085/1474/2590 2881/929/2590
f 4085/1474/2591 2880/931/2591 2881/929/2591
f 2855/925/2592 4086/1462/2592 4084/1461/2592
f 4086/1462/2593 4087/1475/2593 4084/1461/2593
f 4084/1461/2594 4087/1475/2594 4085/1474/2594
f 4087/1475/2595 4088/1476/2595 4085/1474/2595
f 4085/1474/2596 4088/1476/2596 2880/931/2596
f 4088/1476/2597 2879/933/2597 2880/931/2597
f 2856/924/2598 4089/1463/2598 4086/1462/2598
f 4089/1463/2599 4090/1477/2599 4086/1462/2599
f 4086/1462/2600 4090/1477/2600 4087/1475/2600
f 4090/1477/2601 4091/1478/2601 4087/1475/2601
f 4087/1475/2602 4091/1478/2602 4088/1476/2602
f 4091/1478/2603 4092/1479/2603 4088/1476/2603
f 4088/1476/2604 4092/1479/2604 2879/933/2604
f 4092/1479/2605 2878/935/2605 2879/933/2605
f 2857/923/5209 4093/1464/5209 4089/1463/5209
f 4093/1464/2607 4094/1480/2607 4089/1463/2607
f 4089/1463/2608 4094/1480/2608 4090/1477/2608
f 4094/1480/2609 4095/1481/2609 4090/1477/2609
f 4090/1477/2610 4095/1481/2610 4091/1478/2610
f 4095/1481/2611 4096/1482/2611 4091/1478/2611
f 4091/1478/2612 4096/1482/2612 4092/1479/2612
f 4096/1482/2613 4097/1483/2613 4092/1479/2613
f 4092/1479/2614 4097/1483/2614 2878/935/2614
f 4097/1483/2615 2877/937/2615 2878/935/2615
f 2858/922/2616 4098/1465/2616 4093/1464/2616
f 4098/1465/2617 4099/1484/2617 4093/1464/2617
f 4093/1464/2618 4099/1484/2618 4094/1480/2618
f 4099/1484/2619 4100/1485/2619 4094/1480/2619
f 4094/1480/2620 4100/1485/2620 4095/1481/2620
f 4100/1485/2621 4101/1486/2621 4095/1481/2621
f 4095/1481/2622 4101/1486/2622 4096/1482/2622
f 4101/1486/2623 4102/1487/2623 4096/1482/2623
f 4096/1482/2624 4102/1487/2624 4097/1483/2624
f 4102/1487/2625 4103/1488/2625 4097/1483/2625
f 4097/1483/2626 4103/1488/2626 2877/937/2626
f 4103/1488/2627 2876/939/2627 2877/937/2627
f 2859/921/2628 4104/1466/2628 4098/1465/2628
f 4104/1466/2629 4105/1489/2629 4098/1465/2629
f 4098/1465/2630 4105/1489/2630 4099/1484/2630
f 4105/1489/2631 4106/1490/2631 4099/1484/2631
f 4099/1484/2632 4106/1490/2632 4100/1485/2632
f 4106/1490/2633 4107/1491/2633 4100/1485/2633
f 4100/1485/2634 4107/1491/2634 4101/1486/2634
f 4107/1491/2635 4108/1492/2635 4101/1486/2635
f 4101/1486/2636 4108/1492/2636 4102/1487/2636
f 4108/1492/2637 4109/1493/2637 4102/1487/2637
f 4102/1487/2638 4109/1493/2638 4103/1488/2638
f 4109/1493/2639 4110/1494/2639 4103/1488/2639
f 4103/1488/2640 4110/1494/2640 2876/939/2640
f 4110/1494/2641 2875/941/2641 2876/939/2641
f 2860/920/2642 4111/1467/2642 4104/1466/2642
f 4111/1467/2643 4112/1495/2643 4104/1466/2643
f 4104/1466/2644 4112/1495/2644 4105/1489/2644
f 4112/1495/2645 4113/1496/2645 4105/1489/2645
f 4105/1489/2646 4113/1496/2646 4106/1490/2646
f 4113/1496/2647 4114/1497/2647 4106/1490/2647
f 4106/1490/2648 4114/1497/2648 4107/1491/2648
f 4114/1497/2649 4115/1498/2649 4107/1491/2649
f 4107/1491/2650 4115/1498/2650 4108/1492/2650
f 4115/1498/2651 4116/1499/2651 4108/1492/2651
f 4108/1492/2652 4116/1499/2652 4109/1493/2652
f 4116/1499/2653 4117/1500/2653 4109/1493/2653
f 4109/1493/2654 4117/1500/2654 4110/1494/2654
f 4117/1500/2655 4118/1501/2655 4110/1494/2655
f 4110/1494/2656 4118/1501/2656 2875/941/2656
f 4118/1501/2657 2874/943/2657 2875/941/2657
f 2861/919/2658 4119/1468/2658 4111/1467/2658
f 4119/1468/2659 4120/1502/2659 4111/1467/2659
f 4111/1467/2660 4120/1502/2660 4112/1495/2660
f 4120/1502/2661 4121/1503/2661 4112/1495/2661
f 4112/1495/2662 4121/1503/2662 4113/1496/2662
f 4121/1503/2663 4122/1504/2663 4113/1496/2663
f 4113/1496/2664 4122/1504/2664 4114/1497/2664
f 4122/1504/2665 4123/1505/2665 4114/1497/2665
f 4114/1497/2666 4123/1505/2666 4115/1498/2666
f 4123/1505/2667 4124/1506/2667 4115/1498/2667
f 4115/1498/2668 4124/1506/2668 4116/1499/2668
f 4124/1506/2669 4125/1507/2669 4116/1499/2669
f 4116/1499/2670 4125/1507/2670 4117/1500/2670
f 4125/1507/2671 4126/1508/2671 4117/1500/2671
f 4117/1500/2672 4126/1508/2672 4118/1501/2672
f 4126/1508/2673 4127/1509/2673 4118/1501/2673
f 4118/1501/2674 4127/1509/2674 2874/943/2674
f 4127/1509/2675 2873/945/2675 2874/943/2675
f 2862/918/5210 4128/1469/5210 4119/1468/5210
f 4128/1469/2677 4129/1510/2677 4119/1468/2677
f 4119/1468/2678 4129/1510/2678 4120/1502/2678
f 4129/1510/2679 4130/1511/2679 4120/1502/2679
f 4120/1502/2680 4130/1511/2680 4121/1503/2680
f 4130/1511/2681 4131/1512/2681 4121/1503/2681
f 4121/1503/2682 4131/1512/2682 4122/1504/2682
f 4131/1512/2683 4132/1513/2683 4122/1504/2683
f 4122/1504/2684 4132/1513/2684 4123/1505/2684
f 4132/1513/2685 4133/1514/2685 4123/1505/2685
f 4123/1505/2686 4133/1514/2686 4124/1506/2686
f 4133/1514/2687 4134/1515/2687 4124/1506/2687
f 4124/1506/2688 4134/1515/2688 4125/1507/2688
f 4134/1515/2689 4135/1516/2689 4125/1507/2689
f 4125/1507/2690 4135/1516/2690 4126/1508/2690
f 4135/1516/2691 4136/1517/2691 4126/1508/2691
f 4126/1508/2692 4136/1517/2692 4127/1509/2692
f 4136/1517/2693 4137/1518/2693 4127/1509/2693
f 4127/1509/2694 4137/1518/2694 2873/945/2694
f 4137/1518/2695 2872/947/2695 2873/945/2695
f 2863/917/2696 4138/1470/2696 4128/1469/2696
f 4138/1470/2697 4139/1519/2697 4128/1469/2697
f 4128/1469/2698 4139/1519/2698 4129/1510/2698
f 4139/1519/2699 4140/1520/2699 4129/1510/2699
f 4129/1510/2700 4140/1520/2700 4130/1511/2700
f 4140/1520/2701 4141/1521/2701 4130/1511/2701
f 4130/1511/2702 4141/1521/2702 4131/1512/2702
f 4141/1521/2703 4142/1522/2703 4131/1512/2703
f 4131/1512/2704 4142/1522/2704 4132/1513/2704
f 4142/1522/2705 4143/1523/2705 4132/1513/2705
f 4132/1513/2706 4143/1523/2706 4133/1514/2706
f 4143/1523/2707 4144/1524/2707 4133/1514/2707
f 4133/1514/2708 4144/1524/2708 4134/1515/2708
f 4144/1524/2709 4145/1525/2709 4134/1515/2709
f 4134/1515/2710 4145/1525/2710 4135/1516/2710
f 4145/1525/2711 4146/1526/2711 4135/1516/2711
f 4135/1516/2712 4146/1526/2712 4136/1517/2712
f 4146/1526/2713 4147/1527/2713 4136/1517/2713
f 4136/1517/2714 4147/1527/2714 4137/1518/2714
f 4147/1527/2715 4148/1528/2715 4137/1518/2715
f 4137/1518/2716 4148/1528/2716 2872/947/2716
f 4148/1528/2717 2871/949/2717 2872/947/2717
f 2864/916/2718 4149/1471/2718 4138/1470/2718
f 4149/1471/5211 4150/1529/5211 4138/1470/5211
f 4138/1470/2720 4150/1529/2720 4139/1519/2720
f 4150/1529/2721 4151/1530/2721 4139/1519/2721
f 4139/1519/2722 4151/1530/2722 4140/1520/2722
f 4151/1530/2723 4152/1531/2723 4140/1520/2723
f 4140/1520/2724 4152/1531/2724 4141/1521/2724
f 4152/1531/2725 4153/1532/2725 4141/1521/2725
f 4141/1521/2726 4153/1532/2726 4142/1522/2726
f 4153/1532/2727 4154/1533/2727 4142/1522/2727
f 4142/1522/2728 4154/1533/2728 4143/1523/2728
f 4154/1533/2729 4155/1534/2729 4143/1523/2729
f 4143/1523/2730 4155/1534/2730 4144/1524/2730
f 4155/1534/2731 4156/1535/2731 4144/1524/2731
f 4144/1524/2732 4156/1535/2732 4145/1525/2732
f 4156/1535/5212 4157/1536/5212 4145/1525/5212
f 4145/1525/2734 4157/1536/2734 4146/1526/2734
f 4157/1536/2735 4158/1537/2735 4146/1526/2735
f 4146/1526/2736 4158/1537/2736 4147/1527/2736
f 4158/1537/5213 4159/1538/5213 4147/1527/5213
f 4147/1527/2738 4159/1538/2738 4148/1528/2738
f 4159/1538/2739 4160/1539/2739 4148/1528/2739
f 4148/1528/2740 4160/1539/2740 2871/949/2740
f 4160/1539/2741 2870/951/2741 2871/949/2741
f 2865/915/2742 4161/1472/2742 4149/1471/2742
f 4161/1472/2743 4162/1540/2743 4149/1471/2743
f 4149/1471/2744 4162/1540/2744 4150/1529/2744
f 4162/1540/2745 4163/1541/2745 4150/1529/2745
f 4150/1529/2746 4163/1541/2746 4151/1530/2746
f 4163/1541/2747 4164/1542/2747 4151/1530/2747
f 4151/1530/2748 4164/1542/2748 4152/1531/2748
f 4164/1542/2749 4165/1543/2749 4152/1531/2749
f 4152/1531/2750 4165/1543/2750 4153/1532/2750
f 4165/1543/2751 4166/1544/2751 4153/1532/2751
f 4153/1532/2752 4166/1544/2752 4154/1533/2752
f 4166/1544/2753 4167/1545/2753 4154/1533/2753
f 4154/1533/2754 4167/1545/2754 4155/1534/2754
f 4167/1545/2755 4168/1546/2755 4155/1534/2755
f 4155/1534/2756 4168/1546/2756 4156/1535/2756
f 4168/1546/2757 4169/1547/2757 4156/1535/2757
f 4156/1535/2758 4169/1547/2758 4157/1536/2758
f 4169/1547/2759 4170/1548/2759 4157/1536/2759
f 4157/1536/2760 4170/1548/2760 4158/1537/2760
f 4170/1548/2761 4171/1549/2761 4158/1537/2761
f 4158/1537/2762 4171/1549/2762 4159/1538/2762
f 4171/1549/5214 4172/1550/5214 4159/1538/5214
f 4159/1538/2764 4172/1550/2764 4160/1539/2764
f 4172/1550/2765 4173/1551/2765 4160/1539/2765
f 4160/1539/2766 4173/1551/2766 2870/951/2766
f 4173/1551/2767 2869/953/2767 2870/951/2767
f 2866/914/2768 4174/1473/2768 4161/1472/2768
f 4174/1473/2769 4175/1552/2769 4161/1472/2769
f 4161/1472/2770 4175/1552/2770 4162/1540/2770
f 4175/1552/2771 4176/1553/2771 4162/1540/2771
f 4162/1540/2772 4176/1553/2772 4163/1541/2772
f 4176/1553/2773 4177/1554/2773 4163/1541/2773
f 4163/1541/2774 4177/1554/2774 4164/1542/2774
f 4177/1554/2775 4178/1555/2775 4164/1542/2775
f 4164/1542/2776 4178/1555/2776 4165/1543/2776
f 4178/1555/2777 4179/1556/2777 4165/1543/2777
f 4165/1543/2778 4179/1556/2778 4166/1544/2778
f 4179/1556/2779 4180/1557/2779 4166/1544/2779
f 4166/1544/5215 4180/1557/5215 4167/1545/5215
f 4180/1557/2781 4181/1558/2781 4167/1545/2781
f 4167/1545/2782 4181/1558/2782 4168/1546/2782
f 4181/1558/2783 4182/1559/2783 4168/1546/2783
f 4168/1546/2784 4182/1559/2784 4169/1547/2784
f 4182/1559/2785 4183/1560/2785 4169/1547/2785
f 4169/1547/2786 4183/1560/2786 4170/1548/2786
f 4183/1560/2787 4184/1561/2787 4170/1548/2787
f 4170/1548/2788 4184/1561/2788 4171/1549/2788
f 4184/1561/2789 4185/1562/2789 4171/1549/2789
f 4171/1549/2790 4185/1562/2790 4172/1550/2790
f 4185/1562/2791 4186/1563/2791 4172/1550/2791
f 4172/1550/2792 4186/1563/2792 4173/1551/2792
f 4186/1563/2793 4187/1564/2793 4173/1551/2793
f 4173/1551/2794 4187/1564/2794 2869/953/2794
f 4187/1564/2795 2868/32/2795 2869/953/2795
f 2867/28/5216 2732/27/5216 4174/1473/5216
f 2732/27/2797 2731/1565/2797 4174/1473/2797
f 4174/1473/2798 2731/1565/2798 4175/1552/2798
f 2731/1565/2799 2730/1566/2799 4175/1552/2799
f 4175/1552/2800 2730/1566/2800 4176/1553/2800
f 2730/1566/2801 2729/1567/2801 4176/1553/2801
f 4176/1553/2802 2729/1567/2802 4177/1554/2802
f 2729/1567/5217 2728/1568/5217 4177/1554/5217
f 4177/1554/2804 2728/1568/2804 4178/1555/2804
f 2728/1568/2805 2727/1569/2805 4178/1555/2805
f 4178/1555/2806 2727/1569/2806 4179/1556/2806
f 2727/1569/2807 2726/1570/2807 4179/1556/2807
f 4179/1556/2808 2726/1570/2808 4180/1557/2808
f 2726/1570/5218 2725/1571/5218 4180/1557/5218
f 4180/1557/2810 2725/1571/2810 4181/1558/2810
f 2725/1571/2811 2724/1572/2811 4181/1558/2811
f 4181/1558/2812 2724/1572/2812 4182/1559/2812
f 2724/1572/2813 2723/1573/2813 4182/1559/2813
f 4182/1559/2814 2723/1573/2814 4183/1560/2814
f 2723/1573/2815 2722/1574/2815 4183/1560/2815
f 4183/1560/2816 2722/1574/2816 4184/1561/2816
f 2722/1574/2817 2721/1575/2817 4184/1561/2817
f 4184/1561/2818 2721/1575/2818 4185/1562/2818
f 2721/1575/2819 2720/1576/2819 4185/1562/2819
f 4185/1562/2820 2720/1576/2820 4186/1563/2820
f 2720/1576/2821 2719/1577/2821 4186/1563/2821
f 4186/1563/2822 2719/1577/2822 4187/1564/2822
f 2719/1577/2823 2718/1578/2823 4187/1564/2823
f 4187/1564/2824 2718/1578/2824 2868/32/2824
f 2718/1578/2825 2575/23/2825 2868/32/2825
f 2823/1060/2826 2852/1061/2826 2579/40/2826
f 2824/1059/2827 4188/1579/2827 2823/1060/2827
f 2825/1058/2828 4189/1580/2828 2824/1059/2828
f 2826/1057/2829 4191/1581/2829 2825/1058/2829
f 2827/1056/2830 4194/1582/2830 2826/1057/2830
f 2828/1055/2831 4198/1583/2831 2827/1056/2831
f 2829/1054/2832 4203/1584/2832 2828/1055/2832
f 2830/1053/2833 4209/1585/2833 2829/1054/2833
f 2831/1052/2834 4216/1586/2834 2830/1053/2834
f 2832/1051/2835 4224/1587/2835 2831/1052/2835
f 2833/1050/2836 4233/1588/2836 2832/1051/2836
f 2834/1049/2837 4243/1589/2837 2833/1050/2837
f 2835/1048/2838 4254/1590/2838 2834/1049/2838
f 2836/1047/2839 4266/1591/2839 2835/1048/2839
f 2837/25/2840 4279/1592/2840 2836/1047/2840
f 2823/1060/2841 4188/1579/2841 2852/1061/2841
f 4188/1579/5219 2851/1062/5219 2852/1061/5219
f 2824/1059/2843 4189/1580/2843 4188/1579/2843
f 4189/1580/2844 4190/1593/2844 4188/1579/2844
f 4188/1579/2845 4190/1593/2845 2851/1062/2845
f 4190/1593/2846 2850/1064/2846 2851/1062/2846
f 2825/1058/2847 4191/1581/2847 4189/1580/2847
f 4191/1581/2848 4192/1594/2848 4189/1580/2848
f 4189/1580/2849 4192/1594/2849 4190/1593/2849
f 4192/1594/2850 4193/1595/2850 4190/1593/2850
f 4190/1593/2851 4193/1595/2851 2850/1064/2851
f 4193/1595/2852 2849/1066/2852 2850/1064/2852
f 2826/1057/2853 4194/1582/2853 4191/1581/2853
f 4194/1582/2854 4195/1596/2854 4191/1581/2854
f 4191/1581/2855 4195/1596/2855 4192/1594/2855
f 4195/1596/2856 4196/1597/2856 4192/1594/2856
f 4192/1594/2857 4196/1597/2857 4193/1595/2857
f 4196/1597/2858 4197/1598/2858 4193/1595/2858
f 4193/1595/2859 4197/1598/2859 2849/1066/2859
f 4197/1598/2860 2848/1068/2860 2849/1066/2860
f 2827/1056/2861 4198/1583/2861 4194/1582/2861
f 4198/1583/2862 4199/1599/2862 4194/1582/2862
f 4194/1582/2863 4199/1599/2863 4195/1596/2863
f 4199/1599/2864 4200/1600/2864 4195/1596/2864
f 4195/1596/2865 4200/1600/2865 4196/1597/2865
f 4200/1600/2866 4201/1601/2866 4196/1597/2866
f 4196/1597/2867 4201/1601/2867 4197/1598/2867
f 4201/1601/5220 4202/1602/5220 4197/1598/5220
f 4197/1598/2869 4202/1602/2869 2848/1068/2869
f 4202/1602/2870 2847/1070/2870 2848/1068/2870
f 2828/1055/2871 4203/1584/2871 4198/1583/2871
f 4203/1584/2872 4204/1603/2872 4198/1583/2872
f 4198/1583/5221 4204/1603/5221 4199/1599/5221
f 4204/1603/2874 4205/1604/2874 4199/1599/2874
f 4199/1599/2875 4205/1604/2875 4200/1600/2875
f 4205/1604/2876 4206/1605/2876 4200/1600/2876
f 4200/1600/2877 4206/1605/2877 4201/1601/2877
f 4206/1605/2878 4207/1606/2878 4201/1601/2878
f 4201/1601/2879 4207/1606/2879 4202/1602/2879
f 4207/1606/2880 4208/1607/2880 4202/1602/2880
f 4202/1602/2881 4208/1607/2881 2847/1070/2881
f 4208/1607/2882 2846/1072/2882 2847/1070/2882
f 2829/1054/2883 4209/1585/2883 4203/1584/2883
f 4209/1585/2884 4210/1608/2884 4203/1584/2884
f 4203/1584/2885 4210/1608/2885 4204/1603/2885
f 4210/1608/2886 4211/1609/2886 4204/1603/2886
f 4204/1603/2887 4211/1609/2887 4205/1604/2887
f 4211/1609/2888 4212/1610/2888 4205/1604/2888
f 4205/1604/2889 4212/1610/2889 4206/1605/2889
f 4212/1610/2890 4213/1611/2890 4206/1605/2890
f 4206/1605/2891 4213/1611/2891 4207/1606/2891
f 4213/1611/2892 4214/1612/2892 4207/1606/2892
f 4207/1606/2893 4214/1612/2893 4208/1607/2893
f 4214/1612/2894 4215/1613/2894 4208/1607/2894
f 4208/1607/2895 4215/1613/2895 2846/1072/2895
f 4215/1613/2896 2845/1074/2896 2846/1072/2896
f 2830/1053/2897 4216/1586/2897 4209/1585/2897
f 4216/1586/2898 4217/1614/2898 4209/1585/2898
f 4209/1585/2899 4217/1614/2899 4210/1608/2899
f 4217/1614/2900 4218/1615/2900 4210/1608/2900
f 4210/1608/2901 4218/1615/2901 4211/1609/2901
f 4218/1615/2902 4219/1616/2902 4211/1609/2902
f 4211/1609/2903 4219/1616/2903 4212/1610/2903
f 4219/1616/2904 4220/1617/2904 4212/1610/2904
f 4212/1610/2905 4220/1617/2905 4213/1611/2905
f 4220/1617/2906 4221/1618/2906 4213/1611/2906
f 4213/1611/2907 4221/1618/2907 4214/1612/2907
f 4221/1618/2908 4222/1619/2908 4214/1612/2908
f 4214/1612/2909 4222/1619/2909 4215/1613/2909
f 4222/1619/2910 4223/1620/2910 4215/1613/2910
f 4215/1613/2911 4223/1620/2911 2845/1074/2911
f 4223/1620/2912 2844/1076/2912 2845/1074/2912
f 2831/1052/2913 4224/1587/2913 4216/1586/2913
f 4224/1587/2914 4225/1621/2914 4216/1586/2914
f 4216/1586/2915 4225/1621/2915 4217/1614/2915
f 4225/1621/2916 4226/1622/2916 4217/1614/2916
f 4217/1614/2917 4226/1622/2917 4218/1615/2917
f 4226/1622/2918 4227/1623/2918 4218/1615/2918
f 4218/1615/2919 4227/1623/2919 4219/1616/2919
f 4227/1623/2920 4228/1624/2920 4219/1616/2920
f 4219/1616/2921 4228/1624/2921 4220/1617/2921
f 4228/1624/2922 4229/1625/2922 4220/1617/2922
f 4220/1617/2923 4229/1625/2923 4221/1618/2923
f 4229/1625/2924 4230/1626/2924 4221/1618/2924
f 4221/1618/2925 4230/1626/2925 4222/1619/2925
f 4230/1626/2926 4231/1627/2926 4222/1619/2926
f 4222/1619/2927 4231/1627/2927 4223/1620/2927
f 4231/1627/2928 4232/1628/2928 4223/1620/2928
f 4223/1620/2929 4232/1628/2929 2844/1076/2929
f 4232/1628/2930 2843/1078/2930 2844/1076/2930
f 2832/1051/2931 4233/1588/2931 4224/1587/2931
f 4233/1588/2932 4234/1629/2932 4224/1587/2932
f 4224/1587/2933 4234/1629/2933 4225/1621/2933
f 4234/1629/2934 4235/1630/2934 4225/1621/2934
f 4225/1621/2935 4235/1630/2935 4226/1622/2935
f 4235/1630/2936 4236/1631/2936 4226/1622/2936
f 4226/1622/5222 4236/1631/5222 4227/1623/5222
f 4236/1631/2938 4237/1632/2938 4227/1623/2938
f 4227/1623/2939 4237/1632/2939 4228/1624/2939
f 4237/1632/5223 4238/1633/5223 4228/1624/5223
f 4228/1624/2941 4238/1633/2941 4229/1625/2941
f 4238/1633/2942 4239/1634/2942 4229/1625/2942
f 4229/1625/2943 4239/1634/2943 4230/1626/2943
f 4239/1634/2944 4240/1635/2944 4230/1626/2944
f 4230/1626/2945 4240/1635/2945 4231/1627/2945
f 4240/1635/2946 4241/1636/2946 4231/1627/2946
f 4231/1627/2947 4241/1636/2947 4232/1628/2947
f 4241/1636/2948 4242/1637/2948 4232/1628/2948
f 4232/1628/2949 4242/1637/2949 2843/1078/2949
f 4242/1637/2950 2842/1080/2950 2843/1078/2950
f 2833/1050/2951 4243/1589/2951 4233/1588/2951
f 4243/1589/2952 4244/1638/2952 4233/1588/2952
f 4233/1588/2953 4244/1638/2953 4234/1629/2953
f 4244/1638/2954 4245/1639/2954 4234/1629/2954
f 4234/1629/2955 4245/1639/2955 4235/1630/2955
f 4245/1639/2956 4246/1640/2956 4235/1630/2956
f 4235/1630/2957 4246/1640/2957 4236/1631/2957
f 4246/1640/2958 4247/1641/2958 4236/1631/2958
f 4236/1631/2959 4247/1641/2959 4237/1632/2959
f 4247/1641/2960 4248/1642/2960 4237/1632/2960
f 4237/1632/2961 4248/1642/2961 4238/1633/2961
f 4248/1642/5224 4249/1643/5224 4238/1633/5224
f 4238/1633/2963 4249/1643/2963 4239/1634/2963
f 4249/1643/2964 4250/1644/2964 4239/1634/2964
f 4239/1634/2965 4250/1644/2965 4240/1635/2965
f 4250/1644/2966 4251/1645/2966 4240/1635/2966
f 4240/1635/2967 4251/1645/2967 4241/1636/2967
f 4251/1645/2968 4252/1646/2968 4241/1636/2968
f 4241/1636/2969 4252/1646/2969 4242/1637/2969
f 4252/1646/2970 4253/1647/2970 4242/1637/2970
f 4242/1637/2971 4253/1647/2971 2842/1080/2971
f 4253/1647/2972 2841/1082/2972 2842/1080/2972
f 2834/1049/2973 4254/1590/2973 4243/1589/2973
f 4254/1590/2974 4255/1648/2974 4243/1589/2974
f 4243/1589/2975 4255/1648/2975 4244/1638/2975
f 4255/1648/2976 4256/1649/2976 4244/1638/2976
f 4244/1638/2977 4256/1649/2977 4245/1639/2977
f 4256/1649/2978 4257/1650/2978 4245/1639/2978
f 4245/1639/2979 4257/1650/2979 4246/1640/2979
f 4257/1650/2980 4258/1651/2980 4246/1640/2980
f 4246/1640/2981 4258/1651/2981 4247/1641/2981
f 4258/1651/2982 4259/1652/2982 4247/1641/2982
f 4247/1641/2983 4259/1652/2983 4248/1642/2983
f 4259/1652/2984 4260/1653/2984 4248/1642/2984
f 4248/1642/2985 4260/1653/2985 4249/1643/2985
f 4260/1653/2986 4261/1654/2986 4249/1643/2986
f 4249/1643/2987 4261/1654/2987 4250/1644/2987
f 4261/1654/2988 4262/1655/2988 4250/1644/2988
f 4250/1644/2989 4262/1655/2989 4251/1645/2989
f 4262/1655/2990 4263/1656/2990 4251/1645/2990
f 4251/1645/2991 4263/1656/2991 4252/1646/2991
f 4263/1656/2992 4264/1657/2992 4252/1646/2992
f 4252/1646/2993 4264/1657/2993 4253/1647/2993
f 4264/1657/2994 4265/1658/2994 4253/1647/2994
f 4253/1647/2995 4265/1658/2995 2841/1082/2995
f 4265/1658/2996 2840/1084/2996 2841/1082/2996
f 2835/1048/2997 4266/1591/2997 4254/1590/2997
f 4266/1591/2998 4267/1659/2998 4254/1590/2998
f 4254/1590/2999 4267/1659/2999 4255/1648/2999
f 4267/1659/3000 4268/1660/3000 4255/1648/3000
f 4255/1648/5225 4268/1660/5225 4256/1649/5225
f 4268/1660/3002 4269/1661/3002 4256/1649/3002
f 4256/1649/3003 4269/1661/3003 4257/1650/3003
f 4269/1661/3004 4270/1662/3004 4257/1650/3004
f 4257/1650/3005 4270/1662/3005 4258/1651/3005
f 4270/1662/3006 4271/1663/3006 4258/1651/3006
f 4258/1651/3007 4271/1663/3007 4259/1652/3007
f 4271/1663/5226 4272/1664/5226 4259/1652/5226
f 4259/1652/3009 4272/1664/3009 4260/1653/3009
f 4272/1664/3010 4273/1665/3010 4260/1653/3010
f 4260/1653/3011 4273/1665/3011 4261/1654/3011
f 4273/1665/3012 4274/1666/3012 4261/1654/3012
f 4261/1654/3013 4274/1666/3013 4262/1655/3013
f 4274/1666/3014 4275/1667/3014 4262/1655/3014
f 4262/1655/3015 4275/1667/3015 4263/1656/3015
f 4275/1667/3016 4276/1668/3016 4263/1656/3016
f 4263/1656/3017 4276/1668/3017 4264/1657/3017
f 4276/1668/3018 4277/1669/3018 4264/1657/3018
f 4264/1657/3019 4277/1669/3019 4265/1658/3019
f 4277/1669/3020 4278/1670/3020 4265/1658/3020
f 4265/1658/3021 4278/1670/3021 2840/1084/3021
f 4278/1670/3022 2839/1086/3022 2840/1084/3022
f 2836/1047/3023 4279/1592/3023 4266/1591/3023
f 4279/1592/3024 4280/1671/3024 4266/1591/3024
f 4266/1591/3025 4280/1671/3025 4267/1659/3025
f 4280/1671/3026 4281/1672/3026 4267/1659/3026
f 4267/1659/3027 4281/1672/3027 4268/1660/3027
f 4281/1672/3028 4282/1673/3028 4268/1660/3028
f 4268/1660/3029 4282/1673/3029 4269/1661/3029
f 4282/1673/3030 4283/1674/3030 4269/1661/3030
f 4269/1661/3031 4283/1674/3031 4270/1662/3031
f 4283/1674/3032 4284/1675/3032 4270/1662/3032
f 4270/1662/3033 4284/1675/3033 4271/1663/3033
f 4284/1675/3034 4285/1676/3034 4271/1663/3034
f 4271/1663/3035 4285/1676/3035 4272/1664/3035
f 4285/1676/3036 4286/1677/3036 4272/1664/3036
f 4272/1664/3037 4286/1677/3037 4273/1665/3037
f 4286/1677/3038 4287/1678/3038 4273/1665/3038
f 4273/1665/5227 4287/1678/5227 4274/1666/5227
f 4287/1678/5228 4288/1679/5228 4274/1666/5228
f 4274/1666/3041 4288/1679/3041 4275/1667/3041
f 4288/1679/3042 4289/1680/3042 4275/1667/3042
f 4275/1667/3043 4289/1680/3043 4276/1668/3043
f 4289/1680/3044 4290/1681/3044 4276/1668/3044
f 4276/1668/3045 4290/1681/3045 4277/1669/3045
f 4290/1681/3046 4291/1682/3046 4277/1669/3046
f 4277/1669/3047 4291/1682/3047 4278/1670/3047
f 4291/1682/3048 4292/1683/3048 4278/1670/3048
f 4278/1670/3049 4292/1683/3049 2839/1086/3049
f 4292/1683/3050 2838/31/3050 2839/1086/3050
f 2837/25/5229 2717/24/5229 4279/1592/5229
f 2717/24/3052 2716/1684/3052 4279/1592/3052
f 4279/1592/3053 2716/1684/3053 4280/1671/3053
f 2716/1684/3054 2715/1685/3054 4280/1671/3054
f 4280/1671/3055 2715/1685/3055 4281/1672/3055
f 2715/1685/3056 2714/1686/3056 4281/1672/3056
f 4281/1672/3057 2714/1686/3057 4282/1673/3057
f 2714/1686/3058 2713/1687/3058 4282/1673/3058
f 4282/1673/3059 2713/1687/3059 4283/1674/3059
f 2713/1687/3060 2712/1688/3060 4283/1674/3060
f 4283/1674/3061 2712/1688/3061 4284/1675/3061
f 2712/1688/3062 2711/1689/3062 4284/1675/3062
f 4284/1675/3063 2711/1689/3063 4285/1676/3063
f 2711/1689/3064 2710/1690/3064 4285/1676/3064
f 4285/1676/3065 2710/1690/3065 4286/1677/3065
f 2710/1690/3066 2709/1691/3066 4286/1677/3066
f 4286/1677/3067 2709/1691/3067 4287/1678/3067
f 2709/1691/3068 2708/1692/3068 4287/1678/3068
f 4287/1678/3069 2708/1692/3069 4288/1679/3069
f 2708/1692/3070 2707/1693/3070 4288/1679/3070
f 4288/1679/3071 2707/1693/3071 4289/1680/3071
f 2707/1693/3072 2706/1694/3072 4289/1680/3072
f 4289/1680/3073 2706/1694/3073 4290/1681/3073
f 2706/1694/3074 2705/1695/3074 4290/1681/3074
f 4290/1681/3075 2705/1695/3075 4291/1682/3075
f 2705/1695/3076 2704/1696/3076 4291/1682/3076
f 4291/1682/3077 2704/1696/3077 4292/1683/3077
f 2704/1696/3078 2703/1697/3078 4292/1683/3078
f 4292/1683/5230 2703/1697/5230 2838/31/5230
f 2703/1697/3080 2574/20/3080 2838/31/3080
f 2793/1193/3081 2822/1698/3081 2578/496/3081
f 2794/1192/5231 4293/1699/5231 2793/1193/5231
f 2795/1191/3083 4294/1700/3083 2794/1192/3083
f 2796/1190/3084 4296/1701/3084 2795/1191/3084
f 2797/1189/3085 4299/1702/3085 2796/1190/3085
f 2798/1188/3086 4303/1703/3086 2797/1189/3086
f 2799/1187/3087 4308/1704/3087 2798/1188/3087
f 2800/1186/3088 4314/1705/3088 2799/1187/3088
f 2801/1185/3089 4321/1706/3089 2800/1186/3089
f 2802/1184/3090 4329/1707/3090 2801/1185/3090
f 2803/1183/3091 4338/1708/3091 2802/1184/3091
f 2804/1182/3092 4348/1709/3092 2803/1183/3092
f 2805/1181/3093 4359/1710/3093 2804/1182/3093
f 2806/1180/3094 4371/1711/3094 2805/1181/3094
f 2807/22/3095 4384/1712/3095 2806/1180/3095
f 2793/1193/3096 4293/1699/3096 2822/1698/3096
f 4293/1699/5232 2821/1713/5232 2822/1698/5232
f 2794/1192/3098 4294/1700/3098 4293/1699/3098
f 4294/1700/3099 4295/1714/3099 4293/1699/3099
f 4293/1699/3100 4295/1714/3100 2821/1713/3100
f 4295/1714/3101 2820/1715/3101 2821/1713/3101
f 2795/1191/3102 4296/1701/3102 4294/1700/3102
f 4296/1701/3103 4297/1716/3103 4294/1700/3103
f 4294/1700/3104 4297/1716/3104 4295/1714/3104
f 4297/1716/3105 4298/1717/3105 4295/1714/3105
f 4295/1714/5233 4298/1717/5233 2820/1715/5233
f 4298/1717/3107 2819/1718/3107 2820/1715/3107
f 2796/1190/3108 4299/1702/3108 4296/1701/3108
f 4299/1702/3109 4300/1719/3109 4296/1701/3109
f 4296/1701/3110 4300/1719/3110 4297/1716/3110
f 4300/1719/3111 4301/1720/3111 4297/1716/3111
f 4297/1716/3112 4301/1720/3112 4298/1717/3112
f 4301/1720/3113 4302/1721/3113 4298/1717/3113
f 4298/1717/3114 4302/1721/3114 2819/1718/3114
f 4302/1721/3115 2818/1722/3115 2819/1718/3115
f 2797/1189/3116 4303/1703/3116 4299/1702/3116
f 4303/1703/5234 4304/1723/5234 4299/1702/5234
f 4299/1702/3118 4304/1723/3118 4300/1719/3118
f 4304/1723/3119 4305/1724/3119 4300/1719/3119
f 4300/1719/3120 4305/1724/3120 4301/1720/3120
f 4305/1724/3121 4306/1725/3121 4301/1720/3121
f 4301/1720/3122 4306/1725/3122 4302/1721/3122
f 4306/1725/3123 4307/1726/3123 4302/1721/3123
f 4302/1721/3124 4307/1726/3124 2818/1722/3124
f 4307/1726/3125 2817/1727/3125 2818/1722/3125
f 2798/1188/3126 4308/1704/3126 4303/1703/3126
f 4308/1704/3127 4309/1728/3127 4303/1703/3127
f 4303/1703/3128 4309/1728/3128 4304/1723/3128
f 4309/1728/3129 4310/1729/3129 4304/1723/3129
f 4304/1723/3130 4310/1729/3130 4305/1724/3130
f 4310/1729/3131 4311/1730/3131 4305/1724/3131
f 4305/1724/3132 4311/1730/3132 4306/1725/3132
f 4311/1730/3133 4312/1731/3133 4306/1725/3133
f 4306/1725/3134 4312/1731/3134 4307/1726/3134
f 4312/1731/3135 4313/1732/3135 4307/1726/3135
f 4307/1726/3136 4313/1732/3136 2817/1727/3136
f 4313/1732/3137 2816/1733/3137 2817/1727/3137
f 2799/1187/3138 4314/1705/3138 4308/1704/3138
f 4314/1705/3139 4315/1734/3139 4308/1704/3139
f 4308/1704/3140 4315/1734/3140 4309/1728/3140
f 4315/1734/3141 4316/1735/3141 4309/1728/3141
f 4309/1728/3142 4316/1735/3142 4310/1729/3142
f 4316/1735/3143 4317/1736/3143 4310/1729/3143
f 4310/1729/3144 4317/1736/3144 4311/1730/3144
f 4317/1736/3145 4318/1737/3145 4311/1730/3145
f 4311/1730/3146 4318/1737/3146 4312/1731/3146
f 4318/1737/3147 4319/1738/3147 4312/1731/3147
f 4312/1731/3148 4319/1738/3148 4313/1732/3148
f 4319/1738/3149 4320/1739/3149 4313/1732/3149
f 4313/1732/3150 4320/1739/3150 2816/1733/3150
f 4320/1739/3151 2815/1740/3151 2816/1733/3151
f 2800/1186/3152 4321/1706/3152 4314/1705/3152
f 4321/1706/3153 4322/1741/3153 4314/1705/3153
f 4314/1705/3154 4322/1741/3154 4315/1734/3154
f 4322/1741/3155 4323/1742/3155 4315/1734/3155
f 4315/1734/3156 4323/1742/3156 4316/1735/3156
f 4323/1742/3157 4324/1743/3157 4316/1735/3157
f 4316/1735/3158 4324/1743/3158 4317/1736/3158
f 4324/1743/3159 4325/1744/3159 4317/1736/3159
f 4317/1736/3160 4325/1744/3160 4318/1737/3160
f 4325/1744/3161 4326/1745/3161 4318/1737/3161
f 4318/1737/3162 4326/1745/3162 4319/1738/3162
f 4326/1745/3163 4327/1746/3163 4319/1738/3163
f 4319/1738/3164 4327/1746/3164 4320/1739/3164
f 4327/1746/3165 4328/1747/3165 4320/1739/3165
f 4320/1739/3166 4328/1747/3166 2815/1740/3166
f 4328/1747/3167 2814/1748/3167 2815/1740/3167
f 2801/1185/3168 4329/1707/3168 4321/1706/3168
f 4329/1707/3169 4330/1749/3169 4321/1706/3169
f 4321/1706/3170 4330/1749/3170 4322/1741/3170
f 4330/1749/3171 4331/1750/3171 4322/1741/3171
f 4322/1741/3172 4331/1750/3172 4323/1742/3172
f 4331/1750/3173 4332/1751/3173 4323/1742/3173
f 4323/1742/3174 4332/1751/3174 4324/1743/3174
f 4332/1751/3175 4333/1752/3175 4324/1743/3175
f 4324/1743/3176 4333/1752/3176 4325/1744/3176
f 4333/1752/3177 4334/1753/3177 4325/1744/3177
f 4325/1744/3178 4334/1753/3178 4326/1745/3178
f 4334/1753/3179 4335/1754/3179 4326/1745/3179
f 4326/1745/3180 4335/1754/3180 4327/1746/3180
f 4335/1754/3181 4336/1755/3181 4327/1746/3181
f 4327/1746/3182 4336/1755/3182 4328/1747/3182
f 4336/1755/3183 4337/1756/3183 4328/1747/3183
f 4328/1747/3184 4337/1756/3184 2814/1748/3184
f 4337/1756/3185 2813/1757/3185 2814/1748/3185
f 2802/1184/3186 4338/1708/3186 4329/1707/3186
f 4338/1708/3187 4339/1758/3187 4329/1707/3187
f 4329/1707/3188 4339/1758/3188 4330/1749/3188
f 4339/1758/3189 4340/1759/3189 4330/1749/3189
f 4330/1749/3190 4340/1759/3190 4331/1750/3190
f 4340/1759/3191 4341/1760/3191 4331/1750/3191
f 4331/1750/3192 4341/1760/3192 4332/1751/3192
f 4341/1760/3193 4342/1761/3193 4332/1751/3193
f 4332/1751/3194 4342/1761/3194 4333/1752/3194
f 4342/1761/3195 4343/1762/3195 4333/1752/3195
f 4333/1752/3196 4343/1762/3196 4334/1753/3196
f 4343/1762/3197 4344/1763/3197 4334/1753/3197
f 4334/1753/3198 4344/1763/3198 4335/1754/3198
f 4344/1763/3199 4345/1764/3199 4335/1754/3199
f 4335/1754/3200 4345/1764/3200 4336/1755/3200
f 4345/1764/3201 4346/1765/3201 4336/1755/3201
f 4336/1755/3202 4346/1765/3202 4337/1756/3202
f 4346/1765/3203 4347/1766/3203 4337/1756/3203
f 4337/1756/5235 4347/1766/5235 2813/1757/5235
f 4347/1766/3205 2812/1767/3205 2813/1757/3205
f 2803/1183/3206 4348/1709/3206 4338/1708/3206
f 4348/1709/3207 4349/1768/3207 4338/1708/3207
f 4338/1708/3208 4349/1768/3208 4339/1758/3208
f 4349/1768/3209 4350/1769/3209 4339/1758/3209
f 4339/1758/3210 4350/1769/3210 4340/1759/3210
f 4350/1769/3211 4351/1770/3211 4340/1759/3211
f 4340/1759/3212 4351/1770/3212 4341/1760/3212
f 4351/1770/3213 4352/1771/3213 4341/1760/3213
f 4341/1760/3214 4352/1771/3214 4342/1761/3214
f 4352/1771/3215 4353/1772/3215 4342/1761/3215
f 4342/1761/3216 4353/1772/3216 4343/1762/3216
f 4353/1772/3217 4354/1773/3217 4343/1762/3217
f 4343/1762/3218 4354/1773/3218 4344/1763/3218
f 4354/1773/3219 4355/1774/3219 4344/1763/3219
f 4344/1763/3220 4355/1774/3220 4345/1764/3220
f 4355/1774/3221 4356/1775/3221 4345/1764/3221
f 4345/1764/3222 4356/1775/3222 4346/1765/3222
f 4356/1775/3223 4357/1776/3223 4346/1765/3223
f 4346/1765/3224 4357/1776/3224 4347/1766/3224
f 4357/1776/3225 4358/1777/3225 4347/1766/3225
f 4347/1766/3226 4358/1777/3226 2812/1767/3226
f 4358/1777/3227 2811/1778/3227 2812/1767/3227
f 2804/1182/3228 4359/1710/3228 4348/1709/3228
f 4359/1710/3229 4360/1779/3229 4348/1709/3229
f 4348/1709/3230 4360/1779/3230 4349/1768/3230
f 4360/1779/5236 4361/1780/5236 4349/1768/5236
f 4349/1768/3232 4361/1780/3232 4350/1769/3232
f 4361/1780/3233 4362/1781/3233 4350/1769/3233
f 4350/1769/3234 4362/1781/3234 4351/1770/3234
f 4362/1781/3235 4363/1782/3235 4351/1770/3235
f 4351/1770/3236 4363/1782/3236 4352/1771/3236
f 4363/1782/3237 4364/1783/3237 4352/1771/3237
f 4352/1771/3238 4364/1783/3238 4353/1772/3238
f 4364/1783/3239 4365/1784/3239 4353/1772/3239
f 4353/1772/3240 4365/1784/3240 4354/1773/3240
f 4365/1784/3241 4366/1785/3241 4354/1773/3241
f 4354/1773/3242 4366/1785/3242 4355/1774/3242
f 4366/1785/3243 4367/1786/3243 4355/1774/3243
f 4355/1774/3244 4367/1786/3244 4356/1775/3244
f 4367/1786/3245 4368/1787/3245 4356/1775/3245
f 4356/1775/3246 4368/1787/3246 4357/1776/3246
f 4368/1787/3247 4369/1788/3247 4357/1776/3247
f 4357/1776/3248 4369/1788/3248 4358/1777/3248
f 4369/1788/3249 4370/1789/3249 4358/1777/3249
f 4358/1777/3250 4370/1789/3250 2811/1778/3250
f 4370/1789/3251 2810/1790/3251 2811/1778/3251
f 2805/1181/3252 4371/1711/3252 4359/1710/3252
f 4371/1711/3253 4372/1791/3253 4359/1710/3253
f 4359/1710/3254 4372/1791/3254 4360/1779/3254
f 4372/1791/3255 4373/1792/3255 4360/1779/3255
f 4360/1779/3256 4373/1792/3256 4361/1780/3256
f 4373/1792/3257 4374/1793/3257 4361/1780/3257
f 4361/1780/3258 4374/1793/3258 4362/1781/3258
f 4374/1793/3259 4375/1794/3259 4362/1781/3259
f 4362/1781/3260 4375/1794/3260 4363/1782/3260
f 4375/1794/3261 4376/1795/3261 4363/1782/3261
f 4363/1782/3262 4376/1795/3262 4364/1783/3262
f 4376/1795/3263 4377/1796/3263 4364/1783/3263
f 4364/1783/3264 4377/1796/3264 4365/1784/3264
f 4377/1796/3265 4378/1797/3265 4365/1784/3265
f 4365/1784/3266 4378/1797/3266 4366/1785/3266
f 4378/1797/3267 4379/1798/3267 4366/1785/3267
f 4366/1785/3268 4379/1798/3268 4367/1786/3268
f 4379/1798/3269 4380/1799/3269 4367/1786/3269
f 4367/1786/3270 4380/1799/3270 4368/1787/3270
f 4380/1799/3271 4381/1800/3271 4368/1787/3271
f 4368/1787/3272 4381/1800/3272 4369/1788/3272
f 4381/1800/3273 4382/1801/3273 4369/1788/3273
f 4369/1788/3274 4382/1801/3274 4370/1789/3274
f 4382/1801/3275 4383/1802/3275 4370/1789/3275
f 4370/1789/3276 4383/1802/3276 2810/1790/3276
f 4383/1802/3277 2809/1803/3277 2810/1790/3277
f 2806/1180/3278 4384/1712/3278 4371/1711/3278
f 4384/1712/3279 4385/1804/3279 4371/1711/3279
f 4371/1711/3280 4385/1804/3280 4372/1791/3280
f 4385/1804/3281 4386/1805/3281 4372/1791/3281
f 4372/1791/3282 4386/1805/3282 4373/1792/3282
f 4386/1805/3283 4387/1806/3283 4373/1792/3283
f 4373/1792/3284 4387/1806/3284 4374/1793/3284
f 4387/1806/3285 4388/1807/3285 4374/1793/3285
f 4374/1793/3286 4388/1807/3286 4375/1794/3286
f 4388/1807/5237 4389/1808/5237 4375/1794/5237
f 4375/1794/5238 4389/1808/5238 4376/1795/5238
f 4389/1808/3289 4390/1809/3289 4376/1795/3289
f 4376/1795/5239 4390/1809/5239 4377/1796/5239
f 4390/1809/3291 4391/1810/3291 4377/1796/3291
f 4377/1796/3292 4391/1810/3292 4378/1797/3292
f 4391/1810/3293 4392/1811/3293 4378/1797/3293
f 4378/1797/3294 4392/1811/3294 4379/1798/3294
f 4392/1811/3295 4393/1812/3295 4379/1798/3295
f 4379/1798/3296 4393/1812/3296 4380/1799/3296
f 4393/1812/3297 4394/1813/3297 4380/1799/3297
f 4380/1799/3298 4394/1813/3298 4381/1800/3298
f 4394/1813/3299 4395/1814/3299 4381/1800/3299
f 4381/1800/3300 4395/1814/3300 4382/1801/3300
f 4395/1814/3301 4396/1815/3301 4382/1801/3301
f 4382/1801/3302 4396/1815/3302 4383/1802/3302
f 4396/1815/3303 4397/1816/3303 4383/1802/3303
f 4383/1802/3304 4397/1816/3304 2809/1803/3304
f 4397/1816/3305 2808/1817/3305 2809/1803/3305
f 2807/22/3306 2687/21/3306 4384/1712/3306
f 2687/21/3307 2686/1818/3307 4384/1712/3307
f 4384/1712/3308 2686/1818/3308 4385/1804/3308
f 2686/1818/3309 2685/1819/3309 4385/1804/3309
f 4385/1804/3310 2685/1819/3310 4386/1805/3310
f 2685/1819/3311 2684/1820/3311 4386/1805/3311
f 4386/1805/3312 2684/1820/3312 4387/1806/3312
f 2684/1820/3313 2683/1821/3313 4387/1806/3313
f 4387/1806/3314 2683/1821/3314 4388/1807/3314
f 2683/1821/3315 2682/1822/3315 4388/1807/3315
f 4388/1807/3316 2682/1822/3316 4389/1808/3316
f 2682/1822/3317 2681/1823/3317 4389/1808/3317
f 4389/1808/5240 2681/1823/5240 4390/1809/5240
f 2681/1823/5241 2680/1824/5241 4390/1809/5241
f 4390/1809/3320 2680/1824/3320 4391/1810/3320
f 2680/1824/3321 2679/1825/3321 4391/1810/3321
f 4391/1810/3322 2679/1825/3322 4392/1811/3322
f 2679/1825/3323 2678/1826/3323 4392/1811/3323
f 4392/1811/3324 2678/1826/3324 4393/1812/3324
f 2678/1826/3325 2677/1827/3325 4393/1812/3325
f 4393/1812/3326 2677/1827/3326 4394/1813/3326
f 2677/1827/5242 2676/1828/5242 4394/1813/5242
f 4394/1813/3328 2676/1828/3328 4395/1814/3328
f 2676/1828/3329 2675/1829/3329 4395/1814/3329
f 4395/1814/3330 2675/1829/3330 4396/1815/3330
f 2675/1829/3331 2674/1830/3331 4396/1815/3331
f 4396/1815/3332 2674/1830/3332 4397/1816/3332
f 2674/1830/3333 2673/1831/3333 4397/1816/3333
f 4397/1816/5243 2673/1831/5243 2808/1817/5243
f 2673/1831/3335 2573/1832/3335 2808/1817/3335
f 2763/1326/5244 2792/1327/5244 2577/34/5244
f 2764/1325/3337 4398/1833/3337 2763/1326/3337
f 2765/1324/3338 4399/1834/3338 2764/1325/3338
f 2766/1323/3339 4401/1835/3339 2765/1324/3339
f 2767/1322/3340 4404/1836/3340 2766/1323/3340
f 2768/1321/3341 4408/1837/3341 2767/1322/3341
f 2769/1320/3342 4413/1838/3342 2768/1321/3342
f 2770/1319/3343 4419/1839/3343 2769/1320/3343
f 2771/1318/3344 4426/1840/3344 2770/1319/3344
f 2772/1317/3345 4434/1841/3345 2771/1318/3345
f 2773/1316/3346 4443/1842/3346 2772/1317/3346
f 2774/1315/3347 4453/1843/3347 2773/1316/3347
f 2775/1314/3348 4464/1844/3348 2774/1315/3348
f 2776/1313/3349 4476/1845/3349 2775/1314/3349
f 2777/19/3350 4489/1846/3350 2776/1313/3350
f 2763/1326/3351 4398/1833/3351 2792/1327/3351
f 4398/1833/3352 2791/1328/3352 2792/1327/3352
f 2764/1325/3353 4399/1834/3353 4398/1833/3353
f 4399/1834/3354 4400/1847/3354 4398/1833/3354
f 4398/1833/3355 4400/1847/3355 2791/1328/3355
f 4400/1847/3356 2790/1330/3356 2791/1328/3356
f 2765/1324/3357 4401/1835/3357 4399/1834/3357
f 4401/1835/3358 4402/1848/3358 4399/1834/3358
f 4399/1834/3359 4402/1848/3359 4400/1847/3359
f 4402/1848/3360 4403/1849/3360 4400/1847/3360
f 4400/1847/3361 4403/1849/3361 2790/1330/3361
f 4403/1849/3362 2789/1332/3362 2790/1330/3362
f 2766/1323/3363 4404/1836/3363 4401/1835/3363
f 4404/1836/3364 4405/1850/3364 4401/1835/3364
f 4401/1835/3365 4405/1850/3365 4402/1848/3365
f 4405/1850/3366 4406/1851/3366 4402/1848/3366
f 4402/1848/3367 4406/1851/3367 4403/1849/3367
f 4406/1851/3368 4407/1852/3368 4403/1849/3368
f 4403/1849/3369 4407/1852/3369 2789/1332/3369
f 4407/1852/3370 2788/1334/3370 2789/1332/3370
f 2767/1322/3371 4408/1837/3371 4404/1836/3371
f 4408/1837/3372 4409/1853/3372 4404/1836/3372
f 4404/1836/3373 4409/1853/3373 4405/1850/3373
f 4409/1853/3374 4410/1854/3374 4405/1850/3374
f 4405/1850/3375 4410/1854/3375 4406/1851/3375
f 4410/1854/3376 4411/1855/3376 4406/1851/3376
f 4406/1851/3377 4411/1855/3377 4407/1852/3377
f 4411/1855/3378 4412/1856/3378 4407/1852/3378
f 4407/1852/3379 4412/1856/3379 2788/1334/3379
f 4412/1856/3380 2787/1336/3380 2788/1334/3380
f 2768/1321/3381 4413/1838/3381 4408/1837/3381
f 4413/1838/3382 4414/1857/3382 4408/1837/3382
f 4408/1837/3383 4414/1857/3383 4409/1853/3383
f 4414/1857/3384 4415/1858/3384 4409/1853/3384
f 4409/1853/3385 4415/1858/3385 4410/1854/3385
f 4415/1858/3386 4416/1859/3386 4410/1854/3386
f 4410/1854/3387 4416/1859/3387 4411/1855/3387
f 4416/1859/3388 4417/1860/3388 4411/1855/3388
f 4411/1855/3389 4417/1860/3389 4412/1856/3389
f 4417/1860/3390 4418/1861/3390 4412/1856/3390
f 4412/1856/3391 4418/1861/3391 2787/1336/3391
f 4418/1861/3392 2786/1338/3392 2787/1336/3392
f 2769/1320/3393 4419/1839/3393 4413/1838/3393
f 4419/1839/3394 4420/1862/3394 4413/1838/3394
f 4413/1838/3395 4420/1862/3395 4414/1857/3395
f 4420/1862/3396 4421/1863/3396 4414/1857/3396
f 4414/1857/3397 4421/1863/3397 4415/1858/3397
f 4421/1863/3398 4422/1864/3398 4415/1858/3398
f 4415/1858/3399 4422/1864/3399 4416/1859/3399
f 4422/1864/3400 4423/1865/3400 4416/1859/3400
f 4416/1859/3401 4423/1865/3401 4417/1860/3401
f 4423/1865/3402 4424/1866/3402 4417/1860/3402
f 4417/1860/3403 4424/1866/3403 4418/1861/3403
f 4424/1866/3404 4425/1867/3404 4418/1861/3404
f 4418/1861/3405 4425/1867/3405 2786/1338/3405
f 4425/1867/3406 2785/1340/3406 2786/1338/3406
f 2770/1319/3407 4426/1840/3407 4419/1839/3407
f 4426/1840/3408 4427/1868/3408 4419/1839/3408
f 4419/1839/3409 4427/1868/3409 4420/1862/3409
f 4427/1868/3410 4428/1869/3410 4420/1862/3410
f 4420/1862/3411 4428/1869/3411 4421/1863/3411
f 4428/1869/3412 4429/1870/3412 4421/1863/3412
f 4421/1863/3413 4429/1870/3413 4422/1864/3413
f 4429/1870/3414 4430/1871/3414 4422/1864/3414
f 4422/1864/3415 4430/1871/3415 4423/1865/3415
f 4430/1871/3416 4431/1872/3416 4423/1865/3416
f 4423/1865/3417 4431/1872/3417 4424/1866/3417
f 4431/1872/3418 4432/1873/3418 4424/1866/3418
f 4424/1866/3419 4432/1873/3419 4425/1867/3419
f 4432/1873/3420 4433/1874/3420 4425/1867/3420
f 4425/1867/3421 4433/1874/3421 2785/1340/3421
f 4433/1874/3422 2784/1342/3422 2785/1340/3422
f 2771/1318/3423 4434/1841/3423 4426/1840/3423
f 4434/1841/3424 4435/1875/3424 4426/1840/3424
f 4426/1840/3425 4435/1875/3425 4427/1868/3425
f 4435/1875/3426 4436/1876/3426 4427/1868/3426
f 4427/1868/3427 4436/1876/3427 4428/1869/3427
f 4436/1876/3428 4437/1877/3428 4428/1869/3428
f 4428/1869/3429 4437/1877/3429 4429/1870/3429
f 4437/1877/3430 4438/1878/3430 4429/1870/3430
f 4429/1870/3431 4438/1878/3431 4430/1871/3431
f 4438/1878/3432 4439/1879/3432 4430/1871/3432
f 4430/1871/3433 4439/1879/3433 4431/1872/3433
f 4439/1879/3434 4440/1880/3434 4431/1872/3434
f 4431/1872/3435 4440/1880/3435 4432/1873/3435
f 4440/1880/3436 4441/1881/3436 4432/1873/3436
f 4432/1873/3437 4441/1881/3437 4433/1874/3437
f 4441/1881/3438 4442/1882/3438 4433/1874/3438
f 4433/1874/3439 4442/1882/3439 2784/1342/3439
f 4442/1882/3440 2783/1344/3440 2784/1342/3440
f 2772/1317/3441 4443/1842/3441 4434/1841/3441
f 4443/1842/3442 4444/1883/3442 4434/1841/3442
f 4434/1841/3443 4444/1883/3443 4435/1875/3443
f 4444/1883/3444 4445/1884/3444 4435/1875/3444
f 4435/1875/3445 4445/1884/3445 4436/1876/3445
f 4445/1884/3446 4446/1885/3446 4436/1876/3446
f 4436/1876/3447 4446/1885/3447 4437/1877/3447
f 4446/1885/3448 4447/1886/3448 4437/1877/3448
f 4437/1877/3449 4447/1886/3449 4438/1878/3449
f 4447/1886/3450 4448/1887/3450 4438/1878/3450
f 4438/1878/3451 4448/1887/3451 4439/1879/3451
f 4448/1887/3452 4449/1888/3452 4439/1879/3452
f 4439/1879/3453 4449/1888/3453 4440/1880/3453
f 4449/1888/3454 4450/1889/3454 4440/1880/3454
f 4440/1880/3455 4450/1889/3455 4441/1881/3455
f 4450/1889/3456 4451/1890/3456 4441/1881/3456
f 4441/1881/3457 4451/1890/3457 4442/1882/3457
f 4451/1890/3458 4452/1891/3458 4442/1882/3458
f 4442/1882/3459 4452/1891/3459 2783/1344/3459
f 4452/1891/3460 2782/1346/3460 2783/1344/3460
f 2773/1316/3461 4453/1843/3461 4443/1842/3461
f 4453/1843/3462 4454/1892/3462 4443/1842/3462
f 4443/1842/3463 4454/1892/3463 4444/1883/3463
f 4454/1892/3464 4455/1893/3464 4444/1883/3464
f 4444/1883/3465 4455/1893/3465 4445/1884/3465
f 4455/1893/3466 4456/1894/3466 4445/1884/3466
f 4445/1884/3467 4456/1894/3467 4446/1885/3467
f 4456/1894/3468 4457/1895/3468 4446/1885/3468
f 4446/1885/3469 4457/1895/3469 4447/1886/3469
f 4457/1895/3470 4458/1896/3470 4447/1886/3470
f 4447/1886/3471 4458/1896/3471 4448/1887/3471
f 4458/1896/3472 4459/1897/3472 4448/1887/3472
f 4448/1887/3473 4459/1897/3473 4449/1888/3473
f 4459/1897/3474 4460/1898/3474 4449/1888/3474
f 4449/1888/3475 4460/1898/3475 4450/1889/3475
f 4460/1898/3476 4461/1899/3476 4450/1889/3476
f 4450/1889/3477 4461/1899/3477 4451/1890/3477
f 4461/1899/3478 4462/1900/3478 4451/1890/3478
f 4451/1890/3479 4462/1900/3479 4452/1891/3479
f 4462/1900/3480 4463/1901/3480 4452/1891/3480
f 4452/1891/3481 4463/1901/3481 2782/1346/3481
f 4463/1901/3482 2781/1348/3482 2782/1346/3482
f 2774/1315/3483 4464/1844/3483 4453/1843/3483
f 4464/1844/3484 4465/1902/3484 4453/1843/3484
f 4453/1843/3485 4465/1902/3485 4454/1892/3485
f 4465/1902/3486 4466/1903/3486 4454/1892/3486
f 4454/1892/3487 4466/1903/3487 4455/1893/3487
f 4466/1903/3488 4467/1904/3488 4455/1893/3488
f 4455/1893/3489 4467/1904/3489 4456/1894/3489
f 4467/1904/5245 4468/1905/5245 4456/1894/5245
f 4456/1894/3491 4468/1905/3491 4457/1895/3491
f 4468/1905/3492 4469/1906/3492 4457/1895/3492
f 4457/1895/3493 4469/1906/3493 4458/1896/3493
f 4469/1906/3494 4470/1907/3494 4458/1896/3494
f 4458/1896/3495 4470/1907/3495 4459/1897/3495
f 4470/1907/3496 4471/1908/3496 4459/1897/3496
f 4459/1897/3497 4471/1908/3497 4460/1898/3497
f 4471/1908/3498 4472/1909/3498 4460/1898/3498
f 4460/1898/3499 4472/1909/3499 4461/1899/3499
f 4472/1909/3500 4473/1910/3500 4461/1899/3500
f 4461/1899/3501 4473/1910/3501 4462/1900/3501
f 4473/1910/3502 4474/1911/3502 4462/1900/3502
f 4462/1900/3503 4474/1911/3503 4463/1901/3503
f 4474/1911/5246 4475/1912/5246 4463/1901/5246
f 4463/1901/3505 4475/1912/3505 2781/1348/3505
f 4475/1912/3506 2780/1350/3506 2781/1348/3506
f 2775/1314/3507 4476/1845/3507 4464/1844/3507
f 4476/1845/3508 4477/1913/3508 4464/1844/3508
f 4464/1844/3509 4477/1913/3509 4465/1902/3509
f 4477/1913/3510 4478/1914/3510 4465/1902/3510
f 4465/1902/3511 4478/1914/3511 4466/1903/3511
f 4478/1914/3512 4479/1915/3512 4466/1903/3512
f 4466/1903/3513 4479/1915/3513 4467/1904/3513
f 4479/1915/3514 4480/1916/3514 4467/1904/3514
f 4467/1904/3515 4480/1916/3515 4468/1905/3515
f 4480/1916/3516 4481/1917/3516 4468/1905/3516
f 4468/1905/3517 4481/1917/3517 4469/1906/3517
f 4481/1917/3518 4482/1918/3518 4469/1906/3518
f 4469/1906/3519 4482/1918/3519 4470/1907/3519
f 4482/1918/3520 4483/1919/3520 4470/1907/3520
f 4470/1907/3521 4483/1919/3521 4471/1908/3521
f 4483/1919/3522 4484/1920/3522 4471/1908/3522
f 4471/1908/3523 4484/1920/3523 4472/1909/3523
f 4484/1920/3524 4485/1921/3524 4472/1909/3524
f 4472/1909/3525 4485/1921/3525 4473/1910/3525
f 4485/1921/3526 4486/1922/3526 4473/1910/3526
f 4473/1910/3527 4486/1922/3527 4474/1911/3527
f 4486/1922/3528 4487/1923/3528 4474/1911/3528
f 4474/1911/3529 4487/1923/3529 4475/1912/3529
f 4487/1923/3530 4488/1924/3530 4475/1912/3530
f 4475/1912/3531 4488/1924/3531 2780/1350/3531
f 4488/1924/3532 2779/1352/3532 2780/1350/3532
f 2776/1313/3533 4489/1846/3533 4476/1845/3533
f 4489/1846/3534 4490/1925/3534 4476/1845/3534
f 4476/1845/3535 4490/1925/3535 4477/1913/3535
f 4490/1925/3536 4491/1926/3536 4477/1913/3536
f 4477/1913/3537 4491/1926/3537 4478/1914/3537
f 4491/1926/3538 4492/1927/3538 4478/1914/3538
f 4478/1914/3539 4492/1927/3539 4479/1915/3539
f 4492/1927/3540 4493/1928/3540 4479/1915/3540
f 4479/1915/3541 4493/1928/3541 4480/1916/3541
f 4493/1928/3542 4494/1929/3542 4480/1916/3542
f 4480/1916/3543 4494/1929/3543 4481/1917/3543
f 4494/1929/3544 4495/1930/3544 4481/1917/3544
f 4481/1917/3545 4495/1930/3545 4482/1918/3545
f 4495/1930/3546 4496/1931/3546 4482/1918/3546
f 4482/1918/5247 4496/1931/5247 4483/1919/5247
f 4496/1931/3548 4497/1932/3548 4483/1919/3548
f 4483/1919/3549 4497/1932/3549 4484/1920/3549
f 4497/1932/3550 4498/1933/3550 4484/1920/3550
f 4484/1920/3551 4498/1933/3551 4485/1921/3551
f 4498/1933/3552 4499/1934/3552 4485/1921/3552
f 4485/1921/3553 4499/1934/3553 4486/1922/3553
f 4499/1934/3554 4500/1935/3554 4486/1922/3554
f 4486/1922/3555 4500/1935/3555 4487/1923/3555
f 4500/1935/5248 4501/1936/5248 4487/1923/5248
f 4487/1923/3557 4501/1936/3557 4488/1924/3557
f 4501/1936/3558 4502/1937/3558 4488/1924/3558
f 4488/1924/3559 4502/1937/3559 2779/1352/3559
f 4502/1937/3560 2778/29/3560 2779/1352/3560
f 2777/19/3561 2627/18/3561 4489/1846/3561
f 2627/18/3562 2626/1938/3562 4489/1846/3562
f 4489/1846/3563 2626/1938/3563 4490/1925/3563
f 2626/1938/3564 2625/1939/3564 4490/1925/3564
f 4490/1925/3565 2625/1939/3565 4491/1926/3565
f 2625/1939/3566 2624/1940/3566 4491/1926/3566
f 4491/1926/3567 2624/1940/3567 4492/1927/3567
f 2624/1940/3568 2623/1941/3568 4492/1927/3568
f 4492/1927/3569 2623/1941/3569 4493/1928/3569
f 2623/1941/3570 2622/1942/3570 4493/1928/3570
f 4493/1928/3571 2622/1942/3571 4494/1929/3571
f 2622/1942/3572 2621/1943/3572 4494/1929/3572
f 4494/1929/3573 2621/1943/3573 4495/1930/3573
f 2621/1943/5249 2620/1944/5249 4495/1930/5249
f 4495/1930/3575 2620/1944/3575 4496/1931/3575
f 2620/1944/3576 2619/1945/3576 4496/1931/3576
f 4496/1931/3577 2619/1945/3577 4497/1932/3577
f 2619/1945/3578 2618/1946/3578 4497/1932/3578
f 4497/1932/3579 2618/1946/3579 4498/1933/3579
f 2618/1946/3580 2617/1947/3580 4498/1933/3580
f 4498/1933/3581 2617/1947/3581 4499/1934/3581
f 2617/1947/3582 2616/1948/3582 4499/1934/3582
f 4499/1934/3583 2616/1948/3583 4500/1935/3583
f 2616/1948/3584 2615/1949/3584 4500/1935/3584
f 4500/1935/3585 2615/1949/3585 4501/1936/3585
f 2615/1949/3586 2614/1950/3586 4501/1936/3586
f 4501/1936/3587 2614/1950/3587 4502/1937/3587
f 2614/1950/3588 2613/1951/3588 4502/1937/3588
f 4502/1937/3589 2613/1951/3589 2778/29/3589
f 2613/1951/3590 2572/4/3590 2778/29/3590
f 2733/1459/3591 2762/795/3591 2581/46/3591
f 2734/1458/3592 4503/1952/3592 2733/1459/3592
f 2735/1457/3593 4504/1953/3593 2734/1458/3593
f 2736/1456/3594 4506/1954/3594 2735/1457/3594
f 2737/1455/3595 4509/1955/3595 2736/1456/3595
f 2738/1454/3596 4513/1956/3596 2737/1455/3596
f 2739/1453/3597 4518/1957/3597 2738/1454/3597
f 2740/1452/3598 4524/1958/3598 2739/1453/3598
f 2741/1451/3599 4531/1959/3599 2740/1452/3599
f 2742/1450/3600 4539/1960/3600 2741/1451/3600
f 2743/1449/3601 4548/1961/3601 2742/1450/3601
f 2744/1448/3602 4558/1962/3602 2743/1449/3602
f 2745/1447/3603 4569/1963/3603 2744/1448/3603
f 2746/1446/5250 4581/1964/5250 2745/1447/5250
f 2747/16/3605 4594/1965/3605 2746/1446/3605
f 2733/1459/3606 4503/1952/3606 2762/795/3606
f 4503/1952/3607 2761/796/3607 2762/795/3607
f 2734/1458/3608 4504/1953/3608 4503/1952/3608
f 4504/1953/3609 4505/1966/3609 4503/1952/3609
f 4503/1952/3610 4505/1966/3610 2761/796/3610
f 4505/1966/3611 2760/798/3611 2761/796/3611
f 2735/1457/3612 4506/1954/3612 4504/1953/3612
f 4506/1954/3613 4507/1967/3613 4504/1953/3613
f 4504/1953/3614 4507/1967/3614 4505/1966/3614
f 4507/1967/3615 4508/1968/3615 4505/1966/3615
f 4505/1966/3616 4508/1968/3616 2760/798/3616
f 4508/1968/3617 2759/800/3617 2760/798/3617
f 2736/1456/3618 4509/1955/3618 4506/1954/3618
f 4509/1955/3619 4510/1969/3619 4506/1954/3619
f 4506/1954/3620 4510/1969/3620 4507/1967/3620
f 4510/1969/3621 4511/1970/3621 4507/1967/3621
f 4507/1967/3622 4511/1970/3622 4508/1968/3622
f 4511/1970/3623 4512/1971/3623 4508/1968/3623
f 4508/1968/3624 4512/1971/3624 2759/800/3624
f 4512/1971/3625 2758/802/3625 2759/800/3625
f 2737/1455/3626 4513/1956/3626 4509/1955/3626
f 4513/1956/3627 4514/1972/3627 4509/1955/3627
f 4509/1955/3628 4514/1972/3628 4510/1969/3628
f 4514/1972/3629 4515/1973/3629 4510/1969/3629
f 4510/1969/3630 4515/1973/3630 4511/1970/3630
f 4515/1973/3631 4516/1974/3631 4511/1970/3631
f 4511/1970/3632 4516/1974/3632 4512/1971/3632
f 4516/1974/3633 4517/1975/3633 4512/1971/3633
f 4512/1971/3634 4517/1975/3634 2758/802/3634
f 4517/1975/3635 2757/804/3635 2758/802/3635
f 2738/1454/3636 4518/1957/3636 4513/1956/3636
f 4518/1957/3637 4519/1976/3637 4513/1956/3637
f 4513/1956/3638 4519/1976/3638 4514/1972/3638
f 4519/1976/3639 4520/1977/3639 4514/1972/3639
f 4514/1972/3640 4520/1977/3640 4515/1973/3640
f 4520/1977/3641 4521/1978/3641 4515/1973/3641
f 4515/1973/3642 4521/1978/3642 4516/1974/3642
f 4521/1978/3643 4522/1979/3643 4516/1974/3643
f 4516/1974/3644 4522/1979/3644 4517/1975/3644
f 4522/1979/3645 4523/1980/3645 4517/1975/3645
f 4517/1975/3646 4523/1980/3646 2757/804/3646
f 4523/1980/3647 2756/806/3647 2757/804/3647
f 2739/1453/3648 4524/1958/3648 4518/1957/3648
f 4524/1958/3649 4525/1981/3649 4518/1957/3649
f 4518/1957/3650 4525/1981/3650 4519/1976/3650
f 4525/1981/3651 4526/1982/3651 4519/1976/3651
f 4519/1976/3652 4526/1982/3652 4520/1977/3652
f 4526/1982/3653 4527/1983/3653 4520/1977/3653
f 4520/1977/3654 4527/1983/3654 4521/1978/3654
f 4527/1983/3655 4528/1984/3655 4521/1978/3655
f 4521/1978/3656 4528/1984/3656 4522/1979/3656
f 4528/1984/3657 4529/1985/3657 4522/1979/3657
f 4522/1979/3658 4529/1985/3658 4523/1980/3658
f 4529/1985/3659 4530/1986/3659 4523/1980/3659
f 4523/1980/3660 4530/1986/3660 2756/806/3660
f 4530/1986/3661 2755/808/3661 2756/806/3661
f 2740/1452/3662 4531/1959/3662 4524/1958/3662
f 4531/1959/3663 4532/1987/3663 4524/1958/3663
f 4524/1958/3664 4532/1987/3664 4525/1981/3664
f 4532/1987/3665 4533/1988/3665 4525/1981/3665
f 4525/1981/3666 4533/1988/3666 4526/1982/3666
f 4533/1988/3667 4534/1989/3667 4526/1982/3667
f 4526/1982/3668 4534/1989/3668 4527/1983/3668
f 4534/1989/3669 4535/1990/3669 4527/1983/3669
f 4527/1983/3670 4535/1990/3670 4528/1984/3670
f 4535/1990/3671 4536/1991/3671 4528/1984/3671
f 4528/1984/3672 4536/1991/3672 4529/1985/3672
f 4536/1991/3673 4537/1992/3673 4529/1985/3673
f 4529/1985/3674 4537/1992/3674 4530/1986/3674
f 4537/1992/3675 4538/1993/3675 4530/1986/3675
f 4530/1986/3676 4538/1993/3676 2755/808/3676
f 4538/1993/3677 2754/810/3677 2755/808/3677
f 2741/1451/3678 4539/1960/3678 4531/1959/3678
f 4539/1960/3679 4540/1994/3679 4531/1959/3679
f 4531/1959/3680 4540/1994/3680 4532/1987/3680
f 4540/1994/3681 4541/1995/3681 4532/1987/3681
f 4532/1987/3682 4541/1995/3682 4533/1988/3682
f 4541/1995/3683 4542/1996/3683 4533/1988/3683
f 4533/1988/3684 4542/1996/3684 4534/1989/3684
f 4542/1996/3685 4543/1997/3685 4534/1989/3685
f 4534/1989/3686 4543/1997/3686 4535/1990/3686
f 4543/1997/3687 4544/1998/3687 4535/1990/3687
f 4535/1990/3688 4544/1998/3688 4536/1991/3688
f 4544/1998/3689 4545/1999/3689 4536/1991/3689
f 4536/1991/3690 4545/1999/3690 4537/1992/3690
f 4545/1999/3691 4546/2000/3691 4537/1992/3691
f 4537/1992/3692 4546/2000/3692 4538/1993/3692
f 4546/2000/3693 4547/2001/3693 4538/1993/3693
f 4538/1993/3694 4547/2001/3694 2754/810/3694
f 4547/2001/3695 2753/812/3695 2754/810/3695
f 2742/1450/3696 4548/1961/3696 4539/1960/3696
f 4548/1961/3697 4549/2002/3697 4539/1960/3697
f 4539/1960/3698 4549/2002/3698 4540/1994/3698
f 4549/2002/3699 4550/2003/3699 4540/1994/3699
f 4540/1994/5251 4550/2003/5251 4541/1995/5251
f 4550/2003/3701 4551/2004/3701 4541/1995/3701
f 4541/1995/3702 4551/2004/3702 4542/1996/3702
f 4551/2004/3703 4552/2005/3703 4542/1996/3703
f 4542/1996/3704 4552/2005/3704 4543/1997/3704
f 4552/2005/3705 4553/2006/3705 4543/1997/3705
f 4543/1997/3706 4553/2006/3706 4544/1998/3706
f 4553/2006/3707 4554/2007/3707 4544/1998/3707
f 4544/1998/3708 4554/2007/3708 4545/1999/3708
f 4554/2007/3709 4555/2008/3709 4545/1999/3709
f 4545/1999/5252 4555/2008/5252 4546/2000/5252
f 4555/2008/3711 4556/2009/3711 4546/2000/3711
f 4546/2000/3712 4556/2009/3712 4547/2001/3712
f 4556/2009/3713 4557/2010/3713 4547/2001/3713
f 4547/2001/3714 4557/2010/3714 2753/812/3714
f 4557/2010/3715 2752/814/3715 2753/812/3715
f 2743/1449/3716 4558/1962/3716 4548/1961/3716
f 4558/1962/3717 4559/2011/3717 4548/1961/3717
f 4548/1961/3718 4559/2011/3718 4549/2002/3718
f 4559/2011/3719 4560/2012/3719 4549/2002/3719
f 4549/2002/3720 4560/2012/3720 4550/2003/3720
f 4560/2012/3721 4561/2013/3721 4550/2003/3721
f 4550/2003/3722 4561/2013/3722 4551/2004/3722
f 4561/2013/3723 4562/2014/3723 4551/2004/3723
f 4551/2004/3724 4562/2014/3724 4552/2005/3724
f 4562/2014/5253 4563/2015/5253 4552/2005/5253
f 4552/2005/3726 4563/2015/3726 4553/2006/3726
f 4563/2015/5254 4564/2016/5254 4553/2006/5254
f 4553/2006/3728 4564/2016/3728 4554/2007/3728
f 4564/2016/3729 4565/2017/3729 4554/2007/3729
f 4554/2007/3730 4565/2017/3730 4555/2008/3730
f 4565/2017/3731 4566/2018/3731 4555/2008/3731
f 4555/2008/3732 4566/2018/3732 4556/2009/3732
f 4566/2018/3733 4567/2019/3733 4556/2009/3733
f 4556/2009/3734 4567/2019/3734 4557/2010/3734
f 4567/2019/3735 4568/2020/3735 4557/2010/3735
f 4557/2010/3736 4568/2020/3736 2752/814/3736
f 4568/2020/3737 2751/816/3737 2752/814/3737
f 2744/1448/3738 4569/1963/3738 4558/1962/3738
f 4569/1963/3739 4570/2021/3739 4558/1962/3739
f 4558/1962/3740 4570/2021/3740 4559/2011/3740
f 4570/2021/3741 4571/2022/3741 4559/2011/3741
f 4559/2011/3742 4571/2022/3742 4560/2012/3742
f 4571/2022/3743 4572/2023/3743 4560/2012/3743
f 4560/2012/3744 4572/2023/3744 4561/2013/3744
f 4572/2023/3745 4573/2024/3745 4561/2013/3745
f 4561/2013/3746 4573/2024/3746 4562/2014/3746
f 4573/2024/3747 4574/2025/3747 4562/2014/3747
f 4562/2014/3748 4574/2025/3748 4563/2015/3748
f 4574/2025/3749 4575/2026/3749 4563/2015/3749
f 4563/2015/3750 4575/2026/3750 4564/2016/3750
f 4575/2026/3751 4576/2027/3751 4564/2016/3751
f 4564/2016/3752 4576/2027/3752 4565/2017/3752
f 4576/2027/3753 4577/2028/3753 4565/2017/3753
f 4565/2017/3754 4577/2028/3754 4566/2018/3754
f 4577/2028/3755 4578/2029/3755 4566/2018/3755
f 4566/2018/3756 4578/2029/3756 4567/2019/3756
f 4578/2029/5255 4579/2030/5255 4567/2019/5255
f 4567/2019/3758 4579/2030/3758 4568/2020/3758
f 4579/2030/3759 4580/2031/3759 4568/2020/3759
f 4568/2020/3760 4580/2031/3760 2751/816/3760
f 4580/2031/3761 2750/818/3761 2751/816/3761
f 2745/1447/3762 4581/1964/3762 4569/1963/3762
f 4581/1964/3763 4582/2032/3763 4569/1963/3763
f 4569/1963/3764 4582/2032/3764 4570/2021/3764
f 4582/2032/3765 4583/2033/3765 4570/2021/3765
f 4570/2021/3766 4583/2033/3766 4571/2022/3766
f 4583/2033/3767 4584/2034/3767 4571/2022/3767
f 4571/2022/3768 4584/2034/3768 4572/2023/3768
f 4584/2034/3769 4585/2035/3769 4572/2023/3769
f 4572/2023/3770 4585/2035/3770 4573/2024/3770
f 4585/2035/3771 4586/2036/3771 4573/2024/3771
f 4573/2024/3772 4586/2036/3772 4574/2025/3772
f 4586/2036/3773 4587/2037/3773 4574/2025/3773
f 4574/2025/3774 4587/2037/3774 4575/2026/3774
f 4587/2037/3775 4588/2038/3775 4575/2026/3775
f 4575/2026/3776 4588/2038/3776 4576/2027/3776
f 4588/2038/3777 4589/2039/3777 4576/2027/3777
f 4576/2027/3778 4589/2039/3778 4577/2028/3778
f 4589/2039/3779 4590/2040/3779 4577/2028/3779
f 4577/2028/3780 4590/2040/3780 4578/2029/3780
f 4590/2040/3781 4591/2041/3781 4578/2029/3781
f 4578/2029/3782 4591/2041/3782 4579/2030/3782
f 4591/2041/3783 4592/2042/3783 4579/2030/3783
f 4579/2030/3784 4592/2042/3784 4580/2031/3784
f 4592/2042/3785 4593/2043/3785 4580/2031/3785
f 4580/2031/3786 4593/2043/3786 2750/818/3786
f 4593/2043/5256 2749/820/5256 2750/818/5256
f 2746/1446/3788 4594/1965/3788 4581/1964/3788
f 4594/1965/3789 4595/2044/3789 4581/1964/3789
f 4581/1964/3790 4595/2044/3790 4582/2032/3790
f 4595/2044/3791 4596/2045/3791 4582/2032/3791
f 4582/2032/3792 4596/2045/3792 4583/2033/3792
f 4596/2045/3793 4597/2046/3793 4583/2033/3793
f 4583/2033/3794 4597/2046/3794 4584/2034/3794
f 4597/2046/3795 4598/2047/3795 4584/2034/3795
f 4584/2034/3796 4598/2047/3796 4585/2035/3796
f 4598/2047/3797 4599/2048/3797 4585/2035/3797
f 4585/2035/3798 4599/2048/3798 4586/2036/3798
f 4599/2048/3799 4600/2049/3799 4586/2036/3799
f 4586/2036/3800 4600/2049/3800 4587/2037/3800
f 4600/2049/3801 4601/2050/3801 4587/2037/3801
f 4587/2037/3802 4601/2050/3802 4588/2038/3802
f 4601/2050/3803 4602/2051/3803 4588/2038/3803
f 4588/2038/3804 4602/2051/3804 4589/2039/3804
f 4602/2051/3805 4603/2052/3805 4589/2039/3805
f 4589/2039/3806 4603/2052/3806 4590/2040/3806
f 4603/2052/3807 4604/2053/3807 4590/2040/3807
f 4590/2040/3808 4604/2053/3808 4591/2041/3808
f 4604/2053/3809 4605/2054/3809 4591/2041/3809
f 4591/2041/3810 4605/2054/3810 4592/2042/3810
f 4605/2054/3811 4606/2055/3811 4592/2042/3811
f 4592/2042/3812 4606/2055/3812 4593/2043/3812
f 4606/2055/3813 4607/2056/3813 4593/2043/3813
f 4593/2043/3814 4607/2056/3814 2749/820/3814
f 4607/2056/3815 2748/33/3815 2749/820/3815
f 2747/16/3816 2642/6/3816 4594/1965/3816
f 2642/6/3817 2641/2057/3817 4594/1965/3817
f 4594/1965/3818 2641/2057/3818 4595/2044/3818
f 2641/2057/3819 2640/2058/3819 4595/2044/3819
f 4595/2044/3820 2640/2058/3820 4596/2045/3820
f 2640/2058/3821 2639/2059/3821 4596/2045/3821
f 4596/2045/3822 2639/2059/3822 4597/2046/3822
f 2639/2059/3823 2638/2060/3823 4597/2046/3823
f 4597/2046/3824 2638/2060/3824 4598/2047/3824
f 2638/2060/3825 2637/2061/3825 4598/2047/3825
f 4598/2047/5257 2637/2061/5257 4599/2048/5257
f 2637/2061/3827 2636/2062/3827 4599/2048/3827
f 4599/2048/3828 2636/2062/3828 4600/2049/3828
f 2636/2062/3829 2635/2063/3829 4600/2049/3829
f 4600/2049/3830 2635/2063/3830 4601/2050/3830
f 2635/2063/3831 2634/2064/3831 4601/2050/3831
f 4601/2050/3832 2634/2064/3832 4602/2051/3832
f 2634/2064/3833 2633/2065/3833 4602/2051/3833
f 4602/2051/5258 2633/2065/5258 4603/2052/5258
f 2633/2065/3835 2632/2066/3835 4603/2052/3835
f 4603/2052/3836 2632/2066/3836 4604/2053/3836
f 2632/2066/3837 2631/2067/3837 4604/2053/3837
f 4604/2053/3838 2631/2067/3838 4605/2054/3838
f 2631/2067/5259 2630/2068/5259 4605/2054/5259
f 4605/2054/3840 2630/2068/3840 4606/2055/3840
f 2630/2068/3841 2629/2069/3841 4606/2055/3841
f 4606/2055/3842 2629/2069/3842 4607/2056/3842
f 2629/2069/3843 2628/2070/3843 4607/2056/3843
f 4607/2056/5260 2628/2070/5260 2748/33/5260
f 2628/2070/3845 2576/26/3845 2748/33/3845
f 2657/2071/3846 2732/27/3846 2576/26/3846
f 2656/2072/3847 4608/2073/3847 2657/2071/3847
f 2655/2074/3848 4609/2075/3848 2656/2072/3848
f 2654/2076/3849 4611/2077/3849 2655/2074/3849
f 2653/2078/5261 4614/2079/5261 2654/2076/5261
f 2652/2080/3851 4618/2081/3851 2653/2078/3851
f 2651/2082/5262 4623/2083/5262 2652/2080/5262
f 2650/2084/3853 4629/2085/3853 2651/2082/3853
f 2649/2086/3854 4636/2087/3854 2650/2084/3854
f 2648/2088/5263 4644/2089/5263 2649/2086/5263
f 2647/2090/3856 4653/2091/3856 2648/2088/3856
f 2646/2092/3857 4663/2093/3857 2647/2090/3857
f 2645/2094/3858 4674/2095/3858 2646/2092/3858
f 2644/2096/3859 4686/2097/3859 2645/2094/3859
f 2643/15/3860 4699/2098/3860 2644/2096/3860
f 2657/2071/3861 4608/2073/3861 2732/27/3861
f 4608/2073/3862 2731/1565/3862 2732/27/3862
f 2656/2072/3863 4609/2075/3863 4608/2073/3863
f 4609/2075/3864 4610/2099/3864 4608/2073/3864
f 4608/2073/3865 4610/2099/3865 2731/1565/3865
f 4610/2099/3866 2730/1566/3866 2731/1565/3866
f 2655/2074/3867 4611/2077/3867 4609/2075/3867
f 4611/2077/3868 4612/2100/3868 4609/2075/3868
f 4609/2075/3869 4612/2100/3869 4610/2099/3869
f 4612/2100/3870 4613/2101/3870 4610/2099/3870
f 4610/2099/3871 4613/2101/3871 2730/1566/3871
f 4613/2101/3872 2729/1567/3872 2730/1566/3872
f 2654/2076/3873 4614/2079/3873 4611/2077/3873
f 4614/2079/3874 4615/2102/3874 4611/2077/3874
f 4611/2077/3875 4615/2102/3875 4612/2100/3875
f 4615/2102/3876 4616/2103/3876 4612/2100/3876
f 4612/2100/3877 4616/2103/3877 4613/2101/3877
f 4616/2103/3878 4617/2104/3878 4613/2101/3878
f 4613/2101/3879 4617/2104/3879 2729/1567/3879
f 4617/2104/3880 2728/1568/3880 2729/1567/3880
f 2653/2078/3881 4618/2081/3881 4614/2079/3881
f 4618/2081/3882 4619/2105/3882 4614/2079/3882
f 4614/2079/3883 4619/2105/3883 4615/2102/3883
f 4619/2105/3884 4620/2106/3884 4615/2102/3884
f 4615/2102/3885 4620/2106/3885 4616/2103/3885
f 4620/2106/3886 4621/2107/3886 4616/2103/3886
f 4616/2103/3887 4621/2107/3887 4617/2104/3887
f 4621/2107/5264 4622/2108/5264 4617/2104/5264
f 4617/2104/3889 4622/2108/3889 2728/1568/3889
f 4622/2108/3890 2727/1569/3890 2728/1568/3890
f 2652/2080/3891 4623/2083/3891 4618/2081/3891
f 4623/2083/3892 4624/2109/3892 4618/2081/3892
f 4618/2081/3893 4624/2109/3893 4619/2105/3893
f 4624/2109/3894 4625/2110/3894 4619/2105/3894
f 4619/2105/3895 4625/2110/3895 4620/2106/3895
f 4625/2110/3896 4626/2111/3896 4620/2106/3896
f 4620/2106/3897 4626/2111/3897 4621/2107/3897
f 4626/2111/3898 4627/2112/3898 4621/2107/3898
f 4621/2107/3899 4627/2112/3899 4622/2108/3899
f 4627/2112/3900 4628/2113/3900 4622/2108/3900
f 4622/2108/3901 4628/2113/3901 2727/1569/3901
f 4628/2113/3902 2726/1570/3902 2727/1569/3902
f 2651/2082/3903 4629/2085/3903 4623/2083/3903
f 4629/2085/3904 4630/2114/3904 4623/2083/3904
f 4623/2083/3905 4630/2114/3905 4624/2109/3905
f 4630/2114/3906 4631/2115/3906 4624/2109/3906
f 4624/2109/3907 4631/2115/3907 4625/2110/3907
f 4631/2115/3908 4632/2116/3908 4625/2110/3908
f 4625/2110/3909 4632/2116/3909 4626/2111/3909
f 4632/2116/3910 4633/2117/3910 4626/2111/3910
f 4626/2111/3911 4633/2117/3911 4627/2112/3911
f 4633/2117/3912 4634/2118/3912 4627/2112/3912
f 4627/2112/3913 4634/2118/3913 4628/2113/3913
f 4634/2118/3914 4635/2119/3914 4628/2113/3914
f 4628/2113/5265 4635/2119/5265 2726/1570/5265
f 4635/2119/3916 2725/1571/3916 2726/1570/3916
f 2650/2084/3917 4636/2087/3917 4629/2085/3917
f 4636/2087/3918 4637/2120/3918 4629/2085/3918
f 4629/2085/3919 4637/2120/3919 4630/2114/3919
f 4637/2120/3920 4638/2121/3920 4630/2114/3920
f 4630/2114/3921 4638/2121/3921 4631/2115/3921
f 4638/2121/3922 4639/2122/3922 4631/2115/3922
f 4631/2115/3923 4639/2122/3923 4632/2116/3923
f 4639/2122/3924 4640/2123/3924 4632/2116/3924
f 4632/2116/3925 4640/2123/3925 4633/2117/3925
f 4640/2123/3926 4641/2124/3926 4633/2117/3926
f 4633/2117/3927 4641/2124/3927 4634/2118/3927
f 4641/2124/3928 4642/2125/3928 4634/2118/3928
f 4634/2118/3929 4642/2125/3929 4635/2119/3929
f 4642/2125/3930 4643/2126/3930 4635/2119/3930
f 4635/2119/3931 4643/2126/3931 2725/1571/3931
f 4643/2126/3932 2724/1572/3932 2725/1571/3932
f 2649/2086/3933 4644/2089/3933 4636/2087/3933
f 4644/2089/3934 4645/2127/3934 4636/2087/3934
f 4636/2087/3935 4645/2127/3935 4637/2120/3935
f 4645/2127/3936 4646/2128/3936 4637/2120/3936
f 4637/2120/3937 4646/2128/3937 4638/2121/3937
f 4646/2128/3938 4647/2129/3938 4638/2121/3938
f 4638/2121/3939 4647/2129/3939 4639/2122/3939
f 4647/2129/3940 4648/2130/3940 4639/2122/3940
f 4639/2122/3941 4648/2130/3941 4640/2123/3941
f 4648/2130/3942 4649/2131/3942 4640/2123/3942
f 4640/2123/3943 4649/2131/3943 4641/2124/3943
f 4649/2131/3944 4650/2132/3944 4641/2124/3944
f 4641/2124/3945 4650/2132/3945 4642/2125/3945
f 4650/2132/5266 4651/2133/5266 4642/2125/5266
f 4642/2125/3947 4651/2133/3947 4643/2126/3947
f 4651/2133/3948 4652/2134/3948 4643/2126/3948
f 4643/2126/5267 4652/2134/5267 2724/1572/5267
f 4652/2134/3950 2723/1573/3950 2724/1572/3950
f 2648/2088/3951 4653/2091/3951 4644/2089/3951
f 4653/2091/3952 4654/2135/3952 4644/2089/3952
f 4644/2089/3953 4654/2135/3953 4645/2127/3953
f 4654/2135/3954 4655/2136/3954 4645/2127/3954
f 4645/2127/3955 4655/2136/3955 4646/2128/3955
f 4655/2136/3956 4656/2137/3956 4646/2128/3956
f 4646/2128/3957 4656/2137/3957 4647/2129/3957
f 4656/2137/5268 4657/2138/5268 4647/2129/5268
f 4647/2129/3959 4657/2138/3959 4648/2130/3959
f 4657/2138/3960 4658/2139/3960 4648/2130/3960
f 4648/2130/3961 4658/2139/3961 4649/2131/3961
f 4658/2139/3962 4659/2140/3962 4649/2131/3962
f 4649/2131/3963 4659/2140/3963 4650/2132/3963
f 4659/2140/3964 4660/2141/3964 4650/2132/3964
f 4650/2132/3965 4660/2141/3965 4651/2133/3965
f 4660/2141/3966 4661/2142/3966 4651/2133/3966
f 4651/2133/3967 4661/2142/3967 4652/2134/3967
f 4661/2142/3968 4662/2143/3968 4652/2134/3968
f 4652/2134/3969 4662/2143/3969 2723/1573/3969
f 4662/2143/3970 2722/1574/3970 2723/1573/3970
f 2647/2090/3971 4663/2093/3971 4653/2091/3971
f 4663/2093/5269 4664/2144/5269 4653/2091/5269
f 4653/2091/3973 4664/2144/3973 4654/2135/3973
f 4664/2144/3974 4665/2145/3974 4654/2135/3974
f 4654/2135/3975 4665/2145/3975 4655/2136/3975
f 4665/2145/3976 4666/2146/3976 4655/2136/3976
f 4655/2136/3977 4666/2146/3977 4656/2137/3977
f 4666/2146/3978 4667/2147/3978 4656/2137/3978
f 4656/2137/3979 4667/2147/3979 4657/2138/3979
f 4667/2147/3980 4668/2148/3980 4657/2138/3980
f 4657/2138/3981 4668/2148/3981 4658/2139/3981
f 4668/2148/3982 4669/2149/3982 4658/2139/3982
f 4658/2139/3983 4669/2149/3983 4659/2140/3983
f 4669/2149/3984 4670/2150/3984 4659/2140/3984
f 4659/2140/3985 4670/2150/3985 4660/2141/3985
f 4670/2150/3986 4671/2151/3986 4660/2141/3986
f 4660/2141/3987 4671/2151/3987 4661/2142/3987
f 4671/2151/3988 4672/2152/3988 4661/2142/3988
f 4661/2142/3989 4672/2152/3989 4662/2143/3989
f 4672/2152/3990 4673/2153/3990 4662/2143/3990
f 4662/2143/3991 4673/2153/3991 2722/1574/3991
f 4673/2153/3992 2721/1575/3992 2722/1574/3992
f 2646/2092/3993 4674/2095/3993 4663/2093/3993
f 4674/2095/3994 4675/2154/3994 4663/2093/3994
f 4663/2093/3995 4675/2154/3995 4664/2144/3995
f 4675/2154/3996 4676/2155/3996 4664/2144/3996
f 4664/2144/3997 4676/2155/3997 4665/2145/3997
f 4676/2155/3998 4677/2156/3998 4665/2145/3998
f 4665/2145/5270 4677/2156/5270 4666/2146/5270
f 4677/2156/4000 4678/2157/4000 4666/2146/4000
f 4666/2146/4001 4678/2157/4001 4667/2147/4001
f 4678/2157/4002 4679/2158/4002 4667/2147/4002
f 4667/2147/4003 4679/2158/4003 4668/2148/4003
f 4679/2158/4004 4680/2159/4004 4668/2148/4004
f 4668/2148/4005 4680/2159/4005 4669/2149/4005
f 4680/2159/4006 4681/2160/4006 4669/2149/4006
f 4669/2149/4007 4681/2160/4007 4670/2150/4007
f 4681/2160/4008 4682/2161/4008 4670/2150/4008
f 4670/2150/4009 4682/2161/4009 4671/2151/4009
f 4682/2161/4010 4683/2162/4010 4671/2151/4010
f 4671/2151/4011 4683/2162/4011 4672/2152/4011
f 4683/2162/4012 4684/2163/4012 4672/2152/4012
f 4672/2152/4013 4684/2163/4013 4673/2153/4013
f 4684/2163/5271 4685/2164/5271 4673/2153/5271
f 4673/2153/4015 4685/2164/4015 2721/1575/4015
f 4685/2164/4016 2720/1576/4016 2721/1575/4016
f 2645/2094/4017 4686/2097/4017 4674/2095/4017
f 4686/2097/4018 4687/2165/4018 4674/2095/4018
f 4674/2095/4019 4687/2165/4019 4675/2154/4019
f 4687/2165/4020 4688/2166/4020 4675/2154/4020
f 4675/2154/4021 4688/2166/4021 4676/2155/4021
f 4688/2166/4022 4689/2167/4022 4676/2155/4022
f 4676/2155/4023 4689/2167/4023 4677/2156/4023
f 4689/2167/4024 4690/2168/4024 4677/2156/4024
f 4677/2156/4025 4690/2168/4025 4678/2157/4025
f 4690/2168/4026 4691/2169/4026 4678/2157/4026
f 4678/2157/4027 4691/2169/4027 4679/2158/4027
f 4691/2169/4028 4692/2170/4028 4679/2158/4028
f 4679/2158/4029 4692/2170/4029 4680/2159/4029
f 4692/2170/4030 4693/2171/4030 4680/2159/4030
f 4680/2159/4031 4693/2171/4031 4681/2160/4031
f 4693/2171/4032 4694/2172/4032 4681/2160/4032
f 4681/2160/4033 4694/2172/4033 4682/2161/4033
f 4694/2172/4034 4695/2173/4034 4682/2161/4034
f 4682/2161/4035 4695/2173/4035 4683/2162/4035
f 4695/2173/4036 4696/2174/4036 4683/2162/4036
f 4683/2162/4037 4696/2174/4037 4684/2163/4037
f 4696/2174/4038 4697/2175/4038 4684/2163/4038
f 4684/2163/5272 4697/2175/5272 4685/2164/5272
f 4697/2175/4040 4698/2176/4040 4685/2164/4040
f 4685/2164/4041 4698/2176/4041 2720/1576/4041
f 4698/2176/4042 2719/1577/4042 2720/1576/4042
f 2644/2096/4043 4699/2098/4043 4686/2097/4043
f 4699/2098/5273 4700/2177/5273 4686/2097/5273
f 4686/2097/4045 4700/2177/4045 4687/2165/4045
f 4700/2177/4046 4701/2178/4046 4687/2165/4046
f 4687/2165/4047 4701/2178/4047 4688/2166/4047
f 4701/2178/4048 4702/2179/4048 4688/2166/4048
f 4688/2166/4049 4702/2179/4049 4689/2167/4049
f 4702/2179/4050 4703/2180/4050 4689/2167/4050
f 4689/2167/5274 4703/2180/5274 4690/2168/5274
f 4703/2180/5275 4704/2181/5275 4690/2168/5275
f 4690/2168/4053 4704/2181/4053 4691/2169/4053
f 4704/2181/4054 4705/2182/4054 4691/2169/4054
f 4691/2169/4055 4705/2182/4055 4692/2170/4055
f 4705/2182/4056 4706/2183/4056 4692/2170/4056
f 4692/2170/4057 4706/2183/4057 4693/2171/4057
f 4706/2183/4058 4707/2184/4058 4693/2171/4058
f 4693/2171/4059 4707/2184/4059 4694/2172/4059
f 4707/2184/4060 4708/2185/4060 4694/2172/4060
f 4694/2172/4061 4708/2185/4061 4695/2173/4061
f 4708/2185/4062 4709/2186/4062 4695/2173/4062
f 4695/2173/4063 4709/2186/4063 4696/2174/4063
f 4709/2186/5276 4710/2187/5276 4696/2174/5276
f 4696/2174/4065 4710/2187/4065 4697/2175/4065
f 4710/2187/4066 4711/2188/4066 4697/2175/4066
f 4697/2175/4067 4711/2188/4067 4698/2176/4067
f 4711/2188/4068 4712/2189/4068 4698/2176/4068
f 4698/2176/4069 4712/2189/4069 2719/1577/4069
f 4712/2189/4070 2718/1578/4070 2719/1577/4070
f 2643/15/4071 2702/14/4071 4699/2098/4071
f 2702/14/4072 2701/2190/4072 4699/2098/4072
f 4699/2098/4073 2701/2190/4073 4700/2177/4073
f 2701/2190/4074 2700/2191/4074 4700/2177/4074
f 4700/2177/4075 2700/2191/4075 4701/2178/4075
f 2700/2191/4076 2699/2192/4076 4701/2178/4076
f 4701/2178/4077 2699/2192/4077 4702/2179/4077
f 2699/2192/4078 2698/2193/4078 4702/2179/4078
f 4702/2179/4079 2698/2193/4079 4703/2180/4079
f 2698/2193/4080 2697/2194/4080 4703/2180/4080
f 4703/2180/4081 2697/2194/4081 4704/2181/4081
f 2697/2194/4082 2696/2195/4082 4704/2181/4082
f 4704/2181/4083 2696/2195/4083 4705/2182/4083
f 2696/2195/4084 2695/2196/4084 4705/2182/4084
f 4705/2182/4085 2695/2196/4085 4706/2183/4085
f 2695/2196/4086 2694/2197/4086 4706/2183/4086
f 4706/2183/4087 2694/2197/4087 4707/2184/4087
f 2694/2197/5277 2693/2198/5277 4707/2184/5277
f 4707/2184/4089 2693/2198/4089 4708/2185/4089
f 2693/2198/5278 2692/2199/5278 4708/2185/5278
f 4708/2185/4091 2692/2199/4091 4709/2186/4091
f 2692/2199/4092 2691/2200/4092 4709/2186/4092
f 4709/2186/4093 2691/2200/4093 4710/2187/4093
f 2691/2200/5279 2690/2201/5279 4710/2187/5279
f 4710/2187/4095 2690/2201/4095 4711/2188/4095
f 2690/2201/4096 2689/2202/4096 4711/2188/4096
f 4711/2188/4097 2689/2202/4097 4712/2189/4097
f 2689/2202/4098 2688/2203/4098 4712/2189/4098
f 4712/2189/4099 2688/2203/4099 2718/1578/4099
f 2688/2203/4100 2575/23/4100 2718/1578/4100
f 2688/2204/4101 2717/24/4101 2575/23/4101
f 2689/2205/4102 4713/2206/4102 2688/2204/4102
f 2690/2207/4103 4714/2208/4103 2689/2205/4103
f 2691/2209/4104 4716/2210/4104 2690/2207/4104
f 2692/2211/5280 4719/2212/5280 2691/2209/5280
f 2693/2213/4106 4723/2214/4106 2692/2211/4106
f 2694/2215/4107 4728/2216/4107 2693/2213/4107
f 2695/2217/4108 4734/2218/4108 2694/2215/4108
f 2696/2219/4109 4741/2220/4109 2695/2217/4109
f 2697/2221/4110 4749/2222/4110 2696/2219/4110
f 2698/2223/4111 4758/2224/4111 2697/2221/4111
f 2699/2225/4112 4768/2226/4112 2698/2223/4112
f 2700/2227/4113 4779/2228/4113 2699/2225/4113
f 2701/2229/4114 4791/2230/4114 2700/2227/4114
f 2702/12/4115 4804/2231/4115 2701/2229/4115
f 2688/2204/4116 4713/2206/4116 2717/24/4116
f 4713/2206/4117 2716/1684/4117 2717/24/4117
f 2689/2205/4118 4714/2208/4118 4713/2206/4118
f 4714/2208/4119 4715/2232/4119 4713/2206/4119
f 4713/2206/4120 4715/2232/4120 2716/1684/4120
f 4715/2232/4121 2715/1685/4121 2716/1684/4121
f 2690/2207/4122 4716/2210/4122 4714/2208/4122
f 4716/2210/4123 4717/2233/4123 4714/2208/4123
f 4714/2208/4124 4717/2233/4124 4715/2232/4124
f 4717/2233/4125 4718/2234/4125 4715/2232/4125
f 4715/2232/4126 4718/2234/4126 2715/1685/4126
f 4718/2234/4127 2714/1686/4127 2715/1685/4127
f 2691/2209/4128 4719/2212/4128 4716/2210/4128
f 4719/2212/4129 4720/2235/4129 4716/2210/4129
f 4716/2210/4130 4720/2235/4130 4717/2233/4130
f 4720/2235/4131 4721/2236/4131 4717/2233/4131
f 4717/2233/4132 4721/2236/4132 4718/2234/4132
f 4721/2236/4133 4722/2237/4133 4718/2234/4133
f 4718/2234/4134 4722/2237/4134 2714/1686/4134
f 4722/2237/4135 2713/1687/4135 2714/1686/4135
f 2692/2211/4136 4723/2214/4136 4719/2212/4136
f 4723/2214/4137 4724/2238/4137 4719/2212/4137
f 4719/2212/4138 4724/2238/4138 4720/2235/4138
f 4724/2238/4139 4725/2239/4139 4720/2235/4139
f 4720/2235/4140 4725/2239/4140 4721/2236/4140
f 4725/2239/4141 4726/2240/4141 4721/2236/4141
f 4721/2236/4142 4726/2240/4142 4722/2237/4142
f 4726/2240/4143 4727/2241/4143 4722/2237/4143
f 4722/2237/5281 4727/2241/5281 2713/1687/5281
f 4727/2241/4145 2712/1688/4145 2713/1687/4145
f 2693/2213/4146 4728/2216/4146 4723/2214/4146
f 4728/2216/4147 4729/2242/4147 4723/2214/4147
f 4723/2214/4148 4729/2242/4148 4724/2238/4148
f 4729/2242/4149 4730/2243/4149 4724/2238/4149
f 4724/2238/4150 4730/2243/4150 4725/2239/4150
f 4730/2243/4151 4731/2244/4151 4725/2239/4151
f 4725/2239/4152 4731/2244/4152 4726/2240/4152
f 4731/2244/4153 4732/2245/4153 4726/2240/4153
f 4726/2240/4154 4732/2245/4154 4727/2241/4154
f 4732/2245/4155 4733/2246/4155 4727/2241/4155
f 4727/2241/4156 4733/2246/4156 2712/1688/4156
f 4733/2246/5282 2711/1689/5282 2712/1688/5282
f 2694/2215/4158 4734/2218/4158 4728/2216/4158
f 4734/2218/4159 4735/2247/4159 4728/2216/4159
f 4728/2216/4160 4735/2247/4160 4729/2242/4160
f 4735/2247/5283 4736/2248/5283 4729/2242/5283
f 4729/2242/5284 4736/2248/5284 4730/2243/5284
f 4736/2248/4163 4737/2249/4163 4730/2243/4163
f 4730/2243/4164 4737/2249/4164 4731/2244/4164
f 4737/2249/4165 4738/2250/4165 4731/2244/4165
f 4731/2244/4166 4738/2250/4166 4732/2245/4166
f 4738/2250/5285 4739/2251/5285 4732/2245/5285
f 4732/2245/4168 4739/2251/4168 4733/2246/4168
f 4739/2251/4169 4740/2252/4169 4733/2246/4169
f 4733/2246/5286 4740/2252/5286 2711/1689/5286
f 4740/2252/4171 2710/1690/4171 2711/1689/4171
f 2695/2217/4172 4741/2220/4172 4734/2218/4172
f 4741/2220/4173 4742/2253/4173 4734/2218/4173
f 4734/2218/4174 4742/2253/4174 4735/2247/4174
f 4742/2253/4175 4743/2254/4175 4735/2247/4175
f 4735/2247/4176 4743/2254/4176 4736/2248/4176
f 4743/2254/5287 4744/2255/5287 4736/2248/5287
f 4736/2248/4178 4744/2255/4178 4737/2249/4178
f 4744/2255/4179 4745/2256/4179 4737/2249/4179
f 4737/2249/4180 4745/2256/4180 4738/2250/4180
f 4745/2256/4181 4746/2257/4181 4738/2250/4181
f 4738/2250/4182 4746/2257/4182 4739/2251/4182
f 4746/2257/4183 4747/2258/4183 4739/2251/4183
f 4739/2251/4184 4747/2258/4184 4740/2252/4184
f 4747/2258/4185 4748/2259/4185 4740/2252/4185
f 4740/2252/4186 4748/2259/4186 2710/1690/4186
f 4748/2259/4187 2709/1691/4187 2710/1690/4187
f 2696/2219/4188 4749/2222/4188 4741/2220/4188
f 4749/2222/4189 4750/2260/4189 4741/2220/4189
f 4741/2220/4190 4750/2260/4190 4742/2253/4190
f 4750/2260/4191 4751/2261/4191 4742/2253/4191
f 4742/2253/4192 4751/2261/4192 4743/2254/4192
f 4751/2261/4193 4752/2262/4193 4743/2254/4193
f 4743/2254/5288 4752/2262/5288 4744/2255/5288
f 4752/2262/4195 4753/2263/4195 4744/2255/4195
f 4744/2255/4196 4753/2263/4196 4745/2256/4196
f 4753/2263/4197 4754/2264/4197 4745/2256/4197
f 4745/2256/4198 4754/2264/4198 4746/2257/4198
f 4754/2264/4199 4755/2265/4199 4746/2257/4199
f 4746/2257/4200 4755/2265/4200 4747/2258/4200
f 4755/2265/5289 4756/2266/5289 4747/2258/5289
f 4747/2258/4202 4756/2266/4202 4748/2259/4202
f 4756/2266/4203 4757/2267/4203 4748/2259/4203
f 4748/2259/4204 4757/2267/4204 2709/1691/4204
f 4757/2267/4205 2708/1692/4205 2709/1691/4205
f 2697/2221/4206 4758/2224/4206 4749/2222/4206
f 4758/2224/4207 4759/2268/4207 4749/2222/4207
f 4749/2222/4208 4759/2268/4208 4750/2260/4208
f 4759/2268/4209 4760/2269/4209 4750/2260/4209
f 4750/2260/4210 4760/2269/4210 4751/2261/4210
f 4760/2269/4211 4761/2270/4211 4751/2261/4211
f 4751/2261/4212 4761/2270/4212 4752/2262/4212
f 4761/2270/4213 4762/2271/4213 4752/2262/4213
f 4752/2262/4214 4762/2271/4214 4753/2263/4214
f 4762/2271/4215 4763/2272/4215 4753/2263/4215
f 4753/2263/4216 4763/2272/4216 4754/2264/4216
f 4763/2272/4217 4764/2273/4217 4754/2264/4217
f 4754/2264/4218 4764/2273/4218 4755/2265/4218
f 4764/2273/4219 4765/2274/4219 4755/2265/4219
f 4755/2265/4220 4765/2274/4220 4756/2266/4220
f 4765/2274/4221 4766/2275/4221 4756/2266/4221
f 4756/2266/4222 4766/2275/4222 4757/2267/4222
f 4766/2275/4223 4767/2276/4223 4757/2267/4223
f 4757/2267/4224 4767/2276/4224 2708/1692/4224
f 4767/2276/4225 2707/1693/4225 2708/1692/4225
f 2698/2223/4226 4768/2226/4226 4758/2224/4226
f 4768/2226/4227 4769/2277/4227 4758/2224/4227
f 4758/2224/4228 4769/2277/4228 4759/2268/4228
f 4769/2277/4229 4770/2278/4229 4759/2268/4229
f 4759/2268/5290 4770/2278/5290 4760/2269/5290
f 4770/2278/4231 4771/2279/4231 4760/2269/4231
f 4760/2269/4232 4771/2279/4232 4761/2270/4232
f 4771/2279/4233 4772/2280/4233 4761/2270/4233
f 4761/2270/4234 4772/2280/4234 4762/2271/4234
f 4772/2280/4235 4773/2281/4235 4762/2271/4235
f 4762/2271/4236 4773/2281/4236 4763/2272/4236
f 4773/2281/4237 4774/2282/4237 4763/2272/4237
f 4763/2272/5291 4774/2282/5291 4764/2273/5291
f 4774/2282/4239 4775/2283/4239 4764/2273/4239
f 4764/2273/4240 4775/2283/4240 4765/2274/4240
f 4775/2283/4241 4776/2284/4241 4765/2274/4241
f 4765/2274/4242 4776/2284/4242 4766/2275/4242
f 4776/2284/5292 4777/2285/5292 4766/2275/5292
f 4766/2275/4244 4777/2285/4244 4767/2276/4244
f 4777/2285/4245 4778/2286/4245 4767/2276/4245
f 4767/2276/4246 4778/2286/4246 2707/1693/4246
f 4778/2286/4247 2706/1694/4247 2707/1693/4247
f 2699/2225/4248 4779/2228/4248 4768/2226/4248
f 4779/2228/4249 4780/2287/4249 4768/2226/4249
f 4768/2226/4250 4780/2287/4250 4769/2277/4250
f 4780/2287/4251 4781/2288/4251 4769/2277/4251
f 4769/2277/4252 4781/2288/4252 4770/2278/4252
f 4781/2288/4253 4782/2289/4253 4770/2278/4253
f 4770/2278/4254 4782/2289/4254 4771/2279/4254
f 4782/2289/5293 4783/2290/5293 4771/2279/5293
f 4771/2279/4256 4783/2290/4256 4772/2280/4256
f 4783/2290/4257 4784/2291/4257 4772/2280/4257
f 4772/2280/4258 4784/2291/4258 4773/2281/4258
f 4784/2291/5294 4785/2292/5294 4773/2281/5294
f 4773/2281/4260 4785/2292/4260 4774/2282/4260
f 4785/2292/4261 4786/2293/4261 4774/2282/4261
f 4774/2282/4262 4786/2293/4262 4775/2283/4262
f 4786/2293/4263 4787/2294/4263 4775/2283/4263
f 4775/2283/4264 4787/2294/4264 4776/2284/4264
f 4787/2294/4265 4788/2295/4265 4776/2284/4265
f 4776/2284/4266 4788/2295/4266 4777/2285/4266
f 4788/2295/4267 4789/2296/4267 4777/2285/4267
f 4777/2285/4268 4789/2296/4268 4778/2286/4268
f 4789/2296/4269 4790/2297/4269 4778/2286/4269
f 4778/2286/4270 4790/2297/4270 2706/1694/4270
f 4790/2297/4271 2705/1695/4271 2706/1694/4271
f 2700/2227/4272 4791/2230/4272 4779/2228/4272
f 4791/2230/4273 4792/2298/4273 4779/2228/4273
f 4779/2228/4274 4792/2298/4274 4780/2287/4274
f 4792/2298/5295 4793/2299/5295 4780/2287/5295
f 4780/2287/4276 4793/2299/4276 4781/2288/4276
f 4793/2299/4277 4794/2300/4277 4781/2288/4277
f 4781/2288/4278 4794/2300/4278 4782/2289/4278
f 4794/2300/4279 4795/2301/4279 4782/2289/4279
f 4782/2289/4280 4795/2301/4280 4783/2290/4280
f 4795/2301/4281 4796/2302/4281 4783/2290/4281
f 4783/2290/4282 4796/2302/4282 4784/2291/4282
f 4796/2302/5296 4797/2303/5296 4784/2291/5296
f 4784/2291/4284 4797/2303/4284 4785/2292/4284
f 4797/2303/4285 4798/2304/4285 4785/2292/4285
f 4785/2292/4286 4798/2304/4286 4786/2293/4286
f 4798/2304/5297 4799/2305/5297 4786/2293/5297
f 4786/2293/4288 4799/2305/4288 4787/2294/4288
f 4799/2305/4289 4800/2306/4289 4787/2294/4289
f 4787/2294/5298 4800/2306/5298 4788/2295/5298
f 4800/2306/4291 4801/2307/4291 4788/2295/4291
f 4788/2295/4292 4801/2307/4292 4789/2296/4292
f 4801/2307/4293 4802/2308/4293 4789/2296/4293
f 4789/2296/4294 4802/2308/4294 4790/2297/4294
f 4802/2308/4295 4803/2309/4295 4790/2297/4295
f 4790/2297/4296 4803/2309/4296 2705/1695/4296
f 4803/2309/4297 2704/1696/4297 2705/1695/4297
f 2701/2229/4298 4804/2231/4298 4791/2230/4298
f 4804/2231/4299 4805/2310/4299 4791/2230/4299
f 4791/2230/4300 4805/2310/4300 4792/2298/4300
f 4805/2310/4301 4806/2311/4301 4792/2298/4301
f 4792/2298/4302 4806/2311/4302 4793/2299/4302
f 4806/2311/4303 4807/2312/4303 4793/2299/4303
f 4793/2299/4304 4807/2312/4304 4794/2300/4304
f 4807/2312/4305 4808/2313/4305 4794/2300/4305
f 4794/2300/5299 4808/2313/5299 4795/2301/5299
f 4808/2313/4307 4809/2314/4307 4795/2301/4307
f 4795/2301/4308 4809/2314/4308 4796/2302/4308
f 4809/2314/4309 4810/2315/4309 4796/2302/4309
f 4796/2302/4310 4810/2315/4310 4797/2303/4310
f 4810/2315/4311 4811/2316/4311 4797/2303/4311
f 4797/2303/4312 4811/2316/4312 4798/2304/4312
f 4811/2316/5300 4812/2317/5300 4798/2304/5300
f 4798/2304/4314 4812/2317/4314 4799/2305/4314
f 4812/2317/4315 4813/2318/4315 4799/2305/4315
f 4799/2305/4316 4813/2318/4316 4800/2306/4316
f 4813/2318/4317 4814/2319/4317 4800/2306/4317
f 4800/2306/4318 4814/2319/4318 4801/2307/4318
f 4814/2319/4319 4815/2320/4319 4801/2307/4319
f 4801/2307/4320 4815/2320/4320 4802/2308/4320
f 4815/2320/4321 4816/2321/4321 4802/2308/4321
f 4802/2308/4322 4816/2321/4322 4803/2309/4322
f 4816/2321/4323 4817/2322/4323 4803/2309/4323
f 4803/2309/4324 4817/2322/4324 2704/1696/4324
f 4817/2322/4325 2703/1697/4325 2704/1696/4325
f 2702/12/4326 2672/11/4326 4804/2231/4326
f 2672/11/4327 2671/2323/4327 4804/2231/4327
f 4804/2231/4328 2671/2323/4328 4805/2310/4328
f 2671/2323/4329 2670/2324/4329 4805/2310/4329
f 4805/2310/4330 2670/2324/4330 4806/2311/4330
f 2670/2324/4331 2669/2325/4331 4806/2311/4331
f 4806/2311/5301 2669/2325/5301 4807/2312/5301
f 2669/2325/4333 2668/2326/4333 4807/2312/4333
f 4807/2312/4334 2668/2326/4334 4808/2313/4334
f 2668/2326/4335 2667/2327/4335 4808/2313/4335
f 4808/2313/4336 2667/2327/4336 4809/2314/4336
f 2667/2327/4337 2666/2328/4337 4809/2314/4337
f 4809/2314/5302 2666/2328/5302 4810/2315/5302
f 2666/2328/5303 2665/2329/5303 4810/2315/5303
f 4810/2315/4340 2665/2329/4340 4811/2316/4340
f 2665/2329/4341 2664/2330/4341 4811/2316/4341
f 4811/2316/4342 2664/2330/4342 4812/2317/4342
f 2664/2330/4343 2663/2331/4343 4812/2317/4343
f 4812/2317/4344 2663/2331/4344 4813/2318/4344
f 2663/2331/5304 2662/2332/5304 4813/2318/5304
f 4813/2318/4346 2662/2332/4346 4814/2319/4346
f 2662/2332/5305 2661/2333/5305 4814/2319/5305
f 4814/2319/4348 2661/2333/4348 4815/2320/4348
f 2661/2333/4349 2660/2334/4349 4815/2320/4349
f 4815/2320/4350 2660/2334/4350 4816/2321/4350
f 2660/2334/4351 2659/2335/4351 4816/2321/4351
f 4816/2321/4352 2659/2335/4352 4817/2322/4352
f 2659/2335/4353 2658/2336/4353 4817/2322/4353
f 4817/2322/4354 2658/2336/4354 2703/1697/4354
f 2658/2336/4355 2574/20/4355 2703/1697/4355
f 2658/2337/4356 2687/21/4356 2574/20/4356
f 2659/2338/4357 4818/2339/4357 2658/2337/4357
f 2660/2340/4358 4819/2341/4358 2659/2338/4358
f 2661/2342/4359 4821/2343/4359 2660/2340/4359
f 2662/2344/5306 4824/2345/5306 2661/2342/5306
f 2663/2346/5307 4828/2347/5307 2662/2344/5307
f 2664/2348/4362 4833/2349/4362 2663/2346/4362
f 2665/2350/4363 4839/2351/4363 2664/2348/4363
f 2666/2352/4364 4846/2353/4364 2665/2350/4364
f 2667/2354/4365 4854/2355/4365 2666/2352/4365
f 2668/2356/4366 4863/2357/4366 2667/2354/4366
f 2669/2358/5308 4873/2359/5308 2668/2356/5308
f 2670/2360/4368 4884/2361/4368 2669/2358/4368
f 2671/2362/4369 4896/2363/4369 2670/2360/4369
f 2672/9/4370 4909/2364/4370 2671/2362/4370
f 2658/2337/4371 4818/2339/4371 2687/21/4371
f 4818/2339/4372 2686/1818/4372 2687/21/4372
f 2659/2338/4373 4819/2341/4373 4818/2339/4373
f 4819/2341/4374 4820/2365/4374 4818/2339/4374
f 4818/2339/4375 4820/2365/4375 2686/1818/4375
f 4820/2365/5309 2685/1819/5309 2686/1818/5309
f 2660/2340/4377 4821/2343/4377 4819/2341/4377
f 4821/2343/4378 4822/2366/4378 4819/2341/4378
f 4819/2341/4379 4822/2366/4379 4820/2365/4379
f 4822/2366/4380 4823/2367/4380 4820/2365/4380
f 4820/2365/4381 4823/2367/4381 2685/1819/4381
f 4823/2367/4382 2684/1820/4382 2685/1819/4382
f 2661/2342/4383 4824/2345/4383 4821/2343/4383
f 4824/2345/4384 4825/2368/4384 4821/2343/4384
f 4821/2343/4385 4825/2368/4385 4822/2366/4385
f 4825/2368/4386 4826/2369/4386 4822/2366/4386
f 4822/2366/4387 4826/2369/4387 4823/2367/4387
f 4826/2369/4388 4827/2370/4388 4823/2367/4388
f 4823/2367/4389 4827/2370/4389 2684/1820/4389
f 4827/2370/4390 2683/1821/4390 2684/1820/4390
f 2662/2344/4391 4828/2347/4391 4824/2345/4391
f 4828/2347/4392 4829/2371/4392 4824/2345/4392
f 4824/2345/4393 4829/2371/4393 4825/2368/4393
f 4829/2371/4394 4830/2372/4394 4825/2368/4394
f 4825/2368/4395 4830/2372/4395 4826/2369/4395
f 4830/2372/4396 4831/2373/4396 4826/2369/4396
f 4826/2369/4397 4831/2373/4397 4827/2370/4397
f 4831/2373/4398 4832/2374/4398 4827/2370/4398
f 4827/2370/4399 4832/2374/4399 2683/1821/4399
f 4832/2374/4400 2682/1822/4400 2683/1821/4400
f 2663/2346/4401 4833/2349/4401 4828/2347/4401
f 4833/2349/4402 4834/2375/4402 4828/2347/4402
f 4828/2347/4403 4834/2375/4403 4829/2371/4403
f 4834/2375/4404 4835/2376/4404 4829/2371/4404
f 4829/2371/4405 4835/2376/4405 4830/2372/4405
f 4835/2376/4406 4836/2377/4406 4830/2372/4406
f 4830/2372/4407 4836/2377/4407 4831/2373/4407
f 4836/2377/4408 4837/2378/4408 4831/2373/4408
f 4831/2373/4409 4837/2378/4409 4832/2374/4409
f 4837/2378/4410 4838/2379/4410 4832/2374/4410
f 4832/2374/4411 4838/2379/4411 2682/1822/4411
f 4838/2379/4412 2681/1823/4412 2682/1822/4412
f 2664/2348/4413 4839/2351/4413 4833/2349/4413
f 4839/2351/4414 4840/2380/4414 4833/2349/4414
f 4833/2349/4415 4840/2380/4415 4834/2375/4415
f 4840/2380/4416 4841/2381/4416 4834/2375/4416
f 4834/2375/4417 4841/2381/4417 4835/2376/4417
f 4841/2381/4418 4842/2382/4418 4835/2376/4418
f 4835/2376/4419 4842/2382/4419 4836/2377/4419
f 4842/2382/4420 4843/2383/4420 4836/2377/4420
f 4836/2377/4421 4843/2383/4421 4837/2378/4421
f 4843/2383/4422 4844/2384/4422 4837/2378/4422
f 4837/2378/4423 4844/2384/4423 4838/2379/4423
f 4844/2384/4424 4845/2385/4424 4838/2379/4424
f 4838/2379/4425 4845/2385/4425 2681/1823/4425
f 4845/2385/4426 2680/1824/4426 2681/1823/4426
f 2665/2350/4427 4846/2353/4427 4839/2351/4427
f 4846/2353/4428 4847/2386/4428 4839/2351/4428
f 4839/2351/4429 4847/2386/4429 4840/2380/4429
f 4847/2386/4430 4848/2387/4430 4840/2380/4430
f 4840/2380/4431 4848/2387/4431 4841/2381/4431
f 4848/2387/4432 4849/2388/4432 4841/2381/4432
f 4841/2381/4433 4849/2388/4433 4842/2382/4433
f 4849/2388/4434 4850/2389/4434 4842/2382/4434
f 4842/2382/4435 4850/2389/4435 4843/2383/4435
f 4850/2389/4436 4851/2390/4436 4843/2383/4436
f 4843/2383/4437 4851/2390/4437 4844/2384/4437
f 4851/2390/4438 4852/2391/4438 4844/2384/4438
f 4844/2384/4439 4852/2391/4439 4845/2385/4439
f 4852/2391/4440 4853/2392/4440 4845/2385/4440
f 4845/2385/5310 4853/2392/5310 2680/1824/5310
f 4853/2392/4442 2679/1825/4442 2680/1824/4442
f 2666/2352/4443 4854/2355/4443 4846/2353/4443
f 4854/2355/4444 4855/2393/4444 4846/2353/4444
f 4846/2353/5311 4855/2393/5311 4847/2386/5311
f 4855/2393/4446 4856/2394/4446 4847/2386/4446
f 4847/2386/4447 4856/2394/4447 4848/2387/4447
f 4856/2394/5312 4857/2395/5312 4848/2387/5312
f 4848/2387/4449 4857/2395/4449 4849/2388/4449
f 4857/2395/5313 4858/2396/5313 4849/2388/5313
f 4849/2388/4451 4858/2396/4451 4850/2389/4451
f 4858/2396/4452 4859/2397/4452 4850/2389/4452
f 4850/2389/4453 4859/2397/4453 4851/2390/4453
f 4859/2397/4454 4860/2398/4454 4851/2390/4454
f 4851/2390/4455 4860/2398/4455 4852/2391/4455
f 4860/2398/4456 4861/2399/4456 4852/2391/4456
f 4852/2391/4457 4861/2399/4457 4853/2392/4457
f 4861/2399/4458 4862/2400/4458 4853/2392/4458
f 4853/2392/5314 4862/2400/5314 2679/1825/5314
f 4862/2400/5315 2678/1826/5315 2679/1825/5315
f 2667/2354/4461 4863/2357/4461 4854/2355/4461
f 4863/2357/4462 4864/2401/4462 4854/2355/4462
f 4854/2355/4463 4864/2401/4463 4855/2393/4463
f 4864/2401/4464 4865/2402/4464 4855/2393/4464
f 4855/2393/4465 4865/2402/4465 4856/2394/4465
f 4865/2402/4466 4866/2403/4466 4856/2394/4466
f 4856/2394/4467 4866/2403/4467 4857/2395/4467
f 4866/2403/4468 4867/2404/4468 4857/2395/4468
f 4857/2395/4469 4867/2404/4469 4858/2396/4469
f 4867/2404/4470 4868/2405/4470 4858/2396/4470
f 4858/2396/4471 4868/2405/4471 4859/2397/4471
f 4868/2405/4472 4869/2406/4472 4859/2397/4472
f 4859/2397/4473 4869/2406/4473 4860/2398/4473
f 4869/2406/4474 4870/2407/4474 4860/2398/4474
f 4860/2398/4475 4870/2407/4475 4861/2399/4475
f 4870/2407/4476 4871/2408/4476 4861/2399/4476
f 4861/2399/4477 4871/2408/4477 4862/2400/4477
f 4871/2408/4478 4872/2409/4478 4862/2400/4478
f 4862/2400/4479 4872/2409/4479 2678/1826/4479
f 4872/2409/4480 2677/1827/4480 2678/1826/4480
f 2668/2356/4481 4873/2359/4481 4863/2357/4481
f 4873/2359/4482 4874/2410/4482 4863/2357/4482
f 4863/2357/5316 4874/2410/5316 4864/2401/5316
f 4874/2410/5317 4875/2411/5317 4864/2401/5317
f 4864/2401/4485 4875/2411/4485 4865/2402/4485
f 4875/2411/4486 4876/2412/4486 4865/2402/4486
f 4865/2402/4487 4876/2412/4487 4866/2403/4487
f 4876/2412/4488 4877/2413/4488 4866/2403/4488
f 4866/2403/4489 4877/2413/4489 4867/2404/4489
f 4877/2413/4490 4878/2414/4490 4867/2404/4490
f 4867/2404/4491 4878/2414/4491 4868/2405/4491
f 4878/2414/4492 4879/2415/4492 4868/2405/4492
f 4868/2405/5318 4879/2415/5318 4869/2406/5318
f 4879/2415/4494 4880/2416/4494 4869/2406/4494
f 4869/2406/4495 4880/2416/4495 4870/2407/4495
f 4880/2416/4496 4881/2417/4496 4870/2407/4496
f 4870/2407/4497 4881/2417/4497 4871/2408/4497
f 4881/2417/4498 4882/2418/4498 4871/2408/4498
f 4871/2408/4499 4882/2418/4499 4872/2409/4499
f 4882/2418/4500 4883/2419/4500 4872/2409/4500
f 4872/2409/4501 4883/2419/4501 2677/1827/4501
f 4883/2419/4502 2676/1828/4502 2677/1827/4502
f 2669/2358/4503 4884/2361/4503 4873/2359/4503
f 4884/2361/4504 4885/2420/4504 4873/2359/4504
f 4873/2359/4505 4885/2420/4505 4874/2410/4505
f 4885/2420/4506 4886/2421/4506 4874/2410/4506
f 4874/2410/4507 4886/2421/4507 4875/2411/4507
f 4886/2421/4508 4887/2422/4508 4875/2411/4508
f 4875/2411/4509 4887/2422/4509 4876/2412/4509
f 4887/2422/4510 4888/2423/4510 4876/2412/4510
f 4876/2412/4511 4888/2423/4511 4877/2413/4511
f 4888/2423/4512 4889/2424/4512 4877/2413/4512
f 4877/2413/4513 4889/2424/4513 4878/2414/4513
f 4889/2424/4514 4890/2425/4514 4878/2414/4514
f 4878/2414/4515 4890/2425/4515 4879/2415/4515
f 4890/2425/4516 4891/2426/4516 4879/2415/4516
f 4879/2415/4517 4891/2426/4517 4880/2416/4517
f 4891/2426/4518 4892/2427/4518 4880/2416/4518
f 4880/2416/4519 4892/2427/4519 4881/2417/4519
f 4892/2427/4520 4893/2428/4520 4881/2417/4520
f 4881/2417/4521 4893/2428/4521 4882/2418/4521
f 4893/2428/4522 4894/2429/4522 4882/2418/4522
f 4882/2418/4523 4894/2429/4523 4883/2419/4523
f 4894/2429/4524 4895/2430/4524 4883/2419/4524
f 4883/2419/4525 4895/2430/4525 2676/1828/4525
f 4895/2430/4526 2675/1829/4526 2676/1828/4526
f 2670/2360/4527 4896/2363/4527 4884/2361/4527
f 4896/2363/4528 4897/2431/4528 4884/2361/4528
f 4884/2361/4529 4897/2431/4529 4885/2420/4529
f 4897/2431/5319 4898/2432/5319 4885/2420/5319
f 4885/2420/4531 4898/2432/4531 4886/2421/4531
f 4898/2432/4532 4899/2433/4532 4886/2421/4532
f 4886/2421/4533 4899/2433/4533 4887/2422/4533
f 4899/2433/5320 4900/2434/5320 4887/2422/5320
f 4887/2422/4535 4900/2434/4535 4888/2423/4535
f 4900/2434/4536 4901/2435/4536 4888/2423/4536
f 4888/2423/4537 4901/2435/4537 4889/2424/4537
f 4901/2435/4538 4902/2436/4538 4889/2424/4538
f 4889/2424/4539 4902/2436/4539 4890/2425/4539
f 4902/2436/4540 4903/2437/4540 4890/2425/4540
f 4890/2425/4541 4903/2437/4541 4891/2426/4541
f 4903/2437/4542 4904/2438/4542 4891/2426/4542
f 4891/2426/4543 4904/2438/4543 4892/2427/4543
f 4904/2438/4544 4905/2439/4544 4892/2427/4544
f 4892/2427/4545 4905/2439/4545 4893/2428/4545
f 4905/2439/4546 4906/2440/4546 4893/2428/4546
f 4893/2428/4547 4906/2440/4547 4894/2429/4547
f 4906/2440/4548 4907/2441/4548 4894/2429/4548
f 4894/2429/4549 4907/2441/4549 4895/2430/4549
f 4907/2441/4550 4908/2442/4550 4895/2430/4550
f 4895/2430/4551 4908/2442/4551 2675/1829/4551
f 4908/2442/4552 2674/1830/4552 2675/1829/4552
f 2671/2362/4553 4909/2364/4553 4896/2363/4553
f 4909/2364/5321 4910/2443/5321 4896/2363/5321
f 4896/2363/4555 4910/2443/4555 4897/2431/4555
f 4910/2443/4556 4911/2444/4556 4897/2431/4556
f 4897/2431/4557 4911/2444/4557 4898/2432/4557
f 4911/2444/5322 4912/2445/5322 4898/2432/5322
f 4898/2432/4559 4912/2445/4559 4899/2433/4559
f 4912/2445/4560 4913/2446/4560 4899/2433/4560
f 4899/2433/4561 4913/2446/4561 4900/2434/4561
f 4913/2446/4562 4914/2447/4562 4900/2434/4562
f 4900/2434/4563 4914/2447/4563 4901/2435/4563
f 4914/2447/4564 4915/2448/4564 4901/2435/4564
f 4901/2435/4565 4915/2448/4565 4902/2436/4565
f 4915/2448/4566 4916/2449/4566 4902/2436/4566
f 4902/2436/4567 4916/2449/4567 4903/2437/4567
f 4916/2449/4568 4917/2450/4568 4903/2437/4568
f 4903/2437/4569 4917/2450/4569 4904/2438/4569
f 4917/2450/4570 4918/2451/4570 4904/2438/4570
f 4904/2438/4571 4918/2451/4571 4905/2439/4571
f 4918/2451/4572 4919/2452/4572 4905/2439/4572
f 4905/2439/4573 4919/2452/4573 4906/2440/4573
f 4919/2452/4574 4920/2453/4574 4906/2440/4574
f 4906/2440/4575 4920/2453/4575 4907/2441/4575
f 4920/2453/4576 4921/2454/4576 4907/2441/4576
f 4907/2441/4577 4921/2454/4577 4908/2442/4577
f 4921/2454/4578 4922/2455/4578 4908/2442/4578
f 4908/2442/4579 4922/2455/4579 2674/1830/4579
f 4922/2455/4580 2673/1831/4580 2674/1830/4580
f 2672/9/4581 2597/8/4581 4909/2364/4581
f 2597/8/4582 2596/2456/4582 4909/2364/4582
f 4909/2364/4583 2596/2456/4583 4910/2443/4583
f 2596/2456/4584 2595/2457/4584 4910/2443/4584
f 4910/2443/4585 2595/2457/4585 4911/2444/4585
f 2595/2457/4586 2594/2458/4586 4911/2444/4586
f 4911/2444/4587 2594/2458/4587 4912/2445/4587
f 2594/2458/4588 2593/2459/4588 4912/2445/4588
f 4912/2445/4589 2593/2459/4589 4913/2446/4589
f 2593/2459/4590 2592/2460/4590 4913/2446/4590
f 4913/2446/4591 2592/2460/4591 4914/2447/4591
f 2592/2460/4592 2591/2461/4592 4914/2447/4592
f 4914/2447/4593 2591/2461/4593 4915/2448/4593
f 2591/2461/4594 2590/2462/4594 4915/2448/4594
f 4915/2448/4595 2590/2462/4595 4916/2449/4595
f 2590/2462/4596 2589/2463/4596 4916/2449/4596
f 4916/2449/4597 2589/2463/4597 4917/2450/4597
f 2589/2463/4598 2588/2464/4598 4917/2450/4598
f 4917/2450/4599 2588/2464/4599 4918/2451/4599
f 2588/2464/4600 2587/2465/4600 4918/2451/4600
f 4918/2451/4601 2587/2465/4601 4919/2452/4601
f 2587/2465/5323 2586/2466/5323 4919/2452/5323
f 4919/2452/4603 2586/2466/4603 4920/2453/4603
f 2586/2466/4604 2585/2467/4604 4920/2453/4604
f 4920/2453/4605 2585/2467/4605 4921/2454/4605
f 2585/2467/4606 2584/2468/4606 4921/2454/4606
f 4921/2454/4607 2584/2468/4607 4922/2455/4607
f 2584/2468/4608 2583/2469/4608 4922/2455/4608
f 4922/2455/4609 2583/2469/4609 2673/1831/4609
f 2583/2469/4610 2573/1832/4610 2673/1831/4610
f 2628/2070/4611 2657/2470/4611 2576/26/4611
f 2629/2069/4612 4923/2471/4612 2628/2070/4612
f 2630/2068/4613 4924/2472/4613 2629/2069/4613
f 2631/2067/4614 4926/2473/4614 2630/2068/4614
f 2632/2066/4615 4929/2474/4615 2631/2067/4615
f 2633/2065/4616 4933/2475/4616 2632/2066/4616
f 2634/2064/4617 4938/2476/4617 2633/2065/4617
f 2635/2063/4618 4944/2477/4618 2634/2064/4618
f 2636/2062/4619 4951/2478/4619 2635/2063/4619
f 2637/2061/4620 4959/2479/4620 2636/2062/4620
f 2638/2060/4621 4968/2480/4621 2637/2061/4621
f 2639/2059/4622 4978/2481/4622 2638/2060/4622
f 2640/2058/4623 4989/2482/4623 2639/2059/4623
f 2641/2057/4624 5001/2483/4624 2640/2058/4624
f 2642/6/4625 5014/2484/4625 2641/2057/4625
f 2628/2070/4626 4923/2471/4626 2657/2470/4626
f 4923/2471/4627 2656/2485/4627 2657/2470/4627
f 2629/2069/4628 4924/2472/4628 4923/2471/4628
f 4924/2472/4629 4925/2486/4629 4923/2471/4629
f 4923/2471/4630 4925/2486/4630 2656/2485/4630
f 4925/2486/5324 2655/2487/5324 2656/2485/5324
f 2630/2068/4632 4926/2473/4632 4924/2472/4632
f 4926/2473/4633 4927/2488/4633 4924/2472/4633
f 4924/2472/4634 4927/2488/4634 4925/2486/4634
f 4927/2488/4635 4928/2489/4635 4925/2486/4635
f 4925/2486/4636 4928/2489/4636 2655/2487/4636
f 4928/2489/4637 2654/2490/4637 2655/2487/4637
f 2631/2067/4638 4929/2474/4638 4926/2473/4638
f 4929/2474/4639 4930/2491/4639 4926/2473/4639
f 4926/2473/4640 4930/2491/4640 4927/2488/4640
f 4930/2491/4641 4931/2492/4641 4927/2488/4641
f 4927/2488/4642 4931/2492/4642 4928/2489/4642
f 4931/2492/4643 4932/2493/4643 4928/2489/4643
f 4928/2489/4644 4932/2493/4644 2654/2490/4644
f 4932/2493/4645 2653/2494/4645 2654/2490/4645
f 2632/2066/4646 4933/2475/4646 4929/2474/4646
f 4933/2475/4647 4934/2495/4647 4929/2474/4647
f 4929/2474/4648 4934/2495/4648 4930/2491/4648
f 4934/2495/5325 4935/2496/5325 4930/2491/5325
f 4930/2491/4650 4935/2496/4650 4931/2492/4650
f 4935/2496/4651 4936/2497/4651 4931/2492/4651
f 4931/2492/4652 4936/2497/4652 4932/2493/4652
f 4936/2497/4653 4937/2498/4653 4932/2493/4653
f 4932/2493/4654 4937/2498/4654 2653/2494/4654
f 4937/2498/4655 2652/2499/4655 2653/2494/4655
f 2633/2065/4656 4938/2476/4656 4933/2475/4656
f 4938/2476/4657 4939/2500/4657 4933/2475/4657
f 4933/2475/4658 4939/2500/4658 4934/2495/4658
f 4939/2500/4659 4940/2501/4659 4934/2495/4659
f 4934/2495/4660 4940/2501/4660 4935/2496/4660
f 4940/2501/4661 4941/2502/4661 4935/2496/4661
f 4935/2496/4662 4941/2502/4662 4936/2497/4662
f 4941/2502/4663 4942/2503/4663 4936/2497/4663
f 4936/2497/4664 4942/2503/4664 4937/2498/4664
f 4942/2503/4665 4943/2504/4665 4937/2498/4665
f 4937/2498/4666 4943/2504/4666 2652/2499/4666
f 4943/2504/4667 2651/2505/4667 2652/2499/4667
f 2634/2064/4668 4944/2477/4668 4938/2476/4668
f 4944/2477/4669 4945/2506/4669 4938/2476/4669
f 4938/2476/4670 4945/2506/4670 4939/2500/4670
f 4945/2506/4671 4946/2507/4671 4939/2500/4671
f 4939/2500/4672 4946/2507/4672 4940/2501/4672
f 4946/2507/4673 4947/2508/4673 4940/2501/4673
f 4940/2501/4674 4947/2508/4674 4941/2502/4674
f 4947/2508/4675 4948/2509/4675 4941/2502/4675
f 4941/2502/4676 4948/2509/4676 4942/2503/4676
f 4948/2509/4677 4949/2510/4677 4942/2503/4677
f 4942/2503/4678 4949/2510/4678 4943/2504/4678
f 4949/2510/5326 4950/2511/5326 4943/2504/5326
f 4943/2504/4680 4950/2511/4680 2651/2505/4680
f 4950/2511/4681 2650/2512/4681 2651/2505/4681
f 2635/2063/4682 4951/2478/4682 4944/2477/4682
f 4951/2478/4683 4952/2513/4683 4944/2477/4683
f 4944/2477/4684 4952/2513/4684 4945/2506/4684
f 4952/2513/5327 4953/2514/5327 4945/2506/5327
f 4945/2506/4686 4953/2514/4686 4946/2507/4686
f 4953/2514/4687 4954/2515/4687 4946/2507/4687
f 4946/2507/4688 4954/2515/4688 4947/2508/4688
f 4954/2515/4689 4955/2516/4689 4947/2508/4689
f 4947/2508/4690 4955/2516/4690 4948/2509/4690
f 4955/2516/4691 4956/2517/4691 4948/2509/4691
f 4948/2509/4692 4956/2517/4692 4949/2510/4692
f 4956/2517/4693 4957/2518/4693 4949/2510/4693
f 4949/2510/4694 4957/2518/4694 4950/2511/4694
f 4957/2518/4695 4958/2519/4695 4950/2511/4695
f 4950/2511/5328 4958/2519/5328 2650/2512/5328
f 4958/2519/4697 2649/2520/4697 2650/2512/4697
f 2636/2062/4698 4959/2479/4698 4951/2478/4698
f 4959/2479/4699 4960/2521/4699 4951/2478/4699
f 4951/2478/4700 4960/2521/4700 4952/2513/4700
f 4960/2521/5329 4961/2522/5329 4952/2513/5329
f 4952/2513/4702 4961/2522/4702 4953/2514/4702
f 4961/2522/4703 4962/2523/4703 4953/2514/4703
f 4953/2514/4704 4962/2523/4704 4954/2515/4704
f 4962/2523/4705 4963/2524/4705 4954/2515/4705
f 4954/2515/4706 4963/2524/4706 4955/2516/4706
f 4963/2524/4707 4964/2525/4707 4955/2516/4707
f 4955/2516/4708 4964/2525/4708 4956/2517/4708
f 4964/2525/4709 4965/2526/4709 4956/2517/4709
f 4956/2517/5330 4965/2526/5330 4957/2518/5330
f 4965/2526/4711 4966/2527/4711 4957/2518/4711
f 4957/2518/4712 4966/2527/4712 4958/2519/4712
f 4966/2527/4713 4967/2528/4713 4958/2519/4713
f 4958/2519/4714 4967/2528/4714 2649/2520/4714
f 4967/2528/4715 2648/2529/4715 2649/2520/4715
f 2637/2061/4716 4968/2480/4716 4959/2479/4716
f 4968/2480/4717 4969/2530/4717 4959/2479/4717
f 4959/2479/4718 4969/2530/4718 4960/2521/4718
f 4969/2530/4719 4970/2531/4719 4960/2521/4719
f 4960/2521/4720 4970/2531/4720 4961/2522/4720
f 4970/2531/4721 4971/2532/4721 4961/2522/4721
f 4961/2522/4722 4971/2532/4722 4962/2523/4722
f 4971/2532/4723 4972/2533/4723 4962/2523/4723
f 4962/2523/4724 4972/2533/4724 4963/2524/4724
f 4972/2533/4725 4973/2534/4725 4963/2524/4725
f 4963/2524/4726 4973/2534/4726 4964/2525/4726
f 4973/2534/4727 4974/2535/4727 4964/2525/4727
f 4964/2525/4728 4974/2535/4728 4965/2526/4728
f 4974/2535/4729 4975/2536/4729 4965/2526/4729
f 4965/2526/4730 4975/2536/4730 4966/2527/4730
f 4975/2536/4731 4976/2537/4731 4966/2527/4731
f 4966/2527/4732 4976/2537/4732 4967/2528/4732
f 4976/2537/4733 4977/2538/4733 4967/2528/4733
f 4967/2528/4734 4977/2538/4734 2648/2529/4734
f 4977/2538/4735 2647/2539/4735 2648/2529/4735
f 2638/2060/4736 4978/2481/4736 4968/2480/4736
f 4978/2481/4737 4979/2540/4737 4968/2480/4737
f 4968/2480/4738 4979/2540/4738 4969/2530/4738
f 4979/2540/4739 4980/2541/4739 4969/2530/4739
f 4969/2530/4740 4980/2541/4740 4970/2531/4740
f 4980/2541/5331 4981/2542/5331 4970/2531/5331
f 4970/2531/4742 4981/2542/4742 4971/2532/4742
f 4981/2542/4743 4982/2543/4743 4971/2532/4743
f 4971/2532/4744 4982/2543/4744 4972/2533/4744
f 4982/2543/4745 4983/2544/4745 4972/2533/4745
f 4972/2533/4746 4983/2544/4746 4973/2534/4746
f 4983/2544/4747 4984/2545/4747 4973/2534/4747
f 4973/2534/4748 4984/2545/4748 4974/2535/4748
f 4984/2545/4749 4985/2546/4749 4974/2535/4749
f 4974/2535/4750 4985/2546/4750 4975/2536/4750
f 4985/2546/4751 4986/2547/4751 4975/2536/4751
f 4975/2536/4752 4986/2547/4752 4976/2537/4752
f 4986/2547/5332 4987/2548/5332 4976/2537/5332
f 4976/2537/4754 4987/2548/4754 4977/2538/4754
f 4987/2548/4755 4988/2549/4755 4977/2538/4755
f 4977/2538/4756 4988/2549/4756 2647/2539/4756
f 4988/2549/4757 2646/2550/4757 2647/2539/4757
f 2639/2059/4758 4989/2482/4758 4978/2481/4758
f 4989/2482/4759 4990/2551/4759 4978/2481/4759
f 4978/2481/4760 4990/2551/4760 4979/2540/4760
f 4990/2551/4761 4991/2552/4761 4979/2540/4761
f 4979/2540/4762 4991/2552/4762 4980/2541/4762
f 4991/2552/4763 4992/2553/4763 4980/2541/4763
f 4980/2541/4764 4992/2553/4764 4981/2542/4764
f 4992/2553/4765 4993/2554/4765 4981/2542/4765
f 4981/2542/4766 4993/2554/4766 4982/2543/4766
f 4993/2554/4767 4994/2555/4767 4982/2543/4767
f 4982/2543/4768 4994/2555/4768 4983/2544/4768
f 4994/2555/5333 4995/2556/5333 4983/2544/5333
f 4983/2544/4770 4995/2556/4770 4984/2545/4770
f 4995/2556/4771 4996/2557/4771 4984/2545/4771
f 4984/2545/5334 4996/2557/5334 4985/2546/5334
f 4996/2557/4773 4997/2558/4773 4985/2546/4773
f 4985/2546/4774 4997/2558/4774 4986/2547/4774
f 4997/2558/4775 4998/2559/4775 4986/2547/4775
f 4986/2547/4776 4998/2559/4776 4987/2548/4776
f 4998/2559/4777 4999/2560/4777 4987/2548/4777
f 4987/2548/4778 4999/2560/4778 4988/2549/4778
f 4999/2560/4779 5000/2561/4779 4988/2549/4779
f 4988/2549/4780 5000/2561/4780 2646/2550/4780
f 5000/2561/4781 2645/2562/4781 2646/2550/4781
f 2640/2058/4782 5001/2483/4782 4989/2482/4782
f 5001/2483/4783 5002/2563/4783 4989/2482/4783
f 4989/2482/4784 5002/2563/4784 4990/2551/4784
f 5002/2563/4785 5003/2564/4785 4990/2551/4785
f 4990/2551/4786 5003/2564/4786 4991/2552/4786
f 5003/2564/4787 5004/2565/4787 4991/2552/4787
f 4991/2552/4788 5004/2565/4788 4992/2553/4788
f 5004/2565/4789 5005/2566/4789 4992/2553/4789
f 4992/2553/4790 5005/2566/4790 4993/2554/4790
f 5005/2566/4791 5006/2567/4791 4993/2554/4791
f 4993/2554/5335 5006/2567/5335 4994/2555/5335
f 5006/2567/4793 5007/2568/4793 4994/2555/4793
f 4994/2555/4794 5007/2568/4794 4995/2556/4794
f 5007/2568/4795 5008/2569/4795 4995/2556/4795
f 4995/2556/4796 5008/2569/4796 4996/2557/4796
f 5008/2569/4797 5009/2570/4797 4996/2557/4797
f 4996/2557/4798 5009/2570/4798 4997/2558/4798
f 5009/2570/4799 5010/2571/4799 4997/2558/4799
f 4997/2558/4800 5010/2571/4800 4998/2559/4800
f 5010/2571/5336 5011/2572/5336 4998/2559/5336
f 4998/2559/4802 5011/2572/4802 4999/2560/4802
f 5011/2572/5337 5012/2573/5337 4999/2560/5337
f 4999/2560/4804 5012/2573/4804 5000/2561/4804
f 5012/2573/4805 5013/2574/4805 5000/2561/4805
f 5000/2561/4806 5013/2574/4806 2645/2562/4806
f 5013/2574/4807 2644/2575/4807 2645/2562/4807
f 2641/2057/4808 5014/2484/4808 5001/2483/4808
f 5014/2484/4809 5015/2576/4809 5001/2483/4809
f 5001/2483/4810 5015/2576/4810 5002/2563/4810
f 5015/2576/4811 5016/2577/4811 5002/2563/4811
f 5002/2563/4812 5016/2577/4812 5003/2564/4812
f 5016/2577/4813 5017/2578/4813 5003/2564/4813
f 5003/2564/4814 5017/2578/4814 5004/2565/4814
f 5017/2578/4815 5018/2579/4815 5004/2565/4815
f 5004/2565/4816 5018/2579/4816 5005/2566/4816
f 5018/2579/4817 5019/2580/4817 5005/2566/4817
f 5005/2566/4818 5019/2580/4818 5006/2567/4818
f 5019/2580/5338 5020/2581/5338 5006/2567/5338
f 5006/2567/4820 5020/2581/4820 5007/2568/4820
f 5020/2581/4821 5021/2582/4821 5007/2568/4821
f 5007/2568/4822 5021/2582/4822 5008/2569/4822
f 5021/2582/4823 5022/2583/4823 5008/2569/4823
f 5008/2569/4824 5022/2583/4824 5009/2570/4824
f 5022/2583/4825 5023/2584/4825 5009/2570/4825
f 5009/2570/5339 5023/2584/5339 5010/2571/5339
f 5023/2584/5340 5024/2585/5340 5010/2571/5340
f 5010/2571/4828 5024/2585/4828 5011/2572/4828
f 5024/2585/4829 5025/2586/4829 5011/2572/4829
f 5011/2572/4830 5025/2586/4830 5012/2573/4830
f 5025/2586/4831 5026/2587/4831 5012/2573/4831
f 5012/2573/4832 5026/2587/4832 5013/2574/4832
f 5026/2587/4833 5027/2588/4833 5013/2574/4833
f 5013/2574/4834 5027/2588/4834 2644/2575/4834
f 5027/2588/4835 2643/2589/4835 2644/2575/4835
f 2642/6/4836 2612/5/4836 5014/2484/4836
f 2612/5/4837 2611/2590/4837 5014/2484/4837
f 5014/2484/4838 2611/2590/4838 5015/2576/4838
f 2611/2590/5341 2610/2591/5341 5015/2576/5341
f 5015/2576/4840 2610/2591/4840 5016/2577/4840
f 2610/2591/4841 2609/2592/4841 5016/2577/4841
f 5016/2577/4842 2609/2592/4842 5017/2578/4842
f 2609/2592/4843 2608/2593/4843 5017/2578/4843
f 5017/2578/4844 2608/2593/4844 5018/2579/4844
f 2608/2593/4845 2607/2594/4845 5018/2579/4845
f 5018/2579/4846 2607/2594/4846 5019/2580/4846
f 2607/2594/4847 2606/2595/4847 5019/2580/4847
f 5019/2580/4848 2606/2595/4848 5020/2581/4848
f 2606/2595/4849 2605/2596/4849 5020/2581/4849
f 5020/2581/4850 2605/2596/4850 5021/2582/4850
f 2605/2596/4851 2604/2597/4851 5021/2582/4851
f 5021/2582/4852 2604/2597/4852 5022/2583/4852
f 2604/2597/4853 2603/2598/4853 5022/2583/4853
f 5022/2583/4854 2603/2598/4854 5023/2584/4854
f 2603/2598/4855 2602/2599/4855 5023/2584/4855
f 5023/2584/4856 2602/2599/4856 5024/2585/4856
f 2602/2599/4857 2601/2600/4857 5024/2585/4857
f 5024/2585/4858 2601/2600/4858 5025/2586/4858
f 2601/2600/4859 2600/2601/4859 5025/2586/4859
f 5025/2586/4860 2600/2601/4860 5026/2587/4860
f 2600/2601/4861 2599/2602/4861 5026/2587/4861
f 5026/2587/4862 2599/2602/4862 5027/2588/4862
f 2599/2602/4863 2598/2603/4863 5027/2588/4863
f 5027/2588/4864 2598/2603/4864 2643/2589/4864
f 2598/2603/4865 2571/2604/4865 2643/2589/4865
f 2583/2605/4866 2627/18/4866 2573/17/4866
f 2584/2606/4867 5028/2607/4867 2583/2605/4867
f 2585/2608/4868 5029/2609/4868 2584/2606/4868
f 2586/2610/5342 5031/2611/5342 2585/2608/5342
f 2587/2612/5343 5034/2613/5343 2586/2610/5343
f 2588/2614/5344 5038/2615/5344 2587/2612/5344
f 2589/2616/5345 5043/2617/5345 2588/2614/5345
f 2590/2618/4873 5049/2619/4873 2589/2616/4873
f 2591/2620/4874 5056/2621/4874 2590/2618/4874
f 2592/2622/4875 5064/2623/4875 2591/2620/4875
f 2593/2624/4876 5073/2625/4876 2592/2622/4876
f 2594/2626/4877 5083/2627/4877 2593/2624/4877
f 2595/2628/4878 5094/2629/4878 2594/2626/4878
f 2596/2630/4879 5106/2631/4879 2595/2628/4879
f 2597/3/4880 5119/2632/4880 2596/2630/4880
f 2583/2605/4881 5028/2607/4881 2627/18/4881
f 5028/2607/4882 2626/1938/4882 2627/18/4882
f 2584/2606/4883 5029/2609/4883 5028/2607/4883
f 5029/2609/4884 5030/2633/4884 5028/2607/4884
f 5028/2607/4885 5030/2633/4885 2626/1938/4885
f 5030/2633/4886 2625/1939/4886 2626/1938/4886
f 2585/2608/4887 5031/2611/4887 5029/2609/4887
f 5031/2611/4888 5032/2634/4888 5029/2609/4888
f 5029/2609/4889 5032/2634/4889 5030/2633/4889
f 5032/2634/4890 5033/2635/4890 5030/2633/4890
f 5030/2633/4891 5033/2635/4891 2625/1939/4891
f 5033/2635/4892 2624/1940/4892 2625/1939/4892
f 2586/2610/4893 5034/2613/4893 5031/2611/4893
f 5034/2613/5346 5035/2636/5346 5031/2611/5346
f 5031/2611/4895 5035/2636/4895 5032/2634/4895
f 5035/2636/4896 5036/2637/4896 5032/2634/4896
f 5032/2634/4897 5036/2637/4897 5033/2635/4897
f 5036/2637/4898 5037/2638/4898 5033/2635/4898
f 5033/2635/4899 5037/2638/4899 2624/1940/4899
f 5037/2638/4900 2623/1941/4900 2624/1940/4900
f 2587/2612/4901 5038/2615/4901 5034/2613/4901
f 5038/2615/4902 5039/2639/4902 5034/2613/4902
f 5034/2613/4903 5039/2639/4903 5035/2636/4903
f 5039/2639/4904 5040/2640/4904 5035/2636/4904
f 5035/2636/4905 5040/2640/4905 5036/2637/4905
f 5040/2640/4906 5041/2641/4906 5036/2637/4906
f 5036/2637/5347 5041/2641/5347 5037/2638/5347
f 5041/2641/4908 5042/2642/4908 5037/2638/4908
f 5037/2638/4909 5042/2642/4909 2623/1941/4909
f 5042/2642/4910 2622/1942/4910 2623/1941/4910
f 2588/2614/4911 5043/2617/4911 5038/2615/4911
f 5043/2617/5348 5044/2643/5348 5038/2615/5348
f 5038/2615/4913 5044/2643/4913 5039/2639/4913
f 5044/2643/4914 5045/2644/4914 5039/2639/4914
f 5039/2639/4915 5045/2644/4915 5040/2640/4915
f 5045/2644/4916 5046/2645/4916 5040/2640/4916
f 5040/2640/4917 5046/2645/4917 5041/2641/4917
f 5046/2645/4918 5047/2646/4918 5041/2641/4918
f 5041/2641/4919 5047/2646/4919 5042/2642/4919
f 5047/2646/4920 5048/2647/4920 5042/2642/4920
f 5042/2642/4921 5048/2647/4921 2622/1942/4921
f 5048/2647/4922 2621/1943/4922 2622/1942/4922
f 2589/2616/4923 5049/2619/4923 5043/2617/4923
f 5049/2619/4924 5050/2648/4924 5043/2617/4924
f 5043/2617/4925 5050/2648/4925 5044/2643/4925
f 5050/2648/4926 5051/2649/4926 5044/2643/4926
f 5044/2643/4927 5051/2649/4927 5045/2644/4927
f 5051/2649/4928 5052/2650/4928 5045/2644/4928
f 5045/2644/4929 5052/2650/4929 5046/2645/4929
f 5052/2650/4930 5053/2651/4930 5046/2645/4930
f 5046/2645/4931 5053/2651/4931 5047/2646/4931
f 5053/2651/4932 5054/2652/4932 5047/2646/4932
f 5047/2646/5349 5054/2652/5349 5048/2647/5349
f 5054/2652/4934 5055/2653/4934 5048/2647/4934
f 5048/2647/4935 5055/2653/4935 2621/1943/4935
f 5055/2653/4936 2620/1944/4936 2621/1943/4936
f 2590/2618/4937 5056/2621/4937 5049/2619/4937
f 5056/2621/4938 5057/2654/4938 5049/2619/4938
f 5049/2619/4939 5057/2654/4939 5050/2648/4939
f 5057/2654/4940 5058/2655/4940 5050/2648/4940
f 5050/2648/4941 5058/2655/4941 5051/2649/4941
f 5058/2655/5350 5059/2656/5350 5051/2649/5350
f 5051/2649/4943 5059/2656/4943 5052/2650/4943
f 5059/2656/4944 5060/2657/4944 5052/2650/4944
f 5052/2650/4945 5060/2657/4945 5053/2651/4945
f 5060/2657/4946 5061/2658/4946 5053/2651/4946
f 5053/2651/5351 5061/2658/5351 5054/2652/5351
f 5061/2658/5352 5062/2659/5352 5054/2652/5352
f 5054/2652/4949 5062/2659/4949 5055/2653/4949
f 5062/2659/4950 5063/2660/4950 5055/2653/4950
f 5055/2653/4951 5063/2660/4951 2620/1944/4951
f 5063/2660/4952 2619/1945/4952 2620/1944/4952
f 2591/2620/4953 5064/2623/4953 5056/2621/4953
f 5064/2623/4954 5065/2661/4954 5056/2621/4954
f 5056/2621/4955 5065/2661/4955 5057/2654/4955
f 5065/2661/4956 5066/2662/4956 5057/2654/4956
f 5057/2654/4957 5066/2662/4957 5058/2655/4957
f 5066/2662/4958 5067/2663/4958 5058/2655/4958
f 5058/2655/5353 5067/2663/5353 5059/2656/5353
f 5067/2663/4960 5068/2664/4960 5059/2656/4960
f 5059/2656/4961 5068/2664/4961 5060/2657/4961
f 5068/2664/4962 5069/2665/4962 5060/2657/4962
f 5060/2657/4963 5069/2665/4963 5061/2658/4963
f 5069/2665/4964 5070/2666/4964 5061/2658/4964
f 5061/2658/4965 5070/2666/4965 5062/2659/4965
f 5070/2666/4966 5071/2667/4966 5062/2659/4966
f 5062/2659/4967 5071/2667/4967 5063/2660/4967
f 5071/2667/4968 5072/2668/4968 5063/2660/4968
f 5063/2660/4969 5072/2668/4969 2619/1945/4969
f 5072/2668/4970 2618/1946/4970 2619/1945/4970
f 2592/2622/4971 5073/2625/4971 5064/2623/4971
f 5073/2625/4972 5074/2669/4972 5064/2623/4972
f 5064/2623/4973 5074/2669/4973 5065/2661/4973
f 5074/2669/4974 5075/2670/4974 5065/2661/4974
f 5065/2661/4975 5075/2670/4975 5066/2662/4975
f 5075/2670/4976 5076/2671/4976 5066/2662/4976
f 5066/2662/4977 5076/2671/4977 5067/2663/4977
f 5076/2671/4978 5077/2672/4978 5067/2663/4978
f 5067/2663/4979 5077/2672/4979 5068/2664/4979
f 5077/2672/4980 5078/2673/4980 5068/2664/4980
f 5068/2664/4981 5078/2673/4981 5069/2665/4981
f 5078/2673/4982 5079/2674/4982 5069/2665/4982
f 5069/2665/4983 5079/2674/4983 5070/2666/4983
f 5079/2674/4984 5080/2675/4984 5070/2666/4984
f 5070/2666/4985 5080/2675/4985 5071/2667/4985
f 5080/2675/4986 5081/2676/4986 5071/2667/4986
f 5071/2667/4987 5081/2676/4987 5072/2668/4987
f 5081/2676/4988 5082/2677/4988 5072/2668/4988
f 5072/2668/4989 5082/2677/4989 2618/1946/4989
f 5082/2677/4990 2617/1947/4990 2618/1946/4990
f 2593/2624/4991 5083/2627/4991 5073/2625/4991
f 5083/2627/4992 5084/2678/4992 5073/2625/4992
f 5073/2625/5354 5084/2678/5354 5074/2669/5354
f 5084/2678/4994 5085/2679/4994 5074/2669/4994
f 5074/2669/4995 5085/2679/4995 5075/2670/4995
f 5085/2679/4996 5086/2680/4996 5075/2670/4996
f 5075/2670/4997 5086/2680/4997 5076/2671/4997
f 5086/2680/4998 5087/2681/4998 5076/2671/4998
f 5076/2671/4999 5087/2681/4999 5077/2672/4999
f 5087/2681/5355 5088/2682/5355 5077/2672/5355
f 5077/2672/5001 5088/2682/5001 5078/2673/5001
f 5088/2682/5002 5089/2683/5002 5078/2673/5002
f 5078/2673/5003 5089/2683/5003 5079/2674/5003
f 5089/2683/5004 5090/2684/5004 5079/2674/5004
f 5079/2674/5005 5090/2684/5005 5080/2675/5005
f 5090/2684/5006 5091/2685/5006 5080/2675/5006
f 5080/2675/5007 5091/2685/5007 5081/2676/5007
f 5091/2685/5008 5092/2686/5008 5081/2676/5008
f 5081/2676/5009 5092/2686/5009 5082/2677/5009
f 5092/2686/5010 5093/2687/5010 5082/2677/5010
f 5082/2677/5356 5093/2687/5356 2617/1947/5356
f 5093/2687/5012 2616/1948/5012 2617/1947/5012
f 2594/2626/5013 5094/2629/5013 5083/2627/5013
f 5094/2629/5014 5095/2688/5014 5083/2627/5014
f 5083/2627/5015 5095/2688/5015 5084/2678/5015
f 5095/2688/5016 5096/2689/5016 5084/2678/5016
f 5084/2678/5017 5096/2689/5017 5085/2679/5017
f 5096/2689/5018 5097/2690/5018 5085/2679/5018
f 5085/2679/5357 5097/2690/5357 5086/2680/5357
f 5097/2690/5020 5098/2691/5020 5086/2680/5020
f 5086/2680/5021 5098/2691/5021 5087/2681/5021
f 5098/2691/5022 5099/2692/5022 5087/2681/5022
f 5087/2681/5023 5099/2692/5023 5088/2682/5023
f 5099/2692/5358 5100/2693/5358 5088/2682/5358
f 5088/2682/5025 5100/2693/5025 5089/2683/5025
f 5100/2693/5026 5101/2694/5026 5089/2683/5026
f 5089/2683/5027 5101/2694/5027 5090/2684/5027
f 5101/2694/5028 5102/2695/5028 5090/2684/5028
f 5090/2684/5029 5102/2695/5029 5091/2685/5029
f 5102/2695/5030 5103/2696/5030 5091/2685/5030
f 5091/2685/5031 5103/2696/5031 5092/2686/5031
f 5103/2696/5032 5104/2697/5032 5092/2686/5032
f 5092/2686/5033 5104/2697/5033 5093/2687/5033
f 5104/2697/5034 5105/2698/5034 5093/2687/5034
f 5093/2687/5035 5105/2698/5035 2616/1948/5035
f 5105/2698/5036 2615/1949/5036 2616/1948/5036
f 2595/2628/5037 5106/2631/5037 5094/2629/5037
f 5106/2631/5359 5107/2699/5359 5094/2629/5359
f 5094/2629/5039 5107/2699/5039 5095/2688/5039
f 5107/2699/5040 5108/2700/5040 5095/2688/5040
f 5095/2688/5041 5108/2700/5041 5096/2689/5041
f 5108/2700/5042 5109/2701/5042 5096/2689/5042
f 5096/2689/5043 5109/2701/5043 5097/2690/5043
f 5109/2701/5044 5110/2702/5044 5097/2690/5044
f 5097/2690/5045 5110/2702/5045 5098/2691/5045
f 5110/2702/5046 5111/2703/5046 5098/2691/5046
f 5098/2691/5047 5111/2703/5047 5099/2692/5047
f 5111/2703/5048 5112/2704/5048 5099/2692/5048
f 5099/2692/5049 5112/2704/5049 5100/2693/5049
f 5112/2704/5050 5113/2705/5050 5100/2693/5050
f 5100/2693/5051 5113/2705/5051 5101/2694/5051
f 5113/2705/5052 5114/2706/5052 5101/2694/5052
f 5101/2694/5053 5114/2706/5053 5102/2695/5053
f 5114/2706/5054 5115/2707/5054 5102/2695/5054
f 5102/2695/5055 5115/2707/5055 5103/2696/5055
f 5115/2707/5056 5116/2708/5056 5103/2696/5056
f 5103/2696/5057 5116/2708/5057 5104/2697/5057
f 5116/2708/5058 5117/2709/5058 5104/2697/5058
f 5104/2697/5059 5117/2709/5059 5105/2698/5059
f 5117/2709/5060 5118/2710/5060 5105/2698/5060
f 5105/2698/5061 5118/2710/5061 2615/1949/5061
f 5118/2710/5062 2614/1950/5062 2615/1949/5062
f 2596/2630/5063 5119/2632/5063 5106/2631/5063
f 5119/2632/5064 5120/2711/5064 5106/2631/5064
f 5106/2631/5360 5120/2711/5360 5107/2699/5360
f 5120/2711/5066 5121/2712/5066 5107/2699/5066
f 5107/2699/5067 5121/2712/5067 5108/2700/5067
f 5121/2712/5068 5122/2713/5068 5108/2700/5068
f 5108/2700/5069 5122/2713/5069 5109/2701/5069
f 5122/2713/5361 5123/2714/5361 5109/2701/5361
f 5109/2701/5071 5123/2714/5071 5110/2702/5071
f 5123/2714/5072 5124/2715/5072 5110/2702/5072
f 5110/2702/5073 5124/2715/5073 5111/2703/5073
f 5124/2715/5074 5125/2716/5074 5111/2703/5074
f 5111/2703/5362 5125/2716/5362 5112/2704/5362
f 5125/2716/5076 5126/2717/5076 5112/2704/5076
f 5112/2704/5077 5126/2717/5077 5113/2705/5077
f 5126/2717/5078 5127/2718/5078 5113/2705/5078
f 5113/2705/5079 5127/2718/5079 5114/2706/5079
f 5127/2718/5080 5128/2719/5080 5114/2706/5080
f 5114/2706/5081 5128/2719/5081 5115/2707/5081
f 5128/2719/5082 5129/2720/5082 5115/2707/5082
f 5115/2707/5083 5129/2720/5083 5116/2708/5083
f 5129/2720/5084 5130/2721/5084 5116/2708/5084
f 5116/2708/5085 5130/2721/5085 5117/2709/5085
f 5130/2721/5086 5131/2722/5086 5117/2709/5086
f 5117/2709/5087 5131/2722/5087 5118/2710/5087
f 5131/2722/5088 5132/2723/5088 5118/2710/5088
f 5118/2710/5089 5132/2723/5089 2614/1950/5089
f 5132/2723/5090 2613/1951/5090 2614/1950/5090
f 2597/3/5091 2598/2/5091 5119/2632/5091
f 2598/2/5092 2599/2724/5092 5119/2632/5092
f 5119/2632/5093 2599/2724/5093 5120/2711/5093
f 2599/2724/5094 2600/2725/5094 5120/2711/5094
f 5120/2711/5363 2600/2725/5363 5121/2712/5363
f 2600/2725/5096 2601/2726/5096 5121/2712/5096
f 5121/2712/5097 2601/2726/5097 5122/2713/5097
f 2601/2726/5098 2602/2727/5098 5122/2713/5098
f 5122/2713/5364 2602/2727/5364 5123/2714/5364
f 2602/2727/5100 2603/2728/5100 5123/2714/5100
f 5123/2714/5101 2603/2728/5101 5124/2715/5101
f 2603/2728/5102 2604/2729/5102 5124/2715/5102
f 5124/2715/5103 2604/2729/5103 5125/2716/5103
f 2604/2729/5104 2605/2730/5104 5125/2716/5104
f 5125/2716/5105 2605/2730/5105 5126/2717/5105
f 2605/2730/5106 2606/2731/5106 5126/2717/5106
f 5126/2717/5107 2606/2731/5107 5127/2718/5107
f 2606/2731/5108 2607/2732/5108 5127/2718/5108
f 5127/2718/5109 2607/2732/5109 5128/2719/5109
f 2607/2732/5110 2608/2733/5110 5128/2719/5110
f 5128/2719/5111 2608/2733/5111 5129/2720/5111
f 2608/2733/5365 2609/2734/5365 5129/2720/5365
f 5129/2720/5113 2609/2734/5113 5130/2721/5113
f 2609/2734/5366 2610/2735/5366 5130/2721/5366
f 5130/2721/5115 2610/2735/5115 5131/2722/5115
f 2610/2735/5116 2611/2736/5116 5131/2722/5116
f 5131/2722/5367 2611/2736/5367 5132/2723/5367
f 2611/2736/5368 2612/2737/5368 5132/2723/5368
f 5132/2723/5119 2612/2737/5119 2613/1951/5119
f 2612/2737/5120 2572/4/5120 2613/1951/5120
f 5133/2738/5121 5134/2739/5121 5136/2740/5121 5135/2741/5121
f 5135/2741/5122 5136/2740/5122 5140/2742/5122 5139/2743/5122
f 5139/2743/5123 5140/2742/5123 5138/2744/5123 5137/2745/5123
f 5137/2745/5124 5138/2744/5124 5134/2746/5124 5133/2747/5124
f 5135/2748/5125 5139/2743/5125 5137/2745/5125 5133/2749/5125
f 5140/2742/5126 5136/2750/5126 5134/2751/5126 5138/2744/5126
f 5141/2738/5121 5142/2739/5121 5144/2740/5121 5143/2741/5121
f 5143/2741/5122 5144/2740/5122 5148/2742/5122 5147/2743/5122
f 5147/2743/5123 5148/2742/5123 5146/2744/5123 5145/2745/5123
f 5145/2745/5124 5146/2744/5124 5142/2746/5124 5141/2747/5124
f 5143/2748/5125 5147/2743/5125 5145/2745/5125 5141/2749/5125
f 5148/2742/5126 5144/2750/5126 5142/2751/5126 5146/2744/5126
f 5149/2738/5121 5150/2739/5121 5152/2740/5121 5151/2741/5121
f 5151/2741/5122 5152/2740/5122 5156/2742/5122 5155/2743/5122
f 5155/2743/5123 5156/2742/5123 5154/2744/5123 5153/2745/5123
f 5153/2745/5124 5154/2744/5124 5150/2746/5124 5149/2747/5124
f 5151/2748/5125 5155/2743/5125 5153/2745/5125 5149/2749/5125
f 5156/2742/5126 5152/2750/5126 5150/2751/5126 5154/2744/5126
f 5157/2738/5121 5158/2739/5121 5160/2740/5121 5159/2741/5121
f 5159/2741/5122 5160/2740/5122 5164/2742/5122 5163/2743/5122
f 5163/2743/5123 5164/2742/5123 5162/2744/5123 5161/2745/5123
f 5161/2745/5124 5162/2744/5124 5158/2746/5124 5157/2747/5124
f 5159/2748/5125 5163/2743/5125 5161/2745/5125 5157/2749/5125
f 5164/2742/5126 5160/2750/5126 5158/2751/5126 5162/2744/5126
