# Blender 4.3.2
# www.blender.org
mtllib tree2.mtl
o Icosphere.010
v -0.009189 7.525732 -0.076057
v 0.714418 8.078512 0.449668
v -0.285577 8.078512 0.774592
v -0.903615 8.078516 -0.076057
v -0.285577 8.078512 -0.926706
v 0.714418 8.078512 -0.601783
v 0.267199 8.972952 0.774592
v -0.732796 8.972952 0.449668
v -0.732796 8.972952 -0.601783
v 0.267199 8.972952 -0.926706
v 0.885237 8.972948 -0.076057
v -0.009189 9.525732 -0.076057
v -0.267126 7.975047 0.717803
v -0.242011 7.868213 0.640506
v -0.209878 7.765329 0.541609
v -0.171645 7.675077 0.423938
v -0.129602 7.604777 0.294541
v -0.086796 7.557782 0.162796
v -0.046037 7.532867 0.037350
v 0.087281 7.532867 -0.005968
v 0.193992 7.557783 0.071561
v 0.306062 7.604777 0.152983
v 0.416133 7.675078 0.232954
v 0.516231 7.765329 0.305678
v 0.600357 7.868213 0.366799
v 0.666111 7.975047 0.414571
v 0.629263 8.048744 0.527980
v 0.522752 8.023430 0.605655
v 0.395819 8.006160 0.676281
v 0.253680 7.999994 0.732955
v 0.105375 8.006160 0.770654
v -0.038828 8.023430 0.788127
v -0.170654 8.048744 0.787894
v 0.762582 8.048745 -0.496596
v 0.803540 8.023432 -0.371295
v 0.831484 8.006161 -0.228752
v 0.841459 7.999996 -0.076057
v 0.831484 8.006161 0.076637
v 0.803540 8.023432 0.219181
v 0.762582 8.048745 0.344481
v 0.087281 7.532867 -0.146146
v 0.193992 7.557783 -0.223675
v 0.306062 7.604777 -0.305098
v 0.416133 7.675078 -0.385069
v 0.516231 7.765329 -0.457792
v 0.600357 7.868213 -0.518914
v 0.666111 7.975047 -0.566686
v -0.843905 7.975051 -0.076057
v -0.762631 7.868217 -0.076057
v -0.658645 7.765333 -0.076057
v -0.534919 7.675080 -0.076057
v -0.398863 7.604779 -0.076057
v -0.260336 7.557783 -0.076057
v -0.128434 7.532867 -0.076057
v -0.386372 8.048744 0.717804
v -0.493161 8.023430 0.640507
v -0.599555 8.006161 0.541611
v -0.697379 7.999996 0.423940
v -0.779061 8.006162 0.294542
v -0.840240 8.023434 0.162796
v -0.880754 8.048748 0.037351
v -0.267126 7.975047 -0.869918
v -0.242011 7.868213 -0.792620
v -0.209878 7.765329 -0.693723
v -0.171645 7.675077 -0.576052
v -0.129602 7.604777 -0.446656
v -0.086796 7.557782 -0.314910
v -0.046037 7.532867 -0.189465
v -0.880754 8.048748 -0.189465
v -0.840240 8.023434 -0.314911
v -0.779061 8.006162 -0.446657
v -0.697378 7.999996 -0.576054
v -0.599555 8.006161 -0.693725
v -0.493161 8.023430 -0.792622
v -0.386372 8.048744 -0.869918
v -0.170654 8.048744 -0.940008
v -0.038828 8.023430 -0.940241
v 0.105375 8.006160 -0.922768
v 0.253680 7.999994 -0.885069
v 0.395819 8.006160 -0.828395
v 0.522752 8.023430 -0.757770
v 0.629263 8.048744 -0.680095
v 0.921999 8.883470 -0.005968
v 0.947437 8.776881 0.071561
v 0.955522 8.655624 0.152984
v 0.941869 8.525732 0.232955
v 0.905909 8.395839 0.305679
v 0.851508 8.274581 0.366800
v 0.785358 8.167992 0.414572
v 0.785358 8.167992 -0.566686
v 0.851508 8.274581 -0.518915
v 0.905909 8.395839 -0.457794
v 0.941869 8.525732 -0.385070
v 0.955522 8.655624 -0.305098
v 0.947437 8.776881 -0.223676
v 0.921999 8.883470 -0.146147
v 0.211900 8.883473 0.831214
v 0.146026 8.776883 0.879365
v 0.071087 8.655625 0.912216
v -0.009189 8.525732 0.923943
v -0.089465 8.395839 0.912216
v -0.164404 8.274581 0.879365
v -0.230278 8.167991 0.831214
v 0.702961 8.167991 0.527982
v 0.677969 8.274580 0.605658
v 0.636650 8.395838 0.676285
v 0.578596 8.525732 0.732960
v 0.506756 8.655626 0.770659
v 0.426818 8.776884 0.788131
v 0.345220 8.883473 0.787896
v -0.803736 8.883472 0.414572
v -0.869887 8.776883 0.366800
v -0.924288 8.655625 0.305679
v -0.960247 8.525732 0.232955
v -0.973900 8.395840 0.152984
v -0.965815 8.274583 0.071561
v -0.940377 8.167994 -0.005968
v -0.363598 8.167991 0.787896
v -0.445196 8.274580 0.788131
v -0.525135 8.395838 0.770659
v -0.596975 8.525732 0.732960
v -0.655028 8.655626 0.676285
v -0.696348 8.776884 0.605658
v -0.721339 8.883473 0.527982
v -0.721339 8.883473 -0.680096
v -0.696348 8.776884 -0.757773
v -0.655028 8.655626 -0.828400
v -0.596975 8.525732 -0.885074
v -0.525135 8.395838 -0.922773
v -0.445196 8.274580 -0.940245
v -0.363598 8.167991 -0.940010
v -0.940377 8.167994 -0.146147
v -0.965815 8.274583 -0.223676
v -0.973900 8.395840 -0.305099
v -0.960247 8.525732 -0.385070
v -0.924287 8.655625 -0.457794
v -0.869887 8.776883 -0.518915
v -0.803736 8.883472 -0.566686
v 0.345220 8.883473 -0.940010
v 0.426818 8.776884 -0.940245
v 0.506757 8.655626 -0.922773
v 0.578596 8.525732 -0.885074
v 0.636650 8.395838 -0.828400
v 0.677969 8.274580 -0.757773
v 0.702961 8.167991 -0.680096
v -0.230278 8.167991 -0.983328
v -0.164404 8.274581 -1.031479
v -0.089465 8.395839 -1.064330
v -0.009189 8.525732 -1.076057
v 0.071087 8.655625 -1.064330
v 0.146026 8.776883 -1.031479
v 0.211900 8.883473 -0.983328
v 0.862376 9.002716 0.037351
v 0.821861 9.028030 0.162796
v 0.760683 9.045302 0.294542
v 0.679000 9.051468 0.423940
v 0.581177 9.045303 0.541611
v 0.474782 9.028034 0.640507
v 0.367994 9.002720 0.717804
v 0.152276 9.002720 0.787894
v 0.020450 9.028034 0.788127
v -0.123753 9.045304 0.770654
v -0.272058 9.051470 0.732954
v -0.414198 9.045304 0.676281
v -0.541130 9.028034 0.605655
v -0.647642 9.002720 0.527980
v -0.780960 9.002719 0.344481
v -0.821918 9.028032 0.219181
v -0.849862 9.045303 0.076637
v -0.859837 9.051468 -0.076057
v -0.849862 9.045303 -0.228752
v -0.821918 9.028032 -0.371295
v -0.780960 9.002719 -0.496596
v -0.647642 9.002720 -0.680095
v -0.541130 9.028034 -0.757770
v -0.414198 9.045304 -0.828395
v -0.272058 9.051470 -0.885069
v -0.123753 9.045304 -0.922768
v 0.020450 9.028034 -0.940241
v 0.152276 9.002720 -0.940008
v 0.367994 9.002720 -0.869918
v 0.474782 9.028034 -0.792622
v 0.581177 9.045303 -0.693725
v 0.679000 9.051468 -0.576054
v 0.760683 9.045302 -0.446657
v 0.821862 9.028030 -0.314911
v 0.862376 9.002716 -0.189465
v 0.027659 9.518597 0.037350
v 0.068417 9.493682 0.162796
v 0.111223 9.446687 0.294541
v 0.153266 9.376387 0.423938
v 0.191499 9.286135 0.541609
v 0.223632 9.183251 0.640506
v 0.248747 9.076417 0.717803
v 0.825527 9.076413 -0.076057
v 0.744253 9.183247 -0.076057
v 0.640267 9.286131 -0.076057
v 0.516541 9.376384 -0.076057
v 0.380484 9.446685 -0.076057
v 0.241958 9.493681 -0.076057
v 0.110056 9.518597 -0.076057
v -0.105660 9.518597 -0.005968
v -0.212370 9.493682 0.071561
v -0.324440 9.446687 0.152983
v -0.434512 9.376387 0.232954
v -0.534609 9.286135 0.305678
v -0.618736 9.183250 0.366799
v -0.684489 9.076417 0.414571
v -0.105660 9.518597 -0.146146
v -0.212370 9.493682 -0.223675
v -0.324440 9.446687 -0.305098
v -0.434512 9.376387 -0.385069
v -0.534609 9.286135 -0.457792
v -0.618736 9.183250 -0.518914
v -0.684489 9.076417 -0.566686
v 0.027659 9.518597 -0.189465
v 0.068417 9.493682 -0.314910
v 0.111223 9.446687 -0.446656
v 0.153266 9.376387 -0.576052
v 0.191499 9.286135 -0.693723
v 0.223632 9.183251 -0.792620
v 0.248747 9.076417 -0.869918
v 0.157009 9.504404 -0.196806
v 0.297978 9.468940 -0.202575
v 0.206056 9.468941 -0.329093
v 0.442186 9.408586 -0.205788
v 0.352611 9.420161 -0.338920
v 0.253673 9.408587 -0.465249
v 0.578594 9.324282 -0.205788
v 0.497539 9.345644 -0.342460
v 0.400762 9.345645 -0.475661
v 0.295824 9.324284 -0.594981
v 0.697069 9.222290 -0.202576
v 0.629004 9.249342 -0.338921
v 0.540819 9.259086 -0.475662
v 0.438020 9.249344 -0.601785
v 0.329379 9.222293 -0.708650
v 0.791833 9.112062 -0.196808
v 0.738177 9.140074 -0.329095
v 0.662898 9.155674 -0.465252
v 0.568641 9.155675 -0.594983
v 0.462410 9.140076 -0.708652
v 0.353177 9.112066 -0.800559
v -0.072672 9.504404 -0.271433
v -0.034597 9.468941 -0.407284
v -0.183327 9.468941 -0.358958
v 0.006909 9.408587 -0.545426
v -0.147386 9.420162 -0.501377
v -0.298105 9.408587 -0.446319
v 0.049060 9.324284 -0.675158
v -0.105968 9.345646 -0.640305
v -0.262555 9.345646 -0.589426
v -0.408462 9.324284 -0.526497
v 0.088726 9.222294 -0.786842
v -0.061979 9.249345 -0.764242
v -0.219277 9.259087 -0.722628
v -0.370993 9.249344 -0.663836
v -0.506198 9.222293 -0.593536
v 0.123495 9.112066 -0.875186
v -0.018898 9.140077 -0.865035
v -0.171652 9.155676 -0.835515
v -0.324160 9.155676 -0.785962
v -0.465091 9.140077 -0.720056
v -0.586255 9.112066 -0.644570
v -0.214621 9.504403 -0.076057
v -0.332058 9.468941 -0.154249
v -0.332058 9.468941 0.002134
v -0.450612 9.408587 -0.236412
v -0.456399 9.420161 -0.076057
v -0.450612 9.408587 0.084297
v -0.560968 9.324284 -0.316589
v -0.575728 9.345644 -0.158379
v -0.575728 9.345644 0.006265
v -0.560968 9.324284 0.164475
v -0.654929 9.222293 -0.388825
v -0.680006 9.249343 -0.238514
v -0.689037 9.259085 -0.076057
v -0.680006 9.249343 0.086400
v -0.654929 9.222292 0.236711
v -0.728205 9.112065 -0.449192
v -0.762553 9.140076 -0.310633
v -0.781681 9.155674 -0.156235
v -0.781681 9.155674 0.004120
v -0.762553 9.140076 0.158519
v -0.728205 9.112065 0.297078
v -0.072672 9.504404 0.119319
v -0.183327 9.468941 0.206844
v -0.034597 9.468941 0.255170
v -0.298105 9.408587 0.294205
v -0.147386 9.420162 0.349262
v 0.006909 9.408587 0.393312
v -0.408462 9.324284 0.374383
v -0.262555 9.345646 0.437312
v -0.105968 9.345646 0.488191
v 0.049060 9.324284 0.523043
v -0.506198 9.222293 0.441422
v -0.370993 9.249344 0.511721
v -0.219277 9.259087 0.570514
v -0.061979 9.249345 0.612128
v 0.088726 9.222294 0.634727
v -0.586255 9.112066 0.492456
v -0.465091 9.140077 0.567941
v -0.324160 9.155676 0.633847
v -0.171652 9.155676 0.683401
v -0.018898 9.140077 0.712921
v 0.123495 9.112066 0.723072
v 0.157008 9.504404 0.044692
v 0.206056 9.468941 0.176979
v 0.297978 9.468940 0.050461
v 0.253673 9.408587 0.313135
v 0.352611 9.420161 0.186806
v 0.442186 9.408586 0.053673
v 0.295824 9.324284 0.442866
v 0.400762 9.345645 0.323547
v 0.497539 9.345644 0.190345
v 0.578594 9.324282 0.053674
v 0.329379 9.222293 0.556536
v 0.438020 9.249344 0.449671
v 0.540819 9.259086 0.323548
v 0.629004 9.249342 0.186807
v 0.697069 9.222290 0.050461
v 0.353177 9.112066 0.648445
v 0.462410 9.140076 0.556537
v 0.568641 9.155675 0.442869
v 0.662898 9.155674 0.313137
v 0.738177 9.140074 0.176981
v 0.791833 9.112062 0.044693
v 0.894551 8.906630 -0.271434
v 0.912319 8.791795 -0.358960
v 0.845803 8.924827 -0.407286
v 0.909667 8.662142 -0.446321
v 0.852615 8.802128 -0.501379
v 0.773257 8.934961 -0.545428
v 0.883616 8.525732 -0.526500
v 0.837471 8.665792 -0.589429
v 0.767441 8.805850 -0.640308
v 0.679001 8.934961 -0.675161
v 0.836101 8.392700 -0.593538
v 0.799830 8.525732 -0.663839
v 0.740693 8.665792 -0.722633
v 0.661631 8.802130 -0.764246
v 0.570037 8.924829 -0.786845
v 0.773312 8.271798 -0.644572
v 0.744179 8.392699 -0.720059
v 0.695104 8.525732 -0.785966
v 0.626899 8.662143 -0.835520
v 0.544631 8.791797 -0.865039
v 0.455896 8.906632 -0.875189
v 0.084262 8.906632 -0.995939
v 0.006511 8.791797 -1.039885
v -0.060005 8.924829 -0.991557
v -0.077394 8.662142 -1.064359
v -0.147388 8.802129 -1.027112
v -0.213804 8.934962 -0.965250
v -0.161698 8.525732 -1.064359
v -0.235807 8.665792 -1.039918
v -0.305837 8.805850 -0.989038
v -0.366313 8.934962 -0.915696
v -0.240137 8.392699 -1.039886
v -0.318206 8.525731 -1.027114
v -0.392396 8.665792 -0.989039
v -0.456404 8.802130 -0.926706
v -0.506201 8.924829 -0.846577
v -0.308074 8.271798 -0.995940
v -0.388869 8.392699 -0.991560
v -0.466716 8.525732 -0.965253
v -0.534921 8.662142 -0.915699
v -0.588418 8.791797 -0.846579
v -0.625491 8.906632 -0.765323
v -0.855171 8.906631 -0.449193
v -0.920993 8.791796 -0.388826
v -0.895585 8.924827 -0.310634
v -0.970197 8.662142 -0.316590
v -0.956402 8.802128 -0.238515
v -0.918092 8.934960 -0.156235
v -0.996249 8.525732 -0.236412
v -0.995904 8.665791 -0.158379
v -0.969155 8.805849 -0.076057
v -0.918091 8.934960 0.004120
v -0.997212 8.392701 -0.154249
v -1.009189 8.525733 -0.076057
v -0.995904 8.665792 0.006266
v -0.956402 8.802129 0.086401
v -0.895585 8.924828 0.158519
v -0.976411 8.271801 -0.076057
v -0.997212 8.392702 0.002135
v -0.996248 8.525734 0.084299
v -0.970197 8.662143 0.164476
v -0.920992 8.791797 0.236712
v -0.855171 8.906631 0.297079
v -0.625491 8.906632 0.613208
v -0.588418 8.791797 0.694464
v -0.506202 8.924829 0.694463
v -0.534922 8.662142 0.763584
v -0.456405 8.802129 0.774591
v -0.366313 8.934962 0.763582
v -0.466717 8.525731 0.813138
v -0.392397 8.665791 0.836924
v -0.305838 8.805850 0.836923
v -0.213805 8.934962 0.813135
v -0.388870 8.392699 0.839445
v -0.318206 8.525731 0.874999
v -0.235808 8.665791 0.887803
v -0.147388 8.802129 0.874998
v -0.060006 8.924829 0.839443
v -0.308075 8.271798 0.843826
v -0.240137 8.392699 0.887771
v -0.161698 8.525731 0.912245
v -0.077395 8.662142 0.912245
v 0.006510 8.791797 0.887770
v 0.084262 8.906632 0.843825
v 0.455895 8.906632 0.723074
v 0.544631 8.791797 0.712925
v 0.570037 8.924828 0.634731
v 0.626899 8.662142 0.683406
v 0.661631 8.802128 0.612133
v 0.679001 8.934961 0.523047
v 0.695104 8.525731 0.633852
v 0.740693 8.665790 0.570519
v 0.767441 8.805848 0.488195
v 0.773257 8.934960 0.393315
v 0.744179 8.392698 0.567945
v 0.799829 8.525730 0.511726
v 0.837470 8.665789 0.437316
v 0.852615 8.802127 0.349266
v 0.845803 8.924826 0.255172
v 0.773312 8.271797 0.492458
v 0.836100 8.392698 0.441425
v 0.883616 8.525730 0.374387
v 0.909667 8.662140 0.294208
v 0.912319 8.791793 0.206847
v 0.894551 8.906629 0.119320
v 0.289696 8.779666 -0.995940
v 0.370492 8.658765 -0.991560
v 0.221759 8.658765 -1.039886
v 0.448338 8.525732 -0.965253
v 0.299828 8.525732 -1.027114
v 0.143320 8.525732 -1.064359
v 0.516543 8.389321 -0.915699
v 0.374018 8.385673 -0.989039
v 0.217430 8.385673 -1.039918
v 0.059016 8.389321 -1.064359
v 0.570040 8.259667 -0.846578
v 0.438026 8.249334 -0.926705
v 0.287459 8.245613 -0.989038
v 0.129010 8.249334 -1.027112
v -0.024889 8.259667 -1.039885
v 0.607113 8.144832 -0.765323
v 0.487823 8.126636 -0.846577
v 0.347935 8.116502 -0.915696
v 0.195426 8.116502 -0.965250
v 0.041627 8.126636 -0.991557
v -0.102640 8.144832 -0.995939
v -0.791690 8.779666 -0.644572
v -0.762557 8.658765 -0.720060
v -0.854479 8.658764 -0.593539
v -0.713482 8.525732 -0.785967
v -0.818208 8.525732 -0.663840
v -0.901994 8.525732 -0.526501
v -0.645276 8.389321 -0.835521
v -0.759070 8.385673 -0.722634
v -0.855848 8.385673 -0.589431
v -0.928045 8.389322 -0.446323
v -0.563008 8.259667 -0.865040
v -0.680008 8.249334 -0.764248
v -0.785818 8.245614 -0.640311
v -0.870992 8.249335 -0.501381
v -0.930697 8.259669 -0.358961
v -0.474273 8.144832 -0.875189
v -0.588413 8.126636 -0.786847
v -0.697378 8.116503 -0.675163
v -0.791634 8.116503 -0.545431
v -0.864180 8.126637 -0.407288
v -0.912928 8.144835 -0.271435
v -0.791690 8.779666 0.492458
v -0.854479 8.658764 0.441425
v -0.762557 8.658765 0.567945
v -0.901994 8.525732 0.374386
v -0.818208 8.525732 0.511726
v -0.713482 8.525732 0.633852
v -0.928045 8.389322 0.294208
v -0.855848 8.385673 0.437316
v -0.759070 8.385673 0.570520
v -0.645276 8.389321 0.683406
v -0.930697 8.259669 0.206846
v -0.870992 8.249335 0.349267
v -0.785818 8.245614 0.488196
v -0.680008 8.249334 0.612133
v -0.563008 8.259667 0.712926
v -0.912928 8.144835 0.119320
v -0.864180 8.126637 0.255174
v -0.791634 8.116503 0.393316
v -0.697378 8.116503 0.523049
v -0.588413 8.126636 0.634732
v -0.474273 8.144832 0.723075
v 0.289696 8.779666 0.843826
v 0.221759 8.658765 0.887771
v 0.370492 8.658765 0.839445
v 0.143320 8.525732 0.912245
v 0.299828 8.525732 0.874999
v 0.448338 8.525732 0.813138
v 0.059016 8.389321 0.912245
v 0.217430 8.385673 0.887803
v 0.374018 8.385673 0.836924
v 0.516543 8.389321 0.763584
v -0.024889 8.259667 0.887770
v 0.129010 8.249334 0.874998
v 0.287459 8.245613 0.836923
v 0.438026 8.249334 0.774591
v 0.570040 8.259667 0.694464
v -0.102640 8.144832 0.843824
v 0.041627 8.126636 0.839442
v 0.195426 8.116502 0.813135
v 0.347935 8.116502 0.763581
v 0.487823 8.126636 0.694463
v 0.607113 8.144832 0.613208
v 0.958033 8.779663 -0.076057
v 0.978833 8.658763 0.002135
v 0.978833 8.658763 -0.154249
v 0.977870 8.525732 0.084298
v 0.990811 8.525732 -0.076057
v 0.977870 8.525732 -0.236412
v 0.951819 8.389322 0.164476
v 0.977526 8.385674 0.006265
v 0.977526 8.385674 -0.158380
v 0.951819 8.389322 -0.316590
v 0.902615 8.259668 0.236712
v 0.938024 8.249336 0.086400
v 0.950777 8.245615 -0.076057
v 0.938024 8.249336 -0.238515
v 0.902615 8.259668 -0.388826
v 0.836793 8.144833 0.297078
v 0.877206 8.126637 0.158519
v 0.899713 8.116504 0.004120
v 0.899713 8.116504 -0.156235
v 0.877206 8.126637 -0.310634
v 0.836793 8.144833 -0.449193
v 0.567877 7.939398 -0.644570
v 0.487820 7.829171 -0.593536
v 0.446713 7.911388 -0.720056
v 0.390083 7.727180 -0.526498
v 0.352614 7.802120 -0.663836
v 0.305781 7.895789 -0.785962
v 0.279727 7.642877 -0.446320
v 0.244177 7.705819 -0.589427
v 0.200898 7.792378 -0.722629
v 0.153273 7.895789 -0.835516
v 0.164949 7.582523 -0.358959
v 0.129008 7.631303 -0.501378
v 0.087589 7.705820 -0.640307
v 0.043600 7.802121 -0.764244
v 0.000519 7.911388 -0.865036
v 0.054293 7.547060 -0.271434
v 0.016218 7.582524 -0.407287
v -0.025288 7.642878 -0.545429
v -0.067439 7.727181 -0.675160
v -0.107105 7.829172 -0.786843
v -0.141874 7.939399 -0.875187
v -0.371556 7.939398 -0.800559
v -0.347759 7.829171 -0.708650
v -0.480790 7.911388 -0.708650
v -0.314203 7.727180 -0.594980
v -0.456400 7.802121 -0.601784
v -0.587021 7.895789 -0.594981
v -0.272052 7.642877 -0.465249
v -0.419141 7.705820 -0.475660
v -0.559199 7.792379 -0.475661
v -0.681277 7.895790 -0.465250
v -0.224434 7.582523 -0.329093
v -0.370990 7.631303 -0.338920
v -0.515919 7.705821 -0.342459
v -0.647384 7.802123 -0.338920
v -0.756556 7.911391 -0.329093
v -0.175387 7.547060 -0.196806
v -0.316357 7.582524 -0.202575
v -0.460565 7.642879 -0.205788
v -0.596973 7.727183 -0.205788
v -0.715448 7.829175 -0.202575
v -0.810211 7.939402 -0.196807
v -0.810211 7.939402 0.044692
v -0.715447 7.829175 0.050461
v -0.756556 7.911391 0.176979
v -0.596973 7.727183 0.053674
v -0.647384 7.802123 0.186806
v -0.681277 7.895791 0.313136
v -0.460565 7.642879 0.053674
v -0.515919 7.705821 0.190346
v -0.559199 7.792380 0.323548
v -0.587021 7.895790 0.442868
v -0.316357 7.582524 0.050462
v -0.370990 7.631304 0.186807
v -0.419141 7.705821 0.323548
v -0.456400 7.802122 0.449671
v -0.480790 7.911388 0.556537
v -0.175387 7.547061 0.044693
v -0.224435 7.582524 0.176980
v -0.272052 7.642878 0.313137
v -0.314204 7.727182 0.442868
v -0.347759 7.829172 0.556537
v -0.371556 7.939399 0.648445
v 0.709826 7.939398 -0.449192
v 0.744174 7.911389 -0.310633
v 0.636551 7.829172 -0.388825
v 0.763303 7.895790 -0.156234
v 0.661628 7.802121 -0.238514
v 0.542590 7.727181 -0.316589
v 0.763303 7.895790 0.004121
v 0.670659 7.792379 -0.076057
v 0.557351 7.705820 -0.158379
v 0.432234 7.642878 -0.236411
v 0.744175 7.911389 0.158519
v 0.661628 7.802122 0.086401
v 0.557351 7.705821 0.006266
v 0.438022 7.631304 -0.076056
v 0.313680 7.582524 -0.154248
v 0.709827 7.939399 0.297078
v 0.636552 7.829173 0.236712
v 0.542592 7.727182 0.164476
v 0.432235 7.642879 0.084298
v 0.313681 7.582524 0.002135
v 0.196243 7.547060 -0.076057
v -0.141873 7.939398 0.723072
v -0.107104 7.829171 0.634728
v 0.000520 7.911387 0.712921
v -0.067438 7.727180 0.523044
v 0.043601 7.802120 0.612128
v 0.153274 7.895789 0.683401
v -0.025287 7.642877 0.393312
v 0.087591 7.705819 0.488191
v 0.200900 7.792378 0.570515
v 0.305782 7.895789 0.633847
v 0.016220 7.582523 0.255171
v 0.129010 7.631303 0.349263
v 0.244179 7.705820 0.437313
v 0.352616 7.802121 0.511722
v 0.446714 7.911388 0.567941
v 0.054294 7.547060 0.119319
v 0.164951 7.582524 0.206845
v 0.279729 7.642878 0.294206
v 0.390085 7.727182 0.374384
v 0.487821 7.829172 0.441422
v 0.567878 7.939399 0.492456
v 0.000000 -1.000000 -0.058759
v 0.723607 -0.447220 0.466966
v -0.276388 -0.447220 0.791890
v -0.894426 -0.447216 -0.058759
v -0.276388 -0.447220 -0.909408
v 0.723607 -0.447220 -0.584485
v 0.276388 0.447220 0.791890
v -0.723607 0.447220 0.466966
v -0.723607 0.447220 -0.584485
v 0.276388 0.447220 -0.909408
v 0.894426 0.447216 -0.058759
v 0.000000 1.000000 -0.058759
v -0.162456 -0.850655 0.441236
v 0.425323 -0.850655 0.250252
v 0.262869 -0.525738 0.750252
v 0.850648 -0.525736 -0.058759
v 0.425323 -0.850655 -0.367771
v -0.525730 -0.850652 -0.058759
v -0.688189 -0.525736 0.441238
v -0.162456 -0.850655 -0.558754
v -0.688189 -0.525736 -0.558756
v 0.262869 -0.525738 -0.867771
v 0.951058 0.000000 0.250253
v 0.951058 0.000000 -0.367772
v 0.000000 0.000000 0.941241
v 0.587786 0.000000 0.750257
v -0.951058 0.000000 0.250253
v -0.587786 0.000000 0.750257
v -0.587786 0.000000 -0.867776
v -0.951058 0.000000 -0.367772
v 0.587786 0.000000 -0.867776
v 0.000000 0.000000 -1.058759
v 0.688189 0.525736 0.441238
v -0.262869 0.525738 0.750252
v -0.850648 0.525736 -0.058759
v -0.262869 0.525738 -0.867771
v 0.688189 0.525736 -0.558756
v 0.162456 0.850655 0.441236
v 0.525730 0.850652 -0.058759
v -0.425323 0.850654 0.250252
v -0.425323 0.850654 -0.367771
v 0.162456 0.850655 -0.558754
v 0.000000 0.487383 -0.058759
v 0.723607 1.040164 0.466966
v -0.276388 1.040164 0.791890
v -0.894426 1.040168 -0.058759
v -0.276388 1.040164 -0.909408
v 0.723607 1.040164 -0.584485
v 0.276388 1.934603 0.791890
v -0.723607 1.934603 0.466966
v -0.723607 1.934603 -0.584485
v 0.276388 1.934603 -0.909408
v 0.894426 1.934599 -0.058759
v 0.000000 2.487383 -0.058759
v -0.162456 0.636729 0.441236
v 0.425323 0.636729 0.250252
v 0.262869 0.961646 0.750252
v 0.850648 0.961648 -0.058759
v 0.425323 0.636729 -0.367771
v -0.525730 0.636732 -0.058759
v -0.688189 0.961647 0.441238
v -0.162456 0.636729 -0.558754
v -0.688189 0.961647 -0.558756
v 0.262869 0.961646 -0.867771
v 0.951058 1.487383 0.250253
v 0.951058 1.487383 -0.367772
v 0.000000 1.487383 0.941241
v 0.587786 1.487383 0.750257
v -0.951058 1.487383 0.250253
v -0.587786 1.487383 0.750257
v -0.587786 1.487383 -0.867776
v -0.951058 1.487383 -0.367772
v 0.587786 1.487383 -0.867776
v 0.000000 1.487383 -1.058759
v 0.688189 2.013120 0.441238
v -0.262869 2.013121 0.750252
v -0.850648 2.013119 -0.058759
v -0.262869 2.013121 -0.867771
v 0.688189 2.013120 -0.558756
v 0.162456 2.338037 0.441236
v 0.525730 2.338035 -0.058759
v -0.425323 2.338037 0.250252
v -0.425323 2.338037 -0.367771
v 0.162456 2.338037 -0.558754
v 0.000000 2.041718 -0.058759
v 0.723607 2.594498 0.466966
v -0.276388 2.594498 0.791890
v -0.894426 2.594502 -0.058759
v -0.276388 2.594498 -0.909408
v 0.723607 2.594498 -0.584485
v 0.276388 3.488937 0.791890
v -0.723607 3.488937 0.466966
v -0.723607 3.488937 -0.584485
v 0.276388 3.488937 -0.909408
v 0.894426 3.488933 -0.058759
v 0.000000 4.041718 -0.058759
v -0.162456 2.191063 0.441236
v 0.425323 2.191063 0.250252
v 0.262869 2.515980 0.750252
v 0.850648 2.515982 -0.058759
v 0.425323 2.191063 -0.367771
v -0.525730 2.191066 -0.058759
v -0.688189 2.515981 0.441238
v -0.162456 2.191063 -0.558754
v -0.688189 2.515981 -0.558756
v 0.262869 2.515980 -0.867771
v 0.951058 3.041718 0.250253
v 0.951058 3.041718 -0.367772
v 0.000000 3.041718 0.941241
v 0.587786 3.041718 0.750257
v -0.951058 3.041718 0.250253
v -0.587786 3.041718 0.750257
v -0.587786 3.041718 -0.867776
v -0.951058 3.041718 -0.367772
v 0.587786 3.041718 -0.867776
v 0.000000 3.041718 -1.058759
v 0.688189 3.567454 0.441238
v -0.262869 3.567455 0.750252
v -0.850648 3.567453 -0.058759
v -0.262869 3.567455 -0.867771
v 0.688189 3.567454 -0.558756
v 0.162456 3.892372 0.441236
v 0.525730 3.892369 -0.058759
v -0.425323 3.892372 0.250252
v -0.425323 3.892372 -0.367771
v 0.162456 3.892372 -0.558754
v 0.000000 3.521820 -0.058759
v 0.723607 4.074600 0.466966
v -0.276388 4.074600 0.791890
v -0.894426 4.074604 -0.058759
v -0.276388 4.074600 -0.909408
v 0.723607 4.074600 -0.584485
v 0.276388 4.969039 0.791890
v -0.723607 4.969039 0.466966
v -0.723607 4.969039 -0.584485
v 0.276388 4.969039 -0.909408
v 0.894426 4.969035 -0.058759
v 0.000000 5.521820 -0.058759
v -0.162456 3.671165 0.441236
v 0.425323 3.671165 0.250252
v 0.262869 3.996082 0.750252
v 0.850648 3.996084 -0.058759
v 0.425323 3.671165 -0.367771
v -0.525730 3.671168 -0.058759
v -0.688189 3.996083 0.441238
v -0.162456 3.671165 -0.558754
v -0.688189 3.996083 -0.558756
v 0.262869 3.996082 -0.867771
v 0.951058 4.521820 0.250253
v 0.951058 4.521820 -0.367772
v 0.000000 4.521820 0.941241
v 0.587786 4.521820 0.750257
v -0.951058 4.521820 0.250253
v -0.587786 4.521820 0.750257
v -0.587786 4.521820 -0.867776
v -0.951058 4.521820 -0.367772
v 0.587786 4.521820 -0.867776
v 0.000000 4.521820 -1.058759
v 0.688189 5.047556 0.441238
v -0.262869 5.047557 0.750252
v -0.850648 5.047555 -0.058759
v -0.262869 5.047557 -0.867771
v 0.688189 5.047556 -0.558756
v 0.162456 5.372474 0.441236
v 0.525730 5.372471 -0.058759
v -0.425323 5.372474 0.250252
v -0.425323 5.372474 -0.367771
v 0.162456 5.372474 -0.558754
v 0.000000 4.665604 -0.076057
v 0.723607 5.218384 0.449668
v -0.276388 5.218384 0.774592
v -0.894426 5.218388 -0.076057
v -0.276388 5.218384 -0.926706
v 0.723607 5.218384 -0.601783
v 0.276388 6.112823 0.774592
v -0.723607 6.112823 0.449668
v -0.723607 6.112823 -0.601783
v 0.276388 6.112823 -0.926706
v 0.894426 6.112819 -0.076057
v 0.000000 6.665604 -0.076057
v -0.257937 5.114918 0.717803
v -0.232822 5.008084 0.640506
v -0.200688 4.905201 0.541609
v -0.162456 4.814949 0.423938
v -0.120413 4.744649 0.294541
v -0.077607 4.697654 0.162796
v -0.036848 4.672739 0.037350
v 0.096471 4.672739 -0.005968
v 0.203181 4.697654 0.071561
v 0.315251 4.744649 0.152983
v 0.425323 4.814950 0.232954
v 0.525420 4.905201 0.305678
v 0.609547 5.008085 0.366799
v 0.675300 5.114919 0.414571
v 0.638452 5.188616 0.527980
v 0.531941 5.163302 0.605655
v 0.405008 5.146031 0.676281
v 0.262869 5.139866 0.732955
v 0.114564 5.146031 0.770654
v -0.029639 5.163301 0.788127
v -0.161465 5.188616 0.787894
v 0.771771 5.188617 -0.496596
v 0.812729 5.163303 -0.371295
v 0.840673 5.146033 -0.228752
v 0.850648 5.139868 -0.076057
v 0.840673 5.146033 0.076637
v 0.812729 5.163303 0.219181
v 0.771771 5.188617 0.344481
v 0.096471 4.672739 -0.146146
v 0.203181 4.697654 -0.223675
v 0.315251 4.744649 -0.305098
v 0.425323 4.814950 -0.385069
v 0.525420 4.905201 -0.457792
v 0.609547 5.008085 -0.518914
v 0.675300 5.114919 -0.566686
v -0.834716 5.114923 -0.076057
v -0.753442 5.008089 -0.076057
v -0.649456 4.905205 -0.076057
v -0.525730 4.814952 -0.076057
v -0.389673 4.744651 -0.076057
v -0.251147 4.697655 -0.076057
v -0.119245 4.672739 -0.076057
v -0.377183 5.188616 0.717804
v -0.483971 5.163302 0.640507
v -0.590366 5.146032 0.541611
v -0.688189 5.139868 0.423940
v -0.769872 5.146033 0.294542
v -0.831051 5.163305 0.162796
v -0.871565 5.188620 0.037351
v -0.257937 5.114918 -0.869918
v -0.232822 5.008084 -0.792620
v -0.200688 4.905201 -0.693723
v -0.162456 4.814949 -0.576052
v -0.120413 4.744649 -0.446656
v -0.077607 4.697654 -0.314910
v -0.036848 4.672739 -0.189465
v -0.871565 5.188620 -0.189465
v -0.831051 5.163305 -0.314911
v -0.769872 5.146033 -0.446657
v -0.688189 5.139867 -0.576054
v -0.590366 5.146032 -0.693725
v -0.483971 5.163302 -0.792622
v -0.377183 5.188616 -0.869918
v -0.161465 5.188616 -0.940008
v -0.029639 5.163301 -0.940241
v 0.114564 5.146031 -0.922768
v 0.262869 5.139866 -0.885069
v 0.405008 5.146031 -0.828395
v 0.531941 5.163302 -0.757770
v 0.638453 5.188616 -0.680095
v 0.931188 6.023342 -0.005968
v 0.956626 5.916753 0.071561
v 0.964711 5.795496 0.152984
v 0.951058 5.665604 0.232955
v 0.915098 5.535710 0.305679
v 0.860698 5.414453 0.366800
v 0.794547 5.307863 0.414572
v 0.794547 5.307863 -0.566686
v 0.860698 5.414453 -0.518915
v 0.915098 5.535710 -0.457794
v 0.951058 5.665604 -0.385070
v 0.964711 5.795496 -0.305098
v 0.956626 5.916753 -0.223676
v 0.931188 6.023342 -0.146147
v 0.221089 6.023345 0.831214
v 0.155215 5.916755 0.879365
v 0.080276 5.795497 0.912216
v -0.000000 5.665604 0.923943
v -0.080276 5.535710 0.912216
v -0.155215 5.414452 0.879365
v -0.221089 5.307862 0.831214
v 0.712150 5.307862 0.527982
v 0.687159 5.414452 0.605658
v 0.645839 5.535710 0.676285
v 0.587786 5.665604 0.732960
v 0.515946 5.795497 0.770659
v 0.436007 5.916756 0.788131
v 0.354409 6.023345 0.787896
v -0.794547 6.023344 0.414572
v -0.860698 5.916755 0.366800
v -0.915098 5.795497 0.305679
v -0.951058 5.665604 0.232955
v -0.964711 5.535711 0.152984
v -0.956626 5.414454 0.071561
v -0.931188 5.307866 -0.005968
v -0.354409 5.307862 0.787896
v -0.436007 5.414452 0.788131
v -0.515946 5.535710 0.770659
v -0.587786 5.665604 0.732960
v -0.645839 5.795497 0.676285
v -0.687159 5.916756 0.605658
v -0.712150 6.023345 0.527982
v -0.712150 6.023345 -0.680096
v -0.687159 5.916756 -0.757773
v -0.645839 5.795497 -0.828400
v -0.587786 5.665604 -0.885074
v -0.515946 5.535710 -0.922773
v -0.436007 5.414452 -0.940245
v -0.354409 5.307862 -0.940010
v -0.931188 5.307866 -0.146147
v -0.956626 5.414454 -0.223676
v -0.964711 5.535711 -0.305099
v -0.951058 5.665604 -0.385070
v -0.915098 5.795497 -0.457794
v -0.860698 5.916755 -0.518915
v -0.794547 6.023344 -0.566686
v 0.354409 6.023345 -0.940010
v 0.436007 5.916756 -0.940245
v 0.515946 5.795497 -0.922773
v 0.587786 5.665604 -0.885074
v 0.645839 5.535710 -0.828400
v 0.687159 5.414452 -0.757773
v 0.712150 5.307862 -0.680096
v -0.221089 5.307862 -0.983328
v -0.155215 5.414452 -1.031479
v -0.080276 5.535710 -1.064330
v 0.000000 5.665604 -1.076057
v 0.080276 5.795497 -1.064330
v 0.155215 5.916755 -1.031479
v 0.221089 6.023345 -0.983328
v 0.871565 6.142588 0.037351
v 0.831051 6.167902 0.162796
v 0.769872 6.185174 0.294542
v 0.688189 6.191340 0.423940
v 0.590366 6.185175 0.541611
v 0.483971 6.167905 0.640507
v 0.377183 6.142591 0.717804
v 0.161465 6.142591 0.787894
v 0.029639 6.167906 0.788127
v -0.114564 6.185176 0.770654
v -0.262869 6.191341 0.732954
v -0.405008 6.185176 0.676281
v -0.531941 6.167905 0.605655
v -0.638453 6.142591 0.527980
v -0.771771 6.142591 0.344481
v -0.812729 6.167904 0.219181
v -0.840673 6.185174 0.076637
v -0.850648 6.191339 -0.076057
v -0.840673 6.185174 -0.228752
v -0.812729 6.167904 -0.371295
v -0.771771 6.142591 -0.496596
v -0.638452 6.142591 -0.680095
v -0.531941 6.167905 -0.757770
v -0.405008 6.185176 -0.828395
v -0.262869 6.191341 -0.885069
v -0.114564 6.185176 -0.922768
v 0.029639 6.167906 -0.940241
v 0.161465 6.142591 -0.940008
v 0.377183 6.142591 -0.869918
v 0.483971 6.167905 -0.792622
v 0.590366 6.185175 -0.693725
v 0.688189 6.191339 -0.576054
v 0.769872 6.185174 -0.446657
v 0.831051 6.167902 -0.314911
v 0.871565 6.142588 -0.189465
v 0.036848 6.658469 0.037350
v 0.077607 6.633554 0.162796
v 0.120413 6.586558 0.294541
v 0.162456 6.516258 0.423938
v 0.200688 6.426006 0.541609
v 0.232822 6.323123 0.640506
v 0.257937 6.216289 0.717803
v 0.834716 6.216284 -0.076057
v 0.753442 6.323118 -0.076057
v 0.649456 6.426003 -0.076057
v 0.525730 6.516255 -0.076057
v 0.389673 6.586556 -0.076057
v 0.251147 6.633553 -0.076057
v 0.119245 6.658468 -0.076057
v -0.096471 6.658469 -0.005968
v -0.203181 6.633554 0.071561
v -0.315251 6.586558 0.152983
v -0.425323 6.516258 0.232954
v -0.525420 6.426006 0.305678
v -0.609547 6.323123 0.366799
v -0.675300 6.216289 0.414571
v -0.096471 6.658469 -0.146146
v -0.203181 6.633554 -0.223675
v -0.315251 6.586558 -0.305098
v -0.425323 6.516258 -0.385069
v -0.525420 6.426006 -0.457792
v -0.609547 6.323123 -0.518914
v -0.675300 6.216289 -0.566686
v 0.036848 6.658469 -0.189465
v 0.077607 6.633554 -0.314910
v 0.120413 6.586558 -0.446656
v 0.162456 6.516258 -0.576052
v 0.200688 6.426006 -0.693723
v 0.232822 6.323123 -0.792620
v 0.257937 6.216289 -0.869918
v 0.166198 6.644275 -0.196806
v 0.307167 6.608811 -0.202575
v 0.215245 6.608812 -0.329093
v 0.451375 6.548457 -0.205788
v 0.361800 6.560033 -0.338920
v 0.262862 6.548459 -0.465249
v 0.587783 6.464153 -0.205788
v 0.506729 6.485516 -0.342460
v 0.409951 6.485517 -0.475661
v 0.305014 6.464155 -0.594981
v 0.706258 6.362162 -0.202576
v 0.638194 6.389214 -0.338921
v 0.550008 6.398957 -0.475662
v 0.447209 6.389215 -0.601785
v 0.338569 6.362164 -0.708650
v 0.801022 6.251935 -0.196808
v 0.747366 6.279945 -0.329095
v 0.672087 6.295546 -0.465252
v 0.577830 6.295547 -0.594983
v 0.471599 6.279948 -0.708652
v 0.362366 6.251938 -0.800559
v -0.063483 6.644275 -0.271433
v -0.025408 6.608812 -0.407284
v -0.174138 6.608812 -0.358958
v 0.016098 6.548459 -0.545426
v -0.138197 6.560034 -0.501377
v -0.288916 6.548459 -0.446319
v 0.058250 6.464156 -0.675158
v -0.096779 6.485518 -0.640305
v -0.253366 6.485517 -0.589426
v -0.399272 6.464156 -0.526497
v 0.097915 6.362165 -0.786842
v -0.052790 6.389216 -0.764242
v -0.210088 6.398958 -0.722628
v -0.361804 6.389216 -0.663836
v -0.497009 6.362164 -0.593536
v 0.132684 6.251938 -0.875186
v -0.009708 6.279948 -0.865035
v -0.162463 6.295547 -0.835515
v -0.314971 6.295547 -0.785962
v -0.455902 6.279948 -0.720056
v -0.577066 6.251938 -0.644570
v -0.205432 6.644275 -0.076057
v -0.322868 6.608812 -0.154249
v -0.322868 6.608812 0.002134
v -0.441423 6.548458 -0.236412
v -0.447210 6.560033 -0.076057
v -0.441423 6.548458 0.084297
v -0.551779 6.464155 -0.316589
v -0.566539 6.485516 -0.158379
v -0.566539 6.485516 0.006265
v -0.551779 6.464155 0.164475
v -0.645740 6.362164 -0.388825
v -0.670817 6.389215 -0.238514
v -0.679848 6.398957 -0.076057
v -0.670817 6.389215 0.086400
v -0.645740 6.362164 0.236711
v -0.719015 6.251937 -0.449192
v -0.753363 6.279947 -0.310633
v -0.772492 6.295546 -0.156235
v -0.772492 6.295546 0.004120
v -0.753363 6.279947 0.158519
v -0.719015 6.251937 0.297078
v -0.063483 6.644275 0.119319
v -0.174138 6.608812 0.206844
v -0.025408 6.608812 0.255170
v -0.288916 6.548459 0.294205
v -0.138197 6.560034 0.349262
v 0.016098 6.548459 0.393312
v -0.399272 6.464156 0.374383
v -0.253366 6.485517 0.437312
v -0.096779 6.485518 0.488191
v 0.058250 6.464156 0.523043
v -0.497009 6.362164 0.441422
v -0.361804 6.389216 0.511721
v -0.210088 6.398958 0.570514
v -0.052790 6.389216 0.612128
v 0.097915 6.362165 0.634727
v -0.577066 6.251938 0.492456
v -0.455902 6.279948 0.567941
v -0.314971 6.295547 0.633847
v -0.162463 6.295547 0.683401
v -0.009708 6.279948 0.712921
v 0.132684 6.251938 0.723072
v 0.166198 6.644275 0.044692
v 0.215245 6.608812 0.176979
v 0.307167 6.608811 0.050461
v 0.262862 6.548459 0.313135
v 0.361800 6.560033 0.186806
v 0.451375 6.548457 0.053673
v 0.305014 6.464155 0.442866
v 0.409951 6.485517 0.323547
v 0.506729 6.485516 0.190345
v 0.587783 6.464153 0.053674
v 0.338569 6.362164 0.556536
v 0.447209 6.389215 0.449671
v 0.550008 6.398957 0.323548
v 0.638194 6.389214 0.186807
v 0.706258 6.362162 0.050461
v 0.362366 6.251938 0.648445
v 0.471599 6.279948 0.556537
v 0.577830 6.295547 0.442869
v 0.672087 6.295546 0.313137
v 0.747366 6.279945 0.176981
v 0.801022 6.251935 0.044693
v 0.903740 6.046501 -0.271434
v 0.921508 5.931666 -0.358960
v 0.854992 6.064698 -0.407286
v 0.918856 5.802013 -0.446321
v 0.861804 5.942000 -0.501379
v 0.782446 6.074832 -0.545428
v 0.892805 5.665604 -0.526500
v 0.846660 5.805663 -0.589429
v 0.776630 5.945722 -0.640308
v 0.688190 6.074833 -0.675161
v 0.845290 5.532572 -0.593538
v 0.809019 5.665604 -0.663839
v 0.749882 5.805663 -0.722633
v 0.670821 5.942001 -0.764246
v 0.579226 6.064700 -0.786845
v 0.782501 5.411670 -0.644572
v 0.753368 5.532571 -0.720059
v 0.704293 5.665604 -0.785966
v 0.636088 5.802014 -0.835520
v 0.553820 5.931669 -0.865039
v 0.465085 6.046504 -0.875189
v 0.093451 6.046504 -0.995939
v 0.015700 5.931668 -1.039885
v -0.050816 6.064700 -0.991557
v -0.068205 5.802013 -1.064359
v -0.138198 5.942000 -1.027112
v -0.204615 6.074834 -0.965250
v -0.152509 5.665604 -1.064359
v -0.226618 5.805663 -1.039918
v -0.296648 5.945722 -0.989038
v -0.357124 6.074834 -0.915696
v -0.230948 5.532571 -1.039886
v -0.309016 5.665603 -1.027114
v -0.383207 5.805663 -0.989039
v -0.447215 5.942001 -0.926706
v -0.497012 6.064700 -0.846577
v -0.298885 5.411670 -0.995940
v -0.379680 5.532571 -0.991560
v -0.457527 5.665603 -0.965253
v -0.525732 5.802014 -0.915699
v -0.579229 5.931668 -0.846579
v -0.616302 6.046504 -0.765323
v -0.845982 6.046503 -0.449193
v -0.911804 5.931667 -0.388826
v -0.886396 6.064698 -0.310634
v -0.961008 5.802013 -0.316590
v -0.947213 5.941999 -0.238515
v -0.908902 6.074832 -0.156235
v -0.987059 5.665604 -0.236412
v -0.986715 5.805662 -0.158379
v -0.959966 5.945721 -0.076057
v -0.908902 6.074832 0.004120
v -0.988023 5.532573 -0.154249
v -1.000000 5.665605 -0.076057
v -0.986715 5.805663 0.006266
v -0.947213 5.942000 0.086401
v -0.886395 6.064699 0.158519
v -0.967222 5.411673 -0.076057
v -0.988023 5.532574 0.002135
v -0.987059 5.665605 0.084299
v -0.961008 5.802014 0.164476
v -0.911803 5.931668 0.236712
v -0.845982 6.046503 0.297079
v -0.616302 6.046504 0.613208
v -0.579229 5.931668 0.694464
v -0.497012 6.064700 0.694463
v -0.525732 5.802013 0.763584
v -0.447216 5.942000 0.774591
v -0.357124 6.074834 0.763582
v -0.457527 5.665603 0.813138
v -0.383208 5.805662 0.836924
v -0.296649 5.945722 0.836923
v -0.204616 6.074834 0.813135
v -0.379681 5.532571 0.839445
v -0.309017 5.665603 0.874999
v -0.226619 5.805662 0.887803
v -0.138199 5.942000 0.874998
v -0.050817 6.064700 0.839443
v -0.298885 5.411670 0.843826
v -0.230948 5.532571 0.887771
v -0.152509 5.665603 0.912245
v -0.068206 5.802013 0.912245
v 0.015699 5.931668 0.887770
v 0.093451 6.046504 0.843825
v 0.465085 6.046504 0.723074
v 0.553820 5.931668 0.712925
v 0.579226 6.064699 0.634731
v 0.636088 5.802013 0.683406
v 0.670820 5.941999 0.612133
v 0.688190 6.074832 0.523047
v 0.704293 5.665603 0.633852
v 0.749882 5.805661 0.570519
v 0.776630 5.945720 0.488195
v 0.782446 6.074831 0.393315
v 0.753368 5.532570 0.567945
v 0.809019 5.665602 0.511726
v 0.846659 5.805660 0.437316
v 0.861804 5.941998 0.349266
v 0.854992 6.064697 0.255172
v 0.782501 5.411669 0.492458
v 0.845289 5.532570 0.441425
v 0.892805 5.665601 0.374387
v 0.918856 5.802011 0.294208
v 0.921508 5.931665 0.206847
v 0.903740 6.046500 0.119320
v 0.298886 5.919538 -0.995940
v 0.379681 5.798636 -0.991560
v 0.230948 5.798636 -1.039886
v 0.457527 5.665604 -0.965253
v 0.309017 5.665604 -1.027114
v 0.152509 5.665604 -1.064359
v 0.525732 5.529193 -0.915699
v 0.383207 5.525544 -0.989039
v 0.226619 5.525544 -1.039918
v 0.068205 5.529193 -1.064359
v 0.579229 5.399539 -0.846578
v 0.447216 5.389206 -0.926705
v 0.296648 5.385485 -0.989038
v 0.138199 5.389206 -1.027112
v -0.015699 5.399539 -1.039885
v 0.616302 5.284703 -0.765323
v 0.497012 5.266507 -0.846577
v 0.357124 5.256373 -0.915696
v 0.204615 5.256373 -0.965250
v 0.050817 5.266507 -0.991557
v -0.093451 5.284703 -0.995939
v -0.782501 5.919537 -0.644572
v -0.753368 5.798636 -0.720060
v -0.845290 5.798635 -0.593539
v -0.704293 5.665604 -0.785967
v -0.809018 5.665604 -0.663840
v -0.892805 5.665604 -0.526501
v -0.636087 5.529193 -0.835521
v -0.749881 5.525544 -0.722634
v -0.846659 5.525544 -0.589431
v -0.918856 5.529194 -0.446323
v -0.553819 5.399539 -0.865040
v -0.670819 5.389206 -0.764248
v -0.776628 5.385486 -0.640311
v -0.861803 5.389207 -0.501381
v -0.921507 5.399541 -0.358961
v -0.465084 5.284703 -0.875189
v -0.579224 5.266507 -0.786847
v -0.688189 5.256374 -0.675163
v -0.782445 5.256374 -0.545431
v -0.854991 5.266509 -0.407288
v -0.903739 5.284706 -0.271435
v -0.782501 5.919537 0.492458
v -0.845290 5.798635 0.441425
v -0.753368 5.798636 0.567945
v -0.892805 5.665604 0.374386
v -0.809018 5.665604 0.511726
v -0.704293 5.665604 0.633852
v -0.918856 5.529194 0.294208
v -0.846659 5.525545 0.437316
v -0.749881 5.525544 0.570520
v -0.636087 5.529193 0.683406
v -0.921508 5.399541 0.206846
v -0.861803 5.389207 0.349267
v -0.776629 5.385486 0.488196
v -0.670819 5.389206 0.612133
v -0.553819 5.399539 0.712926
v -0.903739 5.284706 0.119320
v -0.854991 5.266509 0.255174
v -0.782445 5.256374 0.393316
v -0.688189 5.256374 0.523049
v -0.579224 5.266507 0.634732
v -0.465084 5.284703 0.723075
v 0.298886 5.919538 0.843826
v 0.230948 5.798636 0.887771
v 0.379681 5.798636 0.839445
v 0.152509 5.665604 0.912245
v 0.309017 5.665604 0.874999
v 0.457527 5.665604 0.813138
v 0.068206 5.529193 0.912245
v 0.226619 5.525544 0.887803
v 0.383207 5.525544 0.836924
v 0.525732 5.529193 0.763584
v -0.015699 5.399539 0.887770
v 0.138199 5.389206 0.874998
v 0.296648 5.385485 0.836923
v 0.447216 5.389206 0.774591
v 0.579229 5.399539 0.694464
v -0.093451 5.284703 0.843824
v 0.050817 5.266507 0.839442
v 0.204615 5.256373 0.813135
v 0.357124 5.256373 0.763581
v 0.497012 5.266507 0.694463
v 0.616302 5.284703 0.613208
v 0.967222 5.919535 -0.076057
v 0.988023 5.798635 0.002135
v 0.988023 5.798635 -0.154249
v 0.987059 5.665604 0.084298
v 1.000000 5.665604 -0.076057
v 0.987059 5.665604 -0.236412
v 0.961008 5.529194 0.164476
v 0.986715 5.525545 0.006265
v 0.986715 5.525545 -0.158380
v 0.961008 5.529194 -0.316590
v 0.911804 5.399540 0.236712
v 0.947213 5.389208 0.086400
v 0.959966 5.385487 -0.076057
v 0.947213 5.389208 -0.238515
v 0.911804 5.399540 -0.388826
v 0.845982 5.284705 0.297078
v 0.886396 5.266509 0.158519
v 0.908902 5.256375 0.004120
v 0.908902 5.256375 -0.156235
v 0.886396 5.266509 -0.310634
v 0.845982 5.284705 -0.449193
v 0.577066 5.079269 -0.644570
v 0.497009 4.969043 -0.593536
v 0.455902 5.051259 -0.720056
v 0.399272 4.867052 -0.526498
v 0.361804 4.941992 -0.663836
v 0.314971 5.035660 -0.785962
v 0.288916 4.782749 -0.446320
v 0.253366 4.845691 -0.589427
v 0.210087 4.932250 -0.722629
v 0.162463 5.035660 -0.835516
v 0.174138 4.722395 -0.358959
v 0.138197 4.771174 -0.501378
v 0.096779 4.845691 -0.640307
v 0.052789 4.941993 -0.764244
v 0.009708 5.051260 -0.865036
v 0.063482 4.686932 -0.271434
v 0.025407 4.722395 -0.407287
v -0.016099 4.782750 -0.545429
v -0.058250 4.867053 -0.675160
v -0.097915 4.969044 -0.786843
v -0.132684 5.079270 -0.875187
v -0.362367 5.079269 -0.800559
v -0.338569 4.969043 -0.708650
v -0.471601 5.051260 -0.708650
v -0.305014 4.867052 -0.594980
v -0.447211 4.941992 -0.601784
v -0.577832 5.035661 -0.594981
v -0.262862 4.782748 -0.465249
v -0.409952 4.845691 -0.475660
v -0.550010 4.932251 -0.475661
v -0.672088 5.035662 -0.465250
v -0.215245 4.722395 -0.329093
v -0.361801 4.771174 -0.338920
v -0.506730 4.845692 -0.342459
v -0.638195 4.941994 -0.338920
v -0.747367 5.051262 -0.329093
v -0.166198 4.686932 -0.196806
v -0.307168 4.722396 -0.202575
v -0.451376 4.782750 -0.205788
v -0.587784 4.867055 -0.205788
v -0.706258 4.969046 -0.202575
v -0.801022 5.079273 -0.196807
v -0.801022 5.079273 0.044692
v -0.706258 4.969046 0.050461
v -0.747367 5.051262 0.176979
v -0.587784 4.867055 0.053674
v -0.638195 4.941995 0.186806
v -0.672088 5.035662 0.313136
v -0.451375 4.782750 0.053674
v -0.506730 4.845693 0.190346
v -0.550009 4.932251 0.323548
v -0.577832 5.035662 0.442868
v -0.307168 4.722396 0.050462
v -0.361801 4.771175 0.186807
v -0.409952 4.845692 0.323548
v -0.447211 4.941993 0.449671
v -0.471601 5.051260 0.556537
v -0.166198 4.686933 0.044693
v -0.215246 4.722396 0.176980
v -0.262863 4.782750 0.313137
v -0.305015 4.867054 0.442868
v -0.338569 4.969044 0.556537
v -0.362367 5.079270 0.648445
v 0.719015 5.079270 -0.449192
v 0.753363 5.051260 -0.310633
v 0.645740 4.969043 -0.388825
v 0.772493 5.035662 -0.156234
v 0.670817 4.941993 -0.238514
v 0.551780 4.867053 -0.316589
v 0.772493 5.035662 0.004121
v 0.679849 4.932251 -0.076057
v 0.566540 4.845692 -0.158379
v 0.441423 4.782749 -0.236411
v 0.753364 5.051261 0.158519
v 0.670818 4.941994 0.086401
v 0.566541 4.845692 0.006266
v 0.447211 4.771175 -0.076056
v 0.322869 4.722395 -0.154248
v 0.719016 5.079271 0.297078
v 0.645741 4.969045 0.236712
v 0.551781 4.867054 0.164476
v 0.441424 4.782750 0.084298
v 0.322870 4.722396 0.002135
v 0.205432 4.686933 -0.076057
v -0.132684 5.079269 0.723072
v -0.097915 4.969043 0.634728
v 0.009709 5.051259 0.712921
v -0.058249 4.867052 0.523044
v 0.052790 4.941992 0.612128
v 0.162463 5.035660 0.683401
v -0.016097 4.782748 0.393312
v 0.096780 4.845691 0.488191
v 0.210089 4.932250 0.570515
v 0.314971 5.035660 0.633847
v 0.025409 4.722395 0.255171
v 0.138199 4.771174 0.349263
v 0.253368 4.845691 0.437313
v 0.361805 4.941993 0.511722
v 0.455903 5.051260 0.567941
v 0.063484 4.686932 0.119319
v 0.174140 4.722395 0.206845
v 0.288918 4.782750 0.294206
v 0.399274 4.867054 0.374384
v 0.497011 4.969044 0.441422
v 0.577067 5.079270 0.492456
v 0.000000 6.236779 -0.076057
v 0.723607 6.789560 0.449668
v -0.276388 6.789559 0.774592
v -0.894426 6.789564 -0.076057
v -0.276388 6.789559 -0.926706
v 0.723607 6.789560 -0.601783
v 0.276388 7.683999 0.774592
v -0.723607 7.683999 0.449668
v -0.723607 7.683999 -0.601783
v 0.276388 7.683999 -0.926706
v 0.894426 7.683995 -0.076057
v 0.000000 8.236779 -0.076057
v -0.257937 6.686094 0.717803
v -0.232822 6.579260 0.640506
v -0.200688 6.476377 0.541609
v -0.162456 6.386125 0.423938
v -0.120413 6.315825 0.294541
v -0.077607 6.268829 0.162796
v -0.036848 6.243914 0.037350
v 0.096471 6.243914 -0.005968
v 0.203181 6.268829 0.071561
v 0.315251 6.315825 0.152983
v 0.425323 6.386125 0.232954
v 0.525420 6.476377 0.305678
v 0.609547 6.579260 0.366799
v 0.675300 6.686094 0.414571
v 0.638452 6.759792 0.527980
v 0.531941 6.734478 0.605655
v 0.405008 6.717207 0.676281
v 0.262869 6.711041 0.732955
v 0.114564 6.717207 0.770654
v -0.029639 6.734477 0.788127
v -0.161465 6.759791 0.787894
v 0.771771 6.759792 -0.496596
v 0.812729 6.734478 -0.371295
v 0.840673 6.717208 -0.228752
v 0.850648 6.711043 -0.076057
v 0.840673 6.717208 0.076637
v 0.812729 6.734478 0.219181
v 0.771771 6.759792 0.344481
v 0.096471 6.243914 -0.146146
v 0.203181 6.268829 -0.223675
v 0.315251 6.315825 -0.305098
v 0.425323 6.386125 -0.385069
v 0.525420 6.476377 -0.457792
v 0.609547 6.579260 -0.518914
v 0.675300 6.686094 -0.566686
v -0.834716 6.686099 -0.076057
v -0.753442 6.579265 -0.076057
v -0.649456 6.476380 -0.076057
v -0.525730 6.386127 -0.076057
v -0.389673 6.315826 -0.076057
v -0.251147 6.268830 -0.076057
v -0.119245 6.243915 -0.076057
v -0.377183 6.759791 0.717804
v -0.483971 6.734478 0.640507
v -0.590366 6.717207 0.541611
v -0.688189 6.711043 0.423940
v -0.769872 6.717209 0.294542
v -0.831051 6.734481 0.162796
v -0.871565 6.759795 0.037351
v -0.257937 6.686094 -0.869918
v -0.232822 6.579260 -0.792620
v -0.200688 6.476377 -0.693723
v -0.162456 6.386125 -0.576052
v -0.120413 6.315825 -0.446656
v -0.077607 6.268829 -0.314910
v -0.036848 6.243914 -0.189465
v -0.871565 6.759795 -0.189465
v -0.831051 6.734481 -0.314911
v -0.769872 6.717209 -0.446657
v -0.688189 6.711043 -0.576054
v -0.590366 6.717207 -0.693725
v -0.483971 6.734478 -0.792622
v -0.377183 6.759791 -0.869918
v -0.161465 6.759791 -0.940008
v -0.029639 6.734477 -0.940241
v 0.114564 6.717207 -0.922768
v 0.262869 6.711041 -0.885069
v 0.405008 6.717207 -0.828395
v 0.531941 6.734478 -0.757770
v 0.638453 6.759792 -0.680095
v 0.931188 7.594517 -0.005968
v 0.956626 7.487928 0.071561
v 0.964711 7.366672 0.152984
v 0.951058 7.236779 0.232955
v 0.915098 7.106886 0.305679
v 0.860698 6.985628 0.366800
v 0.794547 6.879039 0.414572
v 0.794547 6.879039 -0.566686
v 0.860698 6.985628 -0.518915
v 0.915098 7.106886 -0.457794
v 0.951058 7.236779 -0.385070
v 0.964711 7.366672 -0.305098
v 0.956626 7.487928 -0.223676
v 0.931188 7.594517 -0.146147
v 0.221089 7.594521 0.831214
v 0.155215 7.487931 0.879365
v 0.080276 7.366673 0.912216
v -0.000000 7.236779 0.923943
v -0.080276 7.106886 0.912216
v -0.155215 6.985628 0.879365
v -0.221089 6.879038 0.831214
v 0.712150 6.879038 0.527982
v 0.687159 6.985627 0.605658
v 0.645839 7.106885 0.676285
v 0.587786 7.236779 0.732960
v 0.515946 7.366673 0.770659
v 0.436007 7.487931 0.788131
v 0.354409 7.594521 0.787896
v -0.794547 7.594520 0.414572
v -0.860698 7.487930 0.366800
v -0.915098 7.366672 0.305679
v -0.951058 7.236779 0.232955
v -0.964711 7.106887 0.152984
v -0.956626 6.985630 0.071561
v -0.931188 6.879041 -0.005968
v -0.354409 6.879038 0.787896
v -0.436007 6.985627 0.788131
v -0.515946 7.106885 0.770659
v -0.587786 7.236779 0.732960
v -0.645839 7.366673 0.676285
v -0.687159 7.487931 0.605658
v -0.712150 7.594521 0.527982
v -0.712150 7.594521 -0.680096
v -0.687159 7.487931 -0.757773
v -0.645839 7.366673 -0.828400
v -0.587786 7.236779 -0.885074
v -0.515946 7.106885 -0.922773
v -0.436007 6.985627 -0.940245
v -0.354409 6.879038 -0.940010
v -0.931188 6.879041 -0.146147
v -0.956626 6.985630 -0.223676
v -0.964711 7.106887 -0.305099
v -0.951058 7.236779 -0.385070
v -0.915098 7.366672 -0.457794
v -0.860698 7.487930 -0.518915
v -0.794547 7.594520 -0.566686
v 0.354409 7.594521 -0.940010
v 0.436007 7.487931 -0.940245
v 0.515946 7.366673 -0.922773
v 0.587786 7.236779 -0.885074
v 0.645839 7.106885 -0.828400
v 0.687159 6.985627 -0.757773
v 0.712150 6.879038 -0.680096
v -0.221089 6.879038 -0.983328
v -0.155215 6.985628 -1.031479
v -0.080276 7.106886 -1.064330
v 0.000000 7.236779 -1.076057
v 0.080276 7.366673 -1.064330
v 0.155215 7.487931 -1.031479
v 0.221089 7.594521 -0.983328
v 0.871565 7.713763 0.037351
v 0.831051 7.739078 0.162796
v 0.769872 7.756350 0.294542
v 0.688189 7.762516 0.423940
v 0.590366 7.756351 0.541611
v 0.483971 7.739081 0.640507
v 0.377183 7.713767 0.717804
v 0.161465 7.713767 0.787894
v 0.029639 7.739081 0.788127
v -0.114564 7.756352 0.770654
v -0.262869 7.762517 0.732954
v -0.405008 7.756351 0.676281
v -0.531941 7.739081 0.605655
v -0.638453 7.713767 0.527980
v -0.771771 7.713766 0.344481
v -0.812729 7.739080 0.219181
v -0.840673 7.756350 0.076637
v -0.850648 7.762515 -0.076057
v -0.840673 7.756350 -0.228752
v -0.812729 7.739080 -0.371295
v -0.771771 7.713766 -0.496596
v -0.638452 7.713767 -0.680095
v -0.531941 7.739081 -0.757770
v -0.405008 7.756351 -0.828395
v -0.262869 7.762517 -0.885069
v -0.114564 7.756351 -0.922768
v 0.029639 7.739081 -0.940241
v 0.161465 7.713767 -0.940008
v 0.377183 7.713767 -0.869918
v 0.483971 7.739081 -0.792622
v 0.590366 7.756351 -0.693725
v 0.688189 7.762516 -0.576054
v 0.769872 7.756350 -0.446657
v 0.831051 7.739078 -0.314911
v 0.871565 7.713763 -0.189465
v 0.036848 8.229645 0.037350
v 0.077607 8.204729 0.162796
v 0.120413 8.157734 0.294541
v 0.162456 8.087434 0.423938
v 0.200688 7.997182 0.541609
v 0.232822 7.894299 0.640506
v 0.257937 7.787465 0.717803
v 0.834716 7.787460 -0.076057
v 0.753442 7.894294 -0.076057
v 0.649456 7.997179 -0.076057
v 0.525730 8.087431 -0.076057
v 0.389673 8.157732 -0.076057
v 0.251147 8.204728 -0.076057
v 0.119245 8.229644 -0.076057
v -0.096471 8.229644 -0.005968
v -0.203181 8.204729 0.071561
v -0.315251 8.157734 0.152983
v -0.425323 8.087434 0.232954
v -0.525420 7.997182 0.305678
v -0.609547 7.894298 0.366799
v -0.675300 7.787464 0.414571
v -0.096471 8.229644 -0.146146
v -0.203181 8.204729 -0.223675
v -0.315251 8.157734 -0.305098
v -0.425323 8.087434 -0.385069
v -0.525420 7.997182 -0.457792
v -0.609547 7.894298 -0.518914
v -0.675300 7.787464 -0.566686
v 0.036848 8.229645 -0.189465
v 0.077607 8.204729 -0.314910
v 0.120413 8.157734 -0.446656
v 0.162456 8.087434 -0.576052
v 0.200688 7.997182 -0.693723
v 0.232822 7.894299 -0.792620
v 0.257937 7.787465 -0.869918
v 0.166198 8.215450 -0.196806
v 0.307167 8.179987 -0.202575
v 0.215245 8.179988 -0.329093
v 0.451375 8.119633 -0.205788
v 0.361800 8.131208 -0.338920
v 0.262862 8.119635 -0.465249
v 0.587783 8.035329 -0.205788
v 0.506729 8.056691 -0.342460
v 0.409951 8.056692 -0.475661
v 0.305014 8.035331 -0.594981
v 0.706258 7.933337 -0.202576
v 0.638194 7.960389 -0.338921
v 0.550008 7.970132 -0.475662
v 0.447209 7.960391 -0.601785
v 0.338569 7.933341 -0.708650
v 0.801022 7.823110 -0.196808
v 0.747366 7.851121 -0.329095
v 0.672087 7.866721 -0.465252
v 0.577830 7.866722 -0.594983
v 0.471599 7.851123 -0.708652
v 0.362366 7.823113 -0.800559
v -0.063483 8.215451 -0.271433
v -0.025408 8.179988 -0.407284
v -0.174138 8.179988 -0.358958
v 0.016098 8.119635 -0.545426
v -0.138197 8.131209 -0.501377
v -0.288916 8.119635 -0.446319
v 0.058250 8.035332 -0.675158
v -0.096779 8.056693 -0.640305
v -0.253366 8.056693 -0.589426
v -0.399272 8.035331 -0.526497
v 0.097915 7.933341 -0.786842
v -0.052790 7.960392 -0.764242
v -0.210088 7.970134 -0.722628
v -0.361804 7.960392 -0.663836
v -0.497009 7.933341 -0.593536
v 0.132684 7.823113 -0.875186
v -0.009708 7.851124 -0.865035
v -0.162463 7.866723 -0.835515
v -0.314971 7.866723 -0.785962
v -0.455902 7.851124 -0.720056
v -0.577066 7.823113 -0.644570
v -0.205432 8.215450 -0.076057
v -0.322868 8.179988 -0.154249
v -0.322868 8.179988 0.002134
v -0.441423 8.119634 -0.236412
v -0.447210 8.131208 -0.076057
v -0.441423 8.119634 0.084297
v -0.551779 8.035331 -0.316589
v -0.566539 8.056691 -0.158379
v -0.566539 8.056691 0.006265
v -0.551779 8.035331 0.164475
v -0.645740 7.933340 -0.388825
v -0.670817 7.960390 -0.238514
v -0.679848 7.970132 -0.076057
v -0.670817 7.960390 0.086400
v -0.645740 7.933340 0.236711
v -0.719015 7.823113 -0.449192
v -0.753363 7.851122 -0.310633
v -0.772492 7.866722 -0.156235
v -0.772492 7.866722 0.004120
v -0.753363 7.851122 0.158519
v -0.719015 7.823113 0.297078
v -0.063483 8.215451 0.119319
v -0.174138 8.179988 0.206844
v -0.025408 8.179988 0.255170
v -0.288916 8.119635 0.294205
v -0.138197 8.131209 0.349262
v 0.016098 8.119635 0.393312
v -0.399272 8.035331 0.374383
v -0.253366 8.056693 0.437312
v -0.096779 8.056693 0.488191
v 0.058250 8.035332 0.523043
v -0.497009 7.933341 0.441422
v -0.361804 7.960392 0.511721
v -0.210088 7.970134 0.570514
v -0.052790 7.960392 0.612128
v 0.097915 7.933341 0.634727
v -0.577066 7.823113 0.492456
v -0.455902 7.851124 0.567941
v -0.314971 7.866723 0.633847
v -0.162463 7.866723 0.683401
v -0.009708 7.851124 0.712921
v 0.132684 7.823114 0.723072
v 0.166198 8.215450 0.044692
v 0.215245 8.179988 0.176979
v 0.307167 8.179987 0.050461
v 0.262862 8.119635 0.313135
v 0.361800 8.131208 0.186806
v 0.451375 8.119633 0.053673
v 0.305014 8.035331 0.442866
v 0.409951 8.056692 0.323547
v 0.506729 8.056691 0.190345
v 0.587783 8.035329 0.053674
v 0.338569 7.933341 0.556536
v 0.447209 7.960391 0.449671
v 0.550008 7.970132 0.323548
v 0.638194 7.960389 0.186807
v 0.706258 7.933337 0.050461
v 0.362366 7.823113 0.648445
v 0.471599 7.851123 0.556537
v 0.577830 7.866722 0.442869
v 0.672087 7.866721 0.313137
v 0.747366 7.851121 0.176981
v 0.801022 7.823110 0.044693
v 0.903740 7.617676 -0.271434
v 0.921508 7.502842 -0.358960
v 0.854992 7.635873 -0.407286
v 0.918856 7.373189 -0.446321
v 0.861804 7.513175 -0.501379
v 0.782446 7.646008 -0.545428
v 0.892805 7.236779 -0.526500
v 0.846660 7.376838 -0.589429
v 0.776630 7.516897 -0.640308
v 0.688190 7.646009 -0.675161
v 0.845290 7.103747 -0.593538
v 0.809019 7.236779 -0.663839
v 0.749882 7.376839 -0.722633
v 0.670821 7.513177 -0.764246
v 0.579226 7.635876 -0.786845
v 0.782501 6.982846 -0.644572
v 0.753368 7.103747 -0.720059
v 0.704293 7.236779 -0.785966
v 0.636088 7.373190 -0.835520
v 0.553820 7.502844 -0.865039
v 0.465085 7.617680 -0.875189
v 0.093451 7.617679 -0.995939
v 0.015700 7.502844 -1.039885
v -0.050816 7.635876 -0.991557
v -0.068205 7.373189 -1.064359
v -0.138198 7.513176 -1.027112
v -0.204615 7.646009 -0.965250
v -0.152509 7.236779 -1.064359
v -0.226618 7.376838 -1.039918
v -0.296648 7.516898 -0.989038
v -0.357124 7.646009 -0.915696
v -0.230948 7.103746 -1.039886
v -0.309016 7.236779 -1.027114
v -0.383207 7.376838 -0.989039
v -0.447215 7.513176 -0.926706
v -0.497012 7.635876 -0.846577
v -0.298885 6.982845 -0.995940
v -0.379680 7.103746 -0.991560
v -0.457527 7.236779 -0.965253
v -0.525732 7.373189 -0.915699
v -0.579229 7.502844 -0.846579
v -0.616302 7.617680 -0.765323
v -0.845982 7.617678 -0.449193
v -0.911804 7.502842 -0.388826
v -0.886396 7.635874 -0.310634
v -0.961008 7.373189 -0.316590
v -0.947213 7.513175 -0.238515
v -0.908902 7.646008 -0.156235
v -0.987059 7.236779 -0.236412
v -0.986715 7.376838 -0.158379
v -0.959966 7.516897 -0.076057
v -0.908902 7.646008 0.004120
v -0.988023 7.103748 -0.154249
v -1.000000 7.236780 -0.076057
v -0.986715 7.376839 0.006266
v -0.947213 7.513176 0.086401
v -0.886395 7.635875 0.158519
v -0.967222 6.982848 -0.076057
v -0.988023 7.103749 0.002135
v -0.987059 7.236781 0.084299
v -0.961008 7.373190 0.164476
v -0.911803 7.502844 0.236712
v -0.845982 7.617679 0.297079
v -0.616302 7.617679 0.613208
v -0.579229 7.502844 0.694464
v -0.497012 7.635875 0.694463
v -0.525732 7.373189 0.763584
v -0.447216 7.513176 0.774591
v -0.357124 7.646009 0.763582
v -0.457527 7.236779 0.813138
v -0.383208 7.376838 0.836924
v -0.296649 7.516897 0.836923
v -0.204616 7.646009 0.813135
v -0.379681 7.103746 0.839445
v -0.309017 7.236778 0.874999
v -0.226619 7.376838 0.887803
v -0.138199 7.513176 0.874998
v -0.050817 7.635875 0.839443
v -0.298885 6.982845 0.843826
v -0.230948 7.103746 0.887771
v -0.152509 7.236779 0.912245
v -0.068206 7.373189 0.912245
v 0.015699 7.502843 0.887770
v 0.093451 7.617679 0.843825
v 0.465085 7.617679 0.723074
v 0.553820 7.502843 0.712925
v 0.579226 7.635875 0.634731
v 0.636088 7.373189 0.683406
v 0.670820 7.513175 0.612133
v 0.688190 7.646008 0.523047
v 0.704293 7.236778 0.633852
v 0.749882 7.376837 0.570519
v 0.776630 7.516896 0.488195
v 0.782446 7.646007 0.393315
v 0.753368 7.103745 0.567945
v 0.809019 7.236777 0.511726
v 0.846659 7.376836 0.437316
v 0.861804 7.513174 0.349266
v 0.854992 7.635872 0.255172
v 0.782501 6.982845 0.492458
v 0.845289 7.103745 0.441425
v 0.892805 7.236777 0.374387
v 0.918856 7.373187 0.294208
v 0.921508 7.502841 0.206847
v 0.903740 7.617676 0.119320
v 0.298886 7.490713 -0.995940
v 0.379681 7.369812 -0.991560
v 0.230948 7.369812 -1.039886
v 0.457527 7.236779 -0.965253
v 0.309017 7.236779 -1.027114
v 0.152509 7.236779 -1.064359
v 0.525732 7.100368 -0.915699
v 0.383207 7.096720 -0.989039
v 0.226619 7.096720 -1.039918
v 0.068205 7.100368 -1.064359
v 0.579229 6.970714 -0.846578
v 0.447216 6.960382 -0.926705
v 0.296648 6.956660 -0.989038
v 0.138199 6.960382 -1.027112
v -0.015699 6.970715 -1.039885
v 0.616302 6.855879 -0.765323
v 0.497012 6.837683 -0.846577
v 0.357124 6.827549 -0.915696
v 0.204615 6.827549 -0.965250
v 0.050817 6.837683 -0.991557
v -0.093451 6.855879 -0.995939
v -0.782501 7.490713 -0.644572
v -0.753368 7.369812 -0.720060
v -0.845290 7.369811 -0.593539
v -0.704293 7.236779 -0.785967
v -0.809018 7.236779 -0.663840
v -0.892805 7.236779 -0.526501
v -0.636087 7.100368 -0.835521
v -0.749881 7.096720 -0.722634
v -0.846659 7.096720 -0.589431
v -0.918856 7.100369 -0.446323
v -0.553819 6.970715 -0.865040
v -0.670819 6.960382 -0.764248
v -0.776628 6.956661 -0.640311
v -0.861803 6.960383 -0.501381
v -0.921507 6.970716 -0.358961
v -0.465084 6.855879 -0.875189
v -0.579224 6.837683 -0.786847
v -0.688189 6.827550 -0.675163
v -0.782445 6.827550 -0.545431
v -0.854991 6.837685 -0.407288
v -0.903739 6.855882 -0.271435
v -0.782501 7.490713 0.492458
v -0.845290 7.369811 0.441425
v -0.753368 7.369812 0.567945
v -0.892805 7.236779 0.374386
v -0.809018 7.236779 0.511726
v -0.704293 7.236779 0.633852
v -0.918856 7.100369 0.294208
v -0.846659 7.096720 0.437316
v -0.749881 7.096720 0.570520
v -0.636087 7.100368 0.683406
v -0.921508 6.970716 0.206846
v -0.861803 6.960383 0.349267
v -0.776629 6.956661 0.488196
v -0.670819 6.960382 0.612133
v -0.553819 6.970715 0.712926
v -0.903739 6.855882 0.119320
v -0.854991 6.837685 0.255174
v -0.782445 6.827550 0.393316
v -0.688189 6.827549 0.523049
v -0.579224 6.837683 0.634732
v -0.465084 6.855879 0.723075
v 0.298886 7.490713 0.843826
v 0.230948 7.369812 0.887771
v 0.379681 7.369812 0.839445
v 0.152509 7.236779 0.912245
v 0.309017 7.236779 0.874999
v 0.457527 7.236779 0.813138
v 0.068206 7.100368 0.912245
v 0.226619 7.096720 0.887803
v 0.383207 7.096720 0.836924
v 0.525732 7.100368 0.763584
v -0.015699 6.970715 0.887770
v 0.138199 6.960382 0.874998
v 0.296648 6.956660 0.836923
v 0.447216 6.960382 0.774591
v 0.579229 6.970715 0.694464
v -0.093451 6.855879 0.843824
v 0.050817 6.837683 0.839442
v 0.204615 6.827549 0.813135
v 0.357124 6.827549 0.763581
v 0.497012 6.837683 0.694463
v 0.616302 6.855879 0.613208
v 0.967222 7.490711 -0.076057
v 0.988023 7.369811 0.002135
v 0.988023 7.369811 -0.154249
v 0.987059 7.236779 0.084298
v 1.000000 7.236779 -0.076057
v 0.987059 7.236779 -0.236412
v 0.961008 7.100369 0.164476
v 0.986715 7.096721 0.006265
v 0.986715 7.096721 -0.158380
v 0.961008 7.100369 -0.316590
v 0.911804 6.970716 0.236712
v 0.947213 6.960383 0.086400
v 0.959966 6.956662 -0.076057
v 0.947213 6.960383 -0.238515
v 0.911804 6.970716 -0.388826
v 0.845982 6.855880 0.297078
v 0.886396 6.837684 0.158519
v 0.908902 6.827551 0.004120
v 0.908902 6.827551 -0.156235
v 0.886396 6.837684 -0.310634
v 0.845982 6.855880 -0.449193
v 0.577066 6.650445 -0.644570
v 0.497009 6.540218 -0.593536
v 0.455902 6.622435 -0.720056
v 0.399272 6.438228 -0.526498
v 0.361804 6.513167 -0.663836
v 0.314971 6.606836 -0.785962
v 0.288916 6.353924 -0.446320
v 0.253366 6.416866 -0.589427
v 0.210087 6.503426 -0.722629
v 0.162463 6.606836 -0.835516
v 0.174138 6.293571 -0.358959
v 0.138197 6.342350 -0.501378
v 0.096779 6.416867 -0.640307
v 0.052789 6.513168 -0.764244
v 0.009708 6.622436 -0.865036
v 0.063482 6.258108 -0.271434
v 0.025407 6.293571 -0.407287
v -0.016099 6.353925 -0.545429
v -0.058250 6.438229 -0.675160
v -0.097915 6.540219 -0.786843
v -0.132684 6.650446 -0.875187
v -0.362367 6.650445 -0.800559
v -0.338569 6.540218 -0.708650
v -0.471601 6.622435 -0.708650
v -0.305014 6.438228 -0.594980
v -0.447211 6.513167 -0.601784
v -0.577832 6.606836 -0.594981
v -0.262862 6.353924 -0.465249
v -0.409952 6.416866 -0.475660
v -0.550010 6.503427 -0.475661
v -0.672088 6.606837 -0.465250
v -0.215245 6.293571 -0.329093
v -0.361801 6.342350 -0.338920
v -0.506730 6.416868 -0.342459
v -0.638195 6.513170 -0.338920
v -0.747367 6.622438 -0.329093
v -0.166198 6.258108 -0.196806
v -0.307168 6.293571 -0.202575
v -0.451376 6.353926 -0.205788
v -0.587784 6.438231 -0.205788
v -0.706258 6.540222 -0.202575
v -0.801022 6.650449 -0.196807
v -0.801022 6.650449 0.044692
v -0.706258 6.540222 0.050461
v -0.747367 6.622438 0.176979
v -0.587784 6.438231 0.053674
v -0.638195 6.513170 0.186806
v -0.672088 6.606838 0.313136
v -0.451375 6.353926 0.053674
v -0.506730 6.416868 0.190346
v -0.550009 6.503427 0.323548
v -0.577832 6.606837 0.442868
v -0.307168 6.293571 0.050462
v -0.361801 6.342351 0.186807
v -0.409952 6.416867 0.323548
v -0.447211 6.513169 0.449671
v -0.471601 6.622436 0.556537
v -0.166198 6.258108 0.044693
v -0.215246 6.293571 0.176980
v -0.262863 6.353925 0.313137
v -0.305015 6.438229 0.442868
v -0.338569 6.540219 0.556537
v -0.362367 6.650446 0.648445
v 0.719015 6.650446 -0.449192
v 0.753363 6.622436 -0.310633
v 0.645740 6.540219 -0.388825
v 0.772493 6.606837 -0.156234
v 0.670817 6.513168 -0.238514
v 0.551780 6.438228 -0.316589
v 0.772493 6.606837 0.004121
v 0.679849 6.503427 -0.076057
v 0.566540 6.416867 -0.158379
v 0.441423 6.353925 -0.236411
v 0.753364 6.622437 0.158519
v 0.670818 6.513169 0.086401
v 0.566541 6.416868 0.006266
v 0.447211 6.342351 -0.076056
v 0.322869 6.293571 -0.154248
v 0.719016 6.650446 0.297078
v 0.645741 6.540220 0.236712
v 0.551781 6.438230 0.164476
v 0.441424 6.353926 0.084298
v 0.322870 6.293571 0.002135
v 0.205432 6.258108 -0.076057
v -0.132684 6.650445 0.723072
v -0.097915 6.540218 0.634728
v 0.009709 6.622435 0.712921
v -0.058249 6.438228 0.523044
v 0.052790 6.513167 0.612128
v 0.162463 6.606835 0.683401
v -0.016097 6.353924 0.393312
v 0.096780 6.416866 0.488191
v 0.210089 6.503426 0.570515
v 0.314971 6.606836 0.633847
v 0.025409 6.293571 0.255171
v 0.138199 6.342350 0.349263
v 0.253368 6.416867 0.437313
v 0.361805 6.513168 0.511722
v 0.455903 6.622436 0.567941
v 0.063484 6.258108 0.119319
v 0.174140 6.293571 0.206845
v 0.288918 6.353925 0.294206
v 0.399274 6.438229 0.374384
v 0.497011 6.540219 0.441422
v 0.577067 6.650446 0.492456
v 1.171997 5.445652 -0.076057
v 1.895604 5.998432 0.449668
v 0.895609 5.998432 0.774592
v 0.277571 5.998436 -0.076057
v 0.895609 5.998432 -0.926706
v 1.895604 5.998432 -0.601783
v 1.448385 6.892872 0.774592
v 0.448390 6.892871 0.449668
v 0.448390 6.892871 -0.601783
v 1.448385 6.892872 -0.926706
v 2.066423 6.892868 -0.076057
v 1.171997 7.445652 -0.076057
v 0.914060 5.894967 0.717803
v 0.939175 5.788133 0.640506
v 0.971308 5.685249 0.541609
v 1.009541 5.594997 0.423938
v 1.051584 5.524697 0.294541
v 1.094390 5.477702 0.162796
v 1.135149 5.452787 0.037350
v 1.268468 5.452787 -0.005968
v 1.375178 5.477702 0.071561
v 1.487248 5.524697 0.152983
v 1.597320 5.594998 0.232954
v 1.697417 5.685249 0.305678
v 1.781543 5.788133 0.366799
v 1.847297 5.894967 0.414571
v 1.810449 5.968665 0.527980
v 1.703938 5.943350 0.605655
v 1.577005 5.926080 0.676281
v 1.434866 5.919914 0.732955
v 1.286561 5.926080 0.770654
v 1.142358 5.943350 0.788127
v 1.010532 5.968664 0.787894
v 1.943768 5.968665 -0.496596
v 1.984726 5.943351 -0.371295
v 2.012670 5.926081 -0.228752
v 2.022645 5.919916 -0.076057
v 2.012670 5.926081 0.076637
v 1.984726 5.943351 0.219181
v 1.943768 5.968665 0.344481
v 1.268468 5.452787 -0.146146
v 1.375178 5.477702 -0.223675
v 1.487248 5.524697 -0.305098
v 1.597320 5.594998 -0.385069
v 1.697417 5.685249 -0.457792
v 1.781543 5.788133 -0.518914
v 1.847297 5.894967 -0.566686
v 0.337281 5.894971 -0.076057
v 0.418555 5.788137 -0.076057
v 0.522541 5.685253 -0.076057
v 0.646267 5.595000 -0.076057
v 0.782323 5.524699 -0.076057
v 0.920850 5.477703 -0.076057
v 1.052752 5.452787 -0.076057
v 0.794814 5.968664 0.717804
v 0.688025 5.943350 0.640507
v 0.581631 5.926080 0.541611
v 0.483808 5.919916 0.423940
v 0.402125 5.926082 0.294542
v 0.340946 5.943354 0.162796
v 0.300432 5.968668 0.037351
v 0.914060 5.894967 -0.869918
v 0.939175 5.788133 -0.792620
v 0.971308 5.685249 -0.693723
v 1.009541 5.594997 -0.576052
v 1.051584 5.524697 -0.446656
v 1.094390 5.477702 -0.314910
v 1.135149 5.452787 -0.189465
v 0.300432 5.968668 -0.189465
v 0.340946 5.943354 -0.314911
v 0.402125 5.926082 -0.446657
v 0.483808 5.919916 -0.576054
v 0.581631 5.926080 -0.693725
v 0.688026 5.943350 -0.792622
v 0.794814 5.968664 -0.869918
v 1.010532 5.968664 -0.940008
v 1.142358 5.943350 -0.940241
v 1.286561 5.926080 -0.922768
v 1.434866 5.919914 -0.885069
v 1.577005 5.926080 -0.828395
v 1.703938 5.943350 -0.757770
v 1.810449 5.968665 -0.680095
v 2.103185 6.803390 -0.005968
v 2.128623 6.696801 0.071561
v 2.136708 6.575544 0.152984
v 2.123055 6.445652 0.232955
v 2.087095 6.315759 0.305679
v 2.032695 6.194501 0.366800
v 1.966544 6.087912 0.414572
v 1.966544 6.087912 -0.566686
v 2.032695 6.194501 -0.518915
v 2.087095 6.315759 -0.457794
v 2.123055 6.445652 -0.385070
v 2.136708 6.575544 -0.305098
v 2.128623 6.696801 -0.223676
v 2.103185 6.803390 -0.146147
v 1.393086 6.803393 0.831214
v 1.327212 6.696804 0.879365
v 1.252273 6.575545 0.912216
v 1.171997 6.445652 0.923943
v 1.091721 6.315759 0.912216
v 1.016782 6.194500 0.879365
v 0.950908 6.087911 0.831214
v 1.884147 6.087911 0.527982
v 1.859155 6.194500 0.605658
v 1.817836 6.315758 0.676285
v 1.759783 6.445652 0.732960
v 1.687943 6.575546 0.770659
v 1.608004 6.696804 0.788131
v 1.526406 6.803393 0.787896
v 0.377450 6.803392 0.414572
v 0.311299 6.696803 0.366800
v 0.256898 6.575545 0.305679
v 0.220939 6.445652 0.232955
v 0.207286 6.315760 0.152984
v 0.215371 6.194503 0.071561
v 0.240809 6.087914 -0.005968
v 0.817588 6.087911 0.787896
v 0.735990 6.194500 0.788131
v 0.656051 6.315758 0.770659
v 0.584211 6.445652 0.732960
v 0.526158 6.575546 0.676285
v 0.484838 6.696804 0.605658
v 0.459847 6.803393 0.527982
v 0.459847 6.803393 -0.680096
v 0.484838 6.696804 -0.757773
v 0.526158 6.575546 -0.828400
v 0.584211 6.445652 -0.885074
v 0.656051 6.315758 -0.922773
v 0.735990 6.194500 -0.940245
v 0.817588 6.087911 -0.940010
v 0.240809 6.087914 -0.146147
v 0.215371 6.194503 -0.223676
v 0.207286 6.315760 -0.305099
v 0.220939 6.445652 -0.385070
v 0.256899 6.575545 -0.457794
v 0.311299 6.696803 -0.518915
v 0.377450 6.803392 -0.566686
v 1.526406 6.803393 -0.940010
v 1.608004 6.696804 -0.940245
v 1.687943 6.575546 -0.922773
v 1.759783 6.445652 -0.885074
v 1.817836 6.315758 -0.828400
v 1.859156 6.194500 -0.757773
v 1.884147 6.087911 -0.680096
v 0.950908 6.087911 -0.983328
v 1.016782 6.194500 -1.031479
v 1.091721 6.315759 -1.064330
v 1.171997 6.445652 -1.076057
v 1.252273 6.575545 -1.064330
v 1.327212 6.696804 -1.031479
v 1.393086 6.803393 -0.983328
v 2.043562 6.922636 0.037351
v 2.003047 6.947950 0.162796
v 1.941869 6.965222 0.294542
v 1.860186 6.971388 0.423940
v 1.762363 6.965224 0.541611
v 1.655968 6.947954 0.640507
v 1.549180 6.922640 0.717804
v 1.333462 6.922640 0.787894
v 1.201636 6.947954 0.788127
v 1.057433 6.965224 0.770654
v 0.909128 6.971390 0.732954
v 0.766989 6.965224 0.676281
v 0.640056 6.947954 0.605655
v 0.533544 6.922639 0.527980
v 0.400226 6.922639 0.344481
v 0.359268 6.947953 0.219181
v 0.331324 6.965223 0.076637
v 0.321349 6.971388 -0.076057
v 0.331324 6.965223 -0.228752
v 0.359268 6.947953 -0.371295
v 0.400226 6.922639 -0.496596
v 0.533544 6.922639 -0.680095
v 0.640056 6.947954 -0.757770
v 0.766989 6.965224 -0.828395
v 0.909128 6.971390 -0.885069
v 1.057433 6.965224 -0.922768
v 1.201636 6.947954 -0.940241
v 1.333462 6.922640 -0.940008
v 1.549180 6.922640 -0.869918
v 1.655968 6.947954 -0.792622
v 1.762363 6.965224 -0.693725
v 1.860186 6.971388 -0.576054
v 1.941869 6.965222 -0.446657
v 2.003047 6.947950 -0.314911
v 2.043562 6.922636 -0.189465
v 1.208845 7.438517 0.037350
v 1.249604 7.413602 0.162796
v 1.292410 7.366607 0.294541
v 1.334453 7.296307 0.423938
v 1.372685 7.206055 0.541609
v 1.404819 7.103171 0.640506
v 1.429934 6.996337 0.717803
v 2.006713 6.996333 -0.076057
v 1.925439 7.103167 -0.076057
v 1.821453 7.206051 -0.076057
v 1.697727 7.296304 -0.076057
v 1.561670 7.366605 -0.076057
v 1.423144 7.413601 -0.076057
v 1.291242 7.438517 -0.076057
v 1.075526 7.438517 -0.005968
v 0.968816 7.413602 0.071561
v 0.856746 7.366607 0.152983
v 0.746674 7.296306 0.232954
v 0.646577 7.206055 0.305678
v 0.562450 7.103171 0.366799
v 0.496697 6.996337 0.414571
v 1.075526 7.438517 -0.146146
v 0.968816 7.413602 -0.223675
v 0.856746 7.366607 -0.305098
v 0.746674 7.296306 -0.385069
v 0.646577 7.206055 -0.457792
v 0.562450 7.103171 -0.518914
v 0.496697 6.996337 -0.566686
v 1.208845 7.438517 -0.189465
v 1.249604 7.413602 -0.314910
v 1.292410 7.366607 -0.446656
v 1.334453 7.296307 -0.576052
v 1.372685 7.206055 -0.693723
v 1.404819 7.103171 -0.792620
v 1.429934 6.996337 -0.869918
v 1.338195 7.424324 -0.196806
v 1.479164 7.388860 -0.202575
v 1.387242 7.388861 -0.329093
v 1.623372 7.328506 -0.205788
v 1.533797 7.340081 -0.338920
v 1.434859 7.328507 -0.465249
v 1.759780 7.244202 -0.205788
v 1.678726 7.265564 -0.342460
v 1.581948 7.265565 -0.475661
v 1.477010 7.244204 -0.594981
v 1.878255 7.142210 -0.202576
v 1.810190 7.169262 -0.338921
v 1.722005 7.179006 -0.475662
v 1.619206 7.169264 -0.601785
v 1.510566 7.142213 -0.708650
v 1.973019 7.031983 -0.196808
v 1.919363 7.059994 -0.329095
v 1.844084 7.075594 -0.465252
v 1.749827 7.075595 -0.594983
v 1.643596 7.059996 -0.708652
v 1.534363 7.031986 -0.800559
v 1.108514 7.424324 -0.271433
v 1.146589 7.388861 -0.407284
v 0.997859 7.388861 -0.358958
v 1.188095 7.328507 -0.545426
v 1.033800 7.340082 -0.501377
v 0.883081 7.328507 -0.446319
v 1.230247 7.244204 -0.675158
v 1.075218 7.265566 -0.640305
v 0.918631 7.265565 -0.589426
v 0.772725 7.244204 -0.526497
v 1.269912 7.142213 -0.786842
v 1.119207 7.169264 -0.764242
v 0.961909 7.179007 -0.722628
v 0.810193 7.169264 -0.663836
v 0.674988 7.142213 -0.593536
v 1.304681 7.031986 -0.875186
v 1.162288 7.059997 -0.865035
v 1.009534 7.075596 -0.835515
v 0.857026 7.075596 -0.785962
v 0.716095 7.059997 -0.720056
v 0.594931 7.031986 -0.644570
v 0.966565 7.424324 -0.076057
v 0.849129 7.388861 -0.154249
v 0.849129 7.388861 0.002134
v 0.730574 7.328506 -0.236412
v 0.724787 7.340081 -0.076057
v 0.730574 7.328506 0.084297
v 0.620218 7.244203 -0.316589
v 0.605458 7.265564 -0.158379
v 0.605458 7.265564 0.006265
v 0.620218 7.244203 0.164475
v 0.526257 7.142212 -0.388825
v 0.501180 7.169263 -0.238514
v 0.492149 7.179005 -0.076057
v 0.501180 7.169263 0.086400
v 0.526257 7.142212 0.236711
v 0.452981 7.031986 -0.449192
v 0.418633 7.059995 -0.310633
v 0.399505 7.075594 -0.156235
v 0.399505 7.075594 0.004120
v 0.418633 7.059995 0.158519
v 0.452981 7.031986 0.297078
v 1.108514 7.424324 0.119319
v 0.997859 7.388861 0.206844
v 1.146589 7.388861 0.255170
v 0.883081 7.328507 0.294205
v 1.033800 7.340082 0.349262
v 1.188095 7.328507 0.393312
v 0.772725 7.244204 0.374383
v 0.918631 7.265565 0.437312
v 1.075218 7.265566 0.488191
v 1.230247 7.244204 0.523043
v 0.674988 7.142213 0.441422
v 0.810193 7.169264 0.511721
v 0.961909 7.179007 0.570514
v 1.119207 7.169264 0.612128
v 1.269912 7.142213 0.634727
v 0.594931 7.031986 0.492456
v 0.716095 7.059997 0.567941
v 0.857026 7.075596 0.633847
v 1.009534 7.075596 0.683401
v 1.162289 7.059997 0.712921
v 1.304681 7.031986 0.723072
v 1.338195 7.424324 0.044692
v 1.387242 7.388861 0.176979
v 1.479164 7.388860 0.050461
v 1.434859 7.328507 0.313135
v 1.533797 7.340081 0.186806
v 1.623372 7.328506 0.053673
v 1.477010 7.244204 0.442866
v 1.581948 7.265565 0.323547
v 1.678726 7.265564 0.190345
v 1.759780 7.244202 0.053674
v 1.510566 7.142213 0.556536
v 1.619206 7.169264 0.449671
v 1.722005 7.179006 0.323548
v 1.810190 7.169262 0.186807
v 1.878255 7.142210 0.050461
v 1.534363 7.031986 0.648445
v 1.643596 7.059996 0.556537
v 1.749827 7.075595 0.442869
v 1.844084 7.075594 0.313137
v 1.919363 7.059994 0.176981
v 1.973019 7.031983 0.044693
v 2.075737 6.826550 -0.271434
v 2.093505 6.711715 -0.358960
v 2.026989 6.844746 -0.407286
v 2.090853 6.582062 -0.446321
v 2.033801 6.722048 -0.501379
v 1.954443 6.854881 -0.545428
v 2.064802 6.445652 -0.526500
v 2.018657 6.585711 -0.589429
v 1.948627 6.725770 -0.640308
v 1.860187 6.854882 -0.675161
v 2.017287 6.312620 -0.593538
v 1.981016 6.445652 -0.663839
v 1.921879 6.585711 -0.722633
v 1.842818 6.722050 -0.764246
v 1.751223 6.844748 -0.786845
v 1.954498 6.191719 -0.644572
v 1.925365 6.312620 -0.720059
v 1.876290 6.445652 -0.785966
v 1.808085 6.582063 -0.835520
v 1.725817 6.711717 -0.865039
v 1.637082 6.826552 -0.875189
v 1.265448 6.826552 -0.995939
v 1.187697 6.711717 -1.039885
v 1.121181 6.844748 -0.991557
v 1.103792 6.582062 -1.064359
v 1.033798 6.722049 -1.027112
v 0.967382 6.854882 -0.965250
v 1.019488 6.445652 -1.064359
v 0.945379 6.585711 -1.039918
v 0.875349 6.725770 -0.989038
v 0.814873 6.854882 -0.915696
v 0.941049 6.312619 -1.039886
v 0.862980 6.445652 -1.027114
v 0.788790 6.585711 -0.989039
v 0.724782 6.722049 -0.926706
v 0.674985 6.844748 -0.846577
v 0.873112 6.191718 -0.995940
v 0.792317 6.312619 -0.991560
v 0.714470 6.445652 -0.965253
v 0.646265 6.582062 -0.915699
v 0.592768 6.711717 -0.846579
v 0.555695 6.826552 -0.765323
v 0.326015 6.826551 -0.449193
v 0.260193 6.711715 -0.388826
v 0.285601 6.844747 -0.310634
v 0.210989 6.582062 -0.316590
v 0.224784 6.722048 -0.238515
v 0.263094 6.854880 -0.156235
v 0.184938 6.445652 -0.236412
v 0.185282 6.585711 -0.158379
v 0.212031 6.725770 -0.076057
v 0.263095 6.854881 0.004120
v 0.183974 6.312621 -0.154249
v 0.171997 6.445653 -0.076057
v 0.185282 6.585711 0.006266
v 0.224784 6.722049 0.086401
v 0.285602 6.844748 0.158519
v 0.204775 6.191721 -0.076057
v 0.183974 6.312622 0.002135
v 0.184938 6.445653 0.084299
v 0.210989 6.582063 0.164476
v 0.260194 6.711717 0.236712
v 0.326015 6.826551 0.297079
v 0.555695 6.826552 0.613208
v 0.592768 6.711717 0.694464
v 0.674985 6.844748 0.694463
v 0.646264 6.582062 0.763584
v 0.724781 6.722049 0.774591
v 0.814873 6.854882 0.763582
v 0.714470 6.445651 0.813138
v 0.788789 6.585711 0.836924
v 0.875348 6.725770 0.836923
v 0.967381 6.854882 0.813135
v 0.792316 6.312619 0.839445
v 0.862980 6.445651 0.874999
v 0.945378 6.585711 0.887803
v 1.033798 6.722049 0.874998
v 1.121180 6.844748 0.839443
v 0.873111 6.191718 0.843826
v 0.941049 6.312619 0.887771
v 1.019488 6.445652 0.912245
v 1.103791 6.582062 0.912245
v 1.187696 6.711716 0.887770
v 1.265448 6.826552 0.843825
v 1.637082 6.826552 0.723074
v 1.725817 6.711716 0.712925
v 1.751223 6.844748 0.634731
v 1.808085 6.582062 0.683406
v 1.842817 6.722048 0.612133
v 1.860187 6.854881 0.523047
v 1.876290 6.445651 0.633852
v 1.921879 6.585710 0.570519
v 1.948627 6.725769 0.488195
v 1.954443 6.854880 0.393315
v 1.925365 6.312618 0.567945
v 1.981016 6.445650 0.511726
v 2.018656 6.585709 0.437316
v 2.033801 6.722046 0.349266
v 2.026989 6.844745 0.255172
v 1.954498 6.191718 0.492458
v 2.017286 6.312618 0.441425
v 2.064802 6.445650 0.374387
v 2.090853 6.582059 0.294208
v 2.093505 6.711713 0.206847
v 2.075737 6.826549 0.119320
v 1.470883 6.699586 -0.995940
v 1.551678 6.578685 -0.991560
v 1.402945 6.578685 -1.039886
v 1.629524 6.445652 -0.965253
v 1.481014 6.445652 -1.027114
v 1.324506 6.445652 -1.064359
v 1.697729 6.309241 -0.915699
v 1.555204 6.305593 -0.989039
v 1.398616 6.305593 -1.039918
v 1.240202 6.309241 -1.064359
v 1.751226 6.179587 -0.846578
v 1.619213 6.169254 -0.926705
v 1.468645 6.165533 -0.989038
v 1.310196 6.169254 -1.027112
v 1.156297 6.179587 -1.039885
v 1.788299 6.064752 -0.765323
v 1.669009 6.046556 -0.846577
v 1.529121 6.036422 -0.915696
v 1.376612 6.036422 -0.965250
v 1.222813 6.046556 -0.991557
v 1.078546 6.064752 -0.995939
v 0.389496 6.699585 -0.644572
v 0.418629 6.578684 -0.720060
v 0.326707 6.578684 -0.593539
v 0.467704 6.445652 -0.785967
v 0.362978 6.445652 -0.663840
v 0.279192 6.445652 -0.526501
v 0.535910 6.309241 -0.835521
v 0.422116 6.305593 -0.722634
v 0.325338 6.305593 -0.589431
v 0.253141 6.309242 -0.446323
v 0.618178 6.179587 -0.865040
v 0.501178 6.169255 -0.764248
v 0.395368 6.165534 -0.640311
v 0.310194 6.169256 -0.501381
v 0.250489 6.179589 -0.358961
v 0.706913 6.064752 -0.875189
v 0.592773 6.046556 -0.786847
v 0.483808 6.036423 -0.675163
v 0.389552 6.036423 -0.545431
v 0.317006 6.046557 -0.407288
v 0.268258 6.064754 -0.271435
v 0.389496 6.699585 0.492458
v 0.326707 6.578684 0.441425
v 0.418629 6.578684 0.567945
v 0.279192 6.445652 0.374386
v 0.362978 6.445652 0.511726
v 0.467704 6.445652 0.633852
v 0.253141 6.309242 0.294208
v 0.325338 6.305593 0.437316
v 0.422116 6.305593 0.570520
v 0.535910 6.309241 0.683406
v 0.250489 6.179589 0.206846
v 0.310194 6.169256 0.349267
v 0.395368 6.165534 0.488196
v 0.501178 6.169255 0.612133
v 0.618178 6.179587 0.712926
v 0.268258 6.064754 0.119320
v 0.317006 6.046557 0.255174
v 0.389552 6.036423 0.393316
v 0.483808 6.036423 0.523049
v 0.592773 6.046556 0.634732
v 0.706913 6.064752 0.723075
v 1.470883 6.699586 0.843826
v 1.402945 6.578684 0.887771
v 1.551678 6.578685 0.839445
v 1.324506 6.445652 0.912245
v 1.481014 6.445652 0.874999
v 1.629524 6.445652 0.813138
v 1.240202 6.309241 0.912245
v 1.398616 6.305593 0.887803
v 1.555204 6.305593 0.836924
v 1.697729 6.309241 0.763584
v 1.156297 6.179587 0.887770
v 1.310196 6.169254 0.874998
v 1.468645 6.165533 0.836923
v 1.619213 6.169254 0.774591
v 1.751226 6.179587 0.694464
v 1.078546 6.064752 0.843824
v 1.222813 6.046556 0.839442
v 1.376612 6.036422 0.813135
v 1.529121 6.036422 0.763581
v 1.669009 6.046556 0.694463
v 1.788299 6.064752 0.613208
v 2.139219 6.699584 -0.076057
v 2.160020 6.578683 0.002135
v 2.160020 6.578683 -0.154249
v 2.159056 6.445652 0.084298
v 2.171997 6.445652 -0.076057
v 2.159056 6.445652 -0.236412
v 2.133005 6.309242 0.164476
v 2.158712 6.305593 0.006265
v 2.158712 6.305593 -0.158380
v 2.133005 6.309242 -0.316590
v 2.083801 6.179588 0.236712
v 2.119210 6.169256 0.086400
v 2.131963 6.165535 -0.076057
v 2.119210 6.169256 -0.238515
v 2.083801 6.179588 -0.388826
v 2.017979 6.064753 0.297078
v 2.058393 6.046557 0.158519
v 2.080899 6.036424 0.004120
v 2.080899 6.036424 -0.156235
v 2.058393 6.046557 -0.310634
v 2.017979 6.064753 -0.449193
v 1.749063 5.859318 -0.644570
v 1.669006 5.749091 -0.593536
v 1.627899 5.831307 -0.720056
v 1.571269 5.647100 -0.526498
v 1.533800 5.722040 -0.663836
v 1.486968 5.815709 -0.785962
v 1.460913 5.562797 -0.446320
v 1.425363 5.625739 -0.589427
v 1.382084 5.712298 -0.722629
v 1.334460 5.815709 -0.835516
v 1.346135 5.502443 -0.358959
v 1.310194 5.551223 -0.501378
v 1.268776 5.625740 -0.640307
v 1.224786 5.722041 -0.764244
v 1.181705 5.831308 -0.865036
v 1.235479 5.466980 -0.271434
v 1.197404 5.502444 -0.407287
v 1.155898 5.562798 -0.545429
v 1.113747 5.647101 -0.675160
v 1.074082 5.749092 -0.786843
v 1.039312 5.859319 -0.875187
v 0.809630 5.859318 -0.800559
v 0.833428 5.749091 -0.708650
v 0.700396 5.831308 -0.708650
v 0.866983 5.647100 -0.594980
v 0.724786 5.722040 -0.601784
v 0.594165 5.815709 -0.594981
v 0.909135 5.562797 -0.465249
v 0.762045 5.625739 -0.475660
v 0.621987 5.712299 -0.475661
v 0.499909 5.815710 -0.465250
v 0.956752 5.502443 -0.329093
v 0.810196 5.551223 -0.338920
v 0.665267 5.625741 -0.342459
v 0.533802 5.722043 -0.338920
v 0.424630 5.831311 -0.329093
v 1.005799 5.466980 -0.196806
v 0.864829 5.502444 -0.202575
v 0.720621 5.562799 -0.205788
v 0.584213 5.647103 -0.205788
v 0.465739 5.749094 -0.202575
v 0.370975 5.859322 -0.196807
v 0.370975 5.859322 0.044692
v 0.465739 5.749094 0.050461
v 0.424630 5.831311 0.176979
v 0.584213 5.647103 0.053674
v 0.533802 5.722043 0.186806
v 0.499909 5.815711 0.313136
v 0.720622 5.562799 0.053674
v 0.665267 5.625741 0.190346
v 0.621987 5.712300 0.323548
v 0.594165 5.815710 0.442868
v 0.864829 5.502444 0.050462
v 0.810196 5.551224 0.186807
v 0.762045 5.625740 0.323548
v 0.724786 5.722042 0.449671
v 0.700396 5.831308 0.556537
v 1.005799 5.466981 0.044693
v 0.956751 5.502444 0.176980
v 0.909134 5.562798 0.313137
v 0.866982 5.647102 0.442868
v 0.833427 5.749092 0.556537
v 0.809630 5.859319 0.648445
v 1.891012 5.859319 -0.449192
v 1.925360 5.831309 -0.310633
v 1.817737 5.749092 -0.388825
v 1.944489 5.815710 -0.156234
v 1.842814 5.722041 -0.238514
v 1.723777 5.647101 -0.316589
v 1.944489 5.815710 0.004121
v 1.851846 5.712299 -0.076057
v 1.738537 5.625740 -0.158379
v 1.613420 5.562798 -0.236411
v 1.925361 5.831309 0.158519
v 1.842814 5.722042 0.086401
v 1.738538 5.625741 0.006266
v 1.619208 5.551224 -0.076056
v 1.494866 5.502444 -0.154248
v 1.891013 5.859319 0.297078
v 1.817738 5.749093 0.236712
v 1.723778 5.647102 0.164476
v 1.613421 5.562799 0.084298
v 1.494867 5.502444 0.002135
v 1.377429 5.466981 -0.076057
v 1.039313 5.859318 0.723072
v 1.074082 5.749091 0.634728
v 1.181706 5.831307 0.712921
v 1.113748 5.647100 0.523044
v 1.224787 5.722040 0.612128
v 1.334460 5.815708 0.683401
v 1.155900 5.562797 0.393312
v 1.268777 5.625739 0.488191
v 1.382086 5.712298 0.570515
v 1.486968 5.815709 0.633847
v 1.197406 5.502443 0.255171
v 1.310196 5.551223 0.349263
v 1.425365 5.625740 0.437313
v 1.533802 5.722041 0.511722
v 1.627900 5.831308 0.567941
v 1.235480 5.466980 0.119319
v 1.346137 5.502444 0.206845
v 1.460915 5.562798 0.294206
v 1.571271 5.647102 0.374384
v 1.669008 5.749092 0.441422
v 1.749064 5.859319 0.492456
v 2.483478 4.271844 -0.076057
v 3.207085 4.824624 0.449668
v 2.207090 4.824624 0.774592
v 1.589052 4.824628 -0.076057
v 2.207090 4.824624 -0.926706
v 3.207085 4.824624 -0.601783
v 2.759866 5.719064 0.774592
v 1.759871 5.719064 0.449668
v 1.759871 5.719064 -0.601783
v 2.759866 5.719064 -0.926706
v 3.377904 5.719059 -0.076057
v 2.483478 6.271844 -0.076057
v 2.225541 4.721159 0.717803
v 2.250656 4.614325 0.640506
v 2.282789 4.511441 0.541609
v 2.321022 4.421189 0.423938
v 2.363065 4.350889 0.294541
v 2.405871 4.303894 0.162796
v 2.446630 4.278979 0.037350
v 2.579948 4.278979 -0.005968
v 2.686659 4.303895 0.071561
v 2.798728 4.350889 0.152983
v 2.908800 4.421190 0.232954
v 3.008898 4.511441 0.305678
v 3.093024 4.614325 0.366799
v 3.158778 4.721159 0.414571
v 3.121930 4.794857 0.527980
v 3.015419 4.769542 0.605655
v 2.888486 4.752272 0.676281
v 2.746346 4.746106 0.732955
v 2.598042 4.752272 0.770654
v 2.453839 4.769542 0.788127
v 2.322013 4.794856 0.787894
v 3.255249 4.794857 -0.496596
v 3.296207 4.769543 -0.371295
v 3.324151 4.752273 -0.228752
v 3.334126 4.746108 -0.076057
v 3.324151 4.752273 0.076637
v 3.296207 4.769543 0.219181
v 3.255249 4.794857 0.344481
v 2.579948 4.278979 -0.146146
v 2.686659 4.303895 -0.223675
v 2.798728 4.350889 -0.305098
v 2.908800 4.421190 -0.385069
v 3.008898 4.511441 -0.457792
v 3.093024 4.614325 -0.518914
v 3.158778 4.721159 -0.566686
v 1.648762 4.721163 -0.076057
v 1.730036 4.614329 -0.076057
v 1.834022 4.511445 -0.076057
v 1.957748 4.421192 -0.076057
v 2.093804 4.350891 -0.076057
v 2.232331 4.303895 -0.076057
v 2.364233 4.278979 -0.076057
v 2.106295 4.794856 0.717804
v 1.999506 4.769542 0.640507
v 1.893112 4.752272 0.541611
v 1.795288 4.746108 0.423940
v 1.713606 4.752274 0.294542
v 1.652427 4.769546 0.162796
v 1.611913 4.794860 0.037351
v 2.225541 4.721159 -0.869918
v 2.250656 4.614325 -0.792620
v 2.282789 4.511441 -0.693723
v 2.321022 4.421189 -0.576052
v 2.363065 4.350889 -0.446656
v 2.405871 4.303894 -0.314910
v 2.446630 4.278979 -0.189465
v 1.611913 4.794860 -0.189465
v 1.652427 4.769546 -0.314911
v 1.713606 4.752274 -0.446657
v 1.795289 4.746108 -0.576054
v 1.893112 4.752272 -0.693725
v 1.999506 4.769542 -0.792622
v 2.106295 4.794856 -0.869918
v 2.322013 4.794856 -0.940008
v 2.453839 4.769542 -0.940241
v 2.598042 4.752272 -0.922768
v 2.746347 4.746106 -0.885069
v 2.888486 4.752272 -0.828395
v 3.015419 4.769542 -0.757770
v 3.121930 4.794857 -0.680095
v 3.414666 5.629582 -0.005968
v 3.440104 5.522993 0.071561
v 3.448189 5.401736 0.152984
v 3.434536 5.271844 0.232955
v 3.398576 5.141951 0.305679
v 3.344175 5.020693 0.366800
v 3.278025 4.914104 0.414572
v 3.278025 4.914104 -0.566686
v 3.344175 5.020693 -0.518915
v 3.398576 5.141951 -0.457794
v 3.434536 5.271844 -0.385070
v 3.448189 5.401736 -0.305098
v 3.440104 5.522993 -0.223676
v 3.414666 5.629582 -0.146147
v 2.704567 5.629585 0.831214
v 2.638693 5.522995 0.879365
v 2.563754 5.401737 0.912216
v 2.483478 5.271844 0.923943
v 2.403202 5.141951 0.912216
v 2.328263 5.020692 0.879365
v 2.262389 4.914103 0.831214
v 3.195628 4.914103 0.527982
v 3.170636 5.020692 0.605658
v 3.129317 5.141950 0.676285
v 3.071263 5.271844 0.732960
v 2.999424 5.401738 0.770659
v 2.919485 5.522996 0.788131
v 2.837887 5.629585 0.787896
v 1.688931 5.629584 0.414572
v 1.622780 5.522995 0.366800
v 1.568379 5.401737 0.305679
v 1.532420 5.271844 0.232955
v 1.518766 5.141952 0.152984
v 1.526852 5.020695 0.071561
v 1.552290 4.914106 -0.005968
v 2.129069 4.914103 0.787896
v 2.047471 5.020692 0.788131
v 1.967532 5.141950 0.770659
v 1.895692 5.271844 0.732960
v 1.837639 5.401738 0.676285
v 1.796319 5.522996 0.605658
v 1.771327 5.629585 0.527982
v 1.771327 5.629585 -0.680096
v 1.796319 5.522996 -0.757773
v 1.837639 5.401738 -0.828400
v 1.895692 5.271844 -0.885074
v 1.967532 5.141950 -0.922773
v 2.047471 5.020692 -0.940245
v 2.129069 4.914103 -0.940010
v 1.552290 4.914106 -0.146147
v 1.526852 5.020695 -0.223676
v 1.518766 5.141952 -0.305099
v 1.532420 5.271844 -0.385070
v 1.568380 5.401737 -0.457794
v 1.622780 5.522995 -0.518915
v 1.688931 5.629584 -0.566686
v 2.837887 5.629585 -0.940010
v 2.919485 5.522996 -0.940245
v 2.999424 5.401738 -0.922773
v 3.071263 5.271844 -0.885074
v 3.129317 5.141950 -0.828400
v 3.170636 5.020692 -0.757773
v 3.195628 4.914103 -0.680096
v 2.262389 4.914103 -0.983328
v 2.328263 5.020692 -1.031479
v 2.403202 5.141951 -1.064330
v 2.483478 5.271844 -1.076057
v 2.563754 5.401737 -1.064330
v 2.638693 5.522995 -1.031479
v 2.704567 5.629585 -0.983328
v 3.355043 5.748828 0.037351
v 3.314528 5.774142 0.162796
v 3.253350 5.791414 0.294542
v 3.171667 5.797580 0.423940
v 3.073843 5.791416 0.541611
v 2.967449 5.774146 0.640507
v 2.860661 5.748832 0.717804
v 2.644943 5.748832 0.787894
v 2.513117 5.774146 0.788127
v 2.368914 5.791416 0.770654
v 2.220609 5.797582 0.732954
v 2.078469 5.791416 0.676281
v 1.951537 5.774146 0.605655
v 1.845025 5.748831 0.527980
v 1.711707 5.748831 0.344481
v 1.670749 5.774145 0.219181
v 1.642805 5.791415 0.076637
v 1.632830 5.797580 -0.076057
v 1.642805 5.791415 -0.228752
v 1.670749 5.774145 -0.371295
v 1.711707 5.748831 -0.496596
v 1.845025 5.748831 -0.680095
v 1.951537 5.774146 -0.757770
v 2.078469 5.791416 -0.828395
v 2.220609 5.797582 -0.885069
v 2.368914 5.791416 -0.922768
v 2.513117 5.774146 -0.940241
v 2.644943 5.748832 -0.940008
v 2.860661 5.748832 -0.869918
v 2.967449 5.774146 -0.792622
v 3.073843 5.791416 -0.693725
v 3.171667 5.797580 -0.576054
v 3.253350 5.791414 -0.446657
v 3.314528 5.774142 -0.314911
v 3.355043 5.748828 -0.189465
v 2.520326 6.264709 0.037350
v 2.561085 6.239794 0.162796
v 2.603890 6.192799 0.294541
v 2.645933 6.122499 0.423938
v 2.684166 6.032247 0.541609
v 2.716299 5.929363 0.640506
v 2.741414 5.822529 0.717803
v 3.318194 5.822525 -0.076057
v 3.236919 5.929358 -0.076057
v 3.132934 6.032243 -0.076057
v 3.009208 6.122496 -0.076057
v 2.873151 6.192797 -0.076057
v 2.734625 6.239793 -0.076057
v 2.602723 6.264709 -0.076057
v 2.387007 6.264709 -0.005968
v 2.280297 6.239794 0.071561
v 2.168227 6.192799 0.152983
v 2.058155 6.122498 0.232954
v 1.958058 6.032247 0.305678
v 1.873931 5.929363 0.366799
v 1.808178 5.822529 0.414571
v 2.387007 6.264709 -0.146146
v 2.280297 6.239794 -0.223675
v 2.168227 6.192799 -0.305098
v 2.058155 6.122498 -0.385069
v 1.958058 6.032247 -0.457792
v 1.873931 5.929363 -0.518914
v 1.808178 5.822529 -0.566686
v 2.520326 6.264709 -0.189465
v 2.561085 6.239794 -0.314910
v 2.603890 6.192799 -0.446656
v 2.645933 6.122499 -0.576052
v 2.684166 6.032247 -0.693723
v 2.716299 5.929363 -0.792620
v 2.741414 5.822529 -0.869918
v 2.649676 6.250515 -0.196806
v 2.790645 6.215052 -0.202575
v 2.698723 6.215053 -0.329093
v 2.934853 6.154697 -0.205788
v 2.845278 6.166273 -0.338920
v 2.746340 6.154699 -0.465249
v 3.071261 6.070394 -0.205788
v 2.990206 6.091756 -0.342460
v 2.893429 6.091757 -0.475661
v 2.788491 6.070395 -0.594981
v 3.189736 5.968402 -0.202576
v 3.121671 5.995454 -0.338921
v 3.033486 6.005198 -0.475662
v 2.930687 5.995456 -0.601785
v 2.822046 5.968405 -0.708650
v 3.284499 5.858175 -0.196808
v 3.230844 5.886186 -0.329095
v 3.155565 5.901786 -0.465252
v 3.061308 5.901787 -0.594983
v 2.955077 5.886188 -0.708652
v 2.845844 5.858178 -0.800559
v 2.419995 6.250515 -0.271433
v 2.458070 6.215053 -0.407284
v 2.309340 6.215053 -0.358958
v 2.499576 6.154699 -0.545426
v 2.345281 6.166274 -0.501377
v 2.194562 6.154699 -0.446319
v 2.541727 6.070396 -0.675158
v 2.386699 6.091758 -0.640305
v 2.230112 6.091757 -0.589426
v 2.084205 6.070396 -0.526497
v 2.581393 5.968405 -0.786842
v 2.430688 5.995456 -0.764242
v 2.273390 6.005198 -0.722628
v 2.121674 5.995456 -0.663836
v 1.986469 5.968405 -0.593536
v 2.616162 5.858178 -0.875186
v 2.473769 5.886189 -0.865035
v 2.321015 5.901788 -0.835515
v 2.168507 5.901788 -0.785962
v 2.027575 5.886189 -0.720056
v 1.906412 5.858178 -0.644570
v 2.278046 6.250515 -0.076057
v 2.160609 6.215053 -0.154249
v 2.160609 6.215053 0.002134
v 2.042055 6.154698 -0.236412
v 2.036268 6.166273 -0.076057
v 2.042055 6.154698 0.084297
v 1.931699 6.070395 -0.316589
v 1.916939 6.091756 -0.158379
v 1.916939 6.091756 0.006265
v 1.931699 6.070395 0.164475
v 1.837738 5.968404 -0.388825
v 1.812661 5.995455 -0.238514
v 1.803630 6.005197 -0.076057
v 1.812661 5.995455 0.086400
v 1.837738 5.968404 0.236711
v 1.764462 5.858178 -0.449192
v 1.730114 5.886187 -0.310633
v 1.710986 5.901786 -0.156235
v 1.710986 5.901786 0.004120
v 1.730114 5.886187 0.158519
v 1.764462 5.858178 0.297078
v 2.419995 6.250515 0.119319
v 2.309340 6.215053 0.206844
v 2.458070 6.215053 0.255170
v 2.194562 6.154699 0.294205
v 2.345281 6.166274 0.349262
v 2.499576 6.154699 0.393312
v 2.084205 6.070396 0.374383
v 2.230112 6.091757 0.437312
v 2.386699 6.091758 0.488191
v 2.541728 6.070396 0.523043
v 1.986469 5.968405 0.441422
v 2.121674 5.995456 0.511721
v 2.273390 6.005198 0.570514
v 2.430688 5.995456 0.612128
v 2.581393 5.968405 0.634727
v 1.906412 5.858178 0.492456
v 2.027575 5.886189 0.567941
v 2.168507 5.901788 0.633847
v 2.321015 5.901788 0.683401
v 2.473769 5.886189 0.712921
v 2.616162 5.858178 0.723072
v 2.649675 6.250515 0.044692
v 2.698723 6.215053 0.176979
v 2.790645 6.215052 0.050461
v 2.746340 6.154699 0.313135
v 2.845278 6.166273 0.186806
v 2.934853 6.154697 0.053673
v 2.788491 6.070395 0.442866
v 2.893429 6.091757 0.323547
v 2.990206 6.091756 0.190345
v 3.071261 6.070394 0.053674
v 2.822046 5.968405 0.556536
v 2.930687 5.995456 0.449671
v 3.033486 6.005198 0.323548
v 3.121671 5.995454 0.186807
v 3.189736 5.968402 0.050461
v 2.845844 5.858178 0.648445
v 2.955077 5.886188 0.556537
v 3.061308 5.901787 0.442869
v 3.155565 5.901786 0.313137
v 3.230844 5.886186 0.176981
v 3.284500 5.858175 0.044693
v 3.387218 5.652741 -0.271434
v 3.404986 5.537907 -0.358960
v 3.338470 5.670938 -0.407286
v 3.402334 5.408254 -0.446321
v 3.345282 5.548240 -0.501379
v 3.265924 5.681073 -0.545428
v 3.376283 5.271844 -0.526500
v 3.330137 5.411903 -0.589429
v 3.260108 5.551962 -0.640308
v 3.171668 5.681073 -0.675161
v 3.328768 5.138812 -0.593538
v 3.292497 5.271844 -0.663839
v 3.233360 5.411903 -0.722633
v 3.154298 5.548242 -0.764246
v 3.062704 5.670940 -0.786845
v 3.265979 5.017910 -0.644572
v 3.236846 5.138812 -0.720059
v 3.187771 5.271844 -0.785966
v 3.119566 5.408255 -0.835520
v 3.037298 5.537909 -0.865039
v 2.948563 5.652744 -0.875189
v 2.576929 5.652744 -0.995939
v 2.499178 5.537909 -1.039885
v 2.432662 5.670940 -0.991557
v 2.415273 5.408254 -1.064359
v 2.345279 5.548241 -1.027112
v 2.278863 5.681074 -0.965250
v 2.330969 5.271844 -1.064359
v 2.256860 5.411903 -1.039918
v 2.186830 5.551962 -0.989038
v 2.126354 5.681074 -0.915696
v 2.252530 5.138811 -1.039886
v 2.174461 5.271843 -1.027114
v 2.100271 5.411903 -0.989039
v 2.036263 5.548241 -0.926706
v 1.986466 5.670940 -0.846577
v 2.184592 5.017910 -0.995940
v 2.103797 5.138811 -0.991560
v 2.025951 5.271843 -0.965253
v 1.957746 5.408254 -0.915699
v 1.904249 5.537909 -0.846579
v 1.867176 5.652744 -0.765323
v 1.637496 5.652743 -0.449193
v 1.571674 5.537907 -0.388826
v 1.597082 5.670938 -0.310634
v 1.522470 5.408254 -0.316590
v 1.536265 5.548240 -0.238515
v 1.574575 5.681072 -0.156235
v 1.496418 5.271844 -0.236412
v 1.496763 5.411902 -0.158379
v 1.523512 5.551961 -0.076057
v 1.574575 5.681072 0.004120
v 1.495455 5.138813 -0.154249
v 1.483478 5.271845 -0.076057
v 1.496763 5.411903 0.006266
v 1.536265 5.548241 0.086401
v 1.597082 5.670939 0.158519
v 1.516255 5.017913 -0.076057
v 1.495455 5.138814 0.002135
v 1.496418 5.271845 0.084299
v 1.522470 5.408255 0.164476
v 1.571675 5.537909 0.236712
v 1.637496 5.652743 0.297079
v 1.867176 5.652744 0.613208
v 1.904249 5.537909 0.694464
v 1.986465 5.670940 0.694463
v 1.957745 5.408254 0.763584
v 2.036262 5.548241 0.774591
v 2.126354 5.681074 0.763582
v 2.025950 5.271843 0.813138
v 2.100270 5.411902 0.836924
v 2.186829 5.551962 0.836923
v 2.278862 5.681074 0.813135
v 2.103797 5.138811 0.839445
v 2.174461 5.271843 0.874999
v 2.256859 5.411902 0.887803
v 2.345279 5.548241 0.874998
v 2.432661 5.670940 0.839443
v 2.184592 5.017910 0.843826
v 2.252530 5.138811 0.887771
v 2.330969 5.271843 0.912245
v 2.415272 5.408254 0.912245
v 2.499177 5.537908 0.887770
v 2.576929 5.652744 0.843825
v 2.948562 5.652744 0.723074
v 3.037297 5.537909 0.712925
v 3.062704 5.670939 0.634731
v 3.119566 5.408254 0.683406
v 3.154298 5.548240 0.612133
v 3.171668 5.681073 0.523047
v 3.187771 5.271843 0.633852
v 3.233360 5.411901 0.570519
v 3.260108 5.551960 0.488195
v 3.265924 5.681072 0.393315
v 3.236846 5.138810 0.567945
v 3.292496 5.271842 0.511726
v 3.330137 5.411901 0.437316
v 3.345282 5.548238 0.349266
v 3.338470 5.670938 0.255172
v 3.265979 5.017910 0.492458
v 3.328767 5.138810 0.441425
v 3.376282 5.271842 0.374387
v 3.402334 5.408251 0.294208
v 3.404986 5.537905 0.206847
v 3.387218 5.652740 0.119320
v 2.782363 5.525778 -0.995940
v 2.863159 5.404877 -0.991560
v 2.714426 5.404877 -1.039886
v 2.941005 5.271844 -0.965253
v 2.792495 5.271844 -1.027114
v 2.635987 5.271844 -1.064359
v 3.009210 5.135433 -0.915699
v 2.866685 5.131784 -0.989039
v 2.710097 5.131784 -1.039918
v 2.551683 5.135433 -1.064359
v 3.062707 5.005779 -0.846578
v 2.930693 4.995446 -0.926705
v 2.780126 4.991725 -0.989038
v 2.621677 4.995446 -1.027112
v 2.467778 5.005779 -1.039885
v 3.099780 4.890944 -0.765323
v 2.980490 4.872747 -0.846577
v 2.840602 4.862614 -0.915696
v 2.688093 4.862614 -0.965250
v 2.534294 4.872747 -0.991557
v 2.390027 4.890944 -0.995939
v 1.700977 5.525777 -0.644572
v 1.730110 5.404876 -0.720060
v 1.638188 5.404876 -0.593539
v 1.779185 5.271844 -0.785967
v 1.674459 5.271844 -0.663840
v 1.590673 5.271844 -0.526501
v 1.847391 5.135433 -0.835521
v 1.733597 5.131784 -0.722634
v 1.636819 5.131784 -0.589431
v 1.564622 5.135434 -0.446323
v 1.929659 5.005779 -0.865040
v 1.812659 4.995447 -0.764248
v 1.706849 4.991726 -0.640311
v 1.621675 4.995448 -0.501381
v 1.561970 5.005781 -0.358961
v 2.018394 4.890944 -0.875189
v 1.904253 4.872747 -0.786847
v 1.795289 4.862615 -0.675163
v 1.701033 4.862615 -0.545431
v 1.628487 4.872749 -0.407288
v 1.579738 4.890946 -0.271435
v 1.700976 5.525777 0.492458
v 1.638188 5.404876 0.441425
v 1.730110 5.404876 0.567945
v 1.590673 5.271844 0.374386
v 1.674459 5.271844 0.511726
v 1.779185 5.271844 0.633852
v 1.564622 5.135434 0.294208
v 1.636819 5.131785 0.437316
v 1.733597 5.131784 0.570520
v 1.847390 5.135433 0.683406
v 1.561970 5.005781 0.206846
v 1.621675 4.995448 0.349267
v 1.706849 4.991726 0.488196
v 1.812659 4.995447 0.612133
v 1.929659 5.005779 0.712926
v 1.579739 4.890946 0.119320
v 1.628487 4.872749 0.255174
v 1.701033 4.862615 0.393316
v 1.795289 4.862615 0.523049
v 1.904253 4.872747 0.634732
v 2.018394 4.890944 0.723075
v 2.782363 5.525778 0.843826
v 2.714426 5.404877 0.887771
v 2.863159 5.404877 0.839445
v 2.635987 5.271844 0.912245
v 2.792495 5.271844 0.874999
v 2.941005 5.271844 0.813138
v 2.551683 5.135433 0.912245
v 2.710097 5.131784 0.887803
v 2.866685 5.131784 0.836924
v 3.009210 5.135433 0.763584
v 2.467778 5.005779 0.887770
v 2.621677 4.995446 0.874998
v 2.780126 4.991725 0.836923
v 2.930693 4.995446 0.774591
v 3.062707 5.005779 0.694464
v 2.390027 4.890944 0.843824
v 2.534294 4.872747 0.839442
v 2.688093 4.862614 0.813135
v 2.840602 4.862614 0.763581
v 2.980490 4.872747 0.694463
v 3.099780 4.890944 0.613208
v 3.450700 5.525775 -0.076057
v 3.471500 5.404875 0.002135
v 3.471500 5.404875 -0.154249
v 3.470537 5.271844 0.084298
v 3.483478 5.271844 -0.076057
v 3.470537 5.271844 -0.236412
v 3.444486 5.135434 0.164476
v 3.470193 5.131785 0.006265
v 3.470193 5.131785 -0.158380
v 3.444486 5.135434 -0.316590
v 3.395282 5.005780 0.236712
v 3.430691 4.995448 0.086400
v 3.443444 4.991727 -0.076057
v 3.430691 4.995448 -0.238515
v 3.395282 5.005780 -0.388826
v 3.329460 4.890945 0.297078
v 3.369873 4.872749 0.158519
v 3.392380 4.862616 0.004120
v 3.392380 4.862616 -0.156235
v 3.369873 4.872749 -0.310634
v 3.329460 4.890945 -0.449193
v 3.060544 4.685510 -0.644570
v 2.980487 4.575283 -0.593536
v 2.939380 4.657499 -0.720056
v 2.882750 4.473292 -0.526498
v 2.845281 4.548232 -0.663836
v 2.798448 4.641901 -0.785962
v 2.772394 4.388989 -0.446320
v 2.736844 4.451931 -0.589427
v 2.693565 4.538490 -0.722629
v 2.645941 4.641901 -0.835516
v 2.657616 4.328635 -0.358959
v 2.621675 4.377415 -0.501378
v 2.580256 4.451931 -0.640307
v 2.536267 4.548233 -0.764244
v 2.493186 4.657500 -0.865036
v 2.546960 4.293172 -0.271434
v 2.508885 4.328636 -0.407287
v 2.467379 4.388990 -0.545429
v 2.425228 4.473293 -0.675160
v 2.385562 4.575284 -0.786843
v 2.350793 4.685511 -0.875187
v 2.121111 4.685510 -0.800559
v 2.144908 4.575283 -0.708650
v 2.011877 4.657500 -0.708650
v 2.178463 4.473292 -0.594980
v 2.036267 4.548232 -0.601784
v 1.905646 4.641901 -0.594981
v 2.220615 4.388989 -0.465249
v 2.073526 4.451931 -0.475660
v 1.933468 4.538491 -0.475661
v 1.811390 4.641902 -0.465250
v 2.268233 4.328635 -0.329093
v 2.121677 4.377415 -0.338920
v 1.976748 4.451932 -0.342459
v 1.845283 4.548234 -0.338920
v 1.736111 4.657503 -0.329093
v 2.317280 4.293172 -0.196806
v 2.176310 4.328636 -0.202575
v 2.032102 4.388990 -0.205788
v 1.895694 4.473295 -0.205788
v 1.777219 4.575286 -0.202575
v 1.682456 4.685513 -0.196807
v 1.682456 4.685513 0.044692
v 1.777220 4.575286 0.050461
v 1.736111 4.657503 0.176979
v 1.895694 4.473295 0.053674
v 1.845283 4.548235 0.186806
v 1.811390 4.641902 0.313136
v 2.032102 4.388990 0.053674
v 1.976748 4.451933 0.190346
v 1.933468 4.538492 0.323548
v 1.905646 4.641902 0.442868
v 2.176310 4.328636 0.050462
v 2.121676 4.377416 0.186807
v 2.073526 4.451932 0.323548
v 2.036267 4.548234 0.449671
v 2.011877 4.657500 0.556537
v 2.317280 4.293173 0.044693
v 2.268232 4.328636 0.176980
v 2.220615 4.388990 0.313137
v 2.178463 4.473294 0.442868
v 2.144908 4.575284 0.556537
v 2.121111 4.685511 0.648445
v 3.202493 4.685511 -0.449192
v 3.236841 4.657501 -0.310633
v 3.129218 4.575284 -0.388825
v 3.255970 4.641902 -0.156234
v 3.154295 4.548233 -0.238514
v 3.035257 4.473293 -0.316589
v 3.255970 4.641902 0.004121
v 3.163327 4.538491 -0.076057
v 3.050018 4.451932 -0.158379
v 2.924901 4.388989 -0.236411
v 3.236842 4.657501 0.158519
v 3.154295 4.548234 0.086401
v 3.050018 4.451932 0.006266
v 2.930689 4.377416 -0.076056
v 2.806347 4.328636 -0.154248
v 3.202494 4.685511 0.297078
v 3.129219 4.575285 0.236712
v 3.035259 4.473294 0.164476
v 2.924902 4.388990 0.084298
v 2.806348 4.328636 0.002135
v 2.688910 4.293172 -0.076057
v 2.350794 4.685510 0.723072
v 2.385563 4.575283 0.634728
v 2.493187 4.657499 0.712921
v 2.425229 4.473292 0.523044
v 2.536268 4.548232 0.612128
v 2.645941 4.641900 0.683401
v 2.467380 4.388989 0.393312
v 2.580258 4.451931 0.488191
v 2.693567 4.538490 0.570515
v 2.798449 4.641901 0.633847
v 2.508887 4.328635 0.255171
v 2.621676 4.377415 0.349263
v 2.736845 4.451931 0.437313
v 2.845283 4.548233 0.511722
v 2.939381 4.657500 0.567941
v 2.546961 4.293172 0.119319
v 2.657618 4.328636 0.206845
v 2.772396 4.388990 0.294206
v 2.882752 4.473294 0.374384
v 2.980488 4.575284 0.441422
v 3.060544 4.685511 0.492456
v -1.571682 5.471799 -0.076057
v -0.848075 6.024579 0.449668
v -1.848070 6.024579 0.774592
v -2.466108 6.024583 -0.076057
v -1.848070 6.024579 -0.926706
v -0.848075 6.024579 -0.601783
v -1.295294 6.919019 0.774592
v -2.295290 6.919018 0.449668
v -2.295290 6.919018 -0.601783
v -1.295294 6.919019 -0.926706
v -0.677256 6.919014 -0.076057
v -1.571682 7.471799 -0.076057
v -1.829619 5.921113 0.717803
v -1.804504 5.814280 0.640506
v -1.772371 5.711396 0.541609
v -1.734138 5.621144 0.423938
v -1.692095 5.550844 0.294541
v -1.649289 5.503849 0.162796
v -1.608530 5.478934 0.037350
v -1.475212 5.478934 -0.005968
v -1.368501 5.503849 0.071561
v -1.256431 5.550844 0.152983
v -1.146360 5.621145 0.232954
v -1.046263 5.711396 0.305678
v -0.962136 5.814280 0.366799
v -0.896382 5.921114 0.414571
v -0.933230 5.994812 0.527980
v -1.039741 5.969497 0.605655
v -1.166674 5.952227 0.676281
v -1.308813 5.946061 0.732955
v -1.457118 5.952227 0.770654
v -1.601321 5.969497 0.788127
v -1.733148 5.994811 0.787894
v -0.799911 5.994812 -0.496596
v -0.758953 5.969498 -0.371295
v -0.731010 5.952228 -0.228752
v -0.721034 5.946063 -0.076057
v -0.731010 5.952228 0.076637
v -0.758953 5.969498 0.219181
v -0.799911 5.994812 0.344481
v -1.475212 5.478934 -0.146146
v -1.368501 5.503849 -0.223675
v -1.256431 5.550844 -0.305098
v -1.146360 5.621145 -0.385069
v -1.046263 5.711396 -0.457792
v -0.962136 5.814280 -0.518914
v -0.896382 5.921114 -0.566686
v -2.406398 5.921118 -0.076057
v -2.325124 5.814284 -0.076057
v -2.221138 5.711400 -0.076057
v -2.097412 5.621147 -0.076057
v -1.961356 5.550846 -0.076057
v -1.822829 5.503850 -0.076057
v -1.690927 5.478934 -0.076057
v -1.948865 5.994811 0.717804
v -2.055654 5.969497 0.640507
v -2.162048 5.952227 0.541611
v -2.259871 5.946063 0.423940
v -2.341554 5.952229 0.294542
v -2.402733 5.969501 0.162796
v -2.443247 5.994815 0.037351
v -1.829619 5.921113 -0.869918
v -1.804504 5.814280 -0.792620
v -1.772371 5.711396 -0.693723
v -1.734138 5.621144 -0.576052
v -1.692095 5.550844 -0.446656
v -1.649289 5.503849 -0.314910
v -1.608530 5.478934 -0.189465
v -2.443247 5.994815 -0.189465
v -2.402733 5.969501 -0.314911
v -2.341554 5.952229 -0.446657
v -2.259871 5.946063 -0.576054
v -2.162048 5.952227 -0.693725
v -2.055654 5.969497 -0.792622
v -1.948865 5.994811 -0.869918
v -1.733148 5.994811 -0.940008
v -1.601321 5.969497 -0.940241
v -1.457118 5.952227 -0.922768
v -1.308813 5.946061 -0.885069
v -1.166674 5.952227 -0.828395
v -1.039741 5.969497 -0.757770
v -0.933230 5.994812 -0.680095
v -0.640494 6.829537 -0.005968
v -0.615056 6.722948 0.071561
v -0.606971 6.601691 0.152984
v -0.620624 6.471799 0.232955
v -0.656584 6.341906 0.305679
v -0.710985 6.220648 0.366800
v -0.777135 6.114058 0.414572
v -0.777135 6.114058 -0.566686
v -0.710985 6.220648 -0.518915
v -0.656584 6.341906 -0.457794
v -0.620624 6.471799 -0.385070
v -0.606971 6.601691 -0.305098
v -0.615056 6.722948 -0.223676
v -0.640494 6.829537 -0.146147
v -1.350593 6.829540 0.831214
v -1.416467 6.722950 0.879365
v -1.491406 6.601692 0.912216
v -1.571682 6.471799 0.923943
v -1.651958 6.341906 0.912216
v -1.726897 6.220647 0.879365
v -1.792771 6.114058 0.831214
v -0.859532 6.114058 0.527982
v -0.884524 6.220647 0.605658
v -0.925843 6.341905 0.676285
v -0.983897 6.471799 0.732960
v -1.055737 6.601693 0.770659
v -1.135675 6.722951 0.788131
v -1.217273 6.829540 0.787896
v -2.366229 6.829539 0.414572
v -2.432380 6.722950 0.366800
v -2.486781 6.601692 0.305679
v -2.522740 6.471799 0.232955
v -2.536394 6.341907 0.152984
v -2.528308 6.220650 0.071561
v -2.502870 6.114061 -0.005968
v -1.926091 6.114058 0.787896
v -2.007689 6.220647 0.788131
v -2.087628 6.341905 0.770659
v -2.159468 6.471799 0.732960
v -2.217521 6.601693 0.676285
v -2.258841 6.722951 0.605658
v -2.283833 6.829540 0.527982
v -2.283833 6.829540 -0.680096
v -2.258841 6.722951 -0.757773
v -2.217521 6.601693 -0.828400
v -2.159468 6.471799 -0.885074
v -2.087628 6.341905 -0.922773
v -2.007689 6.220647 -0.940245
v -1.926091 6.114058 -0.940010
v -2.502870 6.114061 -0.146147
v -2.528308 6.220650 -0.223676
v -2.536394 6.341907 -0.305099
v -2.522740 6.471799 -0.385070
v -2.486781 6.601692 -0.457794
v -2.432380 6.722950 -0.518915
v -2.366229 6.829539 -0.566686
v -1.217273 6.829540 -0.940010
v -1.135675 6.722951 -0.940245
v -1.055737 6.601693 -0.922773
v -0.983897 6.471799 -0.885074
v -0.925843 6.341905 -0.828400
v -0.884524 6.220647 -0.757773
v -0.859532 6.114058 -0.680096
v -1.792771 6.114058 -0.983328
v -1.726897 6.220647 -1.031479
v -1.651958 6.341906 -1.064330
v -1.571682 6.471799 -1.076057
v -1.491406 6.601692 -1.064330
v -1.416467 6.722950 -1.031479
v -1.350593 6.829540 -0.983328
v -0.700117 6.948783 0.037351
v -0.740632 6.974097 0.162796
v -0.801810 6.991369 0.294542
v -0.883493 6.997535 0.423940
v -0.981317 6.991371 0.541611
v -1.087711 6.974101 0.640507
v -1.194499 6.948787 0.717804
v -1.410217 6.948787 0.787894
v -1.542043 6.974101 0.788127
v -1.686246 6.991371 0.770654
v -1.834551 6.997537 0.732954
v -1.976691 6.991371 0.676281
v -2.103623 6.974101 0.605655
v -2.210135 6.948786 0.527980
v -2.343453 6.948786 0.344481
v -2.384411 6.974100 0.219181
v -2.412355 6.991370 0.076637
v -2.422330 6.997535 -0.076057
v -2.412355 6.991370 -0.228752
v -2.384411 6.974100 -0.371295
v -2.343453 6.948786 -0.496596
v -2.210135 6.948786 -0.680095
v -2.103623 6.974101 -0.757770
v -1.976691 6.991371 -0.828395
v -1.834551 6.997537 -0.885069
v -1.686246 6.991371 -0.922768
v -1.542043 6.974101 -0.940241
v -1.410217 6.948787 -0.940008
v -1.194499 6.948787 -0.869918
v -1.087711 6.974101 -0.792622
v -0.981316 6.991371 -0.693725
v -0.883493 6.997535 -0.576054
v -0.801810 6.991369 -0.446657
v -0.740632 6.974097 -0.314911
v -0.700117 6.948783 -0.189465
v -1.534835 7.464664 0.037350
v -1.494076 7.439749 0.162796
v -1.451270 7.392754 0.294541
v -1.409227 7.322453 0.423938
v -1.370994 7.232202 0.541609
v -1.338861 7.129318 0.640506
v -1.313746 7.022484 0.717803
v -0.736966 7.022480 -0.076057
v -0.818241 7.129313 -0.076057
v -0.922226 7.232198 -0.076057
v -1.045952 7.322451 -0.076057
v -1.182009 7.392752 -0.076057
v -1.320535 7.439748 -0.076057
v -1.452437 7.464664 -0.076057
v -1.668153 7.464664 -0.005968
v -1.774863 7.439749 0.071561
v -1.886933 7.392754 0.152983
v -1.997005 7.322453 0.232954
v -2.097102 7.232202 0.305678
v -2.181229 7.129318 0.366799
v -2.246982 7.022484 0.414571
v -1.668153 7.464664 -0.146146
v -1.774863 7.439749 -0.223675
v -1.886933 7.392754 -0.305098
v -1.997005 7.322453 -0.385069
v -2.097102 7.232202 -0.457792
v -2.181229 7.129318 -0.518914
v -2.246982 7.022484 -0.566686
v -1.534835 7.464664 -0.189465
v -1.494076 7.439749 -0.314910
v -1.451270 7.392754 -0.446656
v -1.409227 7.322453 -0.576052
v -1.370994 7.232202 -0.693723
v -1.338861 7.129318 -0.792620
v -1.313746 7.022484 -0.869918
v -1.405485 7.450470 -0.196806
v -1.264515 7.415007 -0.202575
v -1.356437 7.415008 -0.329093
v -1.120307 7.354652 -0.205788
v -1.209882 7.366228 -0.338920
v -1.308820 7.354654 -0.465249
v -0.983899 7.270349 -0.205788
v -1.064954 7.291711 -0.342460
v -1.161731 7.291712 -0.475661
v -1.266669 7.270350 -0.594981
v -0.865424 7.168357 -0.202576
v -0.933489 7.195409 -0.338921
v -1.021674 7.205153 -0.475662
v -1.124473 7.195411 -0.601785
v -1.233114 7.168360 -0.708650
v -0.770661 7.058130 -0.196808
v -0.824316 7.086141 -0.329095
v -0.899595 7.101741 -0.465252
v -0.993852 7.101742 -0.594983
v -1.100083 7.086143 -0.708652
v -1.209316 7.058133 -0.800559
v -1.635165 7.450470 -0.271433
v -1.597090 7.415008 -0.407284
v -1.745821 7.415008 -0.358958
v -1.555584 7.354654 -0.545426
v -1.709880 7.366229 -0.501377
v -1.860598 7.354654 -0.446319
v -1.513433 7.270351 -0.675158
v -1.668461 7.291713 -0.640305
v -1.825048 7.291712 -0.589426
v -1.970955 7.270351 -0.526497
v -1.473767 7.168360 -0.786842
v -1.624472 7.195411 -0.764242
v -1.781770 7.205153 -0.722628
v -1.933486 7.195411 -0.663836
v -2.068691 7.168360 -0.593536
v -1.438998 7.058133 -0.875186
v -1.581391 7.086143 -0.865035
v -1.734145 7.101743 -0.835515
v -1.886653 7.101743 -0.785962
v -2.027585 7.086143 -0.720056
v -2.148748 7.058133 -0.644570
v -1.777114 7.450470 -0.076057
v -1.894551 7.415008 -0.154249
v -1.894551 7.415008 0.002134
v -2.013105 7.354653 -0.236412
v -2.018892 7.366228 -0.076057
v -2.013105 7.354653 0.084297
v -2.123461 7.270350 -0.316589
v -2.138222 7.291711 -0.158379
v -2.138222 7.291711 0.006265
v -2.123461 7.270350 0.164475
v -2.217422 7.168359 -0.388825
v -2.242499 7.195410 -0.238514
v -2.251530 7.205152 -0.076057
v -2.242499 7.195410 0.086400
v -2.217422 7.168359 0.236711
v -2.290698 7.058133 -0.449192
v -2.325046 7.086142 -0.310633
v -2.344174 7.101741 -0.156235
v -2.344174 7.101741 0.004120
v -2.325046 7.086142 0.158519
v -2.290698 7.058133 0.297078
v -1.635165 7.450470 0.119319
v -1.745820 7.415008 0.206844
v -1.597090 7.415008 0.255170
v -1.860598 7.354654 0.294205
v -1.709879 7.366229 0.349262
v -1.555584 7.354654 0.393312
v -1.970955 7.270351 0.374383
v -1.825048 7.291712 0.437312
v -1.668461 7.291713 0.488191
v -1.513433 7.270351 0.523043
v -2.068691 7.168360 0.441422
v -1.933486 7.195411 0.511721
v -1.781770 7.205153 0.570514
v -1.624472 7.195411 0.612128
v -1.473767 7.168360 0.634727
v -2.148748 7.058133 0.492456
v -2.027585 7.086143 0.567941
v -1.886653 7.101743 0.633847
v -1.734145 7.101743 0.683401
v -1.581391 7.086143 0.712921
v -1.438998 7.058133 0.723072
v -1.405485 7.450470 0.044692
v -1.356437 7.415008 0.176979
v -1.264515 7.415007 0.050461
v -1.308820 7.354654 0.313135
v -1.209882 7.366228 0.186806
v -1.120307 7.354652 0.053673
v -1.266669 7.270350 0.442866
v -1.161731 7.291712 0.323547
v -1.064954 7.291711 0.190345
v -0.983899 7.270349 0.053674
v -1.233114 7.168360 0.556536
v -1.124473 7.195411 0.449671
v -1.021674 7.205153 0.323548
v -0.933489 7.195409 0.186807
v -0.865424 7.168357 0.050461
v -1.209316 7.058133 0.648445
v -1.100083 7.086143 0.556537
v -0.993852 7.101742 0.442869
v -0.899595 7.101741 0.313137
v -0.824316 7.086141 0.176981
v -0.770661 7.058130 0.044693
v -0.667943 6.852696 -0.271434
v -0.650174 6.737862 -0.358960
v -0.716690 6.870893 -0.407286
v -0.652826 6.608209 -0.446321
v -0.709878 6.748195 -0.501379
v -0.789236 6.881028 -0.545428
v -0.678877 6.471799 -0.526500
v -0.725022 6.611858 -0.589429
v -0.795052 6.751917 -0.640308
v -0.883492 6.881029 -0.675161
v -0.726392 6.338767 -0.593538
v -0.762663 6.471799 -0.663839
v -0.821800 6.611858 -0.722633
v -0.900862 6.748197 -0.764246
v -0.992456 6.870895 -0.786845
v -0.789181 6.217865 -0.644572
v -0.818314 6.338767 -0.720059
v -0.867389 6.471799 -0.785966
v -0.935594 6.608210 -0.835520
v -1.017862 6.737864 -0.865039
v -1.106598 6.852699 -0.875189
v -1.478231 6.852699 -0.995939
v -1.555982 6.737864 -1.039885
v -1.622499 6.870895 -0.991557
v -1.639887 6.608209 -1.064359
v -1.709881 6.748196 -1.027112
v -1.776297 6.881029 -0.965250
v -1.724191 6.471799 -1.064359
v -1.798300 6.611858 -1.039918
v -1.868330 6.751917 -0.989038
v -1.928806 6.881029 -0.915696
v -1.802630 6.338766 -1.039886
v -1.880699 6.471798 -1.027114
v -1.954889 6.611858 -0.989039
v -2.018897 6.748196 -0.926706
v -2.068694 6.870895 -0.846577
v -1.870567 6.217865 -0.995940
v -1.951363 6.338766 -0.991560
v -2.029209 6.471798 -0.965253
v -2.097414 6.608209 -0.915699
v -2.150911 6.737864 -0.846579
v -2.187984 6.852699 -0.765323
v -2.417664 6.852698 -0.449193
v -2.483486 6.737862 -0.388826
v -2.458078 6.870893 -0.310634
v -2.532690 6.608209 -0.316590
v -2.518895 6.748195 -0.238515
v -2.480585 6.881027 -0.156235
v -2.558742 6.471799 -0.236412
v -2.558397 6.611857 -0.158379
v -2.531648 6.751916 -0.076057
v -2.480585 6.881028 0.004120
v -2.559705 6.338768 -0.154249
v -2.571682 6.471800 -0.076057
v -2.558397 6.611858 0.006266
v -2.518895 6.748196 0.086401
v -2.458078 6.870894 0.158519
v -2.538905 6.217868 -0.076057
v -2.559705 6.338769 0.002135
v -2.558742 6.471800 0.084299
v -2.532690 6.608210 0.164476
v -2.483485 6.737864 0.236712
v -2.417664 6.852698 0.297079
v -2.187984 6.852699 0.613208
v -2.150911 6.737864 0.694464
v -2.068695 6.870895 0.694463
v -2.097415 6.608209 0.763584
v -2.018898 6.748196 0.774591
v -1.928806 6.881029 0.763582
v -2.029210 6.471798 0.813138
v -1.954890 6.611857 0.836924
v -1.868331 6.751917 0.836923
v -1.776298 6.881029 0.813135
v -1.951363 6.338766 0.839445
v -1.880699 6.471798 0.874999
v -1.798301 6.611857 0.887803
v -1.709881 6.748196 0.874998
v -1.622499 6.870895 0.839443
v -1.870568 6.217865 0.843826
v -1.802630 6.338766 0.887771
v -1.724191 6.471798 0.912245
v -1.639888 6.608209 0.912245
v -1.555983 6.737863 0.887770
v -1.478231 6.852699 0.843825
v -1.106598 6.852699 0.723074
v -1.017863 6.737863 0.712925
v -0.992456 6.870894 0.634731
v -0.935594 6.608209 0.683406
v -0.900862 6.748195 0.612133
v -0.883492 6.881028 0.523047
v -0.867389 6.471798 0.633852
v -0.821800 6.611856 0.570519
v -0.795052 6.751915 0.488195
v -0.789236 6.881027 0.393315
v -0.818314 6.338765 0.567945
v -0.762664 6.471797 0.511726
v -0.725023 6.611856 0.437316
v -0.709878 6.748193 0.349266
v -0.716690 6.870892 0.255172
v -0.789181 6.217865 0.492458
v -0.726393 6.338765 0.441425
v -0.678878 6.471797 0.374387
v -0.652826 6.608206 0.294208
v -0.650174 6.737860 0.206847
v -0.667942 6.852695 0.119320
v -1.272797 6.725733 -0.995940
v -1.192001 6.604832 -0.991560
v -1.340734 6.604832 -1.039886
v -1.114155 6.471799 -0.965253
v -1.262665 6.471799 -1.027114
v -1.419173 6.471799 -1.064359
v -1.045950 6.335388 -0.915699
v -1.188475 6.331739 -0.989039
v -1.345063 6.331739 -1.039918
v -1.503477 6.335388 -1.064359
v -0.992453 6.205734 -0.846578
v -1.124467 6.195401 -0.926705
v -1.275034 6.191680 -0.989038
v -1.433483 6.195401 -1.027112
v -1.587382 6.205734 -1.039885
v -0.955380 6.090899 -0.765323
v -1.074670 6.072702 -0.846577
v -1.214558 6.062569 -0.915696
v -1.367067 6.062569 -0.965250
v -1.520866 6.072702 -0.991557
v -1.665133 6.090899 -0.995939
v -2.354183 6.725732 -0.644572
v -2.325050 6.604831 -0.720060
v -2.416972 6.604831 -0.593539
v -2.275975 6.471799 -0.785967
v -2.380701 6.471799 -0.663840
v -2.464487 6.471799 -0.526501
v -2.207769 6.335388 -0.835521
v -2.321563 6.331739 -0.722634
v -2.418341 6.331739 -0.589431
v -2.490538 6.335389 -0.446323
v -2.125501 6.205734 -0.865040
v -2.242501 6.195402 -0.764248
v -2.348311 6.191681 -0.640311
v -2.433485 6.195403 -0.501381
v -2.493190 6.205736 -0.358961
v -2.036766 6.090899 -0.875189
v -2.150907 6.072702 -0.786847
v -2.259871 6.062570 -0.675163
v -2.354127 6.062570 -0.545431
v -2.426673 6.072704 -0.407288
v -2.475421 6.090901 -0.271435
v -2.354184 6.725732 0.492458
v -2.416972 6.604831 0.441425
v -2.325050 6.604831 0.567945
v -2.464487 6.471799 0.374386
v -2.380701 6.471799 0.511726
v -2.275975 6.471799 0.633852
v -2.490538 6.335389 0.294208
v -2.418341 6.331740 0.437316
v -2.321563 6.331739 0.570520
v -2.207770 6.335388 0.683406
v -2.493190 6.205736 0.206846
v -2.433486 6.195403 0.349267
v -2.348311 6.191681 0.488196
v -2.242501 6.195402 0.612133
v -2.125501 6.205734 0.712926
v -2.475421 6.090901 0.119320
v -2.426673 6.072704 0.255174
v -2.354127 6.062570 0.393316
v -2.259871 6.062570 0.523049
v -2.150907 6.072702 0.634732
v -2.036766 6.090899 0.723075
v -1.272797 6.725733 0.843826
v -1.340734 6.604831 0.887771
v -1.192001 6.604832 0.839445
v -1.419173 6.471799 0.912245
v -1.262665 6.471799 0.874999
v -1.114155 6.471799 0.813138
v -1.503477 6.335388 0.912245
v -1.345063 6.331739 0.887803
v -1.188475 6.331739 0.836924
v -1.045950 6.335388 0.763584
v -1.587382 6.205734 0.887770
v -1.433483 6.195401 0.874998
v -1.275034 6.191680 0.836923
v -1.124467 6.195401 0.774591
v -0.992453 6.205734 0.694464
v -1.665133 6.090899 0.843824
v -1.520866 6.072702 0.839442
v -1.367067 6.062569 0.813135
v -1.214558 6.062569 0.763581
v -1.074670 6.072702 0.694463
v -0.955380 6.090899 0.613208
v -0.604460 6.725730 -0.076057
v -0.583660 6.604830 0.002135
v -0.583660 6.604830 -0.154249
v -0.584623 6.471799 0.084298
v -0.571682 6.471799 -0.076057
v -0.584623 6.471799 -0.236412
v -0.610674 6.335389 0.164476
v -0.584967 6.331740 0.006265
v -0.584967 6.331740 -0.158380
v -0.610674 6.335389 -0.316590
v -0.659879 6.205735 0.236712
v -0.624469 6.195403 0.086400
v -0.611716 6.191682 -0.076057
v -0.624469 6.195403 -0.238515
v -0.659879 6.205735 -0.388826
v -0.725700 6.090900 0.297078
v -0.685287 6.072704 0.158519
v -0.662780 6.062571 0.004120
v -0.662780 6.062571 -0.156235
v -0.685287 6.072704 -0.310634
v -0.725700 6.090900 -0.449193
v -0.994616 5.885465 -0.644570
v -1.074673 5.775238 -0.593536
v -1.115780 5.857454 -0.720056
v -1.172410 5.673247 -0.526498
v -1.209879 5.748187 -0.663836
v -1.256712 5.841856 -0.785962
v -1.282766 5.588944 -0.446320
v -1.318316 5.651886 -0.589427
v -1.361595 5.738445 -0.722629
v -1.409220 5.841856 -0.835516
v -1.397544 5.528590 -0.358959
v -1.433485 5.577370 -0.501378
v -1.474904 5.651886 -0.640307
v -1.518893 5.748188 -0.764244
v -1.561974 5.857455 -0.865036
v -1.508200 5.493127 -0.271434
v -1.546275 5.528591 -0.407287
v -1.587781 5.588945 -0.545429
v -1.629933 5.673248 -0.675160
v -1.669598 5.775239 -0.786843
v -1.704367 5.885466 -0.875187
v -1.934049 5.885465 -0.800559
v -1.910252 5.775238 -0.708650
v -2.043283 5.857455 -0.708650
v -1.876697 5.673247 -0.594980
v -2.018893 5.748187 -0.601784
v -2.149514 5.841856 -0.594981
v -1.834545 5.588943 -0.465249
v -1.981634 5.651886 -0.475660
v -2.121692 5.738446 -0.475661
v -2.243771 5.841857 -0.465250
v -1.786927 5.528590 -0.329093
v -1.933483 5.577370 -0.338920
v -2.078412 5.651887 -0.342459
v -2.209877 5.748189 -0.338920
v -2.319049 5.857458 -0.329093
v -1.737880 5.493127 -0.196806
v -1.878850 5.528591 -0.202575
v -2.023058 5.588945 -0.205788
v -2.159466 5.673250 -0.205788
v -2.277941 5.775241 -0.202575
v -2.372704 5.885468 -0.196807
v -2.372704 5.885468 0.044692
v -2.277941 5.775241 0.050461
v -2.319049 5.857458 0.176979
v -2.159466 5.673250 0.053674
v -2.209877 5.748190 0.186806
v -2.243770 5.841857 0.313136
v -2.023058 5.588945 0.053674
v -2.078412 5.651888 0.190346
v -2.121692 5.738447 0.323548
v -2.149514 5.841857 0.442868
v -1.878850 5.528591 0.050462
v -1.933483 5.577371 0.186807
v -1.981634 5.651887 0.323548
v -2.018893 5.748188 0.449671
v -2.043283 5.857455 0.556537
v -1.737880 5.493128 0.044693
v -1.786928 5.528591 0.176980
v -1.834545 5.588945 0.313137
v -1.876697 5.673249 0.442868
v -1.910252 5.775239 0.556537
v -1.934049 5.885466 0.648445
v -0.852667 5.885466 -0.449192
v -0.818319 5.857456 -0.310633
v -0.925942 5.775239 -0.388825
v -0.799190 5.841857 -0.156234
v -0.900865 5.748188 -0.238514
v -1.019903 5.673248 -0.316589
v -0.799190 5.841857 0.004121
v -0.891834 5.738446 -0.076057
v -1.005142 5.651887 -0.158379
v -1.130259 5.588944 -0.236411
v -0.818318 5.857456 0.158519
v -0.900865 5.748189 0.086401
v -1.005142 5.651887 0.006266
v -1.124471 5.577371 -0.076056
v -1.248813 5.528591 -0.154248
v -0.852666 5.885466 0.297078
v -0.925941 5.775240 0.236712
v -1.019901 5.673249 0.164476
v -1.130258 5.588945 0.084298
v -1.248812 5.528591 0.002135
v -1.366250 5.493128 -0.076057
v -1.704366 5.885465 0.723072
v -1.669597 5.775238 0.634728
v -1.561973 5.857454 0.712921
v -1.629931 5.673247 0.523044
v -1.518892 5.748187 0.612128
v -1.409219 5.841855 0.683401
v -1.587780 5.588943 0.393312
v -1.474902 5.651886 0.488191
v -1.361593 5.738445 0.570515
v -1.256711 5.841856 0.633847
v -1.546273 5.528590 0.255171
v -1.433484 5.577370 0.349263
v -1.318315 5.651886 0.437313
v -1.209877 5.748188 0.511722
v -1.115779 5.857455 0.567941
v -1.508199 5.493127 0.119319
v -1.397542 5.528591 0.206845
v -1.282764 5.588945 0.294206
v -1.172408 5.673249 0.374384
v -1.074672 5.775239 0.441422
v -0.994616 5.885466 0.492456
v -2.662884 4.046220 -0.076057
v -1.939276 4.599000 0.449668
v -2.939272 4.599000 0.774592
v -3.557310 4.599004 -0.076057
v -2.939272 4.599000 -0.926706
v -1.939276 4.599000 -0.601783
v -2.386496 5.493440 0.774592
v -3.386491 5.493440 0.449668
v -3.386491 5.493440 -0.601783
v -2.386496 5.493440 -0.926706
v -1.768458 5.493435 -0.076057
v -2.662884 6.046220 -0.076057
v -2.920820 4.495534 0.717803
v -2.895705 4.388700 0.640506
v -2.863572 4.285817 0.541609
v -2.825339 4.195565 0.423938
v -2.783296 4.125265 0.294541
v -2.740490 4.078270 0.162796
v -2.699732 4.053355 0.037350
v -2.566413 4.053355 -0.005968
v -2.459703 4.078270 0.071561
v -2.347633 4.125265 0.152983
v -2.237561 4.195566 0.232954
v -2.137464 4.285817 0.305678
v -2.053337 4.388701 0.366799
v -1.987584 4.495535 0.414571
v -2.024431 4.569232 0.527980
v -2.130943 4.543918 0.605655
v -2.257875 4.526648 0.676281
v -2.400015 4.520482 0.732955
v -2.548320 4.526648 0.770654
v -2.692523 4.543918 0.788127
v -2.824349 4.569232 0.787894
v -1.891113 4.569233 -0.496596
v -1.850155 4.543919 -0.371295
v -1.822211 4.526649 -0.228752
v -1.812236 4.520484 -0.076057
v -1.822211 4.526649 0.076637
v -1.850155 4.543919 0.219181
v -1.891113 4.569233 0.344481
v -2.566413 4.053355 -0.146146
v -2.459703 4.078270 -0.223675
v -2.347633 4.125265 -0.305098
v -2.237561 4.195566 -0.385069
v -2.137464 4.285817 -0.457792
v -2.053337 4.388701 -0.518914
v -1.987584 4.495535 -0.566686
v -3.497600 4.495539 -0.076057
v -3.416326 4.388705 -0.076057
v -3.312340 4.285820 -0.076057
v -3.188614 4.195568 -0.076057
v -3.052557 4.125267 -0.076057
v -2.914031 4.078271 -0.076057
v -2.782129 4.053355 -0.076057
v -3.040067 4.569232 0.717804
v -3.146855 4.543918 0.640507
v -3.253250 4.526648 0.541611
v -3.351073 4.520483 0.423940
v -3.432756 4.526649 0.294542
v -3.493934 4.543921 0.162796
v -3.534449 4.569236 0.037351
v -2.920820 4.495534 -0.869918
v -2.895705 4.388700 -0.792620
v -2.863572 4.285817 -0.693723
v -2.825339 4.195565 -0.576052
v -2.783296 4.125265 -0.446656
v -2.740490 4.078270 -0.314910
v -2.699732 4.053355 -0.189465
v -3.534449 4.569236 -0.189465
v -3.493934 4.543921 -0.314911
v -3.432756 4.526649 -0.446657
v -3.351073 4.520483 -0.576054
v -3.253249 4.526648 -0.693725
v -3.146855 4.543918 -0.792622
v -3.040067 4.569232 -0.869918
v -2.824349 4.569232 -0.940008
v -2.692523 4.543918 -0.940241
v -2.548320 4.526648 -0.922768
v -2.400015 4.520482 -0.885069
v -2.257875 4.526648 -0.828395
v -2.130943 4.543918 -0.757770
v -2.024431 4.569232 -0.680095
v -1.731696 5.403958 -0.005968
v -1.706258 5.297369 0.071561
v -1.698172 5.176112 0.152984
v -1.711826 5.046220 0.232955
v -1.747785 4.916327 0.305679
v -1.802186 4.795069 0.366800
v -1.868337 4.688479 0.414572
v -1.868337 4.688479 -0.566686
v -1.802186 4.795069 -0.518915
v -1.747785 4.916327 -0.457794
v -1.711826 5.046220 -0.385070
v -1.698172 5.176112 -0.305098
v -1.706258 5.297369 -0.223676
v -1.731696 5.403958 -0.146147
v -2.441795 5.403961 0.831214
v -2.507669 5.297371 0.879365
v -2.582608 5.176113 0.912216
v -2.662884 5.046220 0.923943
v -2.743160 4.916327 0.912216
v -2.818099 4.795068 0.879365
v -2.883973 4.688478 0.831214
v -1.950733 4.688478 0.527982
v -1.975725 4.795068 0.605658
v -2.017045 4.916326 0.676285
v -2.075098 5.046220 0.732960
v -2.146938 5.176114 0.770659
v -2.226877 5.297372 0.788131
v -2.308475 5.403961 0.787896
v -3.457431 5.403960 0.414572
v -3.523582 5.297371 0.366800
v -3.577982 5.176113 0.305679
v -3.613942 5.046220 0.232955
v -3.627595 4.916327 0.152984
v -3.619509 4.795071 0.071561
v -3.594072 4.688482 -0.005968
v -3.017293 4.688478 0.787896
v -3.098891 4.795068 0.788131
v -3.178829 4.916326 0.770659
v -3.250669 5.046220 0.732960
v -3.308723 5.176114 0.676285
v -3.350042 5.297372 0.605658
v -3.375034 5.403961 0.527982
v -3.375034 5.403961 -0.680096
v -3.350042 5.297372 -0.757773
v -3.308723 5.176114 -0.828400
v -3.250669 5.046220 -0.885074
v -3.178829 4.916326 -0.922773
v -3.098891 4.795068 -0.940245
v -3.017293 4.688478 -0.940010
v -3.594072 4.688482 -0.146147
v -3.619509 4.795071 -0.223676
v -3.627595 4.916327 -0.305099
v -3.613942 5.046220 -0.385070
v -3.577982 5.176113 -0.457794
v -3.523582 5.297371 -0.518915
v -3.457431 5.403960 -0.566686
v -2.308475 5.403961 -0.940010
v -2.226877 5.297372 -0.940245
v -2.146938 5.176114 -0.922773
v -2.075098 5.046220 -0.885074
v -2.017045 4.916326 -0.828400
v -1.975725 4.795068 -0.757773
v -1.950733 4.688478 -0.680096
v -2.883973 4.688478 -0.983328
v -2.818099 4.795068 -1.031479
v -2.743160 4.916327 -1.064330
v -2.662884 5.046220 -1.076057
v -2.582608 5.176113 -1.064330
v -2.507669 5.297371 -1.031479
v -2.441795 5.403961 -0.983328
v -1.791319 5.523204 0.037351
v -1.831833 5.548518 0.162796
v -1.893012 5.565790 0.294542
v -1.974694 5.571956 0.423940
v -2.072518 5.565792 0.541611
v -2.178912 5.548522 0.640507
v -2.285701 5.523208 0.717804
v -2.501419 5.523208 0.787894
v -2.633245 5.548522 0.788127
v -2.777448 5.565792 0.770654
v -2.925753 5.571958 0.732954
v -3.067892 5.565792 0.676281
v -3.194825 5.548522 0.605655
v -3.301336 5.523207 0.527980
v -3.434655 5.523207 0.344481
v -3.475613 5.548521 0.219181
v -3.503556 5.565791 0.076637
v -3.513532 5.571956 -0.076057
v -3.503556 5.565791 -0.228752
v -3.475613 5.548521 -0.371295
v -3.434655 5.523207 -0.496596
v -3.301336 5.523207 -0.680095
v -3.194825 5.548522 -0.757770
v -3.067892 5.565792 -0.828395
v -2.925753 5.571958 -0.885069
v -2.777448 5.565792 -0.922768
v -2.633245 5.548522 -0.940241
v -2.501419 5.523208 -0.940008
v -2.285701 5.523208 -0.869918
v -2.178912 5.548522 -0.792622
v -2.072518 5.565792 -0.693725
v -1.974694 5.571956 -0.576054
v -1.893012 5.565790 -0.446657
v -1.831833 5.548518 -0.314911
v -1.791319 5.523204 -0.189465
v -2.626036 6.039085 0.037350
v -2.585277 6.014170 0.162796
v -2.542471 5.967175 0.294541
v -2.500428 5.896874 0.423938
v -2.462195 5.806623 0.541609
v -2.430062 5.703739 0.640506
v -2.404947 5.596905 0.717803
v -1.828168 5.596900 -0.076057
v -1.909442 5.703734 -0.076057
v -2.013428 5.806619 -0.076057
v -2.137154 5.896872 -0.076057
v -2.273210 5.967173 -0.076057
v -2.411737 6.014169 -0.076057
v -2.543639 6.039084 -0.076057
v -2.759354 6.039085 -0.005968
v -2.866065 6.014170 0.071561
v -2.978135 5.967175 0.152983
v -3.088206 5.896874 0.232954
v -3.188303 5.806623 0.305678
v -3.272430 5.703739 0.366799
v -3.338184 5.596905 0.414571
v -2.759354 6.039085 -0.146146
v -2.866065 6.014170 -0.223675
v -2.978135 5.967175 -0.305098
v -3.088206 5.896874 -0.385069
v -3.188303 5.806623 -0.457792
v -3.272430 5.703739 -0.518914
v -3.338184 5.596905 -0.566686
v -2.626036 6.039085 -0.189465
v -2.585277 6.014170 -0.314910
v -2.542471 5.967175 -0.446656
v -2.500428 5.896874 -0.576052
v -2.462195 5.806623 -0.693723
v -2.430062 5.703739 -0.792620
v -2.404947 5.596905 -0.869918
v -2.496686 6.024891 -0.196806
v -2.355716 5.989428 -0.202575
v -2.447639 5.989429 -0.329093
v -2.211509 5.929073 -0.205788
v -2.301084 5.940649 -0.338920
v -2.400022 5.929075 -0.465249
v -2.075101 5.844769 -0.205788
v -2.156155 5.866132 -0.342460
v -2.252933 5.866133 -0.475661
v -2.357870 5.844771 -0.594981
v -1.956626 5.742778 -0.202576
v -2.024690 5.769830 -0.338921
v -2.112875 5.779573 -0.475662
v -2.215675 5.769832 -0.601785
v -2.324315 5.742781 -0.708650
v -1.861862 5.632551 -0.196808
v -1.915518 5.660562 -0.329095
v -1.990797 5.676162 -0.465252
v -2.085053 5.676163 -0.594983
v -2.191285 5.660564 -0.708652
v -2.300518 5.632554 -0.800559
v -2.726366 6.024891 -0.271433
v -2.688292 5.989429 -0.407284
v -2.837022 5.989429 -0.358958
v -2.646785 5.929075 -0.545426
v -2.801081 5.940650 -0.501377
v -2.951800 5.929075 -0.446319
v -2.604634 5.844772 -0.675158
v -2.759663 5.866134 -0.640305
v -2.916250 5.866133 -0.589426
v -3.062156 5.844772 -0.526497
v -2.564969 5.742781 -0.786842
v -2.715673 5.769832 -0.764242
v -2.872971 5.779574 -0.722628
v -3.024687 5.769832 -0.663836
v -3.159893 5.742781 -0.593536
v -2.530200 5.632554 -0.875186
v -2.672592 5.660564 -0.865035
v -2.825346 5.676164 -0.835515
v -2.977854 5.676164 -0.785962
v -3.118786 5.660564 -0.720056
v -3.239950 5.632554 -0.644570
v -2.868315 6.024891 -0.076057
v -2.985752 5.989429 -0.154249
v -2.985752 5.989429 0.002134
v -3.104306 5.929074 -0.236412
v -3.110094 5.940649 -0.076057
v -3.104306 5.929074 0.084297
v -3.214663 5.844771 -0.316589
v -3.229423 5.866132 -0.158379
v -3.229423 5.866132 0.006265
v -3.214663 5.844771 0.164475
v -3.308624 5.742780 -0.388825
v -3.333700 5.769831 -0.238514
v -3.342732 5.779573 -0.076057
v -3.333700 5.769831 0.086400
v -3.308623 5.742780 0.236711
v -3.381899 5.632554 -0.449192
v -3.416247 5.660563 -0.310633
v -3.435376 5.676162 -0.156235
v -3.435376 5.676162 0.004120
v -3.416247 5.660563 0.158519
v -3.381899 5.632554 0.297078
v -2.726367 6.024891 0.119319
v -2.837022 5.989429 0.206844
v -2.688292 5.989429 0.255170
v -2.951800 5.929075 0.294205
v -2.801081 5.940650 0.349262
v -2.646785 5.929075 0.393312
v -3.062156 5.844772 0.374383
v -2.916250 5.866133 0.437312
v -2.759663 5.866134 0.488191
v -2.604634 5.844772 0.523043
v -3.159893 5.742781 0.441422
v -3.024687 5.769832 0.511721
v -2.872971 5.779574 0.570514
v -2.715673 5.769832 0.612128
v -2.564969 5.742781 0.634727
v -3.239950 5.632554 0.492456
v -3.118786 5.660564 0.567941
v -2.977854 5.676164 0.633847
v -2.825346 5.676164 0.683401
v -2.672592 5.660564 0.712921
v -2.530200 5.632554 0.723072
v -2.496686 6.024891 0.044692
v -2.447639 5.989429 0.176979
v -2.355716 5.989428 0.050461
v -2.400022 5.929075 0.313135
v -2.301083 5.940649 0.186806
v -2.211509 5.929073 0.053673
v -2.357870 5.844771 0.442866
v -2.252933 5.866133 0.323547
v -2.156155 5.866132 0.190345
v -2.075101 5.844769 0.053674
v -2.324315 5.742781 0.556536
v -2.215675 5.769832 0.449671
v -2.112875 5.779573 0.323548
v -2.024690 5.769830 0.186807
v -1.956626 5.742778 0.050461
v -2.300518 5.632554 0.648445
v -2.191285 5.660564 0.556537
v -2.085053 5.676163 0.442869
v -1.990797 5.676162 0.313137
v -1.915518 5.660562 0.176981
v -1.861862 5.632551 0.044693
v -1.759144 5.427117 -0.271434
v -1.741376 5.312283 -0.358960
v -1.807892 5.445314 -0.407286
v -1.744027 5.182630 -0.446321
v -1.801080 5.322616 -0.501379
v -1.880437 5.455449 -0.545428
v -1.770078 5.046220 -0.526500
v -1.816224 5.186279 -0.589429
v -1.886254 5.326338 -0.640308
v -1.974694 5.455449 -0.675161
v -1.817594 4.913188 -0.593538
v -1.853864 5.046220 -0.663839
v -1.913002 5.186279 -0.722633
v -1.992063 5.322618 -0.764246
v -2.083658 5.445316 -0.786845
v -1.880382 4.792286 -0.644572
v -1.909515 4.913188 -0.720059
v -1.958590 5.046220 -0.785966
v -2.026795 5.182631 -0.835520
v -2.109064 5.312285 -0.865039
v -2.197799 5.427120 -0.875189
v -2.569433 5.427120 -0.995939
v -2.647184 5.312284 -1.039885
v -2.713700 5.445316 -0.991557
v -2.731089 5.182630 -1.064359
v -2.801082 5.322617 -1.027112
v -2.867499 5.455450 -0.965250
v -2.815392 5.046220 -1.064359
v -2.889502 5.186279 -1.039918
v -2.959531 5.326338 -0.989038
v -3.020007 5.455450 -0.915696
v -2.893832 4.913187 -1.039886
v -2.971900 5.046219 -1.027114
v -3.046091 5.186279 -0.989039
v -3.110099 5.322617 -0.926706
v -3.159896 5.445316 -0.846577
v -2.961769 4.792286 -0.995940
v -3.042564 4.913187 -0.991560
v -3.120410 5.046219 -0.965253
v -3.188616 5.182630 -0.915699
v -3.242113 5.312284 -0.846579
v -3.279186 5.427120 -0.765323
v -3.508866 5.427119 -0.449193
v -3.574687 5.312283 -0.388826
v -3.549279 5.445314 -0.310634
v -3.623892 5.182630 -0.316590
v -3.610097 5.322616 -0.238515
v -3.571786 5.455448 -0.156235
v -3.649943 5.046220 -0.236412
v -3.649599 5.186278 -0.158379
v -3.622849 5.326337 -0.076057
v -3.571786 5.455448 0.004120
v -3.650907 4.913189 -0.154249
v -3.662884 5.046221 -0.076057
v -3.649599 5.186279 0.006266
v -3.610097 5.322617 0.086401
v -3.549279 5.445315 0.158519
v -3.630106 4.792289 -0.076057
v -3.650907 4.913190 0.002135
v -3.649943 5.046221 0.084299
v -3.623891 5.182631 0.164476
v -3.574687 5.312284 0.236712
v -3.508865 5.427119 0.297079
v -3.279186 5.427120 0.613208
v -3.242113 5.312284 0.694464
v -3.159896 5.445316 0.694463
v -3.188616 5.182630 0.763584
v -3.110100 5.322617 0.774591
v -3.020008 5.455450 0.763582
v -3.120411 5.046219 0.813138
v -3.046091 5.186278 0.836924
v -2.959532 5.326338 0.836923
v -2.867499 5.455450 0.813135
v -3.042565 4.913187 0.839445
v -2.971901 5.046219 0.874999
v -2.889503 5.186278 0.887803
v -2.801083 5.322617 0.874998
v -2.713701 5.445316 0.839443
v -2.961769 4.792286 0.843826
v -2.893832 4.913187 0.887771
v -2.815393 5.046219 0.912245
v -2.731089 5.182630 0.912245
v -2.647184 5.312284 0.887770
v -2.569433 5.427120 0.843825
v -2.197799 5.427120 0.723074
v -2.109064 5.312284 0.712925
v -2.083658 5.445315 0.634731
v -2.026796 5.182630 0.683406
v -1.992064 5.322616 0.612133
v -1.974694 5.455449 0.523047
v -1.958591 5.046219 0.633852
v -1.913002 5.186277 0.570519
v -1.886254 5.326336 0.488195
v -1.880437 5.455448 0.393315
v -1.909516 4.913186 0.567945
v -1.853865 5.046218 0.511726
v -1.816225 5.186276 0.437316
v -1.801080 5.322614 0.349266
v -1.807892 5.445313 0.255172
v -1.880383 4.792285 0.492458
v -1.817594 4.913186 0.441425
v -1.770079 5.046217 0.374387
v -1.744028 5.182627 0.294208
v -1.741376 5.312281 0.206847
v -1.759144 5.427116 0.119320
v -2.363998 5.300154 -0.995940
v -2.283203 5.179253 -0.991560
v -2.431935 5.179253 -1.039886
v -2.205356 5.046220 -0.965253
v -2.353867 5.046220 -1.027114
v -2.510375 5.046220 -1.064359
v -2.137151 4.909809 -0.915699
v -2.279676 4.906160 -0.989039
v -2.436265 4.906160 -1.039918
v -2.594678 4.909809 -1.064359
v -2.083655 4.780155 -0.846578
v -2.215668 4.769822 -0.926705
v -2.366235 4.766101 -0.989038
v -2.524685 4.769822 -1.027112
v -2.678583 4.780155 -1.039885
v -2.046582 4.665319 -0.765323
v -2.165872 4.647123 -0.846577
v -2.305760 4.636990 -0.915696
v -2.458268 4.636990 -0.965250
v -2.612067 4.647123 -0.991557
v -2.756335 4.665319 -0.995939
v -3.445385 5.300153 -0.644572
v -3.416252 5.179252 -0.720060
v -3.508173 5.179252 -0.593539
v -3.367177 5.046220 -0.785967
v -3.471902 5.046220 -0.663840
v -3.555689 5.046220 -0.526501
v -3.298971 4.909809 -0.835521
v -3.412765 4.906160 -0.722634
v -3.509542 4.906160 -0.589431
v -3.581739 4.909810 -0.446323
v -3.216702 4.780155 -0.865040
v -3.333703 4.769823 -0.764248
v -3.439512 4.766102 -0.640311
v -3.524687 4.769824 -0.501381
v -3.584391 4.780157 -0.358961
v -3.127968 4.665319 -0.875189
v -3.242108 4.647123 -0.786847
v -3.351072 4.636991 -0.675163
v -3.445329 4.636991 -0.545431
v -3.517875 4.647125 -0.407288
v -3.566623 4.665322 -0.271435
v -3.445385 5.300153 0.492458
v -3.508174 5.179252 0.441425
v -3.416252 5.179252 0.567945
v -3.555689 5.046220 0.374386
v -3.471902 5.046220 0.511726
v -3.367177 5.046220 0.633852
v -3.581740 4.909810 0.294208
v -3.509542 4.906161 0.437316
v -3.412765 4.906160 0.570520
v -3.298971 4.909809 0.683406
v -3.584391 4.780157 0.206846
v -3.524687 4.769824 0.349267
v -3.439512 4.766102 0.488196
v -3.333703 4.769823 0.612133
v -3.216703 4.780155 0.712926
v -3.566623 4.665322 0.119320
v -3.517875 4.647125 0.255174
v -3.445329 4.636991 0.393316
v -3.351072 4.636991 0.523049
v -3.242108 4.647123 0.634732
v -3.127968 4.665319 0.723075
v -2.363998 5.300154 0.843826
v -2.431936 5.179253 0.887771
v -2.283203 5.179253 0.839445
v -2.510375 5.046220 0.912245
v -2.353867 5.046220 0.874999
v -2.205356 5.046220 0.813138
v -2.594678 4.909809 0.912245
v -2.436265 4.906160 0.887803
v -2.279676 4.906160 0.836924
v -2.137151 4.909809 0.763584
v -2.678583 4.780155 0.887770
v -2.524685 4.769822 0.874998
v -2.366235 4.766101 0.836923
v -2.215668 4.769822 0.774591
v -2.083655 4.780155 0.694464
v -2.756335 4.665319 0.843824
v -2.612067 4.647123 0.839442
v -2.458268 4.636990 0.813135
v -2.305760 4.636990 0.763581
v -2.165872 4.647123 0.694463
v -2.046582 4.665319 0.613208
v -1.695662 5.300151 -0.076057
v -1.674861 5.179251 0.002135
v -1.674861 5.179251 -0.154249
v -1.675824 5.046220 0.084298
v -1.662884 5.046220 -0.076057
v -1.675824 5.046220 -0.236412
v -1.701876 4.909810 0.164476
v -1.676169 4.906161 0.006265
v -1.676169 4.906161 -0.158380
v -1.701876 4.909810 -0.316590
v -1.751080 4.780156 0.236712
v -1.715671 4.769824 0.086400
v -1.702918 4.766103 -0.076057
v -1.715671 4.769824 -0.238515
v -1.751080 4.780156 -0.388826
v -1.816902 4.665321 0.297078
v -1.776488 4.647125 0.158519
v -1.753981 4.636992 0.004120
v -1.753981 4.636992 -0.156235
v -1.776488 4.647125 -0.310634
v -1.816902 4.665321 -0.449193
v -2.085818 4.459886 -0.644570
v -2.165874 4.349659 -0.593536
v -2.206981 4.431876 -0.720056
v -2.263611 4.247668 -0.526498
v -2.301080 4.322608 -0.663836
v -2.347913 4.416276 -0.785962
v -2.373968 4.163365 -0.446320
v -2.409518 4.226307 -0.589427
v -2.452796 4.312866 -0.722629
v -2.500421 4.416276 -0.835516
v -2.488746 4.103011 -0.358959
v -2.524687 4.151791 -0.501378
v -2.566105 4.226307 -0.640307
v -2.610095 4.322609 -0.764244
v -2.653176 4.431876 -0.865036
v -2.599401 4.067548 -0.271434
v -2.637476 4.103012 -0.407287
v -2.678983 4.163366 -0.545429
v -2.721134 4.247669 -0.675160
v -2.760799 4.349660 -0.786843
v -2.795568 4.459887 -0.875187
v -3.025250 4.459886 -0.800559
v -3.001453 4.349659 -0.708650
v -3.134484 4.431876 -0.708650
v -2.967898 4.247668 -0.594980
v -3.110094 4.322608 -0.601784
v -3.240716 4.416277 -0.594981
v -2.925746 4.163365 -0.465249
v -3.072836 4.226307 -0.475660
v -3.212893 4.312867 -0.475661
v -3.334972 4.416278 -0.465250
v -2.878129 4.103011 -0.329093
v -3.024685 4.151791 -0.338920
v -3.169613 4.226308 -0.342459
v -3.301079 4.322610 -0.338920
v -3.410251 4.431879 -0.329093
v -2.829082 4.067548 -0.196806
v -2.970052 4.103012 -0.202575
v -3.114259 4.163366 -0.205788
v -3.250668 4.247671 -0.205788
v -3.369142 4.349662 -0.202575
v -3.463906 4.459889 -0.196807
v -3.463906 4.459889 0.044692
v -3.369142 4.349662 0.050461
v -3.410251 4.431879 0.176979
v -3.250667 4.247671 0.053674
v -3.301078 4.322611 0.186806
v -3.334972 4.416278 0.313136
v -3.114259 4.163366 0.053674
v -3.169613 4.226309 0.190346
v -3.212893 4.312868 0.323548
v -3.240716 4.416278 0.442868
v -2.970052 4.103012 0.050462
v -3.024685 4.151792 0.186807
v -3.072836 4.226308 0.323548
v -3.110094 4.322609 0.449671
v -3.134484 4.431876 0.556537
v -2.829082 4.067549 0.044693
v -2.878129 4.103012 0.176980
v -2.925747 4.163366 0.313137
v -2.967898 4.247670 0.442868
v -3.001453 4.349660 0.556537
v -3.025250 4.459887 0.648445
v -1.943868 4.459886 -0.449192
v -1.909520 4.431877 -0.310633
v -2.017144 4.349659 -0.388825
v -1.890391 4.416278 -0.156234
v -1.992067 4.322609 -0.238514
v -2.111104 4.247669 -0.316589
v -1.890391 4.416278 0.004121
v -1.983035 4.312867 -0.076057
v -2.096344 4.226308 -0.158379
v -2.221461 4.163365 -0.236411
v -1.909520 4.431877 0.158519
v -1.992066 4.322610 0.086401
v -2.096343 4.226308 0.006266
v -2.215673 4.151792 -0.076056
v -2.340015 4.103012 -0.154248
v -1.943868 4.459887 0.297078
v -2.017143 4.349661 0.236712
v -2.111103 4.247670 0.164476
v -2.221459 4.163366 0.084298
v -2.340014 4.103012 0.002135
v -2.457451 4.067548 -0.076057
v -2.795568 4.459886 0.723072
v -2.760798 4.349659 0.634728
v -2.653175 4.431875 0.712921
v -2.721133 4.247668 0.523044
v -2.610093 4.322608 0.612128
v -2.500420 4.416276 0.683401
v -2.678981 4.163365 0.393312
v -2.566103 4.226307 0.488191
v -2.452795 4.312866 0.570515
v -2.347912 4.416276 0.633847
v -2.637475 4.103011 0.255171
v -2.524685 4.151791 0.349263
v -2.409516 4.226307 0.437313
v -2.301079 4.322609 0.511722
v -2.206981 4.431876 0.567941
v -2.599400 4.067548 0.119319
v -2.488744 4.103012 0.206845
v -2.373966 4.163366 0.294206
v -2.263610 4.247670 0.374384
v -2.165873 4.349660 0.441422
v -2.085817 4.459887 0.492456
v -0.009189 7.525732 -0.076057
v 0.714418 8.078512 0.449668
v -0.285577 8.078512 0.774592
v -0.903615 8.078516 -0.076057
v -0.285577 8.078512 -0.926706
v 0.714418 8.078512 -0.601783
v 0.267199 8.972952 0.774592
v -0.732796 8.972952 0.449668
v -0.732796 8.972952 -0.601783
v 0.267199 8.972952 -0.926706
v 0.885237 8.972948 -0.076057
v -0.009189 9.525732 -0.076057
v -0.267126 7.975047 0.717803
v -0.242011 7.868213 0.640506
v -0.209878 7.765329 0.541609
v -0.171645 7.675077 0.423938
v -0.129602 7.604777 0.294541
v -0.086796 7.557782 0.162796
v -0.046037 7.532867 0.037350
v 0.087281 7.532867 -0.005968
v 0.193992 7.557783 0.071561
v 0.306062 7.604777 0.152983
v 0.416133 7.675078 0.232954
v 0.516231 7.765329 0.305678
v 0.600357 7.868213 0.366799
v 0.666111 7.975047 0.414571
v 0.629263 8.048744 0.527980
v 0.522752 8.023430 0.605655
v 0.395819 8.006160 0.676281
v 0.253680 7.999994 0.732955
v 0.105375 8.006160 0.770654
v -0.038828 8.023430 0.788127
v -0.170654 8.048744 0.787894
v 0.762582 8.048745 -0.496596
v 0.803540 8.023432 -0.371295
v 0.831484 8.006161 -0.228752
v 0.841459 7.999996 -0.076057
v 0.831484 8.006161 0.076637
v 0.803540 8.023432 0.219181
v 0.762582 8.048745 0.344481
v 0.087281 7.532867 -0.146146
v 0.193992 7.557783 -0.223675
v 0.306062 7.604777 -0.305098
v 0.416133 7.675078 -0.385069
v 0.516231 7.765329 -0.457792
v 0.600357 7.868213 -0.518914
v 0.666111 7.975047 -0.566686
v -0.843905 7.975051 -0.076057
v -0.762631 7.868217 -0.076057
v -0.658645 7.765333 -0.076057
v -0.534919 7.675080 -0.076057
v -0.398863 7.604779 -0.076057
v -0.260336 7.557783 -0.076057
v -0.128434 7.532867 -0.076057
v -0.386372 8.048744 0.717804
v -0.493161 8.023430 0.640507
v -0.599555 8.006161 0.541611
v -0.697379 7.999996 0.423940
v -0.779061 8.006162 0.294542
v -0.840240 8.023434 0.162796
v -0.880754 8.048748 0.037351
v -0.267126 7.975047 -0.869918
v -0.242011 7.868213 -0.792620
v -0.209878 7.765329 -0.693723
v -0.171645 7.675077 -0.576052
v -0.129602 7.604777 -0.446656
v -0.086796 7.557782 -0.314910
v -0.046037 7.532867 -0.189465
v -0.880754 8.048748 -0.189465
v -0.840240 8.023434 -0.314911
v -0.779061 8.006162 -0.446657
v -0.697378 7.999996 -0.576054
v -0.599555 8.006161 -0.693725
v -0.493161 8.023430 -0.792622
v -0.386372 8.048744 -0.869918
v -0.170654 8.048744 -0.940008
v -0.038828 8.023430 -0.940241
v 0.105375 8.006160 -0.922768
v 0.253680 7.999994 -0.885069
v 0.395819 8.006160 -0.828395
v 0.522752 8.023430 -0.757770
v 0.629263 8.048744 -0.680095
v 0.921999 8.883470 -0.005968
v 0.947437 8.776881 0.071561
v 0.955522 8.655624 0.152984
v 0.941869 8.525732 0.232955
v 0.905909 8.395839 0.305679
v 0.851508 8.274581 0.366800
v 0.785358 8.167992 0.414572
v 0.785358 8.167992 -0.566686
v 0.851508 8.274581 -0.518915
v 0.905909 8.395839 -0.457794
v 0.941869 8.525732 -0.385070
v 0.955522 8.655624 -0.305098
v 0.947437 8.776881 -0.223676
v 0.921999 8.883470 -0.146147
v 0.211900 8.883473 0.831214
v 0.146026 8.776883 0.879365
v 0.071087 8.655625 0.912216
v -0.009189 8.525732 0.923943
v -0.089465 8.395839 0.912216
v -0.164404 8.274581 0.879365
v -0.230278 8.167991 0.831214
v 0.702961 8.167991 0.527982
v 0.677969 8.274580 0.605658
v 0.636650 8.395838 0.676285
v 0.578596 8.525732 0.732960
v 0.506756 8.655626 0.770659
v 0.426818 8.776884 0.788131
v 0.345220 8.883473 0.787896
v -0.803736 8.883472 0.414572
v -0.869887 8.776883 0.366800
v -0.924288 8.655625 0.305679
v -0.960247 8.525732 0.232955
v -0.973900 8.395840 0.152984
v -0.965815 8.274583 0.071561
v -0.940377 8.167994 -0.005968
v -0.363598 8.167991 0.787896
v -0.445196 8.274580 0.788131
v -0.525135 8.395838 0.770659
v -0.596975 8.525732 0.732960
v -0.655028 8.655626 0.676285
v -0.696348 8.776884 0.605658
v -0.721339 8.883473 0.527982
v -0.721339 8.883473 -0.680096
v -0.696348 8.776884 -0.757773
v -0.655028 8.655626 -0.828400
v -0.596975 8.525732 -0.885074
v -0.525135 8.395838 -0.922773
v -0.445196 8.274580 -0.940245
v -0.363598 8.167991 -0.940010
v -0.940377 8.167994 -0.146147
v -0.965815 8.274583 -0.223676
v -0.973900 8.395840 -0.305099
v -0.960247 8.525732 -0.385070
v -0.924287 8.655625 -0.457794
v -0.869887 8.776883 -0.518915
v -0.803736 8.883472 -0.566686
v 0.345220 8.883473 -0.940010
v 0.426818 8.776884 -0.940245
v 0.506757 8.655626 -0.922773
v 0.578596 8.525732 -0.885074
v 0.636650 8.395838 -0.828400
v 0.677969 8.274580 -0.757773
v 0.702961 8.167991 -0.680096
v -0.230278 8.167991 -0.983328
v -0.164404 8.274581 -1.031479
v -0.089465 8.395839 -1.064330
v -0.009189 8.525732 -1.076057
v 0.071087 8.655625 -1.064330
v 0.146026 8.776883 -1.031479
v 0.211900 8.883473 -0.983328
v 0.862376 9.002716 0.037351
v 0.821861 9.028030 0.162796
v 0.760683 9.045302 0.294542
v 0.679000 9.051468 0.423940
v 0.581177 9.045303 0.541611
v 0.474782 9.028034 0.640507
v 0.367994 9.002720 0.717804
v 0.152276 9.002720 0.787894
v 0.020450 9.028034 0.788127
v -0.123753 9.045304 0.770654
v -0.272058 9.051470 0.732954
v -0.414198 9.045304 0.676281
v -0.541130 9.028034 0.605655
v -0.647642 9.002720 0.527980
v -0.780960 9.002719 0.344481
v -0.821918 9.028032 0.219181
v -0.849862 9.045303 0.076637
v -0.859837 9.051468 -0.076057
v -0.849862 9.045303 -0.228752
v -0.821918 9.028032 -0.371295
v -0.780960 9.002719 -0.496596
v -0.647642 9.002720 -0.680095
v -0.541130 9.028034 -0.757770
v -0.414198 9.045304 -0.828395
v -0.272058 9.051470 -0.885069
v -0.123753 9.045304 -0.922768
v 0.020450 9.028034 -0.940241
v 0.152276 9.002720 -0.940008
v 0.367994 9.002720 -0.869918
v 0.474782 9.028034 -0.792622
v 0.581177 9.045303 -0.693725
v 0.679000 9.051468 -0.576054
v 0.760683 9.045302 -0.446657
v 0.821862 9.028030 -0.314911
v 0.862376 9.002716 -0.189465
v 0.027659 9.518597 0.037350
v 0.068417 9.493682 0.162796
v 0.111223 9.446687 0.294541
v 0.153266 9.376387 0.423938
v 0.191499 9.286135 0.541609
v 0.223632 9.183251 0.640506
v 0.248747 9.076417 0.717803
v 0.825527 9.076413 -0.076057
v 0.744253 9.183247 -0.076057
v 0.640267 9.286131 -0.076057
v 0.516541 9.376384 -0.076057
v 0.380484 9.446685 -0.076057
v 0.241958 9.493681 -0.076057
v 0.110056 9.518597 -0.076057
v -0.105660 9.518597 -0.005968
v -0.212370 9.493682 0.071561
v -0.324440 9.446687 0.152983
v -0.434512 9.376387 0.232954
v -0.534609 9.286135 0.305678
v -0.618736 9.183250 0.366799
v -0.684489 9.076417 0.414571
v -0.105660 9.518597 -0.146146
v -0.212370 9.493682 -0.223675
v -0.324440 9.446687 -0.305098
v -0.434512 9.376387 -0.385069
v -0.534609 9.286135 -0.457792
v -0.618736 9.183250 -0.518914
v -0.684489 9.076417 -0.566686
v 0.027659 9.518597 -0.189465
v 0.068417 9.493682 -0.314910
v 0.111223 9.446687 -0.446656
v 0.153266 9.376387 -0.576052
v 0.191499 9.286135 -0.693723
v 0.223632 9.183251 -0.792620
v 0.248747 9.076417 -0.869918
v 0.157009 9.504404 -0.196806
v 0.297978 9.468940 -0.202575
v 0.206056 9.468941 -0.329093
v 0.442186 9.408586 -0.205788
v 0.352611 9.420161 -0.338920
v 0.253673 9.408587 -0.465249
v 0.578594 9.324282 -0.205788
v 0.497539 9.345644 -0.342460
v 0.400762 9.345645 -0.475661
v 0.295824 9.324284 -0.594981
v 0.697069 9.222290 -0.202576
v 0.629004 9.249342 -0.338921
v 0.540819 9.259086 -0.475662
v 0.438020 9.249344 -0.601785
v 0.329379 9.222293 -0.708650
v 0.791833 9.112062 -0.196808
v 0.738177 9.140074 -0.329095
v 0.662898 9.155674 -0.465252
v 0.568641 9.155675 -0.594983
v 0.462410 9.140076 -0.708652
v 0.353177 9.112066 -0.800559
v -0.072672 9.504404 -0.271433
v -0.034597 9.468941 -0.407284
v -0.183327 9.468941 -0.358958
v 0.006909 9.408587 -0.545426
v -0.147386 9.420162 -0.501377
v -0.298105 9.408587 -0.446319
v 0.049060 9.324284 -0.675158
v -0.105968 9.345646 -0.640305
v -0.262555 9.345646 -0.589426
v -0.408462 9.324284 -0.526497
v 0.088726 9.222294 -0.786842
v -0.061979 9.249345 -0.764242
v -0.219277 9.259087 -0.722628
v -0.370993 9.249344 -0.663836
v -0.506198 9.222293 -0.593536
v 0.123495 9.112066 -0.875186
v -0.018898 9.140077 -0.865035
v -0.171652 9.155676 -0.835515
v -0.324160 9.155676 -0.785962
v -0.465091 9.140077 -0.720056
v -0.586255 9.112066 -0.644570
v -0.214621 9.504403 -0.076057
v -0.332058 9.468941 -0.154249
v -0.332058 9.468941 0.002134
v -0.450612 9.408587 -0.236412
v -0.456399 9.420161 -0.076057
v -0.450612 9.408587 0.084297
v -0.560968 9.324284 -0.316589
v -0.575728 9.345644 -0.158379
v -0.575728 9.345644 0.006265
v -0.560968 9.324284 0.164475
v -0.654929 9.222293 -0.388825
v -0.680006 9.249343 -0.238514
v -0.689037 9.259085 -0.076057
v -0.680006 9.249343 0.086400
v -0.654929 9.222292 0.236711
v -0.728205 9.112065 -0.449192
v -0.762553 9.140076 -0.310633
v -0.781681 9.155674 -0.156235
v -0.781681 9.155674 0.004120
v -0.762553 9.140076 0.158519
v -0.728205 9.112065 0.297078
v -0.072672 9.504404 0.119319
v -0.183327 9.468941 0.206844
v -0.034597 9.468941 0.255170
v -0.298105 9.408587 0.294205
v -0.147386 9.420162 0.349262
v 0.006909 9.408587 0.393312
v -0.408462 9.324284 0.374383
v -0.262555 9.345646 0.437312
v -0.105968 9.345646 0.488191
v 0.049060 9.324284 0.523043
v -0.506198 9.222293 0.441422
v -0.370993 9.249344 0.511721
v -0.219277 9.259087 0.570514
v -0.061979 9.249345 0.612128
v 0.088726 9.222294 0.634727
v -0.586255 9.112066 0.492456
v -0.465091 9.140077 0.567941
v -0.324160 9.155676 0.633847
v -0.171652 9.155676 0.683401
v -0.018898 9.140077 0.712921
v 0.123495 9.112066 0.723072
v 0.157008 9.504404 0.044692
v 0.206056 9.468941 0.176979
v 0.297978 9.468940 0.050461
v 0.253673 9.408587 0.313135
v 0.352611 9.420161 0.186806
v 0.442186 9.408586 0.053673
v 0.295824 9.324284 0.442866
v 0.400762 9.345645 0.323547
v 0.497539 9.345644 0.190345
v 0.578594 9.324282 0.053674
v 0.329379 9.222293 0.556536
v 0.438020 9.249344 0.449671
v 0.540819 9.259086 0.323548
v 0.629004 9.249342 0.186807
v 0.697069 9.222290 0.050461
v 0.353177 9.112066 0.648445
v 0.462410 9.140076 0.556537
v 0.568641 9.155675 0.442869
v 0.662898 9.155674 0.313137
v 0.738177 9.140074 0.176981
v 0.791833 9.112062 0.044693
v 0.894551 8.906630 -0.271434
v 0.912319 8.791795 -0.358960
v 0.845803 8.924827 -0.407286
v 0.909667 8.662142 -0.446321
v 0.852615 8.802128 -0.501379
v 0.773257 8.934961 -0.545428
v 0.883616 8.525732 -0.526500
v 0.837471 8.665792 -0.589429
v 0.767441 8.805850 -0.640308
v 0.679001 8.934961 -0.675161
v 0.836101 8.392700 -0.593538
v 0.799830 8.525732 -0.663839
v 0.740693 8.665792 -0.722633
v 0.661631 8.802130 -0.764246
v 0.570037 8.924829 -0.786845
v 0.773312 8.271798 -0.644572
v 0.744179 8.392699 -0.720059
v 0.695104 8.525732 -0.785966
v 0.626899 8.662143 -0.835520
v 0.544631 8.791797 -0.865039
v 0.455896 8.906632 -0.875189
v 0.084262 8.906632 -0.995939
v 0.006511 8.791797 -1.039885
v -0.060005 8.924829 -0.991557
v -0.077394 8.662142 -1.064359
v -0.147388 8.802129 -1.027112
v -0.213804 8.934962 -0.965250
v -0.161698 8.525732 -1.064359
v -0.235807 8.665792 -1.039918
v -0.305837 8.805850 -0.989038
v -0.366313 8.934962 -0.915696
v -0.240137 8.392699 -1.039886
v -0.318206 8.525731 -1.027114
v -0.392396 8.665792 -0.989039
v -0.456404 8.802130 -0.926706
v -0.506201 8.924829 -0.846577
v -0.308074 8.271798 -0.995940
v -0.388869 8.392699 -0.991560
v -0.466716 8.525732 -0.965253
v -0.534921 8.662142 -0.915699
v -0.588418 8.791797 -0.846579
v -0.625491 8.906632 -0.765323
v -0.855171 8.906631 -0.449193
v -0.920993 8.791796 -0.388826
v -0.895585 8.924827 -0.310634
v -0.970197 8.662142 -0.316590
v -0.956402 8.802128 -0.238515
v -0.918092 8.934960 -0.156235
v -0.996249 8.525732 -0.236412
v -0.995904 8.665791 -0.158379
v -0.969155 8.805849 -0.076057
v -0.918091 8.934960 0.004120
v -0.997212 8.392701 -0.154249
v -1.009189 8.525733 -0.076057
v -0.995904 8.665792 0.006266
v -0.956402 8.802129 0.086401
v -0.895585 8.924828 0.158519
v -0.976411 8.271801 -0.076057
v -0.997212 8.392702 0.002135
v -0.996248 8.525734 0.084299
v -0.970197 8.662143 0.164476
v -0.920992 8.791797 0.236712
v -0.855171 8.906631 0.297079
v -0.625491 8.906632 0.613208
v -0.588418 8.791797 0.694464
v -0.506202 8.924829 0.694463
v -0.534922 8.662142 0.763584
v -0.456405 8.802129 0.774591
v -0.366313 8.934962 0.763582
v -0.466717 8.525731 0.813138
v -0.392397 8.665791 0.836924
v -0.305838 8.805850 0.836923
v -0.213805 8.934962 0.813135
v -0.388870 8.392699 0.839445
v -0.318206 8.525731 0.874999
v -0.235808 8.665791 0.887803
v -0.147388 8.802129 0.874998
v -0.060006 8.924829 0.839443
v -0.308075 8.271798 0.843826
v -0.240137 8.392699 0.887771
v -0.161698 8.525731 0.912245
v -0.077395 8.662142 0.912245
v 0.006510 8.791797 0.887770
v 0.084262 8.906632 0.843825
v 0.455895 8.906632 0.723074
v 0.544631 8.791797 0.712925
v 0.570037 8.924828 0.634731
v 0.626899 8.662142 0.683406
v 0.661631 8.802128 0.612133
v 0.679001 8.934961 0.523047
v 0.695104 8.525731 0.633852
v 0.740693 8.665790 0.570519
v 0.767441 8.805848 0.488195
v 0.773257 8.934960 0.393315
v 0.744179 8.392698 0.567945
v 0.799829 8.525730 0.511726
v 0.837470 8.665789 0.437316
v 0.852615 8.802127 0.349266
v 0.845803 8.924826 0.255172
v 0.773312 8.271797 0.492458
v 0.836100 8.392698 0.441425
v 0.883616 8.525730 0.374387
v 0.909667 8.662140 0.294208
v 0.912319 8.791793 0.206847
v 0.894551 8.906629 0.119320
v 0.289696 8.779666 -0.995940
v 0.370492 8.658765 -0.991560
v 0.221759 8.658765 -1.039886
v 0.448338 8.525732 -0.965253
v 0.299828 8.525732 -1.027114
v 0.143320 8.525732 -1.064359
v 0.516543 8.389321 -0.915699
v 0.374018 8.385673 -0.989039
v 0.217430 8.385673 -1.039918
v 0.059016 8.389321 -1.064359
v 0.570040 8.259667 -0.846578
v 0.438026 8.249334 -0.926705
v 0.287459 8.245613 -0.989038
v 0.129010 8.249334 -1.027112
v -0.024889 8.259667 -1.039885
v 0.607113 8.144832 -0.765323
v 0.487823 8.126636 -0.846577
v 0.347935 8.116502 -0.915696
v 0.195426 8.116502 -0.965250
v 0.041627 8.126636 -0.991557
v -0.102640 8.144832 -0.995939
v -0.791690 8.779666 -0.644572
v -0.762557 8.658765 -0.720060
v -0.854479 8.658764 -0.593539
v -0.713482 8.525732 -0.785967
v -0.818208 8.525732 -0.663840
v -0.901994 8.525732 -0.526501
v -0.645276 8.389321 -0.835521
v -0.759070 8.385673 -0.722634
v -0.855848 8.385673 -0.589431
v -0.928045 8.389322 -0.446323
v -0.563008 8.259667 -0.865040
v -0.680008 8.249334 -0.764248
v -0.785818 8.245614 -0.640311
v -0.870992 8.249335 -0.501381
v -0.930697 8.259669 -0.358961
v -0.474273 8.144832 -0.875189
v -0.588413 8.126636 -0.786847
v -0.697378 8.116503 -0.675163
v -0.791634 8.116503 -0.545431
v -0.864180 8.126637 -0.407288
v -0.912928 8.144835 -0.271435
v -0.791690 8.779666 0.492458
v -0.854479 8.658764 0.441425
v -0.762557 8.658765 0.567945
v -0.901994 8.525732 0.374386
v -0.818208 8.525732 0.511726
v -0.713482 8.525732 0.633852
v -0.928045 8.389322 0.294208
v -0.855848 8.385673 0.437316
v -0.759070 8.385673 0.570520
v -0.645276 8.389321 0.683406
v -0.930697 8.259669 0.206846
v -0.870992 8.249335 0.349267
v -0.785818 8.245614 0.488196
v -0.680008 8.249334 0.612133
v -0.563008 8.259667 0.712926
v -0.912928 8.144835 0.119320
v -0.864180 8.126637 0.255174
v -0.791634 8.116503 0.393316
v -0.697378 8.116503 0.523049
v -0.588413 8.126636 0.634732
v -0.474273 8.144832 0.723075
v 0.289696 8.779666 0.843826
v 0.221759 8.658765 0.887771
v 0.370492 8.658765 0.839445
v 0.143320 8.525732 0.912245
v 0.299828 8.525732 0.874999
v 0.448338 8.525732 0.813138
v 0.059016 8.389321 0.912245
v 0.217430 8.385673 0.887803
v 0.374018 8.385673 0.836924
v 0.516543 8.389321 0.763584
v -0.024889 8.259667 0.887770
v 0.129010 8.249334 0.874998
v 0.287459 8.245613 0.836923
v 0.438026 8.249334 0.774591
v 0.570040 8.259667 0.694464
v -0.102640 8.144832 0.843824
v 0.041627 8.126636 0.839442
v 0.195426 8.116502 0.813135
v 0.347935 8.116502 0.763581
v 0.487823 8.126636 0.694463
v 0.607113 8.144832 0.613208
v 0.958033 8.779663 -0.076057
v 0.978833 8.658763 0.002135
v 0.978833 8.658763 -0.154249
v 0.977870 8.525732 0.084298
v 0.990811 8.525732 -0.076057
v 0.977870 8.525732 -0.236412
v 0.951819 8.389322 0.164476
v 0.977526 8.385674 0.006265
v 0.977526 8.385674 -0.158380
v 0.951819 8.389322 -0.316590
v 0.902615 8.259668 0.236712
v 0.938024 8.249336 0.086400
v 0.950777 8.245615 -0.076057
v 0.938024 8.249336 -0.238515
v 0.902615 8.259668 -0.388826
v 0.836793 8.144833 0.297078
v 0.877206 8.126637 0.158519
v 0.899713 8.116504 0.004120
v 0.899713 8.116504 -0.156235
v 0.877206 8.126637 -0.310634
v 0.836793 8.144833 -0.449193
v 0.567877 7.939398 -0.644570
v 0.487820 7.829171 -0.593536
v 0.446713 7.911388 -0.720056
v 0.390083 7.727180 -0.526498
v 0.352614 7.802120 -0.663836
v 0.305781 7.895789 -0.785962
v 0.279727 7.642877 -0.446320
v 0.244177 7.705819 -0.589427
v 0.200898 7.792378 -0.722629
v 0.153273 7.895789 -0.835516
v 0.164949 7.582523 -0.358959
v 0.129008 7.631303 -0.501378
v 0.087589 7.705820 -0.640307
v 0.043600 7.802121 -0.764244
v 0.000519 7.911388 -0.865036
v 0.054293 7.547060 -0.271434
v 0.016218 7.582524 -0.407287
v -0.025288 7.642878 -0.545429
v -0.067439 7.727181 -0.675160
v -0.107105 7.829172 -0.786843
v -0.141874 7.939399 -0.875187
v -0.371556 7.939398 -0.800559
v -0.347759 7.829171 -0.708650
v -0.480790 7.911388 -0.708650
v -0.314203 7.727180 -0.594980
v -0.456400 7.802121 -0.601784
v -0.587021 7.895789 -0.594981
v -0.272052 7.642877 -0.465249
v -0.419141 7.705820 -0.475660
v -0.559199 7.792379 -0.475661
v -0.681277 7.895790 -0.465250
v -0.224434 7.582523 -0.329093
v -0.370990 7.631303 -0.338920
v -0.515919 7.705821 -0.342459
v -0.647384 7.802123 -0.338920
v -0.756556 7.911391 -0.329093
v -0.175387 7.547060 -0.196806
v -0.316357 7.582524 -0.202575
v -0.460565 7.642879 -0.205788
v -0.596973 7.727183 -0.205788
v -0.715448 7.829175 -0.202575
v -0.810211 7.939402 -0.196807
v -0.810211 7.939402 0.044692
v -0.715447 7.829175 0.050461
v -0.756556 7.911391 0.176979
v -0.596973 7.727183 0.053674
v -0.647384 7.802123 0.186806
v -0.681277 7.895791 0.313136
v -0.460565 7.642879 0.053674
v -0.515919 7.705821 0.190346
v -0.559199 7.792380 0.323548
v -0.587021 7.895790 0.442868
v -0.316357 7.582524 0.050462
v -0.370990 7.631304 0.186807
v -0.419141 7.705821 0.323548
v -0.456400 7.802122 0.449671
v -0.480790 7.911388 0.556537
v -0.175387 7.547061 0.044693
v -0.224435 7.582524 0.176980
v -0.272052 7.642878 0.313137
v -0.314204 7.727182 0.442868
v -0.347759 7.829172 0.556537
v -0.371556 7.939399 0.648445
v 0.709826 7.939398 -0.449192
v 0.744174 7.911389 -0.310633
v 0.636551 7.829172 -0.388825
v 0.763303 7.895790 -0.156234
v 0.661628 7.802121 -0.238514
v 0.542590 7.727181 -0.316589
v 0.763303 7.895790 0.004121
v 0.670659 7.792379 -0.076057
v 0.557351 7.705820 -0.158379
v 0.432234 7.642878 -0.236411
v 0.744175 7.911389 0.158519
v 0.661628 7.802122 0.086401
v 0.557351 7.705821 0.006266
v 0.438022 7.631304 -0.076056
v 0.313680 7.582524 -0.154248
v 0.709827 7.939399 0.297078
v 0.636552 7.829173 0.236712
v 0.542592 7.727182 0.164476
v 0.432235 7.642879 0.084298
v 0.313681 7.582524 0.002135
v 0.196243 7.547060 -0.076057
v -0.141873 7.939398 0.723072
v -0.107104 7.829171 0.634728
v 0.000520 7.911387 0.712921
v -0.067438 7.727180 0.523044
v 0.043601 7.802120 0.612128
v 0.153274 7.895789 0.683401
v -0.025287 7.642877 0.393312
v 0.087591 7.705819 0.488191
v 0.200900 7.792378 0.570515
v 0.305782 7.895789 0.633847
v 0.016220 7.582523 0.255171
v 0.129010 7.631303 0.349263
v 0.244179 7.705820 0.437313
v 0.352616 7.802121 0.511722
v 0.446714 7.911388 0.567941
v 0.054294 7.547060 0.119319
v 0.164951 7.582524 0.206845
v 0.279729 7.642878 0.294206
v 0.390085 7.727182 0.374384
v 0.487821 7.829172 0.441422
v 0.567878 7.939399 0.492456
vn 0.0228 -0.9973 0.0701
vn 0.7255 -0.4994 0.4735
vn -0.0597 -0.9973 0.0434
vn -0.0597 -0.9973 -0.0434
vn 0.0228 -0.9973 -0.0701
vn 0.7711 -0.4256 0.4735
vn -0.2121 -0.4256 0.8797
vn -0.9022 -0.4256 0.0702
vn -0.3455 -0.4256 -0.8363
vn 0.6887 -0.4256 -0.5870
vn 0.7483 -0.3800 0.5437
vn -0.2858 -0.3800 0.8797
vn -0.9250 -0.3800 -0.0000
vn -0.2858 -0.3800 -0.8797
vn 0.7483 -0.3800 -0.5437
vn 0.3086 0.4994 0.8096
vn -0.6746 0.4994 0.5437
vn -0.7255 0.4994 -0.4735
vn 0.2262 0.4994 -0.8363
vn 0.8653 0.4994 -0.0434
vn 0.0597 0.9973 -0.0434
vn 0.1854 0.9817 -0.0433
vn 0.3210 0.9461 -0.0429
vn 0.4586 0.8876 -0.0425
vn 0.5888 0.8072 -0.0425
vn 0.7027 0.7102 -0.0429
vn 0.7951 0.6049 -0.0433
vn 0.1045 0.9916 -0.0759
vn 0.0985 0.9817 -0.1630
vn 0.2399 0.9672 -0.0829
vn 0.2339 0.9573 -0.1699
vn 0.1530 0.9672 -0.2026
vn 0.1400 0.9461 -0.2920
vn 0.3829 0.9196 -0.0879
vn 0.3768 0.9097 -0.1745
vn 0.2955 0.9309 -0.2147
vn 0.2824 0.9097 -0.3045
vn 0.2020 0.9196 -0.3370
vn 0.1822 0.8876 -0.4230
vn 0.5236 0.8472 -0.0898
vn 0.5175 0.8374 -0.1760
vn 0.4416 0.8694 -0.2215
vn 0.4285 0.8482 -0.3113
vn 0.3472 0.8694 -0.3515
vn 0.3273 0.8374 -0.4378
vn 0.2472 0.8472 -0.4702
vn 0.2224 0.8072 -0.5468
vn 0.6513 0.7537 -0.0879
vn 0.6451 0.7439 -0.1745
vn 0.5801 0.7838 -0.2215
vn 0.5670 0.7626 -0.3113
vn 0.4911 0.7947 -0.3568
vn 0.4713 0.7626 -0.4431
vn 0.3900 0.7838 -0.4833
vn 0.3653 0.7439 -0.5596
vn 0.2849 0.7537 -0.5922
vn 0.2579 0.7102 -0.6550
vn 0.7578 0.6472 -0.0829
vn 0.7516 0.6373 -0.1699
vn 0.7005 0.6806 -0.2147
vn 0.6874 0.6594 -0.3045
vn 0.6224 0.6993 -0.3515
vn 0.6026 0.6673 -0.4378
vn 0.5267 0.6993 -0.4833
vn 0.5020 0.6594 -0.5596
vn 0.4206 0.6806 -0.5999
vn 0.3939 0.6373 -0.6623
vn 0.3130 0.6472 -0.6951
vn 0.2869 0.6049 -0.7428
vn 0.8402 0.5369 -0.0759
vn 0.8340 0.5271 -0.1630
vn 0.7967 0.5694 -0.2026
vn 0.7836 0.5483 -0.2920
vn 0.7322 0.5919 -0.3370
vn 0.7124 0.5599 -0.4230
vn 0.6472 0.6000 -0.4702
vn 0.6225 0.5599 -0.5468
vn 0.5468 0.5919 -0.5922
vn 0.5199 0.5483 -0.6550
vn 0.4388 0.5694 -0.6951
vn 0.4127 0.5271 -0.7428
vn 0.3318 0.5369 -0.7756
vn 0.3086 0.4994 -0.8096
vn -0.0228 0.9973 -0.0701
vn 0.0161 0.9817 -0.1897
vn 0.0584 0.9461 -0.3185
vn 0.1013 0.8876 -0.4493
vn 0.1415 0.8072 -0.5731
vn 0.1763 0.7102 -0.6815
vn 0.2045 0.6049 -0.7696
vn -0.0399 0.9916 -0.1228
vn -0.1246 0.9817 -0.1440
vn -0.0047 0.9672 -0.2538
vn -0.0893 0.9573 -0.2749
vn -0.1454 0.9672 -0.2081
vn -0.2345 0.9461 -0.2234
vn 0.0347 0.9196 -0.3913
vn -0.0495 0.9097 -0.4123
vn -0.1129 0.9309 -0.3473
vn -0.2023 0.9097 -0.3626
vn -0.2581 0.9196 -0.2962
vn -0.3460 0.8876 -0.3040
vn 0.0764 0.8472 -0.5257
vn -0.0075 0.8374 -0.5466
vn -0.0742 0.8694 -0.4885
vn -0.1637 0.8482 -0.5037
vn -0.2271 0.8694 -0.4388
vn -0.3152 0.8374 -0.4466
vn -0.3708 0.8472 -0.3804
vn -0.4513 0.8072 -0.3805
vn 0.1176 0.7537 -0.6466
vn 0.0334 0.7439 -0.6675
vn -0.0314 0.7838 -0.6202
vn -0.1209 0.7626 -0.6355
vn -0.1876 0.7947 -0.5773
vn -0.2757 0.7626 -0.5852
vn -0.3391 0.7838 -0.5202
vn -0.4194 0.7439 -0.5203
vn -0.4752 0.7537 -0.4539
vn -0.5433 0.7102 -0.4477
vn 0.1553 0.6472 -0.7463
vn 0.0707 0.6373 -0.7674
vn 0.0123 0.6806 -0.7326
vn -0.0772 0.6594 -0.7478
vn -0.1420 0.6993 -0.7005
vn -0.2302 0.6673 -0.7084
vn -0.2969 0.6993 -0.6502
vn -0.3771 0.6594 -0.6504
vn -0.4406 0.6806 -0.5854
vn -0.5082 0.6373 -0.5793
vn -0.5644 0.6472 -0.5125
vn -0.6178 0.6049 -0.5024
vn 0.1874 0.5369 -0.8225
vn 0.1027 0.5271 -0.8436
vn 0.0535 0.5694 -0.8203
vn -0.0356 0.5483 -0.8355
vn -0.0942 0.5919 -0.8005
vn -0.1822 0.5599 -0.8083
vn -0.2472 0.6000 -0.7608
vn -0.3277 0.5599 -0.7610
vn -0.3943 0.5919 -0.7030
vn -0.4623 0.5483 -0.6968
vn -0.5255 0.5694 -0.6322
vn -0.5789 0.5271 -0.6221
vn -0.6351 0.5369 -0.5553
vn -0.6746 0.4994 -0.5437
vn -0.0738 0.9973 -0.0000
vn -0.1755 0.9817 -0.0740
vn -0.2849 0.9461 -0.1540
vn -0.3960 0.8876 -0.2352
vn -0.5013 0.8072 -0.3117
vn -0.5937 0.7102 -0.3783
vn -0.6687 0.6049 -0.4323
vn -0.1292 0.9916 -0.0000
vn -0.1755 0.9817 0.0740
vn -0.2428 0.9672 -0.0740
vn -0.2891 0.9573 -0.0000
vn -0.2428 0.9672 0.0740
vn -0.2849 0.9461 0.1540
vn -0.3615 0.9196 -0.1539
vn -0.4074 0.9097 -0.0804
vn -0.3652 0.9309 -0.0000
vn -0.4074 0.9097 0.0804
vn -0.3615 0.9196 0.1539
vn -0.3960 0.8876 0.2352
vn -0.4764 0.8472 -0.2351
vn -0.5222 0.8374 -0.1618
vn -0.4875 0.8694 -0.0803
vn -0.5297 0.8482 -0.0000
vn -0.4875 0.8694 0.0803
vn -0.5222 0.8374 0.1618
vn -0.4764 0.8472 0.2351
vn -0.5013 0.8072 0.3117
vn -0.5786 0.7537 -0.3116
vn -0.6245 0.7439 -0.2381
vn -0.5996 0.7838 -0.1618
vn -0.6417 0.7626 -0.0814
vn -0.6071 0.7947 -0.0000
vn -0.6417 0.7626 0.0814
vn -0.5996 0.7838 0.1618
vn -0.6245 0.7439 0.2381
vn -0.5786 0.7537 0.3116
vn -0.5937 0.7102 0.3783
vn -0.6618 0.6472 -0.3784
vn -0.7080 0.6373 -0.3043
vn -0.6929 0.6806 -0.2381
vn -0.7351 0.6594 -0.1577
vn -0.7101 0.6993 -0.0814
vn -0.7448 0.6673 -0.0000
vn -0.7101 0.6993 0.0814
vn -0.7351 0.6594 0.1577
vn -0.6929 0.6806 0.2381
vn -0.7080 0.6373 0.3043
vn -0.6618 0.6472 0.3784
vn -0.6687 0.6049 0.4323
vn -0.7244 0.5369 -0.4324
vn -0.7705 0.5271 -0.3584
vn -0.7636 0.5694 -0.3044
vn -0.8056 0.5483 -0.2244
vn -0.7904 0.5919 -0.1577
vn -0.8250 0.5599 -0.0765
vn -0.8000 0.6000 -0.0000
vn -0.8250 0.5599 0.0765
vn -0.7904 0.5919 0.1577
vn -0.8056 0.5483 0.2244
vn -0.7636 0.5694 0.3044
vn -0.7705 0.5271 0.3584
vn -0.7244 0.5369 0.4324
vn -0.7255 0.4994 0.4735
vn -0.0228 0.9973 0.0701
vn -0.1246 0.9817 0.1440
vn -0.2345 0.9461 0.2234
vn -0.3460 0.8876 0.3040
vn -0.4513 0.8072 0.3805
vn -0.5433 0.7102 0.4477
vn -0.6178 0.6049 0.5024
vn -0.0399 0.9916 0.1228
vn 0.0161 0.9817 0.1897
vn -0.1454 0.9672 0.2081
vn -0.0893 0.9573 0.2749
vn -0.0047 0.9672 0.2538
vn 0.0584 0.9461 0.3185
vn -0.2581 0.9196 0.2962
vn -0.2023 0.9097 0.3626
vn -0.1129 0.9309 0.3473
vn -0.0495 0.9097 0.4123
vn 0.0347 0.9196 0.3913
vn 0.1013 0.8876 0.4493
vn -0.3708 0.8472 0.3804
vn -0.3152 0.8374 0.4466
vn -0.2271 0.8694 0.4388
vn -0.1637 0.8482 0.5037
vn -0.0742 0.8694 0.4885
vn -0.0075 0.8374 0.5466
vn 0.0764 0.8472 0.5257
vn 0.1415 0.8072 0.5731
vn -0.4752 0.7537 0.4539
vn -0.4194 0.7439 0.5203
vn -0.3391 0.7838 0.5202
vn -0.2757 0.7626 0.5852
vn -0.1876 0.7947 0.5773
vn -0.1209 0.7626 0.6355
vn -0.0314 0.7838 0.6202
vn 0.0334 0.7439 0.6675
vn 0.1176 0.7537 0.6466
vn 0.1763 0.7102 0.6815
vn -0.5644 0.6472 0.5125
vn -0.5082 0.6373 0.5793
vn -0.4406 0.6806 0.5854
vn -0.3771 0.6594 0.6504
vn -0.2969 0.6993 0.6502
vn -0.2302 0.6673 0.7084
vn -0.1420 0.6993 0.7005
vn -0.0772 0.6594 0.7478
vn 0.0123 0.6806 0.7326
vn 0.0707 0.6373 0.7674
vn 0.1553 0.6472 0.7463
vn 0.2045 0.6049 0.7696
vn -0.6351 0.5369 0.5553
vn -0.5789 0.5271 0.6221
vn -0.5255 0.5694 0.6322
vn -0.4623 0.5483 0.6968
vn -0.3943 0.5919 0.7030
vn -0.3277 0.5599 0.7610
vn -0.2472 0.6000 0.7608
vn -0.1822 0.5599 0.8083
vn -0.0942 0.5919 0.8005
vn -0.0356 0.5483 0.8355
vn 0.0535 0.5694 0.8203
vn 0.1027 0.5271 0.8436
vn 0.1874 0.5369 0.8225
vn 0.2262 0.4994 0.8363
vn 0.0597 0.9973 0.0434
vn 0.0985 0.9817 0.1630
vn 0.1400 0.9461 0.2920
vn 0.1822 0.8876 0.4230
vn 0.2224 0.8072 0.5468
vn 0.2579 0.7102 0.6550
vn 0.2869 0.6049 0.7428
vn 0.1045 0.9916 0.0759
vn 0.1854 0.9817 0.0433
vn 0.1530 0.9672 0.2026
vn 0.2339 0.9573 0.1699
vn 0.2399 0.9672 0.0829
vn 0.3210 0.9461 0.0429
vn 0.2020 0.9196 0.3370
vn 0.2824 0.9097 0.3045
vn 0.2955 0.9309 0.2147
vn 0.3768 0.9097 0.1745
vn 0.3829 0.9196 0.0879
vn 0.4586 0.8876 0.0425
vn 0.2472 0.8472 0.4702
vn 0.3273 0.8374 0.4378
vn 0.3472 0.8694 0.3515
vn 0.4285 0.8482 0.3113
vn 0.4416 0.8694 0.2215
vn 0.5175 0.8374 0.1760
vn 0.5236 0.8472 0.0898
vn 0.5888 0.8072 0.0425
vn 0.2849 0.7537 0.5922
vn 0.3653 0.7439 0.5596
vn 0.3900 0.7838 0.4833
vn 0.4713 0.7626 0.4431
vn 0.4911 0.7947 0.3568
vn 0.5670 0.7626 0.3113
vn 0.5801 0.7838 0.2215
vn 0.6451 0.7439 0.1745
vn 0.6513 0.7537 0.0879
vn 0.7027 0.7102 0.0429
vn 0.3130 0.6472 0.6951
vn 0.3939 0.6373 0.6623
vn 0.4206 0.6806 0.5999
vn 0.5020 0.6594 0.5596
vn 0.5267 0.6993 0.4833
vn 0.6026 0.6673 0.4378
vn 0.6224 0.6993 0.3515
vn 0.6874 0.6594 0.3045
vn 0.7005 0.6806 0.2147
vn 0.7516 0.6373 0.1699
vn 0.7578 0.6472 0.0829
vn 0.7951 0.6049 0.0433
vn 0.3318 0.5369 0.7756
vn 0.4127 0.5271 0.7428
vn 0.4388 0.5694 0.6951
vn 0.5199 0.5483 0.6550
vn 0.5468 0.5919 0.5922
vn 0.6225 0.5599 0.5468
vn 0.6472 0.6000 0.4702
vn 0.7124 0.5599 0.4230
vn 0.7322 0.5919 0.3370
vn 0.7836 0.5483 0.2920
vn 0.7967 0.5694 0.2026
vn 0.8340 0.5271 0.1630
vn 0.8402 0.5369 0.0759
vn 0.8653 0.4994 0.0434
vn 0.9022 0.4256 -0.0702
vn 0.9338 0.3276 -0.1440
vn 0.9511 0.2134 -0.2234
vn 0.9487 0.0874 -0.3040
vn 0.9238 -0.0427 -0.3805
vn 0.8782 -0.1683 -0.4477
vn 0.8173 -0.2821 -0.5024
vn 0.9048 0.4078 -0.1228
vn 0.8708 0.4535 -0.1897
vn 0.9301 0.3025 -0.2081
vn 0.8962 0.3482 -0.2749
vn 0.8672 0.4284 -0.2538
vn 0.8201 0.4753 -0.3185
vn 0.9379 0.1804 -0.2962
vn 0.9041 0.2259 -0.3626
vn 0.8831 0.3154 -0.3473
vn 0.8358 0.3626 -0.4123
vn 0.8070 0.4423 -0.3913
vn 0.7486 0.4875 -0.4493
vn 0.9236 0.0472 -0.3804
vn 0.8899 0.0925 -0.4466
vn 0.8792 0.1857 -0.4388
vn 0.8319 0.2329 -0.5037
vn 0.8108 0.3224 -0.4885
vn 0.7523 0.3678 -0.5466
vn 0.7236 0.4472 -0.5257
vn 0.6587 0.4875 -0.5731
vn 0.8867 -0.0879 -0.4539
vn 0.8529 -0.0424 -0.5203
vn 0.8527 0.0472 -0.5202
vn 0.8054 0.0944 -0.5852
vn 0.7947 0.1876 -0.5773
vn 0.7362 0.2329 -0.6355
vn 0.7151 0.3224 -0.6202
vn 0.6504 0.3626 -0.6675
vn 0.6216 0.4423 -0.6466
vn 0.5564 0.4754 -0.6815
vn 0.8312 -0.2154 -0.5125
vn 0.7973 -0.1696 -0.5793
vn 0.8058 -0.0897 -0.5854
vn 0.7584 -0.0424 -0.6504
vn 0.7583 0.0472 -0.6502
vn 0.6998 0.0925 -0.7084
vn 0.6890 0.1857 -0.7005
vn 0.6243 0.2259 -0.7478
vn 0.6032 0.3154 -0.7326
vn 0.5384 0.3482 -0.7674
vn 0.5094 0.4284 -0.7464
vn 0.4496 0.4535 -0.7696
vn 0.7643 -0.3279 -0.5553
vn 0.7304 -0.2821 -0.6221
vn 0.7443 -0.2154 -0.6322
vn 0.6972 -0.1683 -0.6968
vn 0.7057 -0.0879 -0.7030
vn 0.6473 -0.0427 -0.7610
vn 0.6472 0.0472 -0.7608
vn 0.5823 0.0874 -0.8083
vn 0.5716 0.1804 -0.8005
vn 0.5063 0.2134 -0.8355
vn 0.4853 0.3025 -0.8203
vn 0.4255 0.3276 -0.8436
vn 0.3964 0.4078 -0.8225
vn 0.3455 0.4256 -0.8363
vn 0.2121 0.4256 -0.8797
vn 0.1516 0.3276 -0.9326
vn 0.0815 0.2134 -0.9736
vn 0.0040 0.0874 -0.9962
vn -0.0764 -0.0427 -0.9962
vn -0.1544 -0.1683 -0.9736
vn -0.2252 -0.2821 -0.9326
vn 0.1628 0.4078 -0.8985
vn 0.0886 0.4535 -0.8869
vn 0.0895 0.3025 -0.9489
vn 0.0155 0.3482 -0.9373
vn 0.0266 0.4284 -0.9032
vn -0.0495 0.4754 -0.8784
vn 0.0081 0.1804 -0.9836
vn -0.0655 0.2259 -0.9720
vn -0.0574 0.3154 -0.9472
vn -0.1339 0.3626 -0.9223
vn -0.1228 0.4423 -0.8884
vn -0.1960 0.4875 -0.8508
vn -0.0764 0.0472 -0.9960
vn -0.1497 0.0925 -0.9844
vn -0.1456 0.1857 -0.9717
vn -0.2220 0.2329 -0.9468
vn -0.2140 0.3224 -0.9221
vn -0.2874 0.3678 -0.8844
vn -0.2764 0.4472 -0.8506
vn -0.3415 0.4875 -0.8035
vn -0.1577 -0.0879 -0.9836
vn -0.2313 -0.0424 -0.9720
vn -0.2313 0.0472 -0.9717
vn -0.3076 0.0944 -0.9468
vn -0.3035 0.1876 -0.9342
vn -0.3769 0.2329 -0.8965
vn -0.3689 0.3224 -0.8718
vn -0.4338 0.3626 -0.8248
vn -0.4228 0.4423 -0.7909
vn -0.4763 0.4754 -0.7397
vn -0.2306 -0.2154 -0.9489
vn -0.3045 -0.1696 -0.9373
vn -0.3078 -0.0897 -0.9472
vn -0.3842 -0.0424 -0.9223
vn -0.3841 0.0472 -0.9221
vn -0.4575 0.0925 -0.8844
vn -0.4533 0.1857 -0.8718
vn -0.5183 0.2259 -0.8248
vn -0.5103 0.3154 -0.8001
vn -0.5634 0.3482 -0.7492
vn -0.5524 0.4284 -0.7151
vn -0.5930 0.4535 -0.6654
vn -0.2919 -0.3279 -0.8985
vn -0.3659 -0.2821 -0.8869
vn -0.3712 -0.2154 -0.9032
vn -0.4473 -0.1683 -0.8784
vn -0.4505 -0.0879 -0.8884
vn -0.5237 -0.0427 -0.8508
vn -0.5236 0.0472 -0.8507
vn -0.5888 0.0874 -0.8035
vn -0.5847 0.1804 -0.7909
vn -0.6382 0.2134 -0.7397
vn -0.6302 0.3025 -0.7151
vn -0.6708 0.3276 -0.6654
vn -0.6598 0.4078 -0.6312
vn -0.6887 0.4256 -0.5870
vn -0.7711 0.4256 -0.4735
vn -0.8401 0.3276 -0.4323
vn -0.9007 0.2134 -0.3783
vn -0.9462 0.0874 -0.3117
vn -0.9710 -0.0427 -0.2352
vn -0.9736 -0.1683 -0.1540
vn -0.9565 -0.2821 -0.0740
vn -0.8042 0.4078 -0.4324
vn -0.8161 0.4535 -0.3584
vn -0.8748 0.3025 -0.3784
vn -0.8866 0.3482 -0.3043
vn -0.8508 0.4284 -0.3044
vn -0.8507 0.4753 -0.2244
vn -0.9329 0.1804 -0.3116
vn -0.9446 0.2259 -0.2381
vn -0.9186 0.3154 -0.2381
vn -0.9185 0.3626 -0.1577
vn -0.8829 0.4423 -0.1577
vn -0.8697 0.4875 -0.0765
vn -0.9708 0.0472 -0.2351
vn -0.9825 0.0925 -0.1618
vn -0.9692 0.1857 -0.1618
vn -0.9691 0.2329 -0.0814
vn -0.9431 0.3224 -0.0814
vn -0.9299 0.3678 -0.0000
vn -0.8944 0.4472 -0.0000
vn -0.8697 0.4875 0.0765
vn -0.9842 -0.0879 -0.1539
vn -0.9959 -0.0424 -0.0804
vn -0.9956 0.0472 -0.0803
vn -0.9955 0.0944 -0.0000
vn -0.9822 0.1876 -0.0000
vn -0.9691 0.2329 0.0814
vn -0.9431 0.3224 0.0814
vn -0.9185 0.3626 0.1577
vn -0.8829 0.4423 0.1577
vn -0.8507 0.4753 0.2244
vn -0.9737 -0.2154 -0.0740
vn -0.9855 -0.1696 -0.0000
vn -0.9960 -0.0897 -0.0000
vn -0.9959 -0.0424 0.0804
vn -0.9956 0.0472 0.0803
vn -0.9825 0.0925 0.1618
vn -0.9692 0.1857 0.1618
vn -0.9446 0.2259 0.2381
vn -0.9186 0.3154 0.2381
vn -0.8866 0.3482 0.3043
vn -0.8508 0.4284 0.3044
vn -0.8161 0.4535 0.3584
vn -0.9447 -0.3279 -0.0000
vn -0.9565 -0.2821 0.0740
vn -0.9737 -0.2154 0.0740
vn -0.9736 -0.1683 0.1540
vn -0.9842 -0.0879 0.1539
vn -0.9710 -0.0427 0.2352
vn -0.9708 0.0472 0.2351
vn -0.9462 0.0874 0.3117
vn -0.9329 0.1804 0.3116
vn -0.9007 0.2134 0.3783
vn -0.8748 0.3025 0.3784
vn -0.8401 0.3276 0.4323
vn -0.8042 0.4078 0.4324
vn -0.7711 0.4256 0.4735
vn -0.6887 0.4256 0.5870
vn -0.6708 0.3276 0.6654
vn -0.6382 0.2134 0.7397
vn -0.5888 0.0874 0.8035
vn -0.5237 -0.0427 0.8508
vn -0.4473 -0.1683 0.8784
vn -0.3659 -0.2821 0.8869
vn -0.6598 0.4078 0.6312
vn -0.5930 0.4535 0.6654
vn -0.6302 0.3025 0.7151
vn -0.5634 0.3482 0.7492
vn -0.5524 0.4284 0.7151
vn -0.4763 0.4753 0.7397
vn -0.5847 0.1804 0.7909
vn -0.5183 0.2259 0.8248
vn -0.5103 0.3154 0.8001
vn -0.4338 0.3626 0.8248
vn -0.4228 0.4423 0.7909
vn -0.3415 0.4875 0.8035
vn -0.5236 0.0472 0.8507
vn -0.4575 0.0925 0.8844
vn -0.4533 0.1857 0.8718
vn -0.3769 0.2329 0.8965
vn -0.3689 0.3224 0.8718
vn -0.2874 0.3678 0.8844
vn -0.2764 0.4472 0.8506
vn -0.1960 0.4875 0.8508
vn -0.4505 -0.0879 0.8884
vn -0.3842 -0.0424 0.9223
vn -0.3841 0.0472 0.9221
vn -0.3076 0.0944 0.9468
vn -0.3035 0.1876 0.9342
vn -0.2220 0.2329 0.9468
vn -0.2140 0.3224 0.9221
vn -0.1339 0.3626 0.9223
vn -0.1228 0.4423 0.8884
vn -0.0495 0.4753 0.8784
vn -0.3712 -0.2154 0.9032
vn -0.3045 -0.1696 0.9373
vn -0.3078 -0.0897 0.9472
vn -0.2313 -0.0424 0.9720
vn -0.2313 0.0472 0.9717
vn -0.1497 0.0925 0.9844
vn -0.1456 0.1857 0.9717
vn -0.0655 0.2259 0.9720
vn -0.0574 0.3154 0.9472
vn 0.0155 0.3482 0.9373
vn 0.0266 0.4284 0.9032
vn 0.0886 0.4535 0.8869
vn -0.2919 -0.3279 0.8985
vn -0.2252 -0.2821 0.9326
vn -0.2306 -0.2154 0.9489
vn -0.1544 -0.1683 0.9736
vn -0.1577 -0.0879 0.9836
vn -0.0764 -0.0427 0.9962
vn -0.0764 0.0472 0.9960
vn 0.0040 0.0874 0.9962
vn 0.0081 0.1804 0.9836
vn 0.0815 0.2134 0.9736
vn 0.0895 0.3025 0.9489
vn 0.1516 0.3276 0.9326
vn 0.1628 0.4078 0.8985
vn 0.2121 0.4256 0.8797
vn 0.3455 0.4256 0.8363
vn 0.4255 0.3276 0.8436
vn 0.5063 0.2134 0.8355
vn 0.5823 0.0874 0.8083
vn 0.6473 -0.0427 0.7610
vn 0.6972 -0.1683 0.6968
vn 0.7304 -0.2821 0.6221
vn 0.3964 0.4078 0.8225
vn 0.4496 0.4535 0.7696
vn 0.4853 0.3025 0.8203
vn 0.5384 0.3482 0.7674
vn 0.5094 0.4284 0.7464
vn 0.5564 0.4754 0.6815
vn 0.5716 0.1804 0.8005
vn 0.6243 0.2259 0.7478
vn 0.6032 0.3154 0.7326
vn 0.6504 0.3626 0.6675
vn 0.6216 0.4423 0.6466
vn 0.6587 0.4875 0.5731
vn 0.6472 0.0472 0.7608
vn 0.6998 0.0925 0.7084
vn 0.6890 0.1857 0.7005
vn 0.7362 0.2329 0.6355
vn 0.7151 0.3224 0.6202
vn 0.7523 0.3678 0.5466
vn 0.7236 0.4472 0.5257
vn 0.7486 0.4875 0.4493
vn 0.7057 -0.0879 0.7030
vn 0.7584 -0.0424 0.6504
vn 0.7583 0.0472 0.6502
vn 0.8054 0.0944 0.5852
vn 0.7947 0.1876 0.5773
vn 0.8319 0.2329 0.5037
vn 0.8108 0.3224 0.4885
vn 0.8358 0.3626 0.4123
vn 0.8070 0.4423 0.3913
vn 0.8201 0.4753 0.3185
vn 0.7443 -0.2154 0.6322
vn 0.7973 -0.1696 0.5793
vn 0.8058 -0.0897 0.5854
vn 0.8529 -0.0424 0.5203
vn 0.8527 0.0472 0.5202
vn 0.8899 0.0925 0.4466
vn 0.8792 0.1857 0.4388
vn 0.9041 0.2259 0.3626
vn 0.8831 0.3154 0.3473
vn 0.8962 0.3482 0.2749
vn 0.8672 0.4284 0.2538
vn 0.8708 0.4535 0.1897
vn 0.7643 -0.3279 0.5553
vn 0.8173 -0.2821 0.5024
vn 0.8312 -0.2154 0.5125
vn 0.8782 -0.1683 0.4477
vn 0.8867 -0.0879 0.4540
vn 0.9238 -0.0427 0.3805
vn 0.9236 0.0472 0.3804
vn 0.9487 0.0874 0.3040
vn 0.9379 0.1804 0.2962
vn 0.9511 0.2134 0.2234
vn 0.9301 0.3025 0.2081
vn 0.9338 0.3276 0.1440
vn 0.9048 0.4078 0.1228
vn 0.9022 0.4256 0.0701
vn 0.2858 0.3800 -0.8797
vn 0.3659 0.2821 -0.8869
vn 0.4473 0.1683 -0.8784
vn 0.5237 0.0427 -0.8508
vn 0.5888 -0.0874 -0.8035
vn 0.6382 -0.2134 -0.7397
vn 0.6708 -0.3276 -0.6654
vn 0.2919 0.3279 -0.8985
vn 0.2252 0.2821 -0.9326
vn 0.3712 0.2154 -0.9032
vn 0.3045 0.1696 -0.9373
vn 0.2306 0.2154 -0.9489
vn 0.1544 0.1683 -0.9736
vn 0.4505 0.0879 -0.8884
vn 0.3842 0.0424 -0.9223
vn 0.3078 0.0897 -0.9472
vn 0.2313 0.0424 -0.9720
vn 0.1577 0.0879 -0.9836
vn 0.0764 0.0427 -0.9962
vn 0.5236 -0.0472 -0.8507
vn 0.4575 -0.0925 -0.8844
vn 0.3841 -0.0472 -0.9221
vn 0.3076 -0.0944 -0.9468
vn 0.2313 -0.0472 -0.9717
vn 0.1497 -0.0925 -0.9844
vn 0.0764 -0.0472 -0.9960
vn -0.0040 -0.0874 -0.9962
vn 0.5847 -0.1804 -0.7909
vn 0.5183 -0.2259 -0.8248
vn 0.4533 -0.1857 -0.8718
vn 0.3769 -0.2329 -0.8965
vn 0.3035 -0.1876 -0.9342
vn 0.2220 -0.2329 -0.9468
vn 0.1456 -0.1857 -0.9717
vn 0.0655 -0.2259 -0.9720
vn -0.0081 -0.1804 -0.9836
vn -0.0815 -0.2134 -0.9736
vn 0.6302 -0.3025 -0.7151
vn 0.5634 -0.3482 -0.7492
vn 0.5103 -0.3154 -0.8001
vn 0.4338 -0.3626 -0.8248
vn 0.3689 -0.3224 -0.8718
vn 0.2874 -0.3678 -0.8844
vn 0.2140 -0.3224 -0.9221
vn 0.1339 -0.3626 -0.9223
vn 0.0574 -0.3154 -0.9472
vn -0.0155 -0.3482 -0.9373
vn -0.0895 -0.3025 -0.9489
vn -0.1516 -0.3276 -0.9326
vn 0.6598 -0.4078 -0.6312
vn 0.5930 -0.4535 -0.6654
vn 0.5524 -0.4284 -0.7151
vn 0.4763 -0.4753 -0.7397
vn 0.4228 -0.4423 -0.7909
vn 0.3415 -0.4875 -0.8035
vn 0.2764 -0.4472 -0.8506
vn 0.1960 -0.4875 -0.8508
vn 0.1228 -0.4423 -0.8884
vn 0.0495 -0.4754 -0.8784
vn -0.0266 -0.4284 -0.9032
vn -0.0886 -0.4535 -0.8869
vn -0.1628 -0.4078 -0.8985
vn -0.2121 -0.4256 -0.8797
vn -0.7483 0.3800 -0.5437
vn -0.7304 0.2821 -0.6221
vn -0.6972 0.1683 -0.6968
vn -0.6473 0.0427 -0.7610
vn -0.5823 -0.0874 -0.8083
vn -0.5063 -0.2134 -0.8355
vn -0.4255 -0.3276 -0.8436
vn -0.7643 0.3279 -0.5553
vn -0.8173 0.2821 -0.5024
vn -0.7443 0.2154 -0.6322
vn -0.7973 0.1696 -0.5793
vn -0.8312 0.2154 -0.5125
vn -0.8782 0.1683 -0.4477
vn -0.7057 0.0879 -0.7030
vn -0.7584 0.0424 -0.6504
vn -0.8058 0.0897 -0.5854
vn -0.8529 0.0424 -0.5203
vn -0.8867 0.0879 -0.4540
vn -0.9238 0.0427 -0.3805
vn -0.6472 -0.0472 -0.7608
vn -0.6998 -0.0925 -0.7084
vn -0.7583 -0.0472 -0.6502
vn -0.8054 -0.0944 -0.5852
vn -0.8527 -0.0472 -0.5202
vn -0.8899 -0.0925 -0.4466
vn -0.9236 -0.0472 -0.3804
vn -0.9487 -0.0874 -0.3040
vn -0.5716 -0.1804 -0.8005
vn -0.6243 -0.2259 -0.7478
vn -0.6890 -0.1857 -0.7005
vn -0.7362 -0.2329 -0.6355
vn -0.7947 -0.1876 -0.5773
vn -0.8319 -0.2329 -0.5038
vn -0.8792 -0.1857 -0.4388
vn -0.9041 -0.2259 -0.3626
vn -0.9379 -0.1804 -0.2962
vn -0.9511 -0.2134 -0.2234
vn -0.4853 -0.3025 -0.8203
vn -0.5384 -0.3482 -0.7674
vn -0.6032 -0.3154 -0.7326
vn -0.6504 -0.3626 -0.6675
vn -0.7151 -0.3224 -0.6202
vn -0.7523 -0.3678 -0.5466
vn -0.8108 -0.3224 -0.4885
vn -0.8358 -0.3626 -0.4123
vn -0.8831 -0.3154 -0.3473
vn -0.8962 -0.3482 -0.2749
vn -0.9301 -0.3025 -0.2081
vn -0.9338 -0.3276 -0.1440
vn -0.3964 -0.4078 -0.8225
vn -0.4496 -0.4535 -0.7696
vn -0.5094 -0.4284 -0.7464
vn -0.5564 -0.4754 -0.6815
vn -0.6216 -0.4423 -0.6466
vn -0.6587 -0.4875 -0.5731
vn -0.7236 -0.4472 -0.5257
vn -0.7486 -0.4875 -0.4493
vn -0.8070 -0.4423 -0.3913
vn -0.8201 -0.4753 -0.3185
vn -0.8672 -0.4284 -0.2538
vn -0.8708 -0.4535 -0.1897
vn -0.9048 -0.4078 -0.1228
vn -0.9022 -0.4256 -0.0702
vn -0.7483 0.3800 0.5437
vn -0.8173 0.2821 0.5024
vn -0.8782 0.1683 0.4477
vn -0.9238 0.0427 0.3805
vn -0.9487 -0.0874 0.3040
vn -0.9511 -0.2134 0.2234
vn -0.9338 -0.3276 0.1440
vn -0.7643 0.3279 0.5553
vn -0.7304 0.2821 0.6221
vn -0.8312 0.2154 0.5125
vn -0.7973 0.1696 0.5793
vn -0.7443 0.2154 0.6322
vn -0.6972 0.1683 0.6968
vn -0.8867 0.0879 0.4540
vn -0.8529 0.0424 0.5203
vn -0.8058 0.0897 0.5854
vn -0.7584 0.0424 0.6504
vn -0.7057 0.0879 0.7030
vn -0.6473 0.0427 0.7610
vn -0.9236 -0.0472 0.3804
vn -0.8899 -0.0925 0.4466
vn -0.8527 -0.0472 0.5202
vn -0.8054 -0.0944 0.5852
vn -0.7583 -0.0472 0.6502
vn -0.6998 -0.0925 0.7084
vn -0.6472 -0.0472 0.7608
vn -0.5823 -0.0874 0.8083
vn -0.9379 -0.1804 0.2962
vn -0.9041 -0.2259 0.3626
vn -0.8792 -0.1857 0.4388
vn -0.8319 -0.2329 0.5038
vn -0.7947 -0.1876 0.5773
vn -0.7362 -0.2329 0.6355
vn -0.6890 -0.1857 0.7005
vn -0.6243 -0.2259 0.7478
vn -0.5716 -0.1804 0.8005
vn -0.5063 -0.2134 0.8355
vn -0.9301 -0.3025 0.2081
vn -0.8962 -0.3482 0.2749
vn -0.8831 -0.3154 0.3473
vn -0.8358 -0.3626 0.4123
vn -0.8108 -0.3224 0.4885
vn -0.7523 -0.3678 0.5466
vn -0.7151 -0.3224 0.6202
vn -0.6504 -0.3626 0.6675
vn -0.6032 -0.3154 0.7326
vn -0.5384 -0.3482 0.7674
vn -0.4853 -0.3025 0.8203
vn -0.4255 -0.3276 0.8436
vn -0.9048 -0.4078 0.1228
vn -0.8708 -0.4535 0.1897
vn -0.8672 -0.4284 0.2538
vn -0.8201 -0.4753 0.3185
vn -0.8070 -0.4423 0.3913
vn -0.7486 -0.4875 0.4493
vn -0.7236 -0.4472 0.5257
vn -0.6587 -0.4875 0.5731
vn -0.6216 -0.4423 0.6466
vn -0.5564 -0.4754 0.6815
vn -0.5094 -0.4284 0.7464
vn -0.4496 -0.4535 0.7696
vn -0.3964 -0.4078 0.8225
vn -0.3455 -0.4256 0.8363
vn 0.2858 0.3800 0.8797
vn 0.2252 0.2821 0.9326
vn 0.1544 0.1683 0.9736
vn 0.0764 0.0427 0.9962
vn -0.0040 -0.0874 0.9962
vn -0.0815 -0.2134 0.9736
vn -0.1516 -0.3276 0.9326
vn 0.2919 0.3279 0.8985
vn 0.3659 0.2821 0.8869
vn 0.2306 0.2154 0.9489
vn 0.3045 0.1696 0.9373
vn 0.3712 0.2154 0.9032
vn 0.4473 0.1683 0.8784
vn 0.1577 0.0879 0.9836
vn 0.2313 0.0424 0.9720
vn 0.3078 0.0897 0.9472
vn 0.3842 0.0424 0.9223
vn 0.4505 0.0879 0.8884
vn 0.5237 0.0427 0.8508
vn 0.0764 -0.0472 0.9960
vn 0.1497 -0.0925 0.9844
vn 0.2313 -0.0472 0.9717
vn 0.3076 -0.0944 0.9468
vn 0.3841 -0.0472 0.9221
vn 0.4575 -0.0925 0.8844
vn 0.5236 -0.0472 0.8507
vn 0.5888 -0.0874 0.8035
vn -0.0081 -0.1804 0.9836
vn 0.0655 -0.2259 0.9720
vn 0.1456 -0.1857 0.9717
vn 0.2220 -0.2329 0.9468
vn 0.3035 -0.1876 0.9342
vn 0.3769 -0.2329 0.8965
vn 0.4533 -0.1857 0.8718
vn 0.5183 -0.2259 0.8248
vn 0.5847 -0.1804 0.7909
vn 0.6382 -0.2134 0.7397
vn -0.0895 -0.3025 0.9489
vn -0.0155 -0.3482 0.9373
vn 0.0574 -0.3154 0.9472
vn 0.1339 -0.3626 0.9223
vn 0.2140 -0.3224 0.9221
vn 0.2874 -0.3678 0.8844
vn 0.3689 -0.3224 0.8718
vn 0.4338 -0.3626 0.8248
vn 0.5103 -0.3154 0.8001
vn 0.5634 -0.3482 0.7492
vn 0.6302 -0.3025 0.7151
vn 0.6708 -0.3276 0.6654
vn -0.1628 -0.4078 0.8985
vn -0.0886 -0.4535 0.8869
vn -0.0266 -0.4284 0.9032
vn 0.0495 -0.4753 0.8784
vn 0.1228 -0.4423 0.8884
vn 0.1960 -0.4875 0.8508
vn 0.2764 -0.4472 0.8506
vn 0.3415 -0.4875 0.8035
vn 0.4228 -0.4423 0.7909
vn 0.4763 -0.4754 0.7397
vn 0.5524 -0.4284 0.7151
vn 0.5930 -0.4535 0.6654
vn 0.6598 -0.4078 0.6312
vn 0.6887 -0.4256 0.5870
vn 0.9250 0.3800 -0.0000
vn 0.9565 0.2821 0.0740
vn 0.9736 0.1683 0.1540
vn 0.9710 0.0427 0.2352
vn 0.9462 -0.0874 0.3117
vn 0.9007 -0.2134 0.3783
vn 0.8401 -0.3276 0.4323
vn 0.9447 0.3279 -0.0000
vn 0.9565 0.2821 -0.0740
vn 0.9737 0.2154 0.0740
vn 0.9855 0.1696 -0.0000
vn 0.9737 0.2154 -0.0740
vn 0.9736 0.1683 -0.1540
vn 0.9842 0.0879 0.1539
vn 0.9959 0.0424 0.0804
vn 0.9960 0.0897 -0.0000
vn 0.9959 0.0424 -0.0804
vn 0.9842 0.0879 -0.1539
vn 0.9710 0.0427 -0.2352
vn 0.9708 -0.0472 0.2351
vn 0.9825 -0.0925 0.1618
vn 0.9956 -0.0472 0.0803
vn 0.9955 -0.0944 -0.0000
vn 0.9956 -0.0472 -0.0803
vn 0.9825 -0.0925 -0.1618
vn 0.9708 -0.0472 -0.2351
vn 0.9462 -0.0874 -0.3117
vn 0.9329 -0.1804 0.3116
vn 0.9446 -0.2259 0.2381
vn 0.9692 -0.1857 0.1618
vn 0.9691 -0.2329 0.0814
vn 0.9822 -0.1876 -0.0000
vn 0.9691 -0.2329 -0.0814
vn 0.9692 -0.1857 -0.1618
vn 0.9446 -0.2259 -0.2381
vn 0.9329 -0.1804 -0.3116
vn 0.9007 -0.2134 -0.3783
vn 0.8748 -0.3025 0.3784
vn 0.8866 -0.3482 0.3043
vn 0.9186 -0.3154 0.2381
vn 0.9185 -0.3626 0.1577
vn 0.9431 -0.3224 0.0814
vn 0.9299 -0.3678 -0.0000
vn 0.9431 -0.3224 -0.0814
vn 0.9185 -0.3626 -0.1577
vn 0.9186 -0.3154 -0.2381
vn 0.8866 -0.3482 -0.3043
vn 0.8748 -0.3025 -0.3784
vn 0.8401 -0.3276 -0.4323
vn 0.8042 -0.4078 0.4324
vn 0.8161 -0.4535 0.3584
vn 0.8508 -0.4284 0.3044
vn 0.8507 -0.4753 0.2244
vn 0.8829 -0.4423 0.1577
vn 0.8697 -0.4875 0.0765
vn 0.8944 -0.4472 -0.0000
vn 0.8697 -0.4875 -0.0765
vn 0.8829 -0.4423 -0.1577
vn 0.8507 -0.4753 -0.2244
vn 0.8508 -0.4284 -0.3044
vn 0.8161 -0.4535 -0.3584
vn 0.8042 -0.4078 -0.4324
vn 0.7711 -0.4256 -0.4735
vn 0.6746 -0.4994 -0.5437
vn 0.6178 -0.6049 -0.5024
vn 0.5433 -0.7102 -0.4477
vn 0.4513 -0.8072 -0.3805
vn 0.3460 -0.8876 -0.3040
vn 0.2345 -0.9461 -0.2234
vn 0.1246 -0.9817 -0.1440
vn 0.6351 -0.5369 -0.5553
vn 0.5789 -0.5271 -0.6221
vn 0.5644 -0.6472 -0.5125
vn 0.5082 -0.6373 -0.5793
vn 0.5255 -0.5694 -0.6322
vn 0.4623 -0.5483 -0.6968
vn 0.4752 -0.7537 -0.4539
vn 0.4194 -0.7439 -0.5203
vn 0.4406 -0.6806 -0.5854
vn 0.3771 -0.6594 -0.6504
vn 0.3943 -0.5919 -0.7030
vn 0.3277 -0.5599 -0.7610
vn 0.3708 -0.8472 -0.3804
vn 0.3152 -0.8374 -0.4466
vn 0.3391 -0.7838 -0.5202
vn 0.2757 -0.7626 -0.5852
vn 0.2969 -0.6993 -0.6502
vn 0.2302 -0.6673 -0.7084
vn 0.2472 -0.6000 -0.7608
vn 0.1822 -0.5599 -0.8083
vn 0.2581 -0.9196 -0.2962
vn 0.2023 -0.9097 -0.3626
vn 0.2271 -0.8694 -0.4388
vn 0.1637 -0.8482 -0.5037
vn 0.1876 -0.7947 -0.5773
vn 0.1209 -0.7626 -0.6355
vn 0.1420 -0.6993 -0.7005
vn 0.0772 -0.6594 -0.7478
vn 0.0942 -0.5919 -0.8005
vn 0.0356 -0.5483 -0.8355
vn 0.1454 -0.9672 -0.2081
vn 0.0893 -0.9573 -0.2749
vn 0.1129 -0.9309 -0.3473
vn 0.0495 -0.9097 -0.4123
vn 0.0742 -0.8694 -0.4885
vn 0.0075 -0.8374 -0.5466
vn 0.0314 -0.7838 -0.6202
vn -0.0334 -0.7439 -0.6675
vn -0.0123 -0.6806 -0.7326
vn -0.0707 -0.6373 -0.7674
vn -0.0535 -0.5694 -0.8203
vn -0.1027 -0.5271 -0.8436
vn 0.0399 -0.9916 -0.1228
vn -0.0161 -0.9817 -0.1897
vn 0.0047 -0.9672 -0.2538
vn -0.0584 -0.9461 -0.3185
vn -0.0347 -0.9196 -0.3913
vn -0.1013 -0.8876 -0.4493
vn -0.0764 -0.8472 -0.5257
vn -0.1415 -0.8072 -0.5731
vn -0.1176 -0.7537 -0.6466
vn -0.1763 -0.7102 -0.6815
vn -0.1553 -0.6472 -0.7464
vn -0.2045 -0.6049 -0.7696
vn -0.1874 -0.5369 -0.8225
vn -0.2262 -0.4994 -0.8363
vn -0.3086 -0.4994 -0.8096
vn -0.2869 -0.6049 -0.7428
vn -0.2579 -0.7102 -0.6550
vn -0.2224 -0.8072 -0.5468
vn -0.1822 -0.8876 -0.4230
vn -0.1400 -0.9461 -0.2920
vn -0.0985 -0.9817 -0.1630
vn -0.3318 -0.5369 -0.7756
vn -0.4127 -0.5271 -0.7428
vn -0.3130 -0.6472 -0.6951
vn -0.3939 -0.6373 -0.6623
vn -0.4389 -0.5694 -0.6951
vn -0.5199 -0.5483 -0.6550
vn -0.2849 -0.7537 -0.5922
vn -0.3653 -0.7439 -0.5596
vn -0.4206 -0.6806 -0.5999
vn -0.5020 -0.6594 -0.5596
vn -0.5468 -0.5919 -0.5922
vn -0.6225 -0.5599 -0.5468
vn -0.2472 -0.8472 -0.4702
vn -0.3273 -0.8374 -0.4378
vn -0.3900 -0.7838 -0.4833
vn -0.4713 -0.7626 -0.4431
vn -0.5267 -0.6993 -0.4833
vn -0.6026 -0.6673 -0.4378
vn -0.6472 -0.6000 -0.4702
vn -0.7124 -0.5599 -0.4230
vn -0.2020 -0.9196 -0.3370
vn -0.2824 -0.9097 -0.3045
vn -0.3472 -0.8694 -0.3515
vn -0.4285 -0.8482 -0.3113
vn -0.4911 -0.7947 -0.3568
vn -0.5670 -0.7626 -0.3113
vn -0.6224 -0.6993 -0.3515
vn -0.6874 -0.6594 -0.3045
vn -0.7322 -0.5919 -0.3370
vn -0.7836 -0.5483 -0.2920
vn -0.1530 -0.9672 -0.2026
vn -0.2339 -0.9573 -0.1699
vn -0.2955 -0.9309 -0.2147
vn -0.3768 -0.9097 -0.1745
vn -0.4416 -0.8694 -0.2215
vn -0.5175 -0.8374 -0.1760
vn -0.5801 -0.7838 -0.2215
vn -0.6451 -0.7439 -0.1745
vn -0.7005 -0.6806 -0.2147
vn -0.7516 -0.6373 -0.1699
vn -0.7967 -0.5694 -0.2026
vn -0.8340 -0.5271 -0.1630
vn -0.1045 -0.9916 -0.0759
vn -0.1854 -0.9817 -0.0433
vn -0.2399 -0.9672 -0.0829
vn -0.3210 -0.9461 -0.0429
vn -0.3829 -0.9196 -0.0879
vn -0.4586 -0.8876 -0.0425
vn -0.5236 -0.8472 -0.0898
vn -0.5888 -0.8072 -0.0425
vn -0.6513 -0.7537 -0.0879
vn -0.7027 -0.7102 -0.0429
vn -0.7578 -0.6472 -0.0829
vn -0.7951 -0.6049 -0.0433
vn -0.8402 -0.5369 -0.0759
vn -0.8653 -0.4994 -0.0434
vn -0.8653 -0.4994 0.0434
vn -0.7951 -0.6049 0.0433
vn -0.7027 -0.7102 0.0429
vn -0.5888 -0.8072 0.0425
vn -0.4586 -0.8876 0.0425
vn -0.3210 -0.9461 0.0429
vn -0.1854 -0.9817 0.0433
vn -0.8402 -0.5369 0.0759
vn -0.8340 -0.5271 0.1630
vn -0.7578 -0.6472 0.0829
vn -0.7516 -0.6373 0.1699
vn -0.7967 -0.5694 0.2026
vn -0.7836 -0.5483 0.2920
vn -0.6513 -0.7537 0.0879
vn -0.6451 -0.7439 0.1745
vn -0.7005 -0.6806 0.2147
vn -0.6874 -0.6594 0.3045
vn -0.7322 -0.5919 0.3370
vn -0.7124 -0.5599 0.4230
vn -0.5236 -0.8472 0.0898
vn -0.5175 -0.8374 0.1760
vn -0.5801 -0.7838 0.2215
vn -0.5670 -0.7626 0.3113
vn -0.6224 -0.6993 0.3515
vn -0.6026 -0.6673 0.4378
vn -0.6472 -0.6000 0.4702
vn -0.6225 -0.5599 0.5468
vn -0.3829 -0.9196 0.0879
vn -0.3768 -0.9097 0.1745
vn -0.4416 -0.8694 0.2215
vn -0.4285 -0.8482 0.3113
vn -0.4911 -0.7947 0.3568
vn -0.4713 -0.7626 0.4431
vn -0.5267 -0.6993 0.4833
vn -0.5020 -0.6594 0.5596
vn -0.5468 -0.5919 0.5922
vn -0.5199 -0.5483 0.6550
vn -0.2399 -0.9672 0.0829
vn -0.2339 -0.9573 0.1699
vn -0.2955 -0.9309 0.2147
vn -0.2824 -0.9097 0.3045
vn -0.3472 -0.8694 0.3515
vn -0.3273 -0.8374 0.4378
vn -0.3900 -0.7838 0.4833
vn -0.3653 -0.7439 0.5596
vn -0.4206 -0.6806 0.5999
vn -0.3939 -0.6373 0.6623
vn -0.4389 -0.5694 0.6951
vn -0.4127 -0.5271 0.7428
vn -0.1045 -0.9916 0.0759
vn -0.0985 -0.9817 0.1630
vn -0.1530 -0.9672 0.2026
vn -0.1400 -0.9461 0.2920
vn -0.2020 -0.9196 0.3370
vn -0.1822 -0.8876 0.4230
vn -0.2472 -0.8472 0.4702
vn -0.2224 -0.8072 0.5468
vn -0.2849 -0.7537 0.5922
vn -0.2579 -0.7102 0.6550
vn -0.3130 -0.6472 0.6951
vn -0.2869 -0.6049 0.7428
vn -0.3318 -0.5369 0.7756
vn -0.3086 -0.4994 0.8096
vn 0.7255 -0.4994 -0.4735
vn 0.7705 -0.5271 -0.3584
vn 0.8056 -0.5483 -0.2244
vn 0.8250 -0.5599 -0.0765
vn 0.8250 -0.5599 0.0765
vn 0.8056 -0.5483 0.2244
vn 0.7705 -0.5271 0.3584
vn 0.7244 -0.5369 -0.4324
vn 0.6687 -0.6049 -0.4323
vn 0.7636 -0.5694 -0.3044
vn 0.7080 -0.6373 -0.3043
vn 0.6618 -0.6472 -0.3784
vn 0.5937 -0.7102 -0.3783
vn 0.7904 -0.5919 -0.1577
vn 0.7351 -0.6594 -0.1577
vn 0.6929 -0.6806 -0.2381
vn 0.6245 -0.7439 -0.2381
vn 0.5786 -0.7537 -0.3116
vn 0.5013 -0.8072 -0.3117
vn 0.8000 -0.6000 -0.0000
vn 0.7448 -0.6673 -0.0000
vn 0.7101 -0.6993 -0.0814
vn 0.6417 -0.7626 -0.0814
vn 0.5996 -0.7838 -0.1618
vn 0.5222 -0.8374 -0.1618
vn 0.4764 -0.8472 -0.2351
vn 0.3960 -0.8876 -0.2352
vn 0.7904 -0.5919 0.1577
vn 0.7351 -0.6594 0.1577
vn 0.7101 -0.6993 0.0814
vn 0.6417 -0.7626 0.0814
vn 0.6071 -0.7947 -0.0000
vn 0.5297 -0.8482 -0.0000
vn 0.4875 -0.8694 -0.0803
vn 0.4074 -0.9097 -0.0804
vn 0.3615 -0.9196 -0.1539
vn 0.2849 -0.9461 -0.1540
vn 0.7636 -0.5694 0.3044
vn 0.7080 -0.6373 0.3043
vn 0.6929 -0.6806 0.2381
vn 0.6245 -0.7439 0.2381
vn 0.5996 -0.7838 0.1618
vn 0.5222 -0.8374 0.1618
vn 0.4875 -0.8694 0.0803
vn 0.4074 -0.9097 0.0804
vn 0.3652 -0.9309 -0.0000
vn 0.2891 -0.9573 -0.0000
vn 0.2428 -0.9672 -0.0740
vn 0.1755 -0.9817 -0.0740
vn 0.7244 -0.5369 0.4324
vn 0.6687 -0.6049 0.4323
vn 0.6618 -0.6472 0.3784
vn 0.5937 -0.7102 0.3783
vn 0.5786 -0.7537 0.3116
vn 0.5013 -0.8072 0.3117
vn 0.4764 -0.8472 0.2351
vn 0.3960 -0.8876 0.2352
vn 0.3615 -0.9196 0.1539
vn 0.2849 -0.9461 0.1540
vn 0.2428 -0.9672 0.0740
vn 0.1755 -0.9817 0.0740
vn 0.1292 -0.9916 -0.0000
vn 0.0738 -0.9973 -0.0000
vn -0.2262 -0.4994 0.8363
vn -0.2045 -0.6049 0.7696
vn -0.1763 -0.7102 0.6815
vn -0.1415 -0.8072 0.5731
vn -0.1013 -0.8876 0.4493
vn -0.0584 -0.9461 0.3185
vn -0.0161 -0.9817 0.1897
vn -0.1874 -0.5369 0.8225
vn -0.1027 -0.5271 0.8436
vn -0.1553 -0.6472 0.7464
vn -0.0707 -0.6373 0.7674
vn -0.0535 -0.5694 0.8203
vn 0.0356 -0.5483 0.8355
vn -0.1176 -0.7537 0.6466
vn -0.0334 -0.7439 0.6675
vn -0.0123 -0.6806 0.7326
vn 0.0772 -0.6594 0.7478
vn 0.0942 -0.5919 0.8005
vn 0.1822 -0.5599 0.8083
vn -0.0764 -0.8472 0.5257
vn 0.0075 -0.8374 0.5466
vn 0.0314 -0.7838 0.6202
vn 0.1209 -0.7626 0.6355
vn 0.1420 -0.6993 0.7005
vn 0.2302 -0.6673 0.7084
vn 0.2472 -0.6000 0.7608
vn 0.3277 -0.5599 0.7610
vn -0.0347 -0.9196 0.3913
vn 0.0495 -0.9097 0.4123
vn 0.0742 -0.8694 0.4885
vn 0.1637 -0.8482 0.5037
vn 0.1876 -0.7947 0.5773
vn 0.2757 -0.7626 0.5852
vn 0.2969 -0.6993 0.6502
vn 0.3771 -0.6594 0.6504
vn 0.3943 -0.5919 0.7030
vn 0.4623 -0.5483 0.6968
vn 0.0047 -0.9672 0.2538
vn 0.0893 -0.9573 0.2749
vn 0.1129 -0.9309 0.3473
vn 0.2023 -0.9097 0.3626
vn 0.2271 -0.8694 0.4388
vn 0.3152 -0.8374 0.4466
vn 0.3391 -0.7838 0.5202
vn 0.4194 -0.7439 0.5203
vn 0.4406 -0.6806 0.5854
vn 0.5082 -0.6373 0.5793
vn 0.5255 -0.5694 0.6322
vn 0.5789 -0.5271 0.6221
vn 0.0399 -0.9916 0.1228
vn 0.1246 -0.9817 0.1440
vn 0.1454 -0.9672 0.2081
vn 0.2345 -0.9461 0.2234
vn 0.2581 -0.9196 0.2962
vn 0.3460 -0.8876 0.3040
vn 0.3708 -0.8472 0.3804
vn 0.4513 -0.8072 0.3805
vn 0.4752 -0.7537 0.4539
vn 0.5433 -0.7102 0.4477
vn 0.5644 -0.6472 0.5125
vn 0.6178 -0.6049 0.5024
vn 0.6351 -0.5369 0.5553
vn 0.6746 -0.4994 0.5437
vn 0.1024 -0.9435 0.3151
vn 0.7002 -0.6617 0.2680
vn -0.2680 -0.9435 0.1947
vn -0.2680 -0.9435 -0.1947
vn 0.1024 -0.9435 -0.3151
vn 0.9050 -0.3304 0.2680
vn 0.0247 -0.3304 0.9435
vn -0.8897 -0.3304 0.3151
vn -0.5746 -0.3304 -0.7488
vn 0.5346 -0.3304 -0.7779
vn 0.8026 -0.1256 0.5831
vn -0.3066 -0.1256 0.9435
vn -0.9921 -0.1256 -0.0000
vn -0.3066 -0.1256 -0.9435
vn 0.8026 -0.1256 -0.5831
vn 0.4089 0.6617 0.6284
vn -0.4713 0.6617 0.5831
vn -0.7002 0.6617 -0.2680
vn 0.0385 0.6617 -0.7488
vn 0.7240 0.6617 -0.1947
vn 0.2680 0.9435 -0.1947
vn 0.4089 0.6617 -0.6284
vn -0.1024 0.9435 -0.3151
vn -0.4713 0.6617 -0.5831
vn -0.3313 0.9435 -0.0000
vn -0.7002 0.6617 0.2680
vn -0.1024 0.9435 0.3151
vn 0.0385 0.6617 0.7488
vn 0.2680 0.9435 0.1947
vn 0.7240 0.6617 0.1947
vn 0.8897 0.3304 -0.3151
vn 0.5746 0.3304 -0.7488
vn -0.0247 0.3304 -0.9435
vn -0.5346 0.3304 -0.7779
vn -0.9050 0.3304 -0.2680
vn -0.9050 0.3304 0.2680
vn -0.5346 0.3304 0.7779
vn -0.0247 0.3304 0.9435
vn 0.5746 0.3304 0.7488
vn 0.8897 0.3304 0.3151
vn 0.3066 0.1256 -0.9435
vn 0.0247 -0.3304 -0.9435
vn -0.8026 0.1256 -0.5831
vn -0.8897 -0.3304 -0.3151
vn -0.8026 0.1256 0.5831
vn -0.5746 -0.3304 0.7488
vn 0.3066 0.1256 0.9435
vn 0.5346 -0.3304 0.7779
vn 0.9921 0.1256 -0.0000
vn 0.9050 -0.3304 -0.2680
vn 0.4713 -0.6617 -0.5831
vn -0.0385 -0.6617 -0.7488
vn -0.4089 -0.6617 -0.6284
vn -0.7240 -0.6617 -0.1947
vn -0.7240 -0.6617 0.1947
vn -0.4089 -0.6617 0.6284
vn 0.7002 -0.6617 -0.2680
vn 0.3313 -0.9435 -0.0000
vn -0.0385 -0.6617 0.7488
vn 0.4713 -0.6617 0.5831
vn 0.6886 -0.4256 -0.5870
vn -0.5221 0.8374 0.1618
vn 0.5564 0.4753 -0.6815
vn -0.6886 0.4256 -0.5870
vn -0.6886 0.4256 0.5870
vn -0.5236 0.0472 0.8506
vn 0.5564 0.4753 0.6815
vn 0.8319 0.2329 0.5038
vn 0.9022 0.4256 0.0702
vn 0.4763 -0.4754 -0.7397
vn -0.6890 -0.1857 -0.7006
vn -0.7947 -0.1876 -0.5774
vn -0.8319 -0.2329 -0.5037
vn -0.5564 -0.4753 -0.6815
vn -0.8319 -0.2329 0.5037
vn -0.8070 -0.4423 0.3914
vn -0.5564 -0.4753 0.6815
vn 0.6886 -0.4256 0.5870
vn -0.4388 -0.5694 -0.6951
vn 0.5995 -0.7838 -0.1618
vn -0.1553 -0.6472 0.7463
vn -0.5221 0.8374 -0.1618
vn -0.4763 0.4753 -0.7397
vn -0.4763 0.4754 0.7397
vn -0.9022 -0.4256 0.0701
vn 0.8867 -0.0879 0.4539
vn -0.8867 0.0879 -0.4539
vn -0.8867 0.0879 0.4539
vn 0.0495 -0.4754 0.8784
vn 0.9956 -0.0472 -0.0804
vn 0.4405 -0.6806 0.5854
vn 0.4713 0.7626 0.4430
vn 0.9022 0.4256 -0.0701
vn 0.8070 0.4423 -0.3914
vn 0.8867 -0.0879 -0.4540
vn 0.3455 0.4256 -0.8364
vn -0.5236 0.0472 -0.8506
vn -0.0495 0.4754 0.8784
vn 0.3455 0.4256 0.8364
vn 0.6890 0.1857 0.7006
vn 0.9048 0.4078 0.1229
vn -0.8070 -0.4423 -0.3914
vn -0.9022 -0.4256 -0.0701
vn -0.6890 -0.1857 0.7006
vn 0.5236 -0.0472 0.8506
vn 0.4405 -0.6806 -0.5854
vn -0.6513 -0.7537 -0.0880
vn 0.5221 -0.8374 0.1618
vn 0.0737 -0.9973 -0.0000
vn 0.1553 0.6472 -0.7464
vn -0.7947 -0.1876 0.5774
vn -0.9048 -0.4078 0.1229
vn 0.8698 -0.4875 0.0765
vn 0.8698 -0.4875 -0.0765
vn -0.3829 -0.9196 -0.0880
vn -0.6513 -0.7537 0.0880
vn -0.3829 -0.9196 0.0880
vn -0.4388 -0.5694 0.6951
vn 0.5221 -0.8374 -0.1618
vn 0.3961 -0.8876 0.2352
vt 0.181819 0.000000
vt 0.193183 0.019683
vt 0.170455 0.019683
vt 0.272728 0.157461
vt 0.284092 0.137778
vt 0.295455 0.157461
vt 0.909091 0.000000
vt 0.920455 0.019683
vt 0.897727 0.019683
vt 0.727273 0.000000
vt 0.738637 0.019683
vt 0.715909 0.019683
vt 0.545455 0.000000
vt 0.556819 0.019683
vt 0.534091 0.019683
vt 0.284092 0.177143
vt 0.090910 0.157461
vt 0.113637 0.157461
vt 0.102274 0.177143
vt 0.818182 0.157461
vt 0.840909 0.157461
vt 0.829546 0.177143
vt 0.636364 0.157461
vt 0.659091 0.157461
vt 0.647728 0.177143
vt 0.454546 0.157461
vt 0.477273 0.157461
vt 0.465910 0.177143
vt 0.261364 0.177143
vt 0.079546 0.177143
vt 0.806818 0.177143
vt 0.625000 0.177143
vt 0.443182 0.177143
vt 0.181819 0.314921
vt 0.204546 0.314921
vt 0.193183 0.334604
vt 0.000000 0.314921
vt 0.022727 0.314921
vt 0.011364 0.334604
vt 0.727273 0.314921
vt 0.750000 0.314921
vt 0.738637 0.334604
vt 0.545455 0.314921
vt 0.568182 0.314921
vt 0.556819 0.334604
vt 0.363637 0.314921
vt 0.386364 0.314921
vt 0.375001 0.334604
vt 0.443182 0.452699
vt 0.465910 0.452699
vt 0.454546 0.472382
vt 0.431819 0.433017
vt 0.454546 0.433017
vt 0.420455 0.413334
vt 0.443182 0.413334
vt 0.409092 0.393652
vt 0.431819 0.393652
vt 0.397728 0.373969
vt 0.420455 0.373969
vt 0.386364 0.354286
vt 0.409091 0.354286
vt 0.397728 0.334604
vt 0.477273 0.433017
vt 0.465910 0.413334
vt 0.488637 0.413334
vt 0.454546 0.393652
vt 0.477273 0.393652
vt 0.500000 0.393652
vt 0.443182 0.373969
vt 0.465910 0.373969
vt 0.488637 0.373969
vt 0.511364 0.373969
vt 0.431819 0.354286
vt 0.454546 0.354286
vt 0.477273 0.354286
vt 0.500000 0.354286
vt 0.522728 0.354286
vt 0.420455 0.334604
vt 0.443182 0.334604
vt 0.465910 0.334604
vt 0.488637 0.334604
vt 0.511364 0.334604
vt 0.534091 0.334604
vt 0.409091 0.314921
vt 0.431819 0.314921
vt 0.454546 0.314921
vt 0.477273 0.314921
vt 0.500000 0.314921
vt 0.522728 0.314921
vt 0.625000 0.452699
vt 0.647728 0.452699
vt 0.636364 0.472382
vt 0.613637 0.433017
vt 0.636364 0.433017
vt 0.602273 0.413334
vt 0.625000 0.413334
vt 0.590910 0.393652
vt 0.613637 0.393652
vt 0.579546 0.373969
vt 0.602273 0.373969
vt 0.568182 0.354286
vt 0.590909 0.354286
vt 0.579546 0.334604
vt 0.659091 0.433017
vt 0.647728 0.413334
vt 0.670455 0.413334
vt 0.636364 0.393652
vt 0.659091 0.393652
vt 0.681818 0.393652
vt 0.625000 0.373969
vt 0.647728 0.373969
vt 0.670455 0.373969
vt 0.693182 0.373969
vt 0.613637 0.354286
vt 0.636364 0.354286
vt 0.659091 0.354286
vt 0.681818 0.354286
vt 0.704546 0.354286
vt 0.602273 0.334604
vt 0.625000 0.334604
vt 0.647728 0.334604
vt 0.670455 0.334604
vt 0.693182 0.334604
vt 0.715909 0.334604
vt 0.590909 0.314921
vt 0.613637 0.314921
vt 0.636364 0.314921
vt 0.659091 0.314921
vt 0.681819 0.314921
vt 0.704546 0.314921
vt 0.806818 0.452699
vt 0.829546 0.452699
vt 0.818182 0.472382
vt 0.795455 0.433017
vt 0.818182 0.433017
vt 0.784091 0.413334
vt 0.806818 0.413334
vt 0.772727 0.393652
vt 0.795455 0.393652
vt 0.761364 0.373969
vt 0.784091 0.373969
vt 0.750000 0.354286
vt 0.772727 0.354286
vt 0.761364 0.334604
vt 0.840909 0.433017
vt 0.829546 0.413334
vt 0.852273 0.413334
vt 0.818182 0.393652
vt 0.840909 0.393652
vt 0.863636 0.393652
vt 0.806818 0.373969
vt 0.829546 0.373969
vt 0.852273 0.373969
vt 0.875000 0.373969
vt 0.795455 0.354286
vt 0.818182 0.354286
vt 0.840909 0.354286
vt 0.863636 0.354286
vt 0.886364 0.354286
vt 0.784091 0.334604
vt 0.806818 0.334604
vt 0.829546 0.334604
vt 0.852273 0.334604
vt 0.875000 0.334604
vt 0.897727 0.334604
vt 0.772727 0.314921
vt 0.795455 0.314921
vt 0.818182 0.314921
vt 0.840909 0.314921
vt 0.863636 0.314921
vt 0.886364 0.314921
vt 0.909091 0.314921
vt 0.079546 0.452699
vt 0.102274 0.452699
vt 0.090910 0.472382
vt 0.068182 0.433017
vt 0.090910 0.433017
vt 0.056819 0.413334
vt 0.079546 0.413334
vt 0.045455 0.393652
vt 0.068182 0.393652
vt 0.034091 0.373969
vt 0.056819 0.373969
vt 0.022727 0.354286
vt 0.045455 0.354286
vt 0.034091 0.334604
vt 0.113637 0.433017
vt 0.102274 0.413334
vt 0.125001 0.413334
vt 0.090910 0.393652
vt 0.113637 0.393652
vt 0.136365 0.393652
vt 0.079546 0.373969
vt 0.102273 0.373969
vt 0.125001 0.373969
vt 0.147728 0.373969
vt 0.068182 0.354286
vt 0.090910 0.354286
vt 0.113637 0.354286
vt 0.136364 0.354286
vt 0.159092 0.354286
vt 0.056819 0.334604
vt 0.079546 0.334604
vt 0.102273 0.334604
vt 0.125001 0.334604
vt 0.147728 0.334604
vt 0.170455 0.334604
vt 0.045455 0.314921
vt 0.068182 0.314921
vt 0.090910 0.314921
vt 0.113637 0.314921
vt 0.136364 0.314921
vt 0.159092 0.314921
vt 0.261364 0.452699
vt 0.284092 0.452699
vt 0.272728 0.472382
vt 0.250001 0.433017
vt 0.272728 0.433017
vt 0.238637 0.413334
vt 0.261364 0.413334
vt 0.227273 0.393652
vt 0.250001 0.393652
vt 0.215910 0.373969
vt 0.238637 0.373969
vt 0.204546 0.354286
vt 0.227273 0.354286
vt 0.215910 0.334604
vt 0.295455 0.433017
vt 0.284092 0.413334
vt 0.306819 0.413334
vt 0.272728 0.393652
vt 0.295455 0.393652
vt 0.318182 0.393652
vt 0.261364 0.373969
vt 0.284092 0.373969
vt 0.306819 0.373969
vt 0.329546 0.373969
vt 0.250001 0.354286
vt 0.272728 0.354286
vt 0.295455 0.354286
vt 0.318182 0.354286
vt 0.340910 0.354286
vt 0.238637 0.334604
vt 0.261364 0.334604
vt 0.284092 0.334604
vt 0.306819 0.334604
vt 0.329546 0.334604
vt 0.352273 0.334604
vt 0.227274 0.314921
vt 0.250001 0.314921
vt 0.272728 0.314921
vt 0.295455 0.314921
vt 0.318183 0.314921
vt 0.340910 0.314921
vt 0.375001 0.295238
vt 0.386364 0.275556
vt 0.397728 0.295238
vt 0.397728 0.255874
vt 0.409092 0.275556
vt 0.409092 0.236191
vt 0.420455 0.255874
vt 0.420455 0.216509
vt 0.431819 0.236191
vt 0.431819 0.196826
vt 0.443182 0.216509
vt 0.454546 0.196826
vt 0.420455 0.295238
vt 0.431819 0.275556
vt 0.443182 0.295238
vt 0.443182 0.255874
vt 0.454546 0.275556
vt 0.465910 0.295238
vt 0.454546 0.236191
vt 0.465910 0.255874
vt 0.477273 0.275556
vt 0.488637 0.295238
vt 0.465910 0.216509
vt 0.477273 0.236191
vt 0.488637 0.255874
vt 0.500000 0.275556
vt 0.511364 0.295238
vt 0.477273 0.196826
vt 0.488637 0.216508
vt 0.500000 0.236191
vt 0.511364 0.255874
vt 0.522728 0.275556
vt 0.534091 0.295238
vt 0.556819 0.295238
vt 0.568182 0.275556
vt 0.579546 0.295238
vt 0.579546 0.255874
vt 0.590910 0.275556
vt 0.590910 0.236191
vt 0.602273 0.255874
vt 0.602273 0.216509
vt 0.613637 0.236191
vt 0.613637 0.196826
vt 0.625000 0.216509
vt 0.636364 0.196826
vt 0.602273 0.295238
vt 0.613637 0.275556
vt 0.625000 0.295238
vt 0.625000 0.255874
vt 0.636364 0.275556
vt 0.647728 0.295238
vt 0.636364 0.236191
vt 0.647728 0.255874
vt 0.659091 0.275556
vt 0.670455 0.295238
vt 0.647728 0.216509
vt 0.659091 0.236191
vt 0.670455 0.255874
vt 0.681818 0.275556
vt 0.693182 0.295238
vt 0.659091 0.196826
vt 0.670455 0.216508
vt 0.681818 0.236191
vt 0.693182 0.255874
vt 0.704546 0.275556
vt 0.715909 0.295238
vt 0.738637 0.295238
vt 0.750000 0.275556
vt 0.761364 0.295238
vt 0.761364 0.255874
vt 0.772727 0.275556
vt 0.772727 0.236191
vt 0.784091 0.255874
vt 0.784091 0.216509
vt 0.795455 0.236191
vt 0.795455 0.196826
vt 0.806818 0.216509
vt 0.818182 0.196826
vt 0.784091 0.295238
vt 0.795455 0.275556
vt 0.806818 0.295238
vt 0.806818 0.255874
vt 0.818182 0.275556
vt 0.829546 0.295238
vt 0.818182 0.236191
vt 0.829546 0.255874
vt 0.840909 0.275556
vt 0.852273 0.295238
vt 0.829546 0.216509
vt 0.840909 0.236191
vt 0.852273 0.255874
vt 0.863636 0.275556
vt 0.875000 0.295238
vt 0.840909 0.196826
vt 0.852273 0.216508
vt 0.863636 0.236191
vt 0.875000 0.255874
vt 0.886364 0.275556
vt 0.897727 0.295238
vt 0.011364 0.295238
vt 0.022727 0.275556
vt 0.034091 0.295238
vt 0.034091 0.255874
vt 0.045455 0.275556
vt 0.045455 0.236191
vt 0.056819 0.255874
vt 0.056819 0.216509
vt 0.068182 0.236191
vt 0.068182 0.196826
vt 0.079546 0.216509
vt 0.090910 0.196826
vt 0.056819 0.295238
vt 0.068182 0.275556
vt 0.079546 0.295238
vt 0.079546 0.255874
vt 0.090910 0.275556
vt 0.102273 0.295238
vt 0.090910 0.236191
vt 0.102273 0.255874
vt 0.113637 0.275556
vt 0.125001 0.295238
vt 0.102274 0.216509
vt 0.113637 0.236191
vt 0.125001 0.255874
vt 0.136364 0.275556
vt 0.147728 0.295238
vt 0.113637 0.196826
vt 0.125001 0.216508
vt 0.136365 0.236191
vt 0.147728 0.255874
vt 0.159092 0.275556
vt 0.170455 0.295238
vt 0.193183 0.295238
vt 0.204546 0.275556
vt 0.215910 0.295238
vt 0.215910 0.255874
vt 0.227274 0.275556
vt 0.227273 0.236191
vt 0.238637 0.255874
vt 0.238637 0.216509
vt 0.250001 0.236191
vt 0.250001 0.196826
vt 0.261364 0.216509
vt 0.272728 0.196826
vt 0.238637 0.295238
vt 0.250001 0.275556
vt 0.261364 0.295238
vt 0.261364 0.255874
vt 0.272728 0.275556
vt 0.284092 0.295238
vt 0.272728 0.236191
vt 0.284092 0.255874
vt 0.295455 0.275556
vt 0.306819 0.295238
vt 0.284092 0.216509
vt 0.295455 0.236191
vt 0.306819 0.255874
vt 0.318182 0.275556
vt 0.329546 0.295238
vt 0.295455 0.196826
vt 0.306819 0.216508
vt 0.318182 0.236191
vt 0.329546 0.255874
vt 0.340910 0.275556
vt 0.352273 0.295238
vt 0.545455 0.275556
vt 0.534091 0.255874
vt 0.522728 0.236191
vt 0.511364 0.216508
vt 0.500000 0.196826
vt 0.488637 0.177143
vt 0.556819 0.255874
vt 0.545455 0.236191
vt 0.568182 0.236191
vt 0.534091 0.216508
vt 0.556819 0.216508
vt 0.579546 0.216508
vt 0.522728 0.196826
vt 0.545455 0.196826
vt 0.568182 0.196826
vt 0.590909 0.196826
vt 0.511364 0.177143
vt 0.534091 0.177143
vt 0.556819 0.177143
vt 0.579546 0.177143
vt 0.602273 0.177143
vt 0.500000 0.157461
vt 0.522728 0.157461
vt 0.545455 0.157461
vt 0.568182 0.157461
vt 0.590909 0.157461
vt 0.613637 0.157461
vt 0.727273 0.275556
vt 0.715909 0.255874
vt 0.704546 0.236191
vt 0.693182 0.216508
vt 0.681818 0.196826
vt 0.670455 0.177143
vt 0.738637 0.255874
vt 0.727273 0.236191
vt 0.750000 0.236191
vt 0.715909 0.216508
vt 0.738637 0.216508
vt 0.761364 0.216508
vt 0.704546 0.196826
vt 0.727273 0.196826
vt 0.750000 0.196826
vt 0.772727 0.196826
vt 0.693182 0.177143
vt 0.715909 0.177143
vt 0.738637 0.177143
vt 0.761364 0.177143
vt 0.784091 0.177143
vt 0.681818 0.157461
vt 0.704546 0.157461
vt 0.727273 0.157461
vt 0.750000 0.157461
vt 0.772727 0.157461
vt 0.795455 0.157461
vt 0.920455 0.295238
vt 0.909091 0.275556
vt 0.897727 0.255874
vt 0.886364 0.236191
vt 0.875000 0.216508
vt 0.863636 0.196826
vt 0.852273 0.177143
vt 0.931818 0.275556
vt 0.920455 0.255874
vt 0.943182 0.255874
vt 0.909091 0.236191
vt 0.931818 0.236191
vt 0.954545 0.236191
vt 0.897727 0.216508
vt 0.920455 0.216508
vt 0.943182 0.216508
vt 0.965909 0.216509
vt 0.886364 0.196826
vt 0.909091 0.196826
vt 0.931818 0.196826
vt 0.954545 0.196826
vt 0.977273 0.196826
vt 0.875000 0.177143
vt 0.897727 0.177143
vt 0.920455 0.177143
vt 0.943182 0.177143
vt 0.965909 0.177143
vt 0.988636 0.177143
vt 0.863636 0.157461
vt 0.886364 0.157461
vt 0.909091 0.157461
vt 0.931818 0.157461
vt 0.954545 0.157461
vt 0.977273 0.157461
vt 1.000000 0.157461
vt 0.181819 0.275556
vt 0.170455 0.255874
vt 0.159092 0.236191
vt 0.147728 0.216508
vt 0.136364 0.196826
vt 0.125001 0.177143
vt 0.193183 0.255874
vt 0.181819 0.236191
vt 0.204546 0.236191
vt 0.170455 0.216508
vt 0.193183 0.216508
vt 0.215910 0.216508
vt 0.159092 0.196826
vt 0.181819 0.196826
vt 0.204546 0.196826
vt 0.227273 0.196826
vt 0.147728 0.177143
vt 0.170455 0.177143
vt 0.193183 0.177143
vt 0.215910 0.177143
vt 0.238637 0.177143
vt 0.136364 0.157461
vt 0.159092 0.157461
vt 0.181819 0.157461
vt 0.204546 0.157461
vt 0.227273 0.157461
vt 0.250001 0.157461
vt 0.363637 0.275556
vt 0.352273 0.255874
vt 0.340910 0.236191
vt 0.329546 0.216508
vt 0.318182 0.196826
vt 0.306819 0.177143
vt 0.375001 0.255874
vt 0.363637 0.236191
vt 0.386364 0.236191
vt 0.352273 0.216508
vt 0.375001 0.216508
vt 0.397728 0.216508
vt 0.340910 0.196826
vt 0.363637 0.196826
vt 0.386364 0.196826
vt 0.409092 0.196826
vt 0.329546 0.177143
vt 0.352273 0.177143
vt 0.375001 0.177143
vt 0.397728 0.177143
vt 0.420455 0.177143
vt 0.318182 0.157461
vt 0.340910 0.157461
vt 0.363637 0.157461
vt 0.386364 0.157461
vt 0.409092 0.157461
vt 0.431819 0.157461
vt 0.465910 0.137778
vt 0.477273 0.118096
vt 0.488637 0.137778
vt 0.488637 0.098413
vt 0.500000 0.118096
vt 0.500000 0.078731
vt 0.511364 0.098413
vt 0.511364 0.059048
vt 0.522728 0.078731
vt 0.522728 0.039365
vt 0.534091 0.059048
vt 0.545455 0.039365
vt 0.511364 0.137778
vt 0.522728 0.118096
vt 0.534091 0.137778
vt 0.534091 0.098413
vt 0.545455 0.118096
vt 0.556819 0.137778
vt 0.545455 0.078731
vt 0.556819 0.098413
vt 0.568182 0.118096
vt 0.579546 0.137778
vt 0.556819 0.059048
vt 0.568182 0.078731
vt 0.579546 0.098413
vt 0.590909 0.118096
vt 0.602273 0.137778
vt 0.568182 0.039365
vt 0.579546 0.059048
vt 0.590910 0.078731
vt 0.602273 0.098413
vt 0.613637 0.118096
vt 0.625000 0.137778
vt 0.647728 0.137778
vt 0.659091 0.118096
vt 0.670455 0.137778
vt 0.670455 0.098413
vt 0.681818 0.118096
vt 0.681818 0.078731
vt 0.693182 0.098413
vt 0.693182 0.059048
vt 0.704546 0.078731
vt 0.704546 0.039365
vt 0.715909 0.059048
vt 0.727273 0.039365
vt 0.693182 0.137778
vt 0.704546 0.118096
vt 0.715909 0.137778
vt 0.715909 0.098413
vt 0.727273 0.118096
vt 0.738637 0.137778
vt 0.727273 0.078731
vt 0.738637 0.098413
vt 0.750000 0.118096
vt 0.761364 0.137778
vt 0.738637 0.059048
vt 0.750000 0.078731
vt 0.761364 0.098413
vt 0.772727 0.118096
vt 0.784091 0.137778
vt 0.750000 0.039365
vt 0.761364 0.059048
vt 0.772727 0.078731
vt 0.784091 0.098413
vt 0.795455 0.118096
vt 0.806818 0.137778
vt 0.829546 0.137778
vt 0.840909 0.118096
vt 0.852273 0.137778
vt 0.852273 0.098413
vt 0.863636 0.118096
vt 0.863636 0.078731
vt 0.875000 0.098413
vt 0.875000 0.059048
vt 0.886364 0.078731
vt 0.886364 0.039365
vt 0.897727 0.059048
vt 0.909091 0.039365
vt 0.875000 0.137778
vt 0.886364 0.118096
vt 0.897727 0.137778
vt 0.897727 0.098413
vt 0.909091 0.118096
vt 0.920455 0.137778
vt 0.909091 0.078731
vt 0.920455 0.098413
vt 0.931818 0.118096
vt 0.943182 0.137778
vt 0.920455 0.059048
vt 0.931818 0.078731
vt 0.943182 0.098413
vt 0.954545 0.118096
vt 0.965909 0.137778
vt 0.931818 0.039365
vt 0.943182 0.059048
vt 0.954545 0.078731
vt 0.965909 0.098413
vt 0.977273 0.118096
vt 0.988636 0.137778
vt 0.443182 0.137778
vt 0.420455 0.137778
vt 0.397728 0.137778
vt 0.375001 0.137778
vt 0.352273 0.137778
vt 0.329546 0.137778
vt 0.306819 0.137778
vt 0.431819 0.118096
vt 0.409091 0.118096
vt 0.420455 0.098413
vt 0.386364 0.118096
vt 0.397728 0.098413
vt 0.409092 0.078731
vt 0.363637 0.118096
vt 0.375001 0.098413
vt 0.386364 0.078731
vt 0.397728 0.059048
vt 0.340910 0.118096
vt 0.352273 0.098413
vt 0.363637 0.078731
vt 0.375001 0.059048
vt 0.386364 0.039365
vt 0.318182 0.118096
vt 0.329546 0.098413
vt 0.340910 0.078731
vt 0.352273 0.059048
vt 0.363637 0.039365
vt 0.375001 0.019683
vt 0.295455 0.118096
vt 0.306819 0.098413
vt 0.318182 0.078731
vt 0.329546 0.059048
vt 0.340910 0.039365
vt 0.352273 0.019683
vt 0.363637 0.000000
vt 0.102274 0.137778
vt 0.113637 0.118096
vt 0.125001 0.137778
vt 0.125001 0.098413
vt 0.136365 0.118096
vt 0.136365 0.078731
vt 0.147728 0.098413
vt 0.147728 0.059048
vt 0.159092 0.078731
vt 0.159092 0.039365
vt 0.170455 0.059048
vt 0.181819 0.039365
vt 0.147728 0.137778
vt 0.159092 0.118096
vt 0.170455 0.137778
vt 0.170455 0.098413
vt 0.181819 0.118096
vt 0.193183 0.137778
vt 0.181819 0.078731
vt 0.193183 0.098413
vt 0.204546 0.118096
vt 0.215910 0.137778
vt 0.193183 0.059048
vt 0.204546 0.078731
vt 0.215910 0.098413
vt 0.227273 0.118096
vt 0.238637 0.137778
vt 0.204546 0.039365
vt 0.215910 0.059048
vt 0.227274 0.078731
vt 0.238637 0.098413
vt 0.250001 0.118096
vt 0.261364 0.137778
vt 0.227273 0.078731
vt 0.363637 0.157461
vt 0.590909 0.078731
vt 0.181819 0.157461
vt 0.909091 0.157461
vt 0.727273 0.157461
vt 0.545455 0.157461
vt 0.045455 0.236191
vt 0.590909 0.236191
vt 0.409092 0.236191
vt 0.272728 0.314921
vt 0.227273 0.393651
vt 0.090910 0.314921
vt 0.045455 0.393651
vt 0.772727 0.393651
vt 0.636364 0.314921
vt 0.590909 0.393651
vt 0.454546 0.314921
vt 0.409092 0.393651
vt 0.500000 0.393651
vt 0.681818 0.393651
vt 0.863636 0.393651
vt 0.136365 0.393651
vt 0.318182 0.393651
s 0
f 1/1/1 20/2/1 19/3/1
f 2/4/2 26/5/2 40/6/2
f 1/7/3 19/8/3 54/9/3
f 1/10/4 54/11/4 68/12/4
f 1/13/5 68/14/5 41/15/5
f 2/4/6 40/6/6 89/16/6
f 3/17/7 33/18/7 103/19/7
f 4/20/8 61/21/8 117/22/8
f 5/23/9 75/24/9 131/25/9
f 6/26/10 82/27/10 145/28/10
f 2/4/11 89/16/11 104/29/11
f 3/17/12 103/19/12 118/30/12
f 4/20/13 117/22/13 132/31/13
f 5/23/14 131/25/14 146/32/14
f 6/26/15 145/28/15 90/33/15
f 7/34/16 159/35/16 194/36/16
f 8/37/17 166/38/17 208/39/17
f 9/40/18 173/41/18 215/42/18
f 10/43/19 180/44/19 222/45/19
f 11/46/20 187/47/20 195/48/20
f 201/49/21 216/50/21 12/51/21
f 200/52/22 223/53/22 201/49/22
f 199/54/23 224/55/23 200/52/23
f 198/56/24 226/57/24 199/54/24
f 197/58/25 229/59/25 198/56/25
f 196/60/26 233/61/26 197/58/26
f 195/48/27 238/62/27 196/60/27
f 201/49/28 223/53/28 216/50/28
f 223/53/29 217/63/29 216/50/29
f 200/52/30 224/55/30 223/53/30
f 224/55/31 225/64/31 223/53/31
f 223/53/32 225/64/32 217/63/32
f 225/64/33 218/65/33 217/63/33
f 199/54/34 226/57/34 224/55/34
f 226/57/35 227/66/35 224/55/35
f 224/55/36 227/66/36 225/64/36
f 227/66/37 228/67/37 225/64/37
f 225/64/38 228/67/38 218/65/38
f 228/67/39 219/68/39 218/65/39
f 198/56/40 229/59/40 226/57/40
f 229/59/41 230/69/41 226/57/41
f 226/57/42 230/69/42 227/66/42
f 230/69/43 231/70/43 227/66/43
f 227/66/44 231/70/44 228/67/44
f 231/70/45 232/71/45 228/67/45
f 228/67/46 232/71/46 219/68/46
f 232/71/47 220/72/47 219/68/47
f 197/58/48 233/61/48 229/59/48
f 233/61/49 234/73/49 229/59/49
f 229/59/50 234/73/50 230/69/50
f 234/73/51 235/74/51 230/69/51
f 230/69/52 235/74/52 231/70/52
f 235/74/53 236/75/53 231/70/53
f 231/70/54 236/75/54 232/71/54
f 236/75/55 237/76/55 232/71/55
f 232/71/56 237/76/56 220/72/56
f 237/76/57 221/77/57 220/72/57
f 196/60/58 238/62/58 233/61/58
f 238/62/59 239/78/59 233/61/59
f 233/61/60 239/78/60 234/73/60
f 239/78/61 240/79/61 234/73/61
f 234/73/62 240/79/62 235/74/62
f 240/79/63 241/80/63 235/74/63
f 235/74/64 241/80/64 236/75/64
f 241/80/65 242/81/65 236/75/65
f 236/75/66 242/81/66 237/76/66
f 242/81/67 243/82/67 237/76/67
f 237/76/68 243/82/68 221/77/68
f 243/82/69 222/83/69 221/77/69
f 195/48/70 187/47/70 238/62/70
f 187/47/71 186/84/71 238/62/71
f 238/62/72 186/84/72 239/78/72
f 186/84/73 185/85/73 239/78/73
f 239/78/74 185/85/74 240/79/74
f 185/85/75 184/86/75 240/79/75
f 240/79/76 184/86/76 241/80/76
f 184/86/77 183/87/77 241/80/77
f 241/80/78 183/87/78 242/81/78
f 183/87/79 182/88/79 242/81/79
f 242/81/80 182/88/80 243/82/80
f 182/88/81 181/89/81 243/82/81
f 243/82/82 181/89/82 222/83/82
f 181/89/83 10/43/83 222/83/83
f 216/90/84 209/91/84 12/92/84
f 217/93/85 244/94/85 216/90/85
f 218/95/86 245/96/86 217/93/86
f 219/97/87 247/98/87 218/95/87
f 220/99/88 250/100/88 219/97/88
f 221/101/89 254/102/89 220/99/89
f 222/45/90 259/103/90 221/101/90
f 216/90/91 244/94/91 209/91/91
f 244/94/92 210/104/92 209/91/92
f 217/93/93 245/96/93 244/94/93
f 245/96/94 246/105/94 244/94/94
f 244/94/95 246/105/95 210/104/95
f 246/105/96 211/106/96 210/104/96
f 218/95/97 247/98/97 245/96/97
f 247/98/98 248/107/98 245/96/98
f 245/96/99 248/107/99 246/105/99
f 248/107/100 249/108/100 246/105/100
f 246/105/101 249/108/101 211/106/101
f 249/108/102 212/109/102 211/106/102
f 219/97/103 250/100/103 247/98/103
f 250/100/104 251/110/104 247/98/104
f 247/98/105 251/110/105 248/107/105
f 251/110/106 252/111/106 248/107/106
f 248/107/107 252/111/107 249/108/107
f 252/111/108 253/112/108 249/108/108
f 249/108/109 253/112/109 212/109/109
f 253/112/110 213/113/110 212/109/110
f 220/99/111 254/102/111 250/100/111
f 254/102/112 255/114/112 250/100/112
f 250/100/113 255/114/113 251/110/113
f 255/114/114 256/115/114 251/110/114
f 251/110/115 256/115/115 252/111/115
f 256/115/116 257/116/116 252/111/116
f 252/111/117 257/116/117 253/112/117
f 257/116/118 258/117/118 253/112/118
f 253/112/119 258/117/119 213/113/119
f 258/117/120 214/118/120 213/113/120
f 221/101/121 259/103/121 254/102/121
f 259/103/122 260/119/122 254/102/122
f 254/102/123 260/119/123 255/114/123
f 260/119/124 261/120/124 255/114/124
f 255/114/125 261/120/125 256/115/125
f 261/120/126 262/121/126 256/115/126
f 256/115/127 262/121/127 257/116/127
f 262/121/128 263/122/128 257/116/128
f 257/116/129 263/122/129 258/117/129
f 263/122/130 264/123/130 258/117/130
f 258/117/131 264/123/131 214/118/131
f 264/123/132 215/124/132 214/118/132
f 222/45/133 180/44/133 259/103/133
f 180/44/134 179/125/134 259/103/134
f 259/103/135 179/125/135 260/119/135
f 179/125/136 178/126/136 260/119/136
f 260/119/137 178/126/137 261/120/137
f 178/126/138 177/127/138 261/120/138
f 261/120/139 177/127/139 262/121/139
f 177/127/140 176/128/140 262/121/140
f 262/121/141 176/128/141 263/122/141
f 176/128/142 175/129/142 263/122/142
f 263/122/143 175/129/143 264/123/143
f 175/129/144 174/130/144 264/123/144
f 264/123/145 174/130/145 215/124/145
f 174/130/146 9/40/146 215/124/146
f 209/131/147 202/132/147 12/133/147
f 210/134/148 265/135/148 209/131/148
f 211/136/149 266/137/149 210/134/149
f 212/138/150 268/139/150 211/136/150
f 213/140/151 271/141/151 212/138/151
f 214/142/152 275/143/152 213/140/152
f 215/42/153 280/144/153 214/142/153
f 209/131/154 265/135/154 202/132/154
f 265/135/155 203/145/155 202/132/155
f 210/134/156 266/137/156 265/135/156
f 266/137/157 267/146/157 265/135/157
f 265/135/158 267/146/158 203/145/158
f 267/146/159 204/147/159 203/145/159
f 211/136/160 268/139/160 266/137/160
f 268/139/161 269/148/161 266/137/161
f 266/137/162 269/148/162 267/146/162
f 269/148/163 270/149/163 267/146/163
f 267/146/164 270/149/164 204/147/164
f 270/149/165 205/150/165 204/147/165
f 212/138/166 271/141/166 268/139/166
f 271/141/167 272/151/167 268/139/167
f 268/139/168 272/151/168 269/148/168
f 272/151/169 273/152/169 269/148/169
f 269/148/170 273/152/170 270/149/170
f 273/152/171 274/153/171 270/149/171
f 270/149/172 274/153/172 205/150/172
f 274/153/173 206/154/173 205/150/173
f 213/140/174 275/143/174 271/141/174
f 275/143/175 276/155/175 271/141/175
f 271/141/176 276/155/176 272/151/176
f 276/155/177 277/156/177 272/151/177
f 272/151/178 277/156/178 273/152/178
f 277/156/179 278/157/179 273/152/179
f 273/152/180 278/157/180 274/153/180
f 278/157/181 279/158/181 274/153/181
f 274/153/182 279/158/182 206/154/182
f 279/158/183 207/159/183 206/154/183
f 214/142/184 280/144/184 275/143/184
f 280/144/185 281/160/185 275/143/185
f 275/143/186 281/160/186 276/155/186
f 281/160/187 282/161/187 276/155/187
f 276/155/188 282/161/188 277/156/188
f 282/161/189 283/162/189 277/156/189
f 277/156/190 283/162/190 278/157/190
f 283/162/191 284/163/191 278/157/191
f 278/157/192 284/163/192 279/158/192
f 284/163/193 285/164/193 279/158/193
f 279/158/194 285/164/194 207/159/194
f 285/164/195 208/165/195 207/159/195
f 215/42/196 173/41/196 280/144/196
f 173/41/197 172/166/197 280/144/197
f 280/144/198 172/166/198 281/160/198
f 172/166/199 171/167/199 281/160/199
f 281/160/200 171/167/200 282/161/200
f 171/167/201 170/168/201 282/161/201
f 282/161/202 170/168/202 283/162/202
f 170/168/203 169/169/203 283/162/203
f 283/162/204 169/169/204 284/163/204
f 169/169/205 168/170/205 284/163/205
f 284/163/206 168/170/206 285/164/206
f 168/170/207 167/171/207 285/164/207
f 285/164/208 167/171/208 208/165/208
f 167/171/209 8/172/209 208/165/209
f 202/173/210 188/174/210 12/175/210
f 203/176/211 286/177/211 202/173/211
f 204/178/212 287/179/212 203/176/212
f 205/180/213 289/181/213 204/178/213
f 206/182/214 292/183/214 205/180/214
f 207/184/215 296/185/215 206/182/215
f 208/39/216 301/186/216 207/184/216
f 202/173/217 286/177/217 188/174/217
f 286/177/218 189/187/218 188/174/218
f 203/176/219 287/179/219 286/177/219
f 287/179/220 288/188/220 286/177/220
f 286/177/221 288/188/221 189/187/221
f 288/188/222 190/189/222 189/187/222
f 204/178/223 289/181/223 287/179/223
f 289/181/224 290/190/224 287/179/224
f 287/179/225 290/190/225 288/188/225
f 290/190/226 291/191/226 288/188/226
f 288/188/227 291/191/227 190/189/227
f 291/191/228 191/192/228 190/189/228
f 205/180/229 292/183/229 289/181/229
f 292/183/230 293/193/230 289/181/230
f 289/181/231 293/193/231 290/190/231
f 293/193/232 294/194/232 290/190/232
f 290/190/233 294/194/233 291/191/233
f 294/194/234 295/195/234 291/191/234
f 291/191/235 295/195/235 191/192/235
f 295/195/236 192/196/236 191/192/236
f 206/182/237 296/185/237 292/183/237
f 296/185/238 297/197/238 292/183/238
f 292/183/239 297/197/239 293/193/239
f 297/197/240 298/198/240 293/193/240
f 293/193/241 298/198/241 294/194/241
f 298/198/242 299/199/242 294/194/242
f 294/194/243 299/199/243 295/195/243
f 299/199/244 300/200/244 295/195/244
f 295/195/245 300/200/245 192/196/245
f 300/200/246 193/201/246 192/196/246
f 207/184/247 301/186/247 296/185/247
f 301/186/248 302/202/248 296/185/248
f 296/185/249 302/202/249 297/197/249
f 302/202/250 303/203/250 297/197/250
f 297/197/251 303/203/251 298/198/251
f 303/203/252 304/204/252 298/198/252
f 298/198/253 304/204/253 299/199/253
f 304/204/254 305/205/254 299/199/254
f 299/199/255 305/205/255 300/200/255
f 305/205/256 306/206/256 300/200/256
f 300/200/257 306/206/257 193/201/257
f 306/206/258 194/207/258 193/201/258
f 208/39/259 166/38/259 301/186/259
f 166/38/260 165/208/260 301/186/260
f 301/186/261 165/208/261 302/202/261
f 165/208/262 164/209/262 302/202/262
f 302/202/263 164/209/263 303/203/263
f 164/209/264 163/210/264 303/203/264
f 303/203/265 163/210/265 304/204/265
f 163/210/266 162/211/266 304/204/266
f 304/204/267 162/211/267 305/205/267
f 162/211/268 161/212/268 305/205/268
f 305/205/269 161/212/269 306/206/269
f 161/212/270 160/213/270 306/206/270
f 306/206/271 160/213/271 194/207/271
f 160/213/272 7/34/272 194/207/272
f 188/214/273 201/215/273 12/216/273
f 189/217/274 307/218/274 188/214/274
f 190/219/275 308/220/275 189/217/275
f 191/221/276 310/222/276 190/219/276
f 192/223/277 313/224/277 191/221/277
f 193/225/278 317/226/278 192/223/278
f 194/36/279 322/227/279 193/225/279
f 188/214/280 307/218/280 201/215/280
f 307/218/281 200/228/281 201/215/281
f 189/217/282 308/220/282 307/218/282
f 308/220/283 309/229/283 307/218/283
f 307/218/284 309/229/284 200/228/284
f 309/229/285 199/230/285 200/228/285
f 190/219/286 310/222/286 308/220/286
f 310/222/287 311/231/287 308/220/287
f 308/220/288 311/231/288 309/229/288
f 311/231/289 312/232/289 309/229/289
f 309/229/290 312/232/290 199/230/290
f 312/232/291 198/233/291 199/230/291
f 191/221/292 313/224/292 310/222/292
f 313/224/293 314/234/293 310/222/293
f 310/222/294 314/234/294 311/231/294
f 314/234/295 315/235/295 311/231/295
f 311/231/296 315/235/296 312/232/296
f 315/235/297 316/236/297 312/232/297
f 312/232/298 316/236/298 198/233/298
f 316/236/299 197/237/299 198/233/299
f 192/223/300 317/226/300 313/224/300
f 317/226/301 318/238/301 313/224/301
f 313/224/302 318/238/302 314/234/302
f 318/238/303 319/239/303 314/234/303
f 314/234/304 319/239/304 315/235/304
f 319/239/305 320/240/305 315/235/305
f 315/235/306 320/240/306 316/236/306
f 320/240/307 321/241/307 316/236/307
f 316/236/308 321/241/308 197/237/308
f 321/241/309 196/242/309 197/237/309
f 193/225/310 322/227/310 317/226/310
f 322/227/311 323/243/311 317/226/311
f 317/226/312 323/243/312 318/238/312
f 323/243/313 324/244/313 318/238/313
f 318/238/314 324/244/314 319/239/314
f 324/244/315 325/245/315 319/239/315
f 319/239/316 325/245/316 320/240/316
f 325/245/317 326/246/317 320/240/317
f 320/240/318 326/246/318 321/241/318
f 326/246/319 327/247/319 321/241/319
f 321/241/320 327/247/320 196/242/320
f 327/247/321 195/248/321 196/242/321
f 194/36/322 159/35/322 322/227/322
f 159/35/323 158/249/323 322/227/323
f 322/227/324 158/249/324 323/243/324
f 158/249/325 157/250/325 323/243/325
f 323/243/326 157/250/326 324/244/326
f 157/250/327 156/251/327 324/244/327
f 324/244/328 156/251/328 325/245/328
f 156/251/329 155/252/329 325/245/329
f 325/245/330 155/252/330 326/246/330
f 155/252/331 154/253/331 326/246/331
f 326/246/332 154/253/332 327/247/332
f 154/253/333 153/254/333 327/247/333
f 327/247/334 153/254/334 195/248/334
f 153/254/335 11/46/335 195/248/335
f 96/255/336 187/47/336 11/46/336
f 95/256/337 328/257/337 96/255/337
f 94/258/338 329/259/338 95/256/338
f 93/260/339 331/261/339 94/258/339
f 92/262/340 334/263/340 93/260/340
f 91/264/341 338/265/341 92/262/341
f 90/33/342 343/266/342 91/264/342
f 96/255/343 328/257/343 187/47/343
f 328/257/344 186/84/344 187/47/344
f 95/256/345 329/259/345 328/257/345
f 329/259/346 330/267/346 328/257/346
f 328/257/347 330/267/347 186/84/347
f 330/267/348 185/85/348 186/84/348
f 94/258/349 331/261/349 329/259/349
f 331/261/350 332/268/350 329/259/350
f 329/259/351 332/268/351 330/267/351
f 332/268/352 333/269/352 330/267/352
f 330/267/353 333/269/353 185/85/353
f 333/269/354 184/86/354 185/85/354
f 93/260/355 334/263/355 331/261/355
f 334/263/356 335/270/356 331/261/356
f 331/261/357 335/270/357 332/268/357
f 335/270/358 336/271/358 332/268/358
f 332/268/359 336/271/359 333/269/359
f 336/271/360 337/272/360 333/269/360
f 333/269/361 337/272/361 184/86/361
f 337/272/362 183/87/362 184/86/362
f 92/262/363 338/265/363 334/263/363
f 338/265/364 339/273/364 334/263/364
f 334/263/365 339/273/365 335/270/365
f 339/273/366 340/274/366 335/270/366
f 335/270/367 340/274/367 336/271/367
f 340/274/368 341/275/368 336/271/368
f 336/271/369 341/275/369 337/272/369
f 341/275/370 342/276/370 337/272/370
f 337/272/371 342/276/371 183/87/371
f 342/276/372 182/88/372 183/87/372
f 91/264/373 343/266/373 338/265/373
f 343/266/374 344/277/374 338/265/374
f 338/265/375 344/277/375 339/273/375
f 344/277/376 345/278/376 339/273/376
f 339/273/377 345/278/377 340/274/377
f 345/278/378 346/279/378 340/274/378
f 340/274/379 346/279/379 341/275/379
f 346/279/380 347/280/380 341/275/380
f 341/275/381 347/280/381 342/276/381
f 347/280/382 348/281/382 342/276/382
f 342/276/383 348/281/383 182/88/383
f 348/281/384 181/89/384 182/88/384
f 90/33/385 145/28/385 343/266/385
f 145/28/386 144/282/386 343/266/386
f 343/266/387 144/282/387 344/277/387
f 144/282/388 143/283/388 344/277/388
f 344/277/389 143/283/389 345/278/389
f 143/283/390 142/284/390 345/278/390
f 345/278/391 142/284/391 346/279/391
f 142/284/392 141/285/392 346/279/392
f 346/279/393 141/285/393 347/280/393
f 141/285/394 140/286/394 347/280/394
f 347/280/395 140/286/395 348/281/395
f 140/286/396 139/287/396 348/281/396
f 348/281/397 139/287/397 181/89/397
f 139/287/398 10/43/398 181/89/398
f 152/288/399 180/44/399 10/43/399
f 151/289/400 349/290/400 152/288/400
f 150/291/401 350/292/401 151/289/401
f 149/293/402 352/294/402 150/291/402
f 148/295/403 355/296/403 149/293/403
f 147/297/404 359/298/404 148/295/404
f 146/32/405 364/299/405 147/297/405
f 152/288/406 349/290/406 180/44/406
f 349/290/407 179/125/407 180/44/407
f 151/289/408 350/292/408 349/290/408
f 350/292/409 351/300/409 349/290/409
f 349/290/410 351/300/410 179/125/410
f 351/300/411 178/126/411 179/125/411
f 150/291/412 352/294/412 350/292/412
f 352/294/413 353/301/413 350/292/413
f 350/292/414 353/301/414 351/300/414
f 353/301/415 354/302/415 351/300/415
f 351/300/416 354/302/416 178/126/416
f 354/302/417 177/127/417 178/126/417
f 149/293/418 355/296/418 352/294/418
f 355/296/419 356/303/419 352/294/419
f 352/294/420 356/303/420 353/301/420
f 356/303/421 357/304/421 353/301/421
f 353/301/422 357/304/422 354/302/422
f 357/304/423 358/305/423 354/302/423
f 354/302/424 358/305/424 177/127/424
f 358/305/425 176/128/425 177/127/425
f 148/295/426 359/298/426 355/296/426
f 359/298/427 360/306/427 355/296/427
f 355/296/428 360/306/428 356/303/428
f 360/306/429 361/307/429 356/303/429
f 356/303/430 361/307/430 357/304/430
f 361/307/431 362/308/431 357/304/431
f 357/304/432 362/308/432 358/305/432
f 362/308/433 363/309/433 358/305/433
f 358/305/434 363/309/434 176/128/434
f 363/309/435 175/129/435 176/128/435
f 147/297/436 364/299/436 359/298/436
f 364/299/437 365/310/437 359/298/437
f 359/298/438 365/310/438 360/306/438
f 365/310/439 366/311/439 360/306/439
f 360/306/440 366/311/440 361/307/440
f 366/311/441 367/312/441 361/307/441
f 361/307/442 367/312/442 362/308/442
f 367/312/443 368/313/443 362/308/443
f 362/308/444 368/313/444 363/309/444
f 368/313/445 369/314/445 363/309/445
f 363/309/446 369/314/446 175/129/446
f 369/314/447 174/130/447 175/129/447
f 146/32/448 131/25/448 364/299/448
f 131/25/449 130/315/449 364/299/449
f 364/299/450 130/315/450 365/310/450
f 130/315/451 129/316/451 365/310/451
f 365/310/452 129/316/452 366/311/452
f 129/316/453 128/317/453 366/311/453
f 366/311/454 128/317/454 367/312/454
f 128/317/455 127/318/455 367/312/455
f 367/312/456 127/318/456 368/313/456
f 127/318/457 126/319/457 368/313/457
f 368/313/458 126/319/458 369/314/458
f 126/319/459 125/320/459 369/314/459
f 369/314/460 125/320/460 174/130/460
f 125/320/461 9/40/461 174/130/461
f 138/321/462 173/41/462 9/40/462
f 137/322/463 370/323/463 138/321/463
f 136/324/464 371/325/464 137/322/464
f 135/326/465 373/327/465 136/324/465
f 134/328/466 376/329/466 135/326/466
f 133/330/467 380/331/467 134/328/467
f 132/31/468 385/332/468 133/330/468
f 138/321/469 370/323/469 173/41/469
f 370/323/470 172/166/470 173/41/470
f 137/322/471 371/325/471 370/323/471
f 371/325/472 372/333/472 370/323/472
f 370/323/473 372/333/473 172/166/473
f 372/333/474 171/167/474 172/166/474
f 136/324/475 373/327/475 371/325/475
f 373/327/476 374/334/476 371/325/476
f 371/325/477 374/334/477 372/333/477
f 374/334/478 375/335/478 372/333/478
f 372/333/479 375/335/479 171/167/479
f 375/335/480 170/168/480 171/167/480
f 135/326/481 376/329/481 373/327/481
f 376/329/482 377/336/482 373/327/482
f 373/327/483 377/336/483 374/334/483
f 377/336/484 378/337/484 374/334/484
f 374/334/485 378/337/485 375/335/485
f 378/337/486 379/338/486 375/335/486
f 375/335/487 379/338/487 170/168/487
f 379/338/488 169/169/488 170/168/488
f 134/328/489 380/331/489 376/329/489
f 380/331/490 381/339/490 376/329/490
f 376/329/491 381/339/491 377/336/491
f 381/339/492 382/340/492 377/336/492
f 377/336/493 382/340/493 378/337/493
f 382/340/494 383/341/494 378/337/494
f 378/337/495 383/341/495 379/338/495
f 383/341/496 384/342/496 379/338/496
f 379/338/497 384/342/497 169/169/497
f 384/342/498 168/170/498 169/169/498
f 133/330/499 385/332/499 380/331/499
f 385/332/500 386/343/500 380/331/500
f 380/331/501 386/343/501 381/339/501
f 386/343/502 387/344/502 381/339/502
f 381/339/503 387/344/503 382/340/503
f 387/344/504 388/345/504 382/340/504
f 382/340/505 388/345/505 383/341/505
f 388/345/506 389/346/506 383/341/506
f 383/341/507 389/346/507 384/342/507
f 389/346/508 390/347/508 384/342/508
f 384/342/509 390/347/509 168/170/509
f 390/347/510 167/171/510 168/170/510
f 132/31/511 117/22/511 385/332/511
f 117/22/512 116/348/512 385/332/512
f 385/332/513 116/348/513 386/343/513
f 116/348/514 115/349/514 386/343/514
f 386/343/515 115/349/515 387/344/515
f 115/349/516 114/350/516 387/344/516
f 387/344/517 114/350/517 388/345/517
f 114/350/518 113/351/518 388/345/518
f 388/345/519 113/351/519 389/346/519
f 113/351/520 112/352/520 389/346/520
f 389/346/521 112/352/521 390/347/521
f 112/352/522 111/353/522 390/347/522
f 390/347/523 111/353/523 167/171/523
f 111/353/524 8/172/524 167/171/524
f 124/354/525 166/38/525 8/37/525
f 123/355/526 391/356/526 124/354/526
f 122/357/527 392/358/527 123/355/527
f 121/359/528 394/360/528 122/357/528
f 120/361/529 397/362/529 121/359/529
f 119/363/530 401/364/530 120/361/530
f 118/30/531 406/365/531 119/363/531
f 124/354/532 391/356/532 166/38/532
f 391/356/533 165/208/533 166/38/533
f 123/355/534 392/358/534 391/356/534
f 392/358/535 393/366/535 391/356/535
f 391/356/536 393/366/536 165/208/536
f 393/366/537 164/209/537 165/208/537
f 122/357/538 394/360/538 392/358/538
f 394/360/539 395/367/539 392/358/539
f 392/358/540 395/367/540 393/366/540
f 395/367/541 396/368/541 393/366/541
f 393/366/542 396/368/542 164/209/542
f 396/368/543 163/210/543 164/209/543
f 121/359/544 397/362/544 394/360/544
f 397/362/545 398/369/545 394/360/545
f 394/360/546 398/369/546 395/367/546
f 398/369/547 399/370/547 395/367/547
f 395/367/548 399/370/548 396/368/548
f 399/370/549 400/371/549 396/368/549
f 396/368/550 400/371/550 163/210/550
f 400/371/551 162/211/551 163/210/551
f 120/361/552 401/364/552 397/362/552
f 401/364/553 402/372/553 397/362/553
f 397/362/554 402/372/554 398/369/554
f 402/372/555 403/373/555 398/369/555
f 398/369/556 403/373/556 399/370/556
f 403/373/557 404/374/557 399/370/557
f 399/370/558 404/374/558 400/371/558
f 404/374/559 405/375/559 400/371/559
f 400/371/560 405/375/560 162/211/560
f 405/375/561 161/212/561 162/211/561
f 119/363/562 406/365/562 401/364/562
f 406/365/563 407/376/563 401/364/563
f 401/364/564 407/376/564 402/372/564
f 407/376/565 408/377/565 402/372/565
f 402/372/566 408/377/566 403/373/566
f 408/377/567 409/378/567 403/373/567
f 403/373/568 409/378/568 404/374/568
f 409/378/569 410/379/569 404/374/569
f 404/374/570 410/379/570 405/375/570
f 410/379/571 411/380/571 405/375/571
f 405/375/572 411/380/572 161/212/572
f 411/380/573 160/213/573 161/212/573
f 118/30/574 103/19/574 406/365/574
f 103/19/575 102/381/575 406/365/575
f 406/365/576 102/381/576 407/376/576
f 102/381/577 101/382/577 407/376/577
f 407/376/578 101/382/578 408/377/578
f 101/382/579 100/383/579 408/377/579
f 408/377/580 100/383/580 409/378/580
f 100/383/581 99/384/581 409/378/581
f 409/378/582 99/384/582 410/379/582
f 99/384/583 98/385/583 410/379/583
f 410/379/584 98/385/584 411/380/584
f 98/385/585 97/386/585 411/380/585
f 411/380/586 97/386/586 160/213/586
f 97/386/587 7/34/587 160/213/587
f 110/387/588 159/35/588 7/34/588
f 109/388/589 412/389/589 110/387/589
f 108/390/590 413/391/590 109/388/590
f 107/392/591 415/393/591 108/390/591
f 106/394/592 418/395/592 107/392/592
f 105/396/593 422/397/593 106/394/593
f 104/29/594 427/398/594 105/396/594
f 110/387/595 412/389/595 159/35/595
f 412/389/596 158/249/596 159/35/596
f 109/388/597 413/391/597 412/389/597
f 413/391/598 414/399/598 412/389/598
f 412/389/599 414/399/599 158/249/599
f 414/399/600 157/250/600 158/249/600
f 108/390/601 415/393/601 413/391/601
f 415/393/602 416/400/602 413/391/602
f 413/391/603 416/400/603 414/399/603
f 416/400/604 417/401/604 414/399/604
f 414/399/605 417/401/605 157/250/605
f 417/401/606 156/251/606 157/250/606
f 107/392/607 418/395/607 415/393/607
f 418/395/608 419/402/608 415/393/608
f 415/393/609 419/402/609 416/400/609
f 419/402/610 420/403/610 416/400/610
f 416/400/611 420/403/611 417/401/611
f 420/403/612 421/404/612 417/401/612
f 417/401/613 421/404/613 156/251/613
f 421/404/614 155/252/614 156/251/614
f 106/394/615 422/397/615 418/395/615
f 422/397/616 423/405/616 418/395/616
f 418/395/617 423/405/617 419/402/617
f 423/405/618 424/406/618 419/402/618
f 419/402/619 424/406/619 420/403/619
f 424/406/620 425/407/620 420/403/620
f 420/403/621 425/407/621 421/404/621
f 425/407/622 426/408/622 421/404/622
f 421/404/623 426/408/623 155/252/623
f 426/408/624 154/253/624 155/252/624
f 105/396/625 427/398/625 422/397/625
f 427/398/626 428/409/626 422/397/626
f 422/397/627 428/409/627 423/405/627
f 428/409/628 429/410/628 423/405/628
f 423/405/629 429/410/629 424/406/629
f 429/410/630 430/411/630 424/406/630
f 424/406/631 430/411/631 425/407/631
f 430/411/632 431/412/632 425/407/632
f 425/407/633 431/412/633 426/408/633
f 431/412/634 432/413/634 426/408/634
f 426/408/635 432/413/635 154/253/635
f 432/413/636 153/254/636 154/253/636
f 104/29/637 89/16/637 427/398/637
f 89/16/638 88/414/638 427/398/638
f 427/398/639 88/414/639 428/409/639
f 88/414/640 87/415/640 428/409/640
f 428/409/641 87/415/641 429/410/641
f 87/415/642 86/416/642 429/410/642
f 429/410/643 86/416/643 430/411/643
f 86/416/644 85/417/644 430/411/644
f 430/411/645 85/417/645 431/412/645
f 85/417/646 84/418/646 431/412/646
f 431/412/647 84/418/647 432/413/647
f 84/418/648 83/419/648 432/413/648
f 432/413/649 83/419/649 153/254/649
f 83/419/650 11/46/650 153/254/650
f 139/287/651 152/288/651 10/43/651
f 140/286/652 433/420/652 139/287/652
f 141/285/653 434/421/653 140/286/653
f 142/284/654 436/422/654 141/285/654
f 143/283/655 439/423/655 142/284/655
f 144/282/656 443/424/656 143/283/656
f 145/28/657 448/425/657 144/282/657
f 139/287/658 433/420/658 152/288/658
f 433/420/659 151/289/659 152/288/659
f 140/286/660 434/421/660 433/420/660
f 434/421/661 435/426/661 433/420/661
f 433/420/662 435/426/662 151/289/662
f 435/426/663 150/291/663 151/289/663
f 141/285/664 436/422/664 434/421/664
f 436/422/665 437/427/665 434/421/665
f 434/421/666 437/427/666 435/426/666
f 437/427/667 438/428/667 435/426/667
f 435/426/668 438/428/668 150/291/668
f 438/428/669 149/293/669 150/291/669
f 142/284/670 439/423/670 436/422/670
f 439/423/671 440/429/671 436/422/671
f 436/422/672 440/429/672 437/427/672
f 440/429/673 441/430/673 437/427/673
f 437/427/674 441/430/674 438/428/674
f 441/430/675 442/431/675 438/428/675
f 438/428/676 442/431/676 149/293/676
f 442/431/677 148/295/677 149/293/677
f 143/283/678 443/424/678 439/423/678
f 443/424/679 444/432/679 439/423/679
f 439/423/680 444/432/680 440/429/680
f 444/432/681 445/433/681 440/429/681
f 440/429/682 445/433/682 441/430/682
f 445/433/683 446/434/683 441/430/683
f 441/430/684 446/434/684 442/431/684
f 446/434/685 447/435/685 442/431/685
f 442/431/686 447/435/686 148/295/686
f 447/435/687 147/297/687 148/295/687
f 144/282/688 448/425/688 443/424/688
f 448/425/689 449/436/689 443/424/689
f 443/424/690 449/436/690 444/432/690
f 449/436/691 450/437/691 444/432/691
f 444/432/692 450/437/692 445/433/692
f 450/437/693 451/438/693 445/433/693
f 445/433/694 451/438/694 446/434/694
f 451/438/695 452/439/695 446/434/695
f 446/434/696 452/439/696 447/435/696
f 452/439/697 453/440/697 447/435/697
f 447/435/698 453/440/698 147/297/698
f 453/440/699 146/32/699 147/297/699
f 145/28/700 82/27/700 448/425/700
f 82/27/701 81/441/701 448/425/701
f 448/425/702 81/441/702 449/436/702
f 81/441/703 80/442/703 449/436/703
f 449/436/704 80/442/704 450/437/704
f 80/442/705 79/443/705 450/437/705
f 450/437/706 79/443/706 451/438/706
f 79/443/707 78/444/707 451/438/707
f 451/438/708 78/444/708 452/439/708
f 78/444/709 77/445/709 452/439/709
f 452/439/710 77/445/710 453/440/710
f 77/445/711 76/446/711 453/440/711
f 453/440/712 76/446/712 146/32/712
f 76/446/713 5/23/713 146/32/713
f 125/320/714 138/321/714 9/40/714
f 126/319/715 454/447/715 125/320/715
f 127/318/716 455/448/716 126/319/716
f 128/317/717 457/449/717 127/318/717
f 129/316/718 460/450/718 128/317/718
f 130/315/719 464/451/719 129/316/719
f 131/25/720 469/452/720 130/315/720
f 125/320/721 454/447/721 138/321/721
f 454/447/722 137/322/722 138/321/722
f 126/319/723 455/448/723 454/447/723
f 455/448/724 456/453/724 454/447/724
f 454/447/725 456/453/725 137/322/725
f 456/453/726 136/324/726 137/322/726
f 127/318/727 457/449/727 455/448/727
f 457/449/728 458/454/728 455/448/728
f 455/448/729 458/454/729 456/453/729
f 458/454/730 459/455/730 456/453/730
f 456/453/731 459/455/731 136/324/731
f 459/455/732 135/326/732 136/324/732
f 128/317/733 460/450/733 457/449/733
f 460/450/734 461/456/734 457/449/734
f 457/449/735 461/456/735 458/454/735
f 461/456/736 462/457/736 458/454/736
f 458/454/737 462/457/737 459/455/737
f 462/457/738 463/458/738 459/455/738
f 459/455/739 463/458/739 135/326/739
f 463/458/740 134/328/740 135/326/740
f 129/316/741 464/451/741 460/450/741
f 464/451/742 465/459/742 460/450/742
f 460/450/743 465/459/743 461/456/743
f 465/459/744 466/460/744 461/456/744
f 461/456/745 466/460/745 462/457/745
f 466/460/746 467/461/746 462/457/746
f 462/457/747 467/461/747 463/458/747
f 467/461/748 468/462/748 463/458/748
f 463/458/749 468/462/749 134/328/749
f 468/462/750 133/330/750 134/328/750
f 130/315/751 469/452/751 464/451/751
f 469/452/752 470/463/752 464/451/752
f 464/451/753 470/463/753 465/459/753
f 470/463/754 471/464/754 465/459/754
f 465/459/755 471/464/755 466/460/755
f 471/464/756 472/465/756 466/460/756
f 466/460/757 472/465/757 467/461/757
f 472/465/758 473/466/758 467/461/758
f 467/461/759 473/466/759 468/462/759
f 473/466/760 474/467/760 468/462/760
f 468/462/761 474/467/761 133/330/761
f 474/467/762 132/31/762 133/330/762
f 131/25/763 75/24/763 469/452/763
f 75/24/764 74/468/764 469/452/764
f 469/452/765 74/468/765 470/463/765
f 74/468/766 73/469/766 470/463/766
f 470/463/767 73/469/767 471/464/767
f 73/469/768 72/470/768 471/464/768
f 471/464/769 72/470/769 472/465/769
f 72/470/770 71/471/770 472/465/770
f 472/465/771 71/471/771 473/466/771
f 71/471/772 70/472/772 473/466/772
f 473/466/773 70/472/773 474/467/773
f 70/472/774 69/473/774 474/467/774
f 474/467/775 69/473/775 132/31/775
f 69/473/776 4/20/776 132/31/776
f 111/353/777 124/474/777 8/172/777
f 112/352/778 475/475/778 111/353/778
f 113/351/779 476/476/779 112/352/779
f 114/350/780 478/477/780 113/351/780
f 115/349/781 481/478/781 114/350/781
f 116/348/782 485/479/782 115/349/782
f 117/22/783 490/480/783 116/348/783
f 111/353/784 475/475/784 124/474/784
f 475/475/785 123/481/785 124/474/785
f 112/352/786 476/476/786 475/475/786
f 476/476/787 477/482/787 475/475/787
f 475/475/788 477/482/788 123/481/788
f 477/482/789 122/483/789 123/481/789
f 113/351/790 478/477/790 476/476/790
f 478/477/791 479/484/791 476/476/791
f 476/476/792 479/484/792 477/482/792
f 479/484/793 480/485/793 477/482/793
f 477/482/794 480/485/794 122/483/794
f 480/485/795 121/486/795 122/483/795
f 114/350/796 481/478/796 478/477/796
f 481/478/797 482/487/797 478/477/797
f 478/477/798 482/487/798 479/484/798
f 482/487/799 483/488/799 479/484/799
f 479/484/800 483/488/800 480/485/800
f 483/488/801 484/489/801 480/485/801
f 480/485/802 484/489/802 121/486/802
f 484/489/803 120/490/803 121/486/803
f 115/349/804 485/479/804 481/478/804
f 485/479/805 486/491/805 481/478/805
f 481/478/806 486/491/806 482/487/806
f 486/491/807 487/492/807 482/487/807
f 482/487/808 487/492/808 483/488/808
f 487/492/809 488/493/809 483/488/809
f 483/488/810 488/493/810 484/489/810
f 488/493/811 489/494/811 484/489/811
f 484/489/812 489/494/812 120/490/812
f 489/494/813 119/495/813 120/490/813
f 116/348/814 490/480/814 485/479/814
f 490/480/815 491/496/815 485/479/815
f 485/479/816 491/496/816 486/491/816
f 491/496/817 492/497/817 486/491/817
f 486/491/818 492/497/818 487/492/818
f 492/497/819 493/498/819 487/492/819
f 487/492/820 493/498/820 488/493/820
f 493/498/821 494/499/821 488/493/821
f 488/493/822 494/499/822 489/494/822
f 494/499/823 495/500/823 489/494/823
f 489/494/824 495/500/824 119/495/824
f 495/500/825 118/501/825 119/495/825
f 117/22/826 61/21/826 490/480/826
f 61/21/827 60/502/827 490/480/827
f 490/480/828 60/502/828 491/496/828
f 60/502/829 59/503/829 491/496/829
f 491/496/830 59/503/830 492/497/830
f 59/503/831 58/504/831 492/497/831
f 492/497/832 58/504/832 493/498/832
f 58/504/833 57/505/833 493/498/833
f 493/498/834 57/505/834 494/499/834
f 57/505/835 56/506/835 494/499/835
f 494/499/836 56/506/836 495/500/836
f 56/506/837 55/507/837 495/500/837
f 495/500/838 55/507/838 118/501/838
f 55/507/839 3/508/839 118/501/839
f 97/386/840 110/387/840 7/34/840
f 98/385/841 496/509/841 97/386/841
f 99/384/842 497/510/842 98/385/842
f 100/383/843 499/511/843 99/384/843
f 101/382/844 502/512/844 100/383/844
f 102/381/845 506/513/845 101/382/845
f 103/19/846 511/514/846 102/381/846
f 97/386/847 496/509/847 110/387/847
f 496/509/848 109/388/848 110/387/848
f 98/385/849 497/510/849 496/509/849
f 497/510/850 498/515/850 496/509/850
f 496/509/851 498/515/851 109/388/851
f 498/515/852 108/390/852 109/388/852
f 99/384/853 499/511/853 497/510/853
f 499/511/854 500/516/854 497/510/854
f 497/510/855 500/516/855 498/515/855
f 500/516/856 501/517/856 498/515/856
f 498/515/857 501/517/857 108/390/857
f 501/517/858 107/392/858 108/390/858
f 100/383/859 502/512/859 499/511/859
f 502/512/860 503/518/860 499/511/860
f 499/511/861 503/518/861 500/516/861
f 503/518/862 504/519/862 500/516/862
f 500/516/863 504/519/863 501/517/863
f 504/519/864 505/520/864 501/517/864
f 501/517/865 505/520/865 107/392/865
f 505/520/866 106/394/866 107/392/866
f 101/382/867 506/513/867 502/512/867
f 506/513/868 507/521/868 502/512/868
f 502/512/869 507/521/869 503/518/869
f 507/521/870 508/522/870 503/518/870
f 503/518/871 508/522/871 504/519/871
f 508/522/872 509/523/872 504/519/872
f 504/519/873 509/523/873 505/520/873
f 509/523/874 510/524/874 505/520/874
f 505/520/875 510/524/875 106/394/875
f 510/524/876 105/396/876 106/394/876
f 102/381/877 511/514/877 506/513/877
f 511/514/878 512/525/878 506/513/878
f 506/513/879 512/525/879 507/521/879
f 512/525/880 513/526/880 507/521/880
f 507/521/881 513/526/881 508/522/881
f 513/526/882 514/527/882 508/522/882
f 508/522/883 514/527/883 509/523/883
f 514/527/884 515/528/884 509/523/884
f 509/523/885 515/528/885 510/524/885
f 515/528/886 516/529/886 510/524/886
f 510/524/887 516/529/887 105/396/887
f 516/529/888 104/29/888 105/396/888
f 103/19/889 33/18/889 511/514/889
f 33/18/890 32/530/890 511/514/890
f 511/514/891 32/530/891 512/525/891
f 32/530/892 31/531/892 512/525/892
f 512/525/893 31/531/893 513/526/893
f 31/531/894 30/532/894 513/526/894
f 513/526/895 30/532/895 514/527/895
f 30/532/896 29/533/896 514/527/896
f 514/527/897 29/533/897 515/528/897
f 29/533/898 28/534/898 515/528/898
f 515/528/899 28/534/899 516/529/899
f 28/534/900 27/535/900 516/529/900
f 516/529/901 27/535/901 104/29/901
f 27/535/902 2/4/902 104/29/902
f 83/419/903 96/255/903 11/46/903
f 84/418/904 517/536/904 83/419/904
f 85/417/905 518/537/905 84/418/905
f 86/416/906 520/538/906 85/417/906
f 87/415/907 523/539/907 86/416/907
f 88/414/908 527/540/908 87/415/908
f 89/16/909 532/541/909 88/414/909
f 83/419/910 517/536/910 96/255/910
f 517/536/911 95/256/911 96/255/911
f 84/418/912 518/537/912 517/536/912
f 518/537/913 519/542/913 517/536/913
f 517/536/914 519/542/914 95/256/914
f 519/542/915 94/258/915 95/256/915
f 85/417/916 520/538/916 518/537/916
f 520/538/917 521/543/917 518/537/917
f 518/537/918 521/543/918 519/542/918
f 521/543/919 522/544/919 519/542/919
f 519/542/920 522/544/920 94/258/920
f 522/544/921 93/260/921 94/258/921
f 86/416/922 523/539/922 520/538/922
f 523/539/923 524/545/923 520/538/923
f 520/538/924 524/545/924 521/543/924
f 524/545/925 525/546/925 521/543/925
f 521/543/926 525/546/926 522/544/926
f 525/546/927 526/547/927 522/544/927
f 522/544/928 526/547/928 93/260/928
f 526/547/929 92/262/929 93/260/929
f 87/415/930 527/540/930 523/539/930
f 527/540/931 528/548/931 523/539/931
f 523/539/932 528/548/932 524/545/932
f 528/548/933 529/549/933 524/545/933
f 524/545/934 529/549/934 525/546/934
f 529/549/935 530/550/935 525/546/935
f 525/546/936 530/550/936 526/547/936
f 530/550/937 531/551/937 526/547/937
f 526/547/938 531/551/938 92/262/938
f 531/551/939 91/264/939 92/262/939
f 88/414/940 532/541/940 527/540/940
f 532/541/941 533/552/941 527/540/941
f 527/540/942 533/552/942 528/548/942
f 533/552/943 534/553/943 528/548/943
f 528/548/944 534/553/944 529/549/944
f 534/553/945 535/554/945 529/549/945
f 529/549/946 535/554/946 530/550/946
f 535/554/947 536/555/947 530/550/947
f 530/550/948 536/555/948 531/551/948
f 536/555/949 537/556/949 531/551/949
f 531/551/950 537/556/950 91/264/950
f 537/556/951 90/33/951 91/264/951
f 89/16/952 40/6/952 532/541/952
f 40/6/953 39/557/953 532/541/953
f 532/541/954 39/557/954 533/552/954
f 39/557/955 38/558/955 533/552/955
f 533/552/956 38/558/956 534/553/956
f 38/558/957 37/559/957 534/553/957
f 534/553/958 37/559/958 535/554/958
f 37/559/959 36/560/959 535/554/959
f 535/554/960 36/560/960 536/555/960
f 36/560/961 35/561/961 536/555/961
f 536/555/962 35/561/962 537/556/962
f 35/561/963 34/562/963 537/556/963
f 537/556/964 34/562/964 90/33/964
f 34/562/965 6/26/965 90/33/965
f 47/563/966 82/27/966 6/26/966
f 46/564/967 538/565/967 47/563/967
f 45/566/968 539/567/968 46/564/968
f 44/568/969 541/569/969 45/566/969
f 43/570/970 544/571/970 44/568/970
f 42/572/971 548/573/971 43/570/971
f 41/15/972 553/574/972 42/572/972
f 47/563/973 538/565/973 82/27/973
f 538/565/974 81/441/974 82/27/974
f 46/564/975 539/567/975 538/565/975
f 539/567/976 540/575/976 538/565/976
f 538/565/977 540/575/977 81/441/977
f 540/575/978 80/442/978 81/441/978
f 45/566/979 541/569/979 539/567/979
f 541/569/980 542/576/980 539/567/980
f 539/567/981 542/576/981 540/575/981
f 542/576/982 543/577/982 540/575/982
f 540/575/983 543/577/983 80/442/983
f 543/577/984 79/443/984 80/442/984
f 44/568/985 544/571/985 541/569/985
f 544/571/986 545/578/986 541/569/986
f 541/569/987 545/578/987 542/576/987
f 545/578/988 546/579/988 542/576/988
f 542/576/989 546/579/989 543/577/989
f 546/579/990 547/580/990 543/577/990
f 543/577/991 547/580/991 79/443/991
f 547/580/992 78/444/992 79/443/992
f 43/570/993 548/573/993 544/571/993
f 548/573/994 549/581/994 544/571/994
f 544/571/995 549/581/995 545/578/995
f 549/581/996 550/582/996 545/578/996
f 545/578/997 550/582/997 546/579/997
f 550/582/998 551/583/998 546/579/998
f 546/579/999 551/583/999 547/580/999
f 551/583/1000 552/584/1000 547/580/1000
f 547/580/1001 552/584/1001 78/444/1001
f 552/584/1002 77/445/1002 78/444/1002
f 42/572/1003 553/574/1003 548/573/1003
f 553/574/1004 554/585/1004 548/573/1004
f 548/573/1005 554/585/1005 549/581/1005
f 554/585/1006 555/586/1006 549/581/1006
f 549/581/1007 555/586/1007 550/582/1007
f 555/586/1008 556/587/1008 550/582/1008
f 550/582/1009 556/587/1009 551/583/1009
f 556/587/1010 557/588/1010 551/583/1010
f 551/583/1011 557/588/1011 552/584/1011
f 557/588/1012 558/589/1012 552/584/1012
f 552/584/1013 558/589/1013 77/445/1013
f 558/589/1014 76/446/1014 77/445/1014
f 41/15/1015 68/14/1015 553/574/1015
f 68/14/1016 67/590/1016 553/574/1016
f 553/574/1017 67/590/1017 554/585/1017
f 67/590/1018 66/591/1018 554/585/1018
f 554/585/1019 66/591/1019 555/586/1019
f 66/591/1020 65/592/1020 555/586/1020
f 555/586/1021 65/592/1021 556/587/1021
f 65/592/1022 64/593/1022 556/587/1022
f 556/587/1023 64/593/1023 557/588/1023
f 64/593/1024 63/594/1024 557/588/1024
f 557/588/1025 63/594/1025 558/589/1025
f 63/594/1026 62/595/1026 558/589/1026
f 558/589/1027 62/595/1027 76/446/1027
f 62/595/1028 5/23/1028 76/446/1028
f 62/596/1029 75/24/1029 5/23/1029
f 63/597/1030 559/598/1030 62/596/1030
f 64/599/1031 560/600/1031 63/597/1031
f 65/601/1032 562/602/1032 64/599/1032
f 66/603/1033 565/604/1033 65/601/1033
f 67/605/1034 569/606/1034 66/603/1034
f 68/12/1035 574/607/1035 67/605/1035
f 62/596/1036 559/598/1036 75/24/1036
f 559/598/1037 74/468/1037 75/24/1037
f 63/597/1038 560/600/1038 559/598/1038
f 560/600/1039 561/608/1039 559/598/1039
f 559/598/1040 561/608/1040 74/468/1040
f 561/608/1041 73/469/1041 74/468/1041
f 64/599/1042 562/602/1042 560/600/1042
f 562/602/1043 563/609/1043 560/600/1043
f 560/600/1044 563/609/1044 561/608/1044
f 563/609/1045 564/610/1045 561/608/1045
f 561/608/1046 564/610/1046 73/469/1046
f 564/610/1047 72/470/1047 73/469/1047
f 65/601/1048 565/604/1048 562/602/1048
f 565/604/1049 566/611/1049 562/602/1049
f 562/602/1050 566/611/1050 563/609/1050
f 566/611/1051 567/612/1051 563/609/1051
f 563/609/1052 567/612/1052 564/610/1052
f 567/612/1053 568/613/1053 564/610/1053
f 564/610/1054 568/613/1054 72/470/1054
f 568/613/1055 71/471/1055 72/470/1055
f 66/603/1056 569/606/1056 565/604/1056
f 569/606/1057 570/614/1057 565/604/1057
f 565/604/1058 570/614/1058 566/611/1058
f 570/614/1059 571/615/1059 566/611/1059
f 566/611/1060 571/615/1060 567/612/1060
f 571/615/1061 572/616/1061 567/612/1061
f 567/612/1062 572/616/1062 568/613/1062
f 572/616/1063 573/617/1063 568/613/1063
f 568/613/1064 573/617/1064 71/471/1064
f 573/617/1065 70/472/1065 71/471/1065
f 67/605/1066 574/607/1066 569/606/1066
f 574/607/1067 575/618/1067 569/606/1067
f 569/606/1068 575/618/1068 570/614/1068
f 575/618/1069 576/619/1069 570/614/1069
f 570/614/1070 576/619/1070 571/615/1070
f 576/619/1071 577/620/1071 571/615/1071
f 571/615/1072 577/620/1072 572/616/1072
f 577/620/1073 578/621/1073 572/616/1073
f 572/616/1074 578/621/1074 573/617/1074
f 578/621/1075 579/622/1075 573/617/1075
f 573/617/1076 579/622/1076 70/472/1076
f 579/622/1077 69/473/1077 70/472/1077
f 68/12/1078 54/11/1078 574/607/1078
f 54/11/1079 53/623/1079 574/607/1079
f 574/607/1080 53/623/1080 575/618/1080
f 53/623/1081 52/624/1081 575/618/1081
f 575/618/1082 52/624/1082 576/619/1082
f 52/624/1083 51/625/1083 576/619/1083
f 576/619/1084 51/625/1084 577/620/1084
f 51/625/1085 50/626/1085 577/620/1085
f 577/620/1086 50/626/1086 578/621/1086
f 50/626/1087 49/627/1087 578/621/1087
f 578/621/1088 49/627/1088 579/622/1088
f 49/627/1089 48/628/1089 579/622/1089
f 579/622/1090 48/628/1090 69/473/1090
f 48/628/1091 4/20/1091 69/473/1091
f 48/629/1092 61/21/1092 4/20/1092
f 49/630/1093 580/631/1093 48/629/1093
f 50/632/1094 581/633/1094 49/630/1094
f 51/634/1095 583/635/1095 50/632/1095
f 52/636/1096 586/637/1096 51/634/1096
f 53/638/1097 590/639/1097 52/636/1097
f 54/9/1098 595/640/1098 53/638/1098
f 48/629/1099 580/631/1099 61/21/1099
f 580/631/1100 60/502/1100 61/21/1100
f 49/630/1101 581/633/1101 580/631/1101
f 581/633/1102 582/641/1102 580/631/1102
f 580/631/1103 582/641/1103 60/502/1103
f 582/641/1104 59/503/1104 60/502/1104
f 50/632/1105 583/635/1105 581/633/1105
f 583/635/1106 584/642/1106 581/633/1106
f 581/633/1107 584/642/1107 582/641/1107
f 584/642/1108 585/643/1108 582/641/1108
f 582/641/1109 585/643/1109 59/503/1109
f 585/643/1110 58/504/1110 59/503/1110
f 51/634/1111 586/637/1111 583/635/1111
f 586/637/1112 587/644/1112 583/635/1112
f 583/635/1113 587/644/1113 584/642/1113
f 587/644/1114 588/645/1114 584/642/1114
f 584/642/1115 588/645/1115 585/643/1115
f 588/645/1116 589/646/1116 585/643/1116
f 585/643/1117 589/646/1117 58/504/1117
f 589/646/1118 57/505/1118 58/504/1118
f 52/636/1119 590/639/1119 586/637/1119
f 590/639/1120 591/647/1120 586/637/1120
f 586/637/1121 591/647/1121 587/644/1121
f 591/647/1122 592/648/1122 587/644/1122
f 587/644/1123 592/648/1123 588/645/1123
f 592/648/1124 593/649/1124 588/645/1124
f 588/645/1125 593/649/1125 589/646/1125
f 593/649/1126 594/650/1126 589/646/1126
f 589/646/1127 594/650/1127 57/505/1127
f 594/650/1128 56/506/1128 57/505/1128
f 53/638/1129 595/640/1129 590/639/1129
f 595/640/1130 596/651/1130 590/639/1130
f 590/639/1131 596/651/1131 591/647/1131
f 596/651/1132 597/652/1132 591/647/1132
f 591/647/1133 597/652/1133 592/648/1133
f 597/652/1134 598/653/1134 592/648/1134
f 592/648/1135 598/653/1135 593/649/1135
f 598/653/1136 599/654/1136 593/649/1136
f 593/649/1137 599/654/1137 594/650/1137
f 599/654/1138 600/655/1138 594/650/1138
f 594/650/1139 600/655/1139 56/506/1139
f 600/655/1140 55/507/1140 56/506/1140
f 54/9/1141 19/8/1141 595/640/1141
f 19/8/1142 18/656/1142 595/640/1142
f 595/640/1143 18/656/1143 596/651/1143
f 18/656/1144 17/657/1144 596/651/1144
f 596/651/1145 17/657/1145 597/652/1145
f 17/657/1146 16/658/1146 597/652/1146
f 597/652/1147 16/658/1147 598/653/1147
f 16/658/1148 15/659/1148 598/653/1148
f 598/653/1149 15/659/1149 599/654/1149
f 15/659/1150 14/660/1150 599/654/1150
f 599/654/1151 14/660/1151 600/655/1151
f 14/660/1152 13/661/1152 600/655/1152
f 600/655/1153 13/661/1153 55/507/1153
f 13/661/1154 3/508/1154 55/507/1154
f 34/562/1155 47/662/1155 6/26/1155
f 35/561/1156 601/663/1156 34/562/1156
f 36/560/1157 602/664/1157 35/561/1157
f 37/559/1158 604/665/1158 36/560/1158
f 38/558/1159 607/666/1159 37/559/1159
f 39/557/1160 611/667/1160 38/558/1160
f 40/6/1161 616/668/1161 39/557/1161
f 34/562/1162 601/663/1162 47/662/1162
f 601/663/1163 46/669/1163 47/662/1163
f 35/561/1164 602/664/1164 601/663/1164
f 602/664/1165 603/670/1165 601/663/1165
f 601/663/1166 603/670/1166 46/669/1166
f 603/670/1167 45/671/1167 46/669/1167
f 36/560/1168 604/665/1168 602/664/1168
f 604/665/1169 605/672/1169 602/664/1169
f 602/664/1170 605/672/1170 603/670/1170
f 605/672/1171 606/673/1171 603/670/1171
f 603/670/1172 606/673/1172 45/671/1172
f 606/673/1173 44/674/1173 45/671/1173
f 37/559/1174 607/666/1174 604/665/1174
f 607/666/1175 608/675/1175 604/665/1175
f 604/665/1176 608/675/1176 605/672/1176
f 608/675/1177 609/676/1177 605/672/1177
f 605/672/1178 609/676/1178 606/673/1178
f 609/676/1179 610/677/1179 606/673/1179
f 606/673/1180 610/677/1180 44/674/1180
f 610/677/1181 43/678/1181 44/674/1181
f 38/558/1182 611/667/1182 607/666/1182
f 611/667/1183 612/679/1183 607/666/1183
f 607/666/1184 612/679/1184 608/675/1184
f 612/679/1185 613/680/1185 608/675/1185
f 608/675/1186 613/680/1186 609/676/1186
f 613/680/1187 614/681/1187 609/676/1187
f 609/676/1188 614/681/1188 610/677/1188
f 614/681/1189 615/682/1189 610/677/1189
f 610/677/1190 615/682/1190 43/678/1190
f 615/682/1191 42/683/1191 43/678/1191
f 39/557/1192 616/668/1192 611/667/1192
f 616/668/1193 617/684/1193 611/667/1193
f 611/667/1194 617/684/1194 612/679/1194
f 617/684/1195 618/685/1195 612/679/1195
f 612/679/1196 618/685/1196 613/680/1196
f 618/685/1197 619/686/1197 613/680/1197
f 613/680/1198 619/686/1198 614/681/1198
f 619/686/1199 620/687/1199 614/681/1199
f 614/681/1200 620/687/1200 615/682/1200
f 620/687/1201 621/688/1201 615/682/1201
f 615/682/1202 621/688/1202 42/683/1202
f 621/688/1203 41/689/1203 42/683/1203
f 40/6/1204 26/5/1204 616/668/1204
f 26/5/1205 25/690/1205 616/668/1205
f 616/668/1206 25/690/1206 617/684/1206
f 25/690/1207 24/691/1207 617/684/1207
f 617/684/1208 24/691/1208 618/685/1208
f 24/691/1209 23/692/1209 618/685/1209
f 618/685/1210 23/692/1210 619/686/1210
f 23/692/1211 22/693/1211 619/686/1211
f 619/686/1212 22/693/1212 620/687/1212
f 22/693/1213 21/694/1213 620/687/1213
f 620/687/1214 21/694/1214 621/688/1214
f 21/694/1215 20/695/1215 621/688/1215
f 621/688/1216 20/695/1216 41/689/1216
f 20/695/1217 1/696/1217 41/689/1217
f 13/697/1218 33/18/1218 3/17/1218
f 14/698/1219 622/699/1219 13/697/1219
f 15/700/1220 623/701/1220 14/698/1220
f 16/702/1221 625/703/1221 15/700/1221
f 17/704/1222 628/705/1222 16/702/1222
f 18/706/1223 632/707/1223 17/704/1223
f 19/3/1224 637/708/1224 18/706/1224
f 13/697/1225 622/699/1225 33/18/1225
f 622/699/1226 32/530/1226 33/18/1226
f 14/698/1227 623/701/1227 622/699/1227
f 623/701/1228 624/709/1228 622/699/1228
f 622/699/1229 624/709/1229 32/530/1229
f 624/709/1230 31/531/1230 32/530/1230
f 15/700/1231 625/703/1231 623/701/1231
f 625/703/1232 626/710/1232 623/701/1232
f 623/701/1233 626/710/1233 624/709/1233
f 626/710/1234 627/711/1234 624/709/1234
f 624/709/1235 627/711/1235 31/531/1235
f 627/711/1236 30/532/1236 31/531/1236
f 16/702/1237 628/705/1237 625/703/1237
f 628/705/1238 629/712/1238 625/703/1238
f 625/703/1239 629/712/1239 626/710/1239
f 629/712/1240 630/713/1240 626/710/1240
f 626/710/1241 630/713/1241 627/711/1241
f 630/713/1242 631/714/1242 627/711/1242
f 627/711/1243 631/714/1243 30/532/1243
f 631/714/1244 29/533/1244 30/532/1244
f 17/704/1245 632/707/1245 628/705/1245
f 632/707/1246 633/715/1246 628/705/1246
f 628/705/1247 633/715/1247 629/712/1247
f 633/715/1248 634/716/1248 629/712/1248
f 629/712/1249 634/716/1249 630/713/1249
f 634/716/1250 635/717/1250 630/713/1250
f 630/713/1251 635/717/1251 631/714/1251
f 635/717/1252 636/718/1252 631/714/1252
f 631/714/1253 636/718/1253 29/533/1253
f 636/718/1254 28/534/1254 29/533/1254
f 18/706/1255 637/708/1255 632/707/1255
f 637/708/1256 638/719/1256 632/707/1256
f 632/707/1257 638/719/1257 633/715/1257
f 638/719/1258 639/720/1258 633/715/1258
f 633/715/1259 639/720/1259 634/716/1259
f 639/720/1260 640/721/1260 634/716/1260
f 634/716/1261 640/721/1261 635/717/1261
f 640/721/1262 641/722/1262 635/717/1262
f 635/717/1263 641/722/1263 636/718/1263
f 641/722/1264 642/723/1264 636/718/1264
f 636/718/1265 642/723/1265 28/534/1265
f 642/723/1266 27/535/1266 28/534/1266
f 19/3/1267 20/2/1267 637/708/1267
f 20/2/1268 21/724/1268 637/708/1268
f 637/708/1269 21/724/1269 638/719/1269
f 21/724/1270 22/725/1270 638/719/1270
f 638/719/1271 22/725/1271 639/720/1271
f 22/725/1272 23/726/1272 639/720/1272
f 639/720/1273 23/726/1273 640/721/1273
f 23/726/1274 24/727/1274 640/721/1274
f 640/721/1275 24/727/1275 641/722/1275
f 24/727/1276 25/728/1276 641/722/1276
f 641/722/1277 25/728/1277 642/723/1277
f 25/728/1278 26/729/1278 642/723/1278
f 642/723/1279 26/729/1279 27/535/1279
f 26/729/1280 2/4/1280 27/535/1280
f 643/1/1281 656/730/1281 655/702/1281
f 644/4/1282 656/692/1282 658/731/1282
f 643/7/1283 655/658/1283 660/634/1283
f 643/10/1284 660/625/1284 662/601/1284
f 643/13/1285 662/732/1285 659/568/1285
f 644/4/1286 658/731/1286 665/416/1286
f 645/17/1287 657/733/1287 667/383/1287
f 646/20/1288 661/734/1288 669/350/1288
f 647/23/1289 663/735/1289 671/317/1289
f 648/26/1290 664/736/1290 673/284/1290
f 644/4/1291 665/416/1291 668/392/1291
f 645/17/1292 667/383/1292 670/737/1292
f 646/20/1293 669/350/1293 672/326/1293
f 647/23/1294 671/317/1294 674/738/1294
f 648/26/1295 673/284/1295 666/739/1295
f 649/34/1296 675/740/1296 680/741/1296
f 650/37/1297 676/742/1297 682/743/1297
f 651/40/1298 677/168/1298 683/744/1298
f 652/43/1299 678/745/1299 684/746/1299
f 653/46/1300 679/747/1300 681/748/1300
f 681/748/1301 684/749/1301 654/51/1301
f 681/748/52 679/747/52 684/749/52
f 679/747/1302 652/43/1302 684/749/1302
f 684/746/1303 683/750/1303 654/92/1303
f 684/746/115 678/745/115 683/750/115
f 678/745/1304 651/40/1304 683/750/1304
f 683/744/1305 682/751/1305 654/133/1305
f 683/744/178 677/168/178 682/751/178
f 677/168/1306 650/172/1306 682/751/1306
f 682/743/1307 680/752/1307 654/175/1307
f 682/743/241 676/742/241 680/752/241
f 676/742/1308 649/34/1308 680/752/1308
f 680/741/1309 681/753/1309 654/216/1309
f 680/741/304 675/740/304 681/753/304
f 675/740/1310 653/46/1310 681/753/1310
f 666/739/1311 679/747/1311 653/46/1311
f 666/739/367 673/284/367 679/747/367
f 673/284/1312 652/43/1312 679/747/1312
f 674/738/1313 678/745/1313 652/43/1313
f 674/738/430 671/317/430 678/745/430
f 671/317/1314 651/40/1314 678/745/1314
f 672/326/1315 677/168/1315 651/40/1315
f 672/326/493 669/350/493 677/168/493
f 669/350/1316 650/172/1316 677/168/1316
f 670/737/1317 676/742/1317 650/37/1317
f 670/737/556 667/383/556 676/742/556
f 667/383/1318 649/34/1318 676/742/1318
f 668/392/1319 675/740/1319 649/34/1319
f 668/392/619 665/416/619 675/740/619
f 665/416/1320 653/46/1320 675/740/1320
f 673/284/1321 674/738/1321 652/43/1321
f 673/284/682 664/736/682 674/738/682
f 664/736/1322 647/23/1322 674/738/1322
f 671/317/1323 672/326/1323 651/40/1323
f 671/317/745 663/735/745 672/326/745
f 663/735/1324 646/20/1324 672/326/1324
f 669/350/1325 670/486/1325 650/172/1325
f 669/350/808 661/734/808 670/486/808
f 661/734/1326 645/508/1326 670/486/1326
f 667/383/1327 668/392/1327 649/34/1327
f 667/383/871 657/733/871 668/392/871
f 657/733/1328 644/4/1328 668/392/1328
f 665/416/1329 666/739/1329 653/46/1329
f 665/416/934 658/731/934 666/739/934
f 658/731/1330 648/26/1330 666/739/1330
f 659/568/1331 664/736/1331 648/26/1331
f 659/568/997 662/732/997 664/736/997
f 662/732/1332 647/23/1332 664/736/1332
f 662/601/1333 663/735/1333 647/23/1333
f 662/601/1060 660/625/1060 663/735/1060
f 660/625/1334 646/20/1334 663/735/1334
f 660/634/1335 661/734/1335 646/20/1335
f 660/634/1123 655/658/1123 661/734/1123
f 655/658/1336 645/508/1336 661/734/1336
f 658/731/1337 659/674/1337 648/26/1337
f 658/731/1186 656/692/1186 659/674/1186
f 656/692/1338 643/696/1338 659/674/1338
f 655/702/1339 657/733/1339 645/17/1339
f 655/702/1249 656/730/1249 657/733/1249
f 656/730/1340 644/4/1340 657/733/1340
f 685/1/1281 698/730/1281 697/702/1281
f 686/4/1282 698/692/1282 700/731/1282
f 685/7/1283 697/658/1283 702/634/1283
f 685/10/1284 702/625/1284 704/601/1284
f 685/13/1285 704/732/1285 701/568/1285
f 686/4/1286 700/731/1286 707/416/1286
f 687/17/1287 699/733/1287 709/383/1287
f 688/20/1288 703/734/1288 711/350/1288
f 689/23/1289 705/735/1289 713/317/1289
f 690/26/1290 706/736/1290 715/284/1290
f 686/4/1291 707/416/1291 710/392/1291
f 687/17/1292 709/383/1292 712/737/1292
f 688/20/1293 711/350/1293 714/326/1293
f 689/23/1294 713/317/1294 716/738/1294
f 690/26/1295 715/284/1295 708/739/1295
f 691/34/1296 717/740/1296 722/741/1296
f 692/37/1297 718/742/1297 724/743/1297
f 693/40/1298 719/168/1298 725/744/1298
f 694/43/1299 720/745/1299 726/746/1299
f 695/46/1300 721/747/1300 723/748/1300
f 723/748/1301 726/749/1301 696/51/1301
f 723/748/52 721/747/52 726/749/52
f 721/747/1302 694/43/1302 726/749/1302
f 726/746/1303 725/750/1303 696/92/1303
f 726/746/115 720/745/115 725/750/115
f 720/745/1304 693/40/1304 725/750/1304
f 725/744/1305 724/751/1305 696/133/1305
f 725/744/178 719/168/178 724/751/178
f 719/168/1306 692/172/1306 724/751/1306
f 724/743/1307 722/752/1307 696/175/1307
f 724/743/241 718/742/241 722/752/241
f 718/742/1308 691/34/1308 722/752/1308
f 722/741/1309 723/753/1309 696/216/1309
f 722/741/304 717/740/304 723/753/304
f 717/740/1310 695/46/1310 723/753/1310
f 708/739/1311 721/747/1311 695/46/1311
f 708/739/367 715/284/367 721/747/367
f 715/284/1312 694/43/1312 721/747/1312
f 716/738/1313 720/745/1313 694/43/1313
f 716/738/430 713/317/430 720/745/430
f 713/317/1314 693/40/1314 720/745/1314
f 714/326/1315 719/168/1315 693/40/1315
f 714/326/493 711/350/493 719/168/493
f 711/350/1316 692/172/1316 719/168/1316
f 712/737/1317 718/742/1317 692/37/1317
f 712/737/556 709/383/556 718/742/556
f 709/383/1318 691/34/1318 718/742/1318
f 710/392/1319 717/740/1319 691/34/1319
f 710/392/619 707/416/619 717/740/619
f 707/416/1320 695/46/1320 717/740/1320
f 715/284/1321 716/738/1321 694/43/1321
f 715/284/682 706/736/682 716/738/682
f 706/736/1322 689/23/1322 716/738/1322
f 713/317/1323 714/326/1323 693/40/1323
f 713/317/745 705/735/745 714/326/745
f 705/735/1324 688/20/1324 714/326/1324
f 711/350/1325 712/486/1325 692/172/1325
f 711/350/808 703/734/808 712/486/808
f 703/734/1326 687/508/1326 712/486/1326
f 709/383/1327 710/392/1327 691/34/1327
f 709/383/871 699/733/871 710/392/871
f 699/733/1328 686/4/1328 710/392/1328
f 707/416/1329 708/739/1329 695/46/1329
f 707/416/934 700/731/934 708/739/934
f 700/731/1330 690/26/1330 708/739/1330
f 701/568/1331 706/736/1331 690/26/1331
f 701/568/997 704/732/997 706/736/997
f 704/732/1332 689/23/1332 706/736/1332
f 704/601/1333 705/735/1333 689/23/1333
f 704/601/1060 702/625/1060 705/735/1060
f 702/625/1334 688/20/1334 705/735/1334
f 702/634/1335 703/734/1335 688/20/1335
f 702/634/1123 697/658/1123 703/734/1123
f 697/658/1336 687/508/1336 703/734/1336
f 700/731/1337 701/674/1337 690/26/1337
f 700/731/1186 698/692/1186 701/674/1186
f 698/692/1338 685/696/1338 701/674/1338
f 697/702/1339 699/733/1339 687/17/1339
f 697/702/1249 698/730/1249 699/733/1249
f 698/730/1340 686/4/1340 699/733/1340
f 727/1/1281 740/730/1281 739/702/1281
f 728/4/1282 740/692/1282 742/731/1282
f 727/7/1283 739/658/1283 744/634/1283
f 727/10/1284 744/625/1284 746/601/1284
f 727/13/1285 746/732/1285 743/568/1285
f 728/4/1286 742/731/1286 749/416/1286
f 729/17/1287 741/733/1287 751/383/1287
f 730/20/1288 745/734/1288 753/350/1288
f 731/23/1289 747/735/1289 755/317/1289
f 732/26/1290 748/736/1290 757/284/1290
f 728/4/1291 749/416/1291 752/392/1291
f 729/17/1292 751/383/1292 754/737/1292
f 730/20/1293 753/350/1293 756/326/1293
f 731/23/1294 755/317/1294 758/738/1294
f 732/26/1295 757/284/1295 750/739/1295
f 733/34/1296 759/740/1296 764/741/1296
f 734/37/1297 760/742/1297 766/743/1297
f 735/40/1298 761/168/1298 767/744/1298
f 736/43/1299 762/745/1299 768/746/1299
f 737/46/1300 763/747/1300 765/748/1300
f 765/748/1301 768/749/1301 738/51/1301
f 765/748/52 763/747/52 768/749/52
f 763/747/1302 736/43/1302 768/749/1302
f 768/746/1303 767/750/1303 738/92/1303
f 768/746/115 762/745/115 767/750/115
f 762/745/1304 735/40/1304 767/750/1304
f 767/744/1305 766/751/1305 738/133/1305
f 767/744/178 761/168/178 766/751/178
f 761/168/1306 734/172/1306 766/751/1306
f 766/743/1307 764/752/1307 738/175/1307
f 766/743/241 760/742/241 764/752/241
f 760/742/1308 733/34/1308 764/752/1308
f 764/741/1309 765/753/1309 738/216/1309
f 764/741/304 759/740/304 765/753/304
f 759/740/1310 737/46/1310 765/753/1310
f 750/739/1311 763/747/1311 737/46/1311
f 750/739/367 757/284/367 763/747/367
f 757/284/1312 736/43/1312 763/747/1312
f 758/738/1313 762/745/1313 736/43/1313
f 758/738/430 755/317/430 762/745/430
f 755/317/1314 735/40/1314 762/745/1314
f 756/326/1315 761/168/1315 735/40/1315
f 756/326/493 753/350/493 761/168/493
f 753/350/1316 734/172/1316 761/168/1316
f 754/737/1317 760/742/1317 734/37/1317
f 754/737/556 751/383/556 760/742/556
f 751/383/1318 733/34/1318 760/742/1318
f 752/392/1319 759/740/1319 733/34/1319
f 752/392/619 749/416/619 759/740/619
f 749/416/1320 737/46/1320 759/740/1320
f 757/284/1321 758/738/1321 736/43/1321
f 757/284/682 748/736/682 758/738/682
f 748/736/1322 731/23/1322 758/738/1322
f 755/317/1323 756/326/1323 735/40/1323
f 755/317/745 747/735/745 756/326/745
f 747/735/1324 730/20/1324 756/326/1324
f 753/350/1325 754/486/1325 734/172/1325
f 753/350/808 745/734/808 754/486/808
f 745/734/1326 729/508/1326 754/486/1326
f 751/383/1327 752/392/1327 733/34/1327
f 751/383/871 741/733/871 752/392/871
f 741/733/1328 728/4/1328 752/392/1328
f 749/416/1329 750/739/1329 737/46/1329
f 749/416/934 742/731/934 750/739/934
f 742/731/1330 732/26/1330 750/739/1330
f 743/568/1331 748/736/1331 732/26/1331
f 743/568/997 746/732/997 748/736/997
f 746/732/1332 731/23/1332 748/736/1332
f 746/601/1333 747/735/1333 731/23/1333
f 746/601/1060 744/625/1060 747/735/1060
f 744/625/1334 730/20/1334 747/735/1334
f 744/634/1335 745/734/1335 730/20/1335
f 744/634/1123 739/658/1123 745/734/1123
f 739/658/1336 729/508/1336 745/734/1336
f 742/731/1337 743/674/1337 732/26/1337
f 742/731/1186 740/692/1186 743/674/1186
f 740/692/1338 727/696/1338 743/674/1338
f 739/702/1339 741/733/1339 729/17/1339
f 739/702/1249 740/730/1249 741/733/1249
f 740/730/1340 728/4/1340 741/733/1340
f 769/1/1281 782/730/1281 781/702/1281
f 770/4/1282 782/692/1282 784/731/1282
f 769/7/1283 781/658/1283 786/634/1283
f 769/10/1284 786/625/1284 788/601/1284
f 769/13/1285 788/732/1285 785/568/1285
f 770/4/1286 784/731/1286 791/416/1286
f 771/17/1287 783/733/1287 793/383/1287
f 772/20/1288 787/734/1288 795/350/1288
f 773/23/1289 789/735/1289 797/317/1289
f 774/26/1290 790/736/1290 799/284/1290
f 770/4/1291 791/416/1291 794/392/1291
f 771/17/1292 793/383/1292 796/737/1292
f 772/20/1293 795/350/1293 798/326/1293
f 773/23/1294 797/317/1294 800/738/1294
f 774/26/1295 799/284/1295 792/739/1295
f 775/34/1296 801/740/1296 806/741/1296
f 776/37/1297 802/742/1297 808/743/1297
f 777/40/1298 803/168/1298 809/744/1298
f 778/43/1299 804/745/1299 810/746/1299
f 779/46/1300 805/747/1300 807/748/1300
f 807/748/1301 810/749/1301 780/51/1301
f 807/748/52 805/747/52 810/749/52
f 805/747/1302 778/43/1302 810/749/1302
f 810/746/1303 809/750/1303 780/92/1303
f 810/746/115 804/745/115 809/750/115
f 804/745/1304 777/40/1304 809/750/1304
f 809/744/1305 808/751/1305 780/133/1305
f 809/744/178 803/168/178 808/751/178
f 803/168/1306 776/172/1306 808/751/1306
f 808/743/1307 806/752/1307 780/175/1307
f 808/743/241 802/742/241 806/752/241
f 802/742/1308 775/34/1308 806/752/1308
f 806/741/1309 807/753/1309 780/216/1309
f 806/741/304 801/740/304 807/753/304
f 801/740/1310 779/46/1310 807/753/1310
f 792/739/1311 805/747/1311 779/46/1311
f 792/739/367 799/284/367 805/747/367
f 799/284/1312 778/43/1312 805/747/1312
f 800/738/1313 804/745/1313 778/43/1313
f 800/738/430 797/317/430 804/745/430
f 797/317/1314 777/40/1314 804/745/1314
f 798/326/1315 803/168/1315 777/40/1315
f 798/326/493 795/350/493 803/168/493
f 795/350/1316 776/172/1316 803/168/1316
f 796/737/1317 802/742/1317 776/37/1317
f 796/737/556 793/383/556 802/742/556
f 793/383/1318 775/34/1318 802/742/1318
f 794/392/1319 801/740/1319 775/34/1319
f 794/392/619 791/416/619 801/740/619
f 791/416/1320 779/46/1320 801/740/1320
f 799/284/1321 800/738/1321 778/43/1321
f 799/284/682 790/736/682 800/738/682
f 790/736/1322 773/23/1322 800/738/1322
f 797/317/1323 798/326/1323 777/40/1323
f 797/317/745 789/735/745 798/326/745
f 789/735/1324 772/20/1324 798/326/1324
f 795/350/1325 796/486/1325 776/172/1325
f 795/350/808 787/734/808 796/486/808
f 787/734/1326 771/508/1326 796/486/1326
f 793/383/1327 794/392/1327 775/34/1327
f 793/383/871 783/733/871 794/392/871
f 783/733/1328 770/4/1328 794/392/1328
f 791/416/1329 792/739/1329 779/46/1329
f 791/416/934 784/731/934 792/739/934
f 784/731/1330 774/26/1330 792/739/1330
f 785/568/1331 790/736/1331 774/26/1331
f 785/568/997 788/732/997 790/736/997
f 788/732/1332 773/23/1332 790/736/1332
f 788/601/1333 789/735/1333 773/23/1333
f 788/601/1060 786/625/1060 789/735/1060
f 786/625/1334 772/20/1334 789/735/1334
f 786/634/1335 787/734/1335 772/20/1335
f 786/634/1123 781/658/1123 787/734/1123
f 781/658/1336 771/508/1336 787/734/1336
f 784/731/1337 785/674/1337 774/26/1337
f 784/731/1186 782/692/1186 785/674/1186
f 782/692/1338 769/696/1338 785/674/1338
f 781/702/1339 783/733/1339 771/17/1339
f 781/702/1249 782/730/1249 783/733/1249
f 782/730/1340 770/4/1340 783/733/1340
f 811/1/1 830/2/1 829/3/1
f 812/4/2 836/5/2 850/6/2
f 811/7/3 829/8/3 864/9/3
f 811/10/4 864/11/4 878/12/4
f 811/13/5 878/14/5 851/15/5
f 812/4/6 850/6/6 899/16/6
f 813/17/7 843/18/7 913/19/7
f 814/20/8 871/21/8 927/22/8
f 815/23/9 885/24/9 941/25/9
f 816/26/1341 892/27/1341 955/28/1341
f 812/4/11 899/16/11 914/29/11
f 813/17/12 913/19/12 928/30/12
f 814/20/13 927/22/13 942/31/13
f 815/23/14 941/25/14 956/32/14
f 816/26/15 955/28/15 900/33/15
f 817/34/16 969/35/16 1004/36/16
f 818/37/17 976/38/17 1018/39/17
f 819/40/18 983/41/18 1025/42/18
f 820/43/19 990/44/19 1032/45/19
f 821/46/20 997/47/20 1005/48/20
f 1011/49/21 1026/50/21 822/51/21
f 1010/52/22 1033/53/22 1011/49/22
f 1009/54/23 1034/55/23 1010/52/23
f 1008/56/24 1036/57/24 1009/54/24
f 1007/58/25 1039/59/25 1008/56/25
f 1006/60/26 1043/61/26 1007/58/26
f 1005/48/27 1048/62/27 1006/60/27
f 1011/49/28 1033/53/28 1026/50/28
f 1033/53/29 1027/63/29 1026/50/29
f 1010/52/30 1034/55/30 1033/53/30
f 1034/55/31 1035/64/31 1033/53/31
f 1033/53/32 1035/64/32 1027/63/32
f 1035/64/33 1028/65/33 1027/63/33
f 1009/54/34 1036/57/34 1034/55/34
f 1036/57/35 1037/66/35 1034/55/35
f 1034/55/36 1037/66/36 1035/64/36
f 1037/66/37 1038/67/37 1035/64/37
f 1035/64/38 1038/67/38 1028/65/38
f 1038/67/39 1029/68/39 1028/65/39
f 1008/56/40 1039/59/40 1036/57/40
f 1039/59/41 1040/69/41 1036/57/41
f 1036/57/42 1040/69/42 1037/66/42
f 1040/69/43 1041/70/43 1037/66/43
f 1037/66/44 1041/70/44 1038/67/44
f 1041/70/45 1042/71/45 1038/67/45
f 1038/67/46 1042/71/46 1029/68/46
f 1042/71/47 1030/72/47 1029/68/47
f 1007/58/48 1043/61/48 1039/59/48
f 1043/61/49 1044/73/49 1039/59/49
f 1039/59/50 1044/73/50 1040/69/50
f 1044/73/51 1045/74/51 1040/69/51
f 1040/69/52 1045/74/52 1041/70/52
f 1045/74/53 1046/75/53 1041/70/53
f 1041/70/54 1046/75/54 1042/71/54
f 1046/75/55 1047/76/55 1042/71/55
f 1042/71/56 1047/76/56 1030/72/56
f 1047/76/57 1031/77/57 1030/72/57
f 1006/60/58 1048/62/58 1043/61/58
f 1048/62/59 1049/78/59 1043/61/59
f 1043/61/60 1049/78/60 1044/73/60
f 1049/78/61 1050/79/61 1044/73/61
f 1044/73/62 1050/79/62 1045/74/62
f 1050/79/63 1051/80/63 1045/74/63
f 1045/74/64 1051/80/64 1046/75/64
f 1051/80/65 1052/81/65 1046/75/65
f 1046/75/66 1052/81/66 1047/76/66
f 1052/81/67 1053/82/67 1047/76/67
f 1047/76/68 1053/82/68 1031/77/68
f 1053/82/69 1032/83/69 1031/77/69
f 1005/48/70 997/47/70 1048/62/70
f 997/47/71 996/84/71 1048/62/71
f 1048/62/72 996/84/72 1049/78/72
f 996/84/73 995/85/73 1049/78/73
f 1049/78/74 995/85/74 1050/79/74
f 995/85/75 994/86/75 1050/79/75
f 1050/79/76 994/86/76 1051/80/76
f 994/86/77 993/87/77 1051/80/77
f 1051/80/78 993/87/78 1052/81/78
f 993/87/79 992/88/79 1052/81/79
f 1052/81/80 992/88/80 1053/82/80
f 992/88/81 991/89/81 1053/82/81
f 1053/82/82 991/89/82 1032/83/82
f 991/89/83 820/43/83 1032/83/83
f 1026/90/84 1019/91/84 822/92/84
f 1027/93/85 1054/94/85 1026/90/85
f 1028/95/86 1055/96/86 1027/93/86
f 1029/97/87 1057/98/87 1028/95/87
f 1030/99/88 1060/100/88 1029/97/88
f 1031/101/89 1064/102/89 1030/99/89
f 1032/45/90 1069/103/90 1031/101/90
f 1026/90/91 1054/94/91 1019/91/91
f 1054/94/92 1020/104/92 1019/91/92
f 1027/93/93 1055/96/93 1054/94/93
f 1055/96/94 1056/105/94 1054/94/94
f 1054/94/95 1056/105/95 1020/104/95
f 1056/105/96 1021/106/96 1020/104/96
f 1028/95/97 1057/98/97 1055/96/97
f 1057/98/98 1058/107/98 1055/96/98
f 1055/96/99 1058/107/99 1056/105/99
f 1058/107/100 1059/108/100 1056/105/100
f 1056/105/101 1059/108/101 1021/106/101
f 1059/108/102 1022/109/102 1021/106/102
f 1029/97/103 1060/100/103 1057/98/103
f 1060/100/104 1061/110/104 1057/98/104
f 1057/98/105 1061/110/105 1058/107/105
f 1061/110/106 1062/111/106 1058/107/106
f 1058/107/107 1062/111/107 1059/108/107
f 1062/111/108 1063/112/108 1059/108/108
f 1059/108/109 1063/112/109 1022/109/109
f 1063/112/110 1023/113/110 1022/109/110
f 1030/99/111 1064/102/111 1060/100/111
f 1064/102/112 1065/114/112 1060/100/112
f 1060/100/113 1065/114/113 1061/110/113
f 1065/114/114 1066/115/114 1061/110/114
f 1061/110/115 1066/115/115 1062/111/115
f 1066/115/116 1067/116/116 1062/111/116
f 1062/111/117 1067/116/117 1063/112/117
f 1067/116/118 1068/117/118 1063/112/118
f 1063/112/119 1068/117/119 1023/113/119
f 1068/117/120 1024/118/120 1023/113/120
f 1031/101/121 1069/103/121 1064/102/121
f 1069/103/122 1070/119/122 1064/102/122
f 1064/102/123 1070/119/123 1065/114/123
f 1070/119/124 1071/120/124 1065/114/124
f 1065/114/125 1071/120/125 1066/115/125
f 1071/120/126 1072/121/126 1066/115/126
f 1066/115/127 1072/121/127 1067/116/127
f 1072/121/128 1073/122/128 1067/116/128
f 1067/116/129 1073/122/129 1068/117/129
f 1073/122/130 1074/123/130 1068/117/130
f 1068/117/131 1074/123/131 1024/118/131
f 1074/123/132 1025/124/132 1024/118/132
f 1032/45/133 990/44/133 1069/103/133
f 990/44/134 989/125/134 1069/103/134
f 1069/103/135 989/125/135 1070/119/135
f 989/125/136 988/126/136 1070/119/136
f 1070/119/137 988/126/137 1071/120/137
f 988/126/138 987/127/138 1071/120/138
f 1071/120/139 987/127/139 1072/121/139
f 987/127/140 986/128/140 1072/121/140
f 1072/121/141 986/128/141 1073/122/141
f 986/128/142 985/129/142 1073/122/142
f 1073/122/143 985/129/143 1074/123/143
f 985/129/144 984/130/144 1074/123/144
f 1074/123/145 984/130/145 1025/124/145
f 984/130/146 819/40/146 1025/124/146
f 1019/131/147 1012/132/147 822/133/147
f 1020/134/148 1075/135/148 1019/131/148
f 1021/136/149 1076/137/149 1020/134/149
f 1022/138/150 1078/139/150 1021/136/150
f 1023/140/151 1081/141/151 1022/138/151
f 1024/142/152 1085/143/152 1023/140/152
f 1025/42/153 1090/144/153 1024/142/153
f 1019/131/154 1075/135/154 1012/132/154
f 1075/135/155 1013/145/155 1012/132/155
f 1020/134/156 1076/137/156 1075/135/156
f 1076/137/157 1077/146/157 1075/135/157
f 1075/135/158 1077/146/158 1013/145/158
f 1077/146/159 1014/147/159 1013/145/159
f 1021/136/160 1078/139/160 1076/137/160
f 1078/139/161 1079/148/161 1076/137/161
f 1076/137/162 1079/148/162 1077/146/162
f 1079/148/163 1080/149/163 1077/146/163
f 1077/146/164 1080/149/164 1014/147/164
f 1080/149/165 1015/150/165 1014/147/165
f 1022/138/166 1081/141/166 1078/139/166
f 1081/141/167 1082/151/167 1078/139/167
f 1078/139/168 1082/151/168 1079/148/168
f 1082/151/169 1083/152/169 1079/148/169
f 1079/148/170 1083/152/170 1080/149/170
f 1083/152/1342 1084/153/1342 1080/149/1342
f 1080/149/172 1084/153/172 1015/150/172
f 1084/153/173 1016/154/173 1015/150/173
f 1023/140/174 1085/143/174 1081/141/174
f 1085/143/175 1086/155/175 1081/141/175
f 1081/141/176 1086/155/176 1082/151/176
f 1086/155/177 1087/156/177 1082/151/177
f 1082/151/178 1087/156/178 1083/152/178
f 1087/156/179 1088/157/179 1083/152/179
f 1083/152/180 1088/157/180 1084/153/180
f 1088/157/181 1089/158/181 1084/153/181
f 1084/153/182 1089/158/182 1016/154/182
f 1089/158/183 1017/159/183 1016/154/183
f 1024/142/184 1090/144/184 1085/143/184
f 1090/144/185 1091/160/185 1085/143/185
f 1085/143/186 1091/160/186 1086/155/186
f 1091/160/187 1092/161/187 1086/155/187
f 1086/155/188 1092/161/188 1087/156/188
f 1092/161/189 1093/162/189 1087/156/189
f 1087/156/190 1093/162/190 1088/157/190
f 1093/162/191 1094/163/191 1088/157/191
f 1088/157/192 1094/163/192 1089/158/192
f 1094/163/193 1095/164/193 1089/158/193
f 1089/158/194 1095/164/194 1017/159/194
f 1095/164/195 1018/165/195 1017/159/195
f 1025/42/196 983/41/196 1090/144/196
f 983/41/197 982/166/197 1090/144/197
f 1090/144/198 982/166/198 1091/160/198
f 982/166/199 981/167/199 1091/160/199
f 1091/160/200 981/167/200 1092/161/200
f 981/167/201 980/168/201 1092/161/201
f 1092/161/202 980/168/202 1093/162/202
f 980/168/203 979/169/203 1093/162/203
f 1093/162/204 979/169/204 1094/163/204
f 979/169/205 978/170/205 1094/163/205
f 1094/163/206 978/170/206 1095/164/206
f 978/170/207 977/171/207 1095/164/207
f 1095/164/208 977/171/208 1018/165/208
f 977/171/209 818/172/209 1018/165/209
f 1012/173/210 998/174/210 822/175/210
f 1013/176/211 1096/177/211 1012/173/211
f 1014/178/212 1097/179/212 1013/176/212
f 1015/180/213 1099/181/213 1014/178/213
f 1016/182/214 1102/183/214 1015/180/214
f 1017/184/215 1106/185/215 1016/182/215
f 1018/39/216 1111/186/216 1017/184/216
f 1012/173/217 1096/177/217 998/174/217
f 1096/177/218 999/187/218 998/174/218
f 1013/176/219 1097/179/219 1096/177/219
f 1097/179/220 1098/188/220 1096/177/220
f 1096/177/221 1098/188/221 999/187/221
f 1098/188/222 1000/189/222 999/187/222
f 1014/178/223 1099/181/223 1097/179/223
f 1099/181/224 1100/190/224 1097/179/224
f 1097/179/225 1100/190/225 1098/188/225
f 1100/190/226 1101/191/226 1098/188/226
f 1098/188/227 1101/191/227 1000/189/227
f 1101/191/228 1001/192/228 1000/189/228
f 1015/180/229 1102/183/229 1099/181/229
f 1102/183/230 1103/193/230 1099/181/230
f 1099/181/231 1103/193/231 1100/190/231
f 1103/193/232 1104/194/232 1100/190/232
f 1100/190/233 1104/194/233 1101/191/233
f 1104/194/234 1105/195/234 1101/191/234
f 1101/191/235 1105/195/235 1001/192/235
f 1105/195/236 1002/196/236 1001/192/236
f 1016/182/237 1106/185/237 1102/183/237
f 1106/185/238 1107/197/238 1102/183/238
f 1102/183/239 1107/197/239 1103/193/239
f 1107/197/240 1108/198/240 1103/193/240
f 1103/193/241 1108/198/241 1104/194/241
f 1108/198/242 1109/199/242 1104/194/242
f 1104/194/243 1109/199/243 1105/195/243
f 1109/199/244 1110/200/244 1105/195/244
f 1105/195/245 1110/200/245 1002/196/245
f 1110/200/246 1003/201/246 1002/196/246
f 1017/184/247 1111/186/247 1106/185/247
f 1111/186/248 1112/202/248 1106/185/248
f 1106/185/249 1112/202/249 1107/197/249
f 1112/202/250 1113/203/250 1107/197/250
f 1107/197/251 1113/203/251 1108/198/251
f 1113/203/252 1114/204/252 1108/198/252
f 1108/198/253 1114/204/253 1109/199/253
f 1114/204/254 1115/205/254 1109/199/254
f 1109/199/255 1115/205/255 1110/200/255
f 1115/205/256 1116/206/256 1110/200/256
f 1110/200/257 1116/206/257 1003/201/257
f 1116/206/258 1004/207/258 1003/201/258
f 1018/39/259 976/38/259 1111/186/259
f 976/38/260 975/208/260 1111/186/260
f 1111/186/261 975/208/261 1112/202/261
f 975/208/262 974/209/262 1112/202/262
f 1112/202/263 974/209/263 1113/203/263
f 974/209/264 973/210/264 1113/203/264
f 1113/203/265 973/210/265 1114/204/265
f 973/210/266 972/211/266 1114/204/266
f 1114/204/267 972/211/267 1115/205/267
f 972/211/268 971/212/268 1115/205/268
f 1115/205/269 971/212/269 1116/206/269
f 971/212/270 970/213/270 1116/206/270
f 1116/206/271 970/213/271 1004/207/271
f 970/213/272 817/34/272 1004/207/272
f 998/214/273 1011/215/273 822/216/273
f 999/217/274 1117/218/274 998/214/274
f 1000/219/275 1118/220/275 999/217/275
f 1001/221/276 1120/222/276 1000/219/276
f 1002/223/277 1123/224/277 1001/221/277
f 1003/225/278 1127/226/278 1002/223/278
f 1004/36/279 1132/227/279 1003/225/279
f 998/214/280 1117/218/280 1011/215/280
f 1117/218/281 1010/228/281 1011/215/281
f 999/217/282 1118/220/282 1117/218/282
f 1118/220/283 1119/229/283 1117/218/283
f 1117/218/284 1119/229/284 1010/228/284
f 1119/229/285 1009/230/285 1010/228/285
f 1000/219/286 1120/222/286 1118/220/286
f 1120/222/287 1121/231/287 1118/220/287
f 1118/220/288 1121/231/288 1119/229/288
f 1121/231/289 1122/232/289 1119/229/289
f 1119/229/290 1122/232/290 1009/230/290
f 1122/232/291 1008/233/291 1009/230/291
f 1001/221/292 1123/224/292 1120/222/292
f 1123/224/293 1124/234/293 1120/222/293
f 1120/222/294 1124/234/294 1121/231/294
f 1124/234/295 1125/235/295 1121/231/295
f 1121/231/296 1125/235/296 1122/232/296
f 1125/235/297 1126/236/297 1122/232/297
f 1122/232/298 1126/236/298 1008/233/298
f 1126/236/299 1007/237/299 1008/233/299
f 1002/223/300 1127/226/300 1123/224/300
f 1127/226/301 1128/238/301 1123/224/301
f 1123/224/302 1128/238/302 1124/234/302
f 1128/238/303 1129/239/303 1124/234/303
f 1124/234/304 1129/239/304 1125/235/304
f 1129/239/305 1130/240/305 1125/235/305
f 1125/235/306 1130/240/306 1126/236/306
f 1130/240/307 1131/241/307 1126/236/307
f 1126/236/308 1131/241/308 1007/237/308
f 1131/241/309 1006/242/309 1007/237/309
f 1003/225/310 1132/227/310 1127/226/310
f 1132/227/311 1133/243/311 1127/226/311
f 1127/226/312 1133/243/312 1128/238/312
f 1133/243/313 1134/244/313 1128/238/313
f 1128/238/314 1134/244/314 1129/239/314
f 1134/244/315 1135/245/315 1129/239/315
f 1129/239/316 1135/245/316 1130/240/316
f 1135/245/317 1136/246/317 1130/240/317
f 1130/240/318 1136/246/318 1131/241/318
f 1136/246/319 1137/247/319 1131/241/319
f 1131/241/320 1137/247/320 1006/242/320
f 1137/247/321 1005/248/321 1006/242/321
f 1004/36/322 969/35/322 1132/227/322
f 969/35/323 968/249/323 1132/227/323
f 1132/227/324 968/249/324 1133/243/324
f 968/249/325 967/250/325 1133/243/325
f 1133/243/326 967/250/326 1134/244/326
f 967/250/327 966/251/327 1134/244/327
f 1134/244/328 966/251/328 1135/245/328
f 966/251/329 965/252/329 1135/245/329
f 1135/245/330 965/252/330 1136/246/330
f 965/252/331 964/253/331 1136/246/331
f 1136/246/332 964/253/332 1137/247/332
f 964/253/333 963/254/333 1137/247/333
f 1137/247/334 963/254/334 1005/248/334
f 963/254/335 821/46/335 1005/248/335
f 906/255/336 997/47/336 821/46/336
f 905/256/337 1138/257/337 906/255/337
f 904/258/338 1139/259/338 905/256/338
f 903/260/339 1141/261/339 904/258/339
f 902/262/340 1144/263/340 903/260/340
f 901/264/341 1148/265/341 902/262/341
f 900/33/342 1153/266/342 901/264/342
f 906/255/343 1138/257/343 997/47/343
f 1138/257/344 996/84/344 997/47/344
f 905/256/345 1139/259/345 1138/257/345
f 1139/259/346 1140/267/346 1138/257/346
f 1138/257/347 1140/267/347 996/84/347
f 1140/267/348 995/85/348 996/84/348
f 904/258/349 1141/261/349 1139/259/349
f 1141/261/350 1142/268/350 1139/259/350
f 1139/259/351 1142/268/351 1140/267/351
f 1142/268/352 1143/269/352 1140/267/352
f 1140/267/353 1143/269/353 995/85/353
f 1143/269/354 994/86/354 995/85/354
f 903/260/355 1144/263/355 1141/261/355
f 1144/263/356 1145/270/356 1141/261/356
f 1141/261/357 1145/270/357 1142/268/357
f 1145/270/358 1146/271/358 1142/268/358
f 1142/268/359 1146/271/359 1143/269/359
f 1146/271/360 1147/272/360 1143/269/360
f 1143/269/361 1147/272/361 994/86/361
f 1147/272/362 993/87/362 994/86/362
f 902/262/363 1148/265/363 1144/263/363
f 1148/265/364 1149/273/364 1144/263/364
f 1144/263/365 1149/273/365 1145/270/365
f 1149/273/366 1150/274/366 1145/270/366
f 1145/270/367 1150/274/367 1146/271/367
f 1150/274/368 1151/275/368 1146/271/368
f 1146/271/369 1151/275/369 1147/272/369
f 1151/275/370 1152/276/370 1147/272/370
f 1147/272/371 1152/276/371 993/87/371
f 1152/276/1343 992/88/1343 993/87/1343
f 901/264/373 1153/266/373 1148/265/373
f 1153/266/374 1154/277/374 1148/265/374
f 1148/265/375 1154/277/375 1149/273/375
f 1154/277/376 1155/278/376 1149/273/376
f 1149/273/377 1155/278/377 1150/274/377
f 1155/278/378 1156/279/378 1150/274/378
f 1150/274/379 1156/279/379 1151/275/379
f 1156/279/380 1157/280/380 1151/275/380
f 1151/275/381 1157/280/381 1152/276/381
f 1157/280/382 1158/281/382 1152/276/382
f 1152/276/383 1158/281/383 992/88/383
f 1158/281/384 991/89/384 992/88/384
f 900/33/385 955/28/385 1153/266/385
f 955/28/386 954/282/386 1153/266/386
f 1153/266/387 954/282/387 1154/277/387
f 954/282/388 953/283/388 1154/277/388
f 1154/277/389 953/283/389 1155/278/389
f 953/283/390 952/284/390 1155/278/390
f 1155/278/391 952/284/391 1156/279/391
f 952/284/392 951/285/392 1156/279/392
f 1156/279/393 951/285/393 1157/280/393
f 951/285/394 950/286/394 1157/280/394
f 1157/280/395 950/286/395 1158/281/395
f 950/286/396 949/287/396 1158/281/396
f 1158/281/397 949/287/397 991/89/397
f 949/287/398 820/43/398 991/89/398
f 962/288/399 990/44/399 820/43/399
f 961/289/400 1159/290/400 962/288/400
f 960/291/401 1160/292/401 961/289/401
f 959/293/402 1162/294/402 960/291/402
f 958/295/403 1165/296/403 959/293/403
f 957/297/404 1169/298/404 958/295/404
f 956/32/405 1174/299/405 957/297/405
f 962/288/406 1159/290/406 990/44/406
f 1159/290/407 989/125/407 990/44/407
f 961/289/408 1160/292/408 1159/290/408
f 1160/292/409 1161/300/409 1159/290/409
f 1159/290/410 1161/300/410 989/125/410
f 1161/300/411 988/126/411 989/125/411
f 960/291/412 1162/294/412 1160/292/412
f 1162/294/413 1163/301/413 1160/292/413
f 1160/292/414 1163/301/414 1161/300/414
f 1163/301/415 1164/302/415 1161/300/415
f 1161/300/416 1164/302/416 988/126/416
f 1164/302/417 987/127/417 988/126/417
f 959/293/418 1165/296/418 1162/294/418
f 1165/296/419 1166/303/419 1162/294/419
f 1162/294/420 1166/303/420 1163/301/420
f 1166/303/421 1167/304/421 1163/301/421
f 1163/301/422 1167/304/422 1164/302/422
f 1167/304/423 1168/305/423 1164/302/423
f 1164/302/424 1168/305/424 987/127/424
f 1168/305/425 986/128/425 987/127/425
f 958/295/426 1169/298/426 1165/296/426
f 1169/298/427 1170/306/427 1165/296/427
f 1165/296/428 1170/306/428 1166/303/428
f 1170/306/429 1171/307/429 1166/303/429
f 1166/303/430 1171/307/430 1167/304/430
f 1171/307/431 1172/308/431 1167/304/431
f 1167/304/432 1172/308/432 1168/305/432
f 1172/308/433 1173/309/433 1168/305/433
f 1168/305/434 1173/309/434 986/128/434
f 1173/309/435 985/129/435 986/128/435
f 957/297/436 1174/299/436 1169/298/436
f 1174/299/437 1175/310/437 1169/298/437
f 1169/298/438 1175/310/438 1170/306/438
f 1175/310/439 1176/311/439 1170/306/439
f 1170/306/440 1176/311/440 1171/307/440
f 1176/311/441 1177/312/441 1171/307/441
f 1171/307/442 1177/312/442 1172/308/442
f 1177/312/443 1178/313/443 1172/308/443
f 1172/308/444 1178/313/444 1173/309/444
f 1178/313/445 1179/314/445 1173/309/445
f 1173/309/446 1179/314/446 985/129/446
f 1179/314/447 984/130/447 985/129/447
f 956/32/448 941/25/448 1174/299/448
f 941/25/449 940/315/449 1174/299/449
f 1174/299/450 940/315/450 1175/310/450
f 940/315/451 939/316/451 1175/310/451
f 1175/310/452 939/316/452 1176/311/452
f 939/316/453 938/317/453 1176/311/453
f 1176/311/454 938/317/454 1177/312/454
f 938/317/455 937/318/455 1177/312/455
f 1177/312/456 937/318/456 1178/313/456
f 937/318/457 936/319/457 1178/313/457
f 1178/313/458 936/319/458 1179/314/458
f 936/319/459 935/320/459 1179/314/459
f 1179/314/460 935/320/460 984/130/460
f 935/320/1344 819/40/1344 984/130/1344
f 948/321/462 983/41/462 819/40/462
f 947/322/463 1180/323/463 948/321/463
f 946/324/464 1181/325/464 947/322/464
f 945/326/465 1183/327/465 946/324/465
f 944/328/466 1186/329/466 945/326/466
f 943/330/467 1190/331/467 944/328/467
f 942/31/468 1195/332/468 943/330/468
f 948/321/469 1180/323/469 983/41/469
f 1180/323/470 982/166/470 983/41/470
f 947/322/471 1181/325/471 1180/323/471
f 1181/325/472 1182/333/472 1180/323/472
f 1180/323/473 1182/333/473 982/166/473
f 1182/333/474 981/167/474 982/166/474
f 946/324/475 1183/327/475 1181/325/475
f 1183/327/476 1184/334/476 1181/325/476
f 1181/325/477 1184/334/477 1182/333/477
f 1184/334/478 1185/335/478 1182/333/478
f 1182/333/479 1185/335/479 981/167/479
f 1185/335/480 980/168/480 981/167/480
f 945/326/481 1186/329/481 1183/327/481
f 1186/329/482 1187/336/482 1183/327/482
f 1183/327/483 1187/336/483 1184/334/483
f 1187/336/484 1188/337/484 1184/334/484
f 1184/334/485 1188/337/485 1185/335/485
f 1188/337/486 1189/338/486 1185/335/486
f 1185/335/487 1189/338/487 980/168/487
f 1189/338/488 979/169/488 980/168/488
f 944/328/489 1190/331/489 1186/329/489
f 1190/331/490 1191/339/490 1186/329/490
f 1186/329/491 1191/339/491 1187/336/491
f 1191/339/492 1192/340/492 1187/336/492
f 1187/336/493 1192/340/493 1188/337/493
f 1192/340/494 1193/341/494 1188/337/494
f 1188/337/495 1193/341/495 1189/338/495
f 1193/341/496 1194/342/496 1189/338/496
f 1189/338/497 1194/342/497 979/169/497
f 1194/342/498 978/170/498 979/169/498
f 943/330/499 1195/332/499 1190/331/499
f 1195/332/500 1196/343/500 1190/331/500
f 1190/331/501 1196/343/501 1191/339/501
f 1196/343/502 1197/344/502 1191/339/502
f 1191/339/503 1197/344/503 1192/340/503
f 1197/344/504 1198/345/504 1192/340/504
f 1192/340/505 1198/345/505 1193/341/505
f 1198/345/506 1199/346/506 1193/341/506
f 1193/341/507 1199/346/507 1194/342/507
f 1199/346/508 1200/347/508 1194/342/508
f 1194/342/509 1200/347/509 978/170/509
f 1200/347/510 977/171/510 978/170/510
f 942/31/511 927/22/511 1195/332/511
f 927/22/512 926/348/512 1195/332/512
f 1195/332/513 926/348/513 1196/343/513
f 926/348/514 925/349/514 1196/343/514
f 1196/343/515 925/349/515 1197/344/515
f 925/349/516 924/350/516 1197/344/516
f 1197/344/517 924/350/517 1198/345/517
f 924/350/518 923/351/518 1198/345/518
f 1198/345/519 923/351/519 1199/346/519
f 923/351/520 922/352/520 1199/346/520
f 1199/346/521 922/352/521 1200/347/521
f 922/352/522 921/353/522 1200/347/522
f 1200/347/523 921/353/523 977/171/523
f 921/353/524 818/172/524 977/171/524
f 934/354/1345 976/38/1345 818/37/1345
f 933/355/526 1201/356/526 934/354/526
f 932/357/527 1202/358/527 933/355/527
f 931/359/528 1204/360/528 932/357/528
f 930/361/529 1207/362/529 931/359/529
f 929/363/530 1211/364/530 930/361/530
f 928/30/531 1216/365/531 929/363/531
f 934/354/532 1201/356/532 976/38/532
f 1201/356/533 975/208/533 976/38/533
f 933/355/534 1202/358/534 1201/356/534
f 1202/358/535 1203/366/535 1201/356/535
f 1201/356/536 1203/366/536 975/208/536
f 1203/366/537 974/209/537 975/208/537
f 932/357/538 1204/360/538 1202/358/538
f 1204/360/539 1205/367/539 1202/358/539
f 1202/358/540 1205/367/540 1203/366/540
f 1205/367/541 1206/368/541 1203/366/541
f 1203/366/542 1206/368/542 974/209/542
f 1206/368/543 973/210/543 974/209/543
f 931/359/1346 1207/362/1346 1204/360/1346
f 1207/362/545 1208/369/545 1204/360/545
f 1204/360/546 1208/369/546 1205/367/546
f 1208/369/547 1209/370/547 1205/367/547
f 1205/367/548 1209/370/548 1206/368/548
f 1209/370/549 1210/371/549 1206/368/549
f 1206/368/550 1210/371/550 973/210/550
f 1210/371/551 972/211/551 973/210/551
f 930/361/552 1211/364/552 1207/362/552
f 1211/364/553 1212/372/553 1207/362/553
f 1207/362/554 1212/372/554 1208/369/554
f 1212/372/555 1213/373/555 1208/369/555
f 1208/369/556 1213/373/556 1209/370/556
f 1213/373/557 1214/374/557 1209/370/557
f 1209/370/558 1214/374/558 1210/371/558
f 1214/374/559 1215/375/559 1210/371/559
f 1210/371/560 1215/375/560 972/211/560
f 1215/375/561 971/212/561 972/211/561
f 929/363/562 1216/365/562 1211/364/562
f 1216/365/563 1217/376/563 1211/364/563
f 1211/364/564 1217/376/564 1212/372/564
f 1217/376/565 1218/377/565 1212/372/565
f 1212/372/566 1218/377/566 1213/373/566
f 1218/377/567 1219/378/567 1213/373/567
f 1213/373/568 1219/378/568 1214/374/568
f 1219/378/569 1220/379/569 1214/374/569
f 1214/374/570 1220/379/570 1215/375/570
f 1220/379/571 1221/380/571 1215/375/571
f 1215/375/572 1221/380/572 971/212/572
f 1221/380/573 970/213/573 971/212/573
f 928/30/574 913/19/574 1216/365/574
f 913/19/575 912/381/575 1216/365/575
f 1216/365/576 912/381/576 1217/376/576
f 912/381/577 911/382/577 1217/376/577
f 1217/376/578 911/382/578 1218/377/578
f 911/382/579 910/383/579 1218/377/579
f 1218/377/580 910/383/580 1219/378/580
f 910/383/581 909/384/581 1219/378/581
f 1219/378/582 909/384/582 1220/379/582
f 909/384/583 908/385/583 1220/379/583
f 1220/379/584 908/385/584 1221/380/584
f 908/385/585 907/386/585 1221/380/585
f 1221/380/586 907/386/586 970/213/586
f 907/386/587 817/34/587 970/213/587
f 920/387/588 969/35/588 817/34/588
f 919/388/589 1222/389/589 920/387/589
f 918/390/590 1223/391/590 919/388/590
f 917/392/591 1225/393/591 918/390/591
f 916/394/592 1228/395/592 917/392/592
f 915/396/593 1232/397/593 916/394/593
f 914/29/594 1237/398/594 915/396/594
f 920/387/595 1222/389/595 969/35/595
f 1222/389/596 968/249/596 969/35/596
f 919/388/597 1223/391/597 1222/389/597
f 1223/391/598 1224/399/598 1222/389/598
f 1222/389/599 1224/399/599 968/249/599
f 1224/399/1347 967/250/1347 968/249/1347
f 918/390/601 1225/393/601 1223/391/601
f 1225/393/602 1226/400/602 1223/391/602
f 1223/391/603 1226/400/603 1224/399/603
f 1226/400/604 1227/401/604 1224/399/604
f 1224/399/605 1227/401/605 967/250/605
f 1227/401/606 966/251/606 967/250/606
f 917/392/607 1228/395/607 1225/393/607
f 1228/395/608 1229/402/608 1225/393/608
f 1225/393/609 1229/402/609 1226/400/609
f 1229/402/610 1230/403/610 1226/400/610
f 1226/400/611 1230/403/611 1227/401/611
f 1230/403/612 1231/404/612 1227/401/612
f 1227/401/613 1231/404/613 966/251/613
f 1231/404/614 965/252/614 966/251/614
f 916/394/615 1232/397/615 1228/395/615
f 1232/397/616 1233/405/616 1228/395/616
f 1228/395/617 1233/405/617 1229/402/617
f 1233/405/618 1234/406/618 1229/402/618
f 1229/402/619 1234/406/619 1230/403/619
f 1234/406/1348 1235/407/1348 1230/403/1348
f 1230/403/621 1235/407/621 1231/404/621
f 1235/407/622 1236/408/622 1231/404/622
f 1231/404/623 1236/408/623 965/252/623
f 1236/408/624 964/253/624 965/252/624
f 915/396/625 1237/398/625 1232/397/625
f 1237/398/626 1238/409/626 1232/397/626
f 1232/397/627 1238/409/627 1233/405/627
f 1238/409/628 1239/410/628 1233/405/628
f 1233/405/629 1239/410/629 1234/406/629
f 1239/410/630 1240/411/630 1234/406/630
f 1234/406/631 1240/411/631 1235/407/631
f 1240/411/632 1241/412/632 1235/407/632
f 1235/407/633 1241/412/633 1236/408/633
f 1241/412/634 1242/413/634 1236/408/634
f 1236/408/635 1242/413/635 964/253/635
f 1242/413/636 963/254/636 964/253/636
f 914/29/637 899/16/637 1237/398/637
f 899/16/638 898/414/638 1237/398/638
f 1237/398/639 898/414/639 1238/409/639
f 898/414/640 897/415/640 1238/409/640
f 1238/409/641 897/415/641 1239/410/641
f 897/415/642 896/416/642 1239/410/642
f 1239/410/643 896/416/643 1240/411/643
f 896/416/644 895/417/644 1240/411/644
f 1240/411/645 895/417/645 1241/412/645
f 895/417/646 894/418/646 1241/412/646
f 1241/412/647 894/418/647 1242/413/647
f 894/418/648 893/419/648 1242/413/648
f 1242/413/649 893/419/649 963/254/649
f 893/419/1349 821/46/1349 963/254/1349
f 949/287/651 962/288/651 820/43/651
f 950/286/652 1243/420/652 949/287/652
f 951/285/653 1244/421/653 950/286/653
f 952/284/654 1246/422/654 951/285/654
f 953/283/655 1249/423/655 952/284/655
f 954/282/656 1253/424/656 953/283/656
f 955/28/657 1258/425/657 954/282/657
f 949/287/658 1243/420/658 962/288/658
f 1243/420/659 961/289/659 962/288/659
f 950/286/660 1244/421/660 1243/420/660
f 1244/421/661 1245/426/661 1243/420/661
f 1243/420/662 1245/426/662 961/289/662
f 1245/426/663 960/291/663 961/289/663
f 951/285/664 1246/422/664 1244/421/664
f 1246/422/665 1247/427/665 1244/421/665
f 1244/421/666 1247/427/666 1245/426/666
f 1247/427/667 1248/428/667 1245/426/667
f 1245/426/668 1248/428/668 960/291/668
f 1248/428/669 959/293/669 960/291/669
f 952/284/670 1249/423/670 1246/422/670
f 1249/423/671 1250/429/671 1246/422/671
f 1246/422/672 1250/429/672 1247/427/672
f 1250/429/673 1251/430/673 1247/427/673
f 1247/427/674 1251/430/674 1248/428/674
f 1251/430/675 1252/431/675 1248/428/675
f 1248/428/676 1252/431/676 959/293/676
f 1252/431/677 958/295/677 959/293/677
f 953/283/678 1253/424/678 1249/423/678
f 1253/424/679 1254/432/679 1249/423/679
f 1249/423/680 1254/432/680 1250/429/680
f 1254/432/681 1255/433/681 1250/429/681
f 1250/429/682 1255/433/682 1251/430/682
f 1255/433/683 1256/434/683 1251/430/683
f 1251/430/684 1256/434/684 1252/431/684
f 1256/434/685 1257/435/685 1252/431/685
f 1252/431/686 1257/435/686 958/295/686
f 1257/435/687 957/297/687 958/295/687
f 954/282/688 1258/425/688 1253/424/688
f 1258/425/689 1259/436/689 1253/424/689
f 1253/424/690 1259/436/690 1254/432/690
f 1259/436/691 1260/437/691 1254/432/691
f 1254/432/692 1260/437/692 1255/433/692
f 1260/437/693 1261/438/693 1255/433/693
f 1255/433/694 1261/438/694 1256/434/694
f 1261/438/695 1262/439/695 1256/434/695
f 1256/434/696 1262/439/696 1257/435/696
f 1262/439/697 1263/440/697 1257/435/697
f 1257/435/698 1263/440/698 957/297/698
f 1263/440/699 956/32/699 957/297/699
f 955/28/700 892/27/700 1258/425/700
f 892/27/701 891/441/701 1258/425/701
f 1258/425/702 891/441/702 1259/436/702
f 891/441/1350 890/442/1350 1259/436/1350
f 1259/436/704 890/442/704 1260/437/704
f 890/442/705 889/443/705 1260/437/705
f 1260/437/706 889/443/706 1261/438/706
f 889/443/707 888/444/707 1261/438/707
f 1261/438/708 888/444/708 1262/439/708
f 888/444/709 887/445/709 1262/439/709
f 1262/439/710 887/445/710 1263/440/710
f 887/445/711 886/446/711 1263/440/711
f 1263/440/712 886/446/712 956/32/712
f 886/446/713 815/23/713 956/32/713
f 935/320/714 948/321/714 819/40/714
f 936/319/715 1264/447/715 935/320/715
f 937/318/716 1265/448/716 936/319/716
f 938/317/717 1267/449/717 937/318/717
f 939/316/718 1270/450/718 938/317/718
f 940/315/719 1274/451/719 939/316/719
f 941/25/720 1279/452/720 940/315/720
f 935/320/721 1264/447/721 948/321/721
f 1264/447/722 947/322/722 948/321/722
f 936/319/723 1265/448/723 1264/447/723
f 1265/448/724 1266/453/724 1264/447/724
f 1264/447/725 1266/453/725 947/322/725
f 1266/453/726 946/324/726 947/322/726
f 937/318/727 1267/449/727 1265/448/727
f 1267/449/728 1268/454/728 1265/448/728
f 1265/448/729 1268/454/729 1266/453/729
f 1268/454/730 1269/455/730 1266/453/730
f 1266/453/731 1269/455/731 946/324/731
f 1269/455/732 945/326/732 946/324/732
f 938/317/733 1270/450/733 1267/449/733
f 1270/450/734 1271/456/734 1267/449/734
f 1267/449/735 1271/456/735 1268/454/735
f 1271/456/736 1272/457/736 1268/454/736
f 1268/454/737 1272/457/737 1269/455/737
f 1272/457/738 1273/458/738 1269/455/738
f 1269/455/739 1273/458/739 945/326/739
f 1273/458/740 944/328/740 945/326/740
f 939/316/741 1274/451/741 1270/450/741
f 1274/451/742 1275/459/742 1270/450/742
f 1270/450/1351 1275/459/1351 1271/456/1351
f 1275/459/744 1276/460/744 1271/456/744
f 1271/456/1352 1276/460/1352 1272/457/1352
f 1276/460/1353 1277/461/1353 1272/457/1353
f 1272/457/747 1277/461/747 1273/458/747
f 1277/461/748 1278/462/748 1273/458/748
f 1273/458/749 1278/462/749 944/328/749
f 1278/462/750 943/330/750 944/328/750
f 940/315/751 1279/452/751 1274/451/751
f 1279/452/752 1280/463/752 1274/451/752
f 1274/451/753 1280/463/753 1275/459/753
f 1280/463/754 1281/464/754 1275/459/754
f 1275/459/755 1281/464/755 1276/460/755
f 1281/464/756 1282/465/756 1276/460/756
f 1276/460/757 1282/465/757 1277/461/757
f 1282/465/758 1283/466/758 1277/461/758
f 1277/461/759 1283/466/759 1278/462/759
f 1283/466/760 1284/467/760 1278/462/760
f 1278/462/761 1284/467/761 943/330/761
f 1284/467/762 942/31/762 943/330/762
f 941/25/763 885/24/763 1279/452/763
f 885/24/764 884/468/764 1279/452/764
f 1279/452/765 884/468/765 1280/463/765
f 884/468/1354 883/469/1354 1280/463/1354
f 1280/463/767 883/469/767 1281/464/767
f 883/469/768 882/470/768 1281/464/768
f 1281/464/769 882/470/769 1282/465/769
f 882/470/770 881/471/770 1282/465/770
f 1282/465/771 881/471/771 1283/466/771
f 881/471/772 880/472/772 1283/466/772
f 1283/466/773 880/472/773 1284/467/773
f 880/472/774 879/473/774 1284/467/774
f 1284/467/775 879/473/775 942/31/775
f 879/473/776 814/20/776 942/31/776
f 921/353/777 934/474/777 818/172/777
f 922/352/778 1285/475/778 921/353/778
f 923/351/779 1286/476/779 922/352/779
f 924/350/780 1288/477/780 923/351/780
f 925/349/781 1291/478/781 924/350/781
f 926/348/782 1295/479/782 925/349/782
f 927/22/783 1300/480/783 926/348/783
f 921/353/784 1285/475/784 934/474/784
f 1285/475/785 933/481/785 934/474/785
f 922/352/786 1286/476/786 1285/475/786
f 1286/476/787 1287/482/787 1285/475/787
f 1285/475/788 1287/482/788 933/481/788
f 1287/482/789 932/483/789 933/481/789
f 923/351/790 1288/477/790 1286/476/790
f 1288/477/791 1289/484/791 1286/476/791
f 1286/476/792 1289/484/792 1287/482/792
f 1289/484/793 1290/485/793 1287/482/793
f 1287/482/794 1290/485/794 932/483/794
f 1290/485/795 931/486/795 932/483/795
f 924/350/796 1291/478/796 1288/477/796
f 1291/478/797 1292/487/797 1288/477/797
f 1288/477/798 1292/487/798 1289/484/798
f 1292/487/799 1293/488/799 1289/484/799
f 1289/484/800 1293/488/800 1290/485/800
f 1293/488/801 1294/489/801 1290/485/801
f 1290/485/802 1294/489/802 931/486/802
f 1294/489/803 930/490/803 931/486/803
f 925/349/804 1295/479/804 1291/478/804
f 1295/479/805 1296/491/805 1291/478/805
f 1291/478/806 1296/491/806 1292/487/806
f 1296/491/1355 1297/492/1355 1292/487/1355
f 1292/487/808 1297/492/808 1293/488/808
f 1297/492/809 1298/493/809 1293/488/809
f 1293/488/810 1298/493/810 1294/489/810
f 1298/493/811 1299/494/811 1294/489/811
f 1294/489/812 1299/494/812 930/490/812
f 1299/494/813 929/495/813 930/490/813
f 926/348/814 1300/480/814 1295/479/814
f 1300/480/815 1301/496/815 1295/479/815
f 1295/479/816 1301/496/816 1296/491/816
f 1301/496/817 1302/497/817 1296/491/817
f 1296/491/818 1302/497/818 1297/492/818
f 1302/497/819 1303/498/819 1297/492/819
f 1297/492/820 1303/498/820 1298/493/820
f 1303/498/821 1304/499/821 1298/493/821
f 1298/493/822 1304/499/822 1299/494/822
f 1304/499/823 1305/500/823 1299/494/823
f 1299/494/824 1305/500/824 929/495/824
f 1305/500/825 928/501/825 929/495/825
f 927/22/826 871/21/826 1300/480/826
f 871/21/827 870/502/827 1300/480/827
f 1300/480/828 870/502/828 1301/496/828
f 870/502/829 869/503/829 1301/496/829
f 1301/496/1356 869/503/1356 1302/497/1356
f 869/503/831 868/504/831 1302/497/831
f 1302/497/832 868/504/832 1303/498/832
f 868/504/833 867/505/833 1303/498/833
f 1303/498/834 867/505/834 1304/499/834
f 867/505/1357 866/506/1357 1304/499/1357
f 1304/499/836 866/506/836 1305/500/836
f 866/506/837 865/507/837 1305/500/837
f 1305/500/838 865/507/838 928/501/838
f 865/507/839 813/508/839 928/501/839
f 907/386/840 920/387/840 817/34/840
f 908/385/841 1306/509/841 907/386/841
f 909/384/842 1307/510/842 908/385/842
f 910/383/843 1309/511/843 909/384/843
f 911/382/844 1312/512/844 910/383/844
f 912/381/845 1316/513/845 911/382/845
f 913/19/846 1321/514/846 912/381/846
f 907/386/847 1306/509/847 920/387/847
f 1306/509/848 919/388/848 920/387/848
f 908/385/849 1307/510/849 1306/509/849
f 1307/510/850 1308/515/850 1306/509/850
f 1306/509/851 1308/515/851 919/388/851
f 1308/515/852 918/390/852 919/388/852
f 909/384/853 1309/511/853 1307/510/853
f 1309/511/854 1310/516/854 1307/510/854
f 1307/510/855 1310/516/855 1308/515/855
f 1310/516/856 1311/517/856 1308/515/856
f 1308/515/857 1311/517/857 918/390/857
f 1311/517/858 917/392/858 918/390/858
f 910/383/859 1312/512/859 1309/511/859
f 1312/512/860 1313/518/860 1309/511/860
f 1309/511/861 1313/518/861 1310/516/861
f 1313/518/862 1314/519/862 1310/516/862
f 1310/516/863 1314/519/863 1311/517/863
f 1314/519/864 1315/520/864 1311/517/864
f 1311/517/865 1315/520/865 917/392/865
f 1315/520/866 916/394/866 917/392/866
f 911/382/867 1316/513/867 1312/512/867
f 1316/513/868 1317/521/868 1312/512/868
f 1312/512/869 1317/521/869 1313/518/869
f 1317/521/870 1318/522/870 1313/518/870
f 1313/518/871 1318/522/871 1314/519/871
f 1318/522/872 1319/523/872 1314/519/872
f 1314/519/873 1319/523/873 1315/520/873
f 1319/523/874 1320/524/874 1315/520/874
f 1315/520/875 1320/524/875 916/394/875
f 1320/524/876 915/396/876 916/394/876
f 912/381/877 1321/514/877 1316/513/877
f 1321/514/878 1322/525/878 1316/513/878
f 1316/513/879 1322/525/879 1317/521/879
f 1322/525/880 1323/526/880 1317/521/880
f 1317/521/881 1323/526/881 1318/522/881
f 1323/526/882 1324/527/882 1318/522/882
f 1318/522/883 1324/527/883 1319/523/883
f 1324/527/884 1325/528/884 1319/523/884
f 1319/523/885 1325/528/885 1320/524/885
f 1325/528/886 1326/529/886 1320/524/886
f 1320/524/887 1326/529/887 915/396/887
f 1326/529/888 914/29/888 915/396/888
f 913/19/889 843/18/889 1321/514/889
f 843/18/890 842/530/890 1321/514/890
f 1321/514/891 842/530/891 1322/525/891
f 842/530/892 841/531/892 1322/525/892
f 1322/525/893 841/531/893 1323/526/893
f 841/531/894 840/532/894 1323/526/894
f 1323/526/895 840/532/895 1324/527/895
f 840/532/896 839/533/896 1324/527/896
f 1324/527/897 839/533/897 1325/528/897
f 839/533/898 838/534/898 1325/528/898
f 1325/528/899 838/534/899 1326/529/899
f 838/534/900 837/535/900 1326/529/900
f 1326/529/901 837/535/901 914/29/901
f 837/535/1358 812/4/1358 914/29/1358
f 893/419/903 906/255/903 821/46/903
f 894/418/904 1327/536/904 893/419/904
f 895/417/905 1328/537/905 894/418/905
f 896/416/906 1330/538/906 895/417/906
f 897/415/907 1333/539/907 896/416/907
f 898/414/908 1337/540/908 897/415/908
f 899/16/909 1342/541/909 898/414/909
f 893/419/910 1327/536/910 906/255/910
f 1327/536/911 905/256/911 906/255/911
f 894/418/912 1328/537/912 1327/536/912
f 1328/537/913 1329/542/913 1327/536/913
f 1327/536/914 1329/542/914 905/256/914
f 1329/542/915 904/258/915 905/256/915
f 895/417/916 1330/538/916 1328/537/916
f 1330/538/917 1331/543/917 1328/537/917
f 1328/537/918 1331/543/918 1329/542/918
f 1331/543/919 1332/544/919 1329/542/919
f 1329/542/920 1332/544/920 904/258/920
f 1332/544/921 903/260/921 904/258/921
f 896/416/922 1333/539/922 1330/538/922
f 1333/539/923 1334/545/923 1330/538/923
f 1330/538/924 1334/545/924 1331/543/924
f 1334/545/925 1335/546/925 1331/543/925
f 1331/543/926 1335/546/926 1332/544/926
f 1335/546/927 1336/547/927 1332/544/927
f 1332/544/928 1336/547/928 903/260/928
f 1336/547/929 902/262/929 903/260/929
f 897/415/930 1337/540/930 1333/539/930
f 1337/540/931 1338/548/931 1333/539/931
f 1333/539/932 1338/548/932 1334/545/932
f 1338/548/933 1339/549/933 1334/545/933
f 1334/545/934 1339/549/934 1335/546/934
f 1339/549/935 1340/550/935 1335/546/935
f 1335/546/936 1340/550/936 1336/547/936
f 1340/550/937 1341/551/937 1336/547/937
f 1336/547/938 1341/551/938 902/262/938
f 1341/551/939 901/264/939 902/262/939
f 898/414/940 1342/541/940 1337/540/940
f 1342/541/941 1343/552/941 1337/540/941
f 1337/540/942 1343/552/942 1338/548/942
f 1343/552/943 1344/553/943 1338/548/943
f 1338/548/944 1344/553/944 1339/549/944
f 1344/553/945 1345/554/945 1339/549/945
f 1339/549/946 1345/554/946 1340/550/946
f 1345/554/947 1346/555/947 1340/550/947
f 1340/550/948 1346/555/948 1341/551/948
f 1346/555/949 1347/556/949 1341/551/949
f 1341/551/950 1347/556/950 901/264/950
f 1347/556/951 900/33/951 901/264/951
f 899/16/952 850/6/952 1342/541/952
f 850/6/953 849/557/953 1342/541/953
f 1342/541/954 849/557/954 1343/552/954
f 849/557/955 848/558/955 1343/552/955
f 1343/552/956 848/558/956 1344/553/956
f 848/558/957 847/559/957 1344/553/957
f 1344/553/958 847/559/958 1345/554/958
f 847/559/959 846/560/959 1345/554/959
f 1345/554/960 846/560/960 1346/555/960
f 846/560/961 845/561/961 1346/555/961
f 1346/555/962 845/561/962 1347/556/962
f 845/561/963 844/562/963 1347/556/963
f 1347/556/964 844/562/964 900/33/964
f 844/562/965 816/26/965 900/33/965
f 857/563/966 892/27/966 816/26/966
f 856/564/967 1348/565/967 857/563/967
f 855/566/968 1349/567/968 856/564/968
f 854/568/969 1351/569/969 855/566/969
f 853/570/970 1354/571/970 854/568/970
f 852/572/971 1358/573/971 853/570/971
f 851/15/972 1363/574/972 852/572/972
f 857/563/973 1348/565/973 892/27/973
f 1348/565/974 891/441/974 892/27/974
f 856/564/975 1349/567/975 1348/565/975
f 1349/567/976 1350/575/976 1348/565/976
f 1348/565/977 1350/575/977 891/441/977
f 1350/575/978 890/442/978 891/441/978
f 855/566/979 1351/569/979 1349/567/979
f 1351/569/980 1352/576/980 1349/567/980
f 1349/567/981 1352/576/981 1350/575/981
f 1352/576/982 1353/577/982 1350/575/982
f 1350/575/983 1353/577/983 890/442/983
f 1353/577/984 889/443/984 890/442/984
f 854/568/985 1354/571/985 1351/569/985
f 1354/571/986 1355/578/986 1351/569/986
f 1351/569/987 1355/578/987 1352/576/987
f 1355/578/988 1356/579/988 1352/576/988
f 1352/576/989 1356/579/989 1353/577/989
f 1356/579/990 1357/580/990 1353/577/990
f 1353/577/991 1357/580/991 889/443/991
f 1357/580/992 888/444/992 889/443/992
f 853/570/993 1358/573/993 1354/571/993
f 1358/573/994 1359/581/994 1354/571/994
f 1354/571/995 1359/581/995 1355/578/995
f 1359/581/996 1360/582/996 1355/578/996
f 1355/578/997 1360/582/997 1356/579/997
f 1360/582/998 1361/583/998 1356/579/998
f 1356/579/999 1361/583/999 1357/580/999
f 1361/583/1000 1362/584/1000 1357/580/1000
f 1357/580/1001 1362/584/1001 888/444/1001
f 1362/584/1002 887/445/1002 888/444/1002
f 852/572/1003 1363/574/1003 1358/573/1003
f 1363/574/1004 1364/585/1004 1358/573/1004
f 1358/573/1005 1364/585/1005 1359/581/1005
f 1364/585/1006 1365/586/1006 1359/581/1006
f 1359/581/1007 1365/586/1007 1360/582/1007
f 1365/586/1008 1366/587/1008 1360/582/1008
f 1360/582/1009 1366/587/1009 1361/583/1009
f 1366/587/1010 1367/588/1010 1361/583/1010
f 1361/583/1011 1367/588/1011 1362/584/1011
f 1367/588/1012 1368/589/1012 1362/584/1012
f 1362/584/1013 1368/589/1013 887/445/1013
f 1368/589/1014 886/446/1014 887/445/1014
f 851/15/1015 878/14/1015 1363/574/1015
f 878/14/1016 877/590/1016 1363/574/1016
f 1363/574/1017 877/590/1017 1364/585/1017
f 877/590/1018 876/591/1018 1364/585/1018
f 1364/585/1019 876/591/1019 1365/586/1019
f 876/591/1020 875/592/1020 1365/586/1020
f 1365/586/1021 875/592/1021 1366/587/1021
f 875/592/1022 874/593/1022 1366/587/1022
f 1366/587/1023 874/593/1023 1367/588/1023
f 874/593/1024 873/594/1024 1367/588/1024
f 1367/588/1025 873/594/1025 1368/589/1025
f 873/594/1026 872/595/1026 1368/589/1026
f 1368/589/1027 872/595/1027 886/446/1027
f 872/595/1028 815/23/1028 886/446/1028
f 872/596/1029 885/24/1029 815/23/1029
f 873/597/1030 1369/598/1030 872/596/1030
f 874/599/1031 1370/600/1031 873/597/1031
f 875/601/1032 1372/602/1032 874/599/1032
f 876/603/1033 1375/604/1033 875/601/1033
f 877/605/1034 1379/606/1034 876/603/1034
f 878/12/1035 1384/607/1035 877/605/1035
f 872/596/1036 1369/598/1036 885/24/1036
f 1369/598/1037 884/468/1037 885/24/1037
f 873/597/1038 1370/600/1038 1369/598/1038
f 1370/600/1039 1371/608/1039 1369/598/1039
f 1369/598/1359 1371/608/1359 884/468/1359
f 1371/608/1041 883/469/1041 884/468/1041
f 874/599/1042 1372/602/1042 1370/600/1042
f 1372/602/1043 1373/609/1043 1370/600/1043
f 1370/600/1044 1373/609/1044 1371/608/1044
f 1373/609/1045 1374/610/1045 1371/608/1045
f 1371/608/1046 1374/610/1046 883/469/1046
f 1374/610/1047 882/470/1047 883/469/1047
f 875/601/1048 1375/604/1048 1372/602/1048
f 1375/604/1049 1376/611/1049 1372/602/1049
f 1372/602/1050 1376/611/1050 1373/609/1050
f 1376/611/1051 1377/612/1051 1373/609/1051
f 1373/609/1052 1377/612/1052 1374/610/1052
f 1377/612/1053 1378/613/1053 1374/610/1053
f 1374/610/1054 1378/613/1054 882/470/1054
f 1378/613/1055 881/471/1055 882/470/1055
f 876/603/1056 1379/606/1056 1375/604/1056
f 1379/606/1057 1380/614/1057 1375/604/1057
f 1375/604/1058 1380/614/1058 1376/611/1058
f 1380/614/1059 1381/615/1059 1376/611/1059
f 1376/611/1060 1381/615/1060 1377/612/1060
f 1381/615/1061 1382/616/1061 1377/612/1061
f 1377/612/1062 1382/616/1062 1378/613/1062
f 1382/616/1063 1383/617/1063 1378/613/1063
f 1378/613/1064 1383/617/1064 881/471/1064
f 1383/617/1065 880/472/1065 881/471/1065
f 877/605/1066 1384/607/1066 1379/606/1066
f 1384/607/1067 1385/618/1067 1379/606/1067
f 1379/606/1068 1385/618/1068 1380/614/1068
f 1385/618/1069 1386/619/1069 1380/614/1069
f 1380/614/1070 1386/619/1070 1381/615/1070
f 1386/619/1071 1387/620/1071 1381/615/1071
f 1381/615/1072 1387/620/1072 1382/616/1072
f 1387/620/1073 1388/621/1073 1382/616/1073
f 1382/616/1074 1388/621/1074 1383/617/1074
f 1388/621/1075 1389/622/1075 1383/617/1075
f 1383/617/1076 1389/622/1076 880/472/1076
f 1389/622/1077 879/473/1077 880/472/1077
f 878/12/1078 864/11/1078 1384/607/1078
f 864/11/1079 863/623/1079 1384/607/1079
f 1384/607/1080 863/623/1080 1385/618/1080
f 863/623/1081 862/624/1081 1385/618/1081
f 1385/618/1082 862/624/1082 1386/619/1082
f 862/624/1083 861/625/1083 1386/619/1083
f 1386/619/1084 861/625/1084 1387/620/1084
f 861/625/1085 860/626/1085 1387/620/1085
f 1387/620/1086 860/626/1086 1388/621/1086
f 860/626/1087 859/627/1087 1388/621/1087
f 1388/621/1088 859/627/1088 1389/622/1088
f 859/627/1089 858/628/1089 1389/622/1089
f 1389/622/1090 858/628/1090 879/473/1090
f 858/628/1091 814/20/1091 879/473/1091
f 858/629/1092 871/21/1092 814/20/1092
f 859/630/1093 1390/631/1093 858/629/1093
f 860/632/1094 1391/633/1094 859/630/1094
f 861/634/1095 1393/635/1095 860/632/1095
f 862/636/1096 1396/637/1096 861/634/1096
f 863/638/1097 1400/639/1097 862/636/1097
f 864/9/1098 1405/640/1098 863/638/1098
f 858/629/1099 1390/631/1099 871/21/1099
f 1390/631/1100 870/502/1100 871/21/1100
f 859/630/1101 1391/633/1101 1390/631/1101
f 1391/633/1102 1392/641/1102 1390/631/1102
f 1390/631/1103 1392/641/1103 870/502/1103
f 1392/641/1104 869/503/1104 870/502/1104
f 860/632/1105 1393/635/1105 1391/633/1105
f 1393/635/1106 1394/642/1106 1391/633/1106
f 1391/633/1107 1394/642/1107 1392/641/1107
f 1394/642/1108 1395/643/1108 1392/641/1108
f 1392/641/1109 1395/643/1109 869/503/1109
f 1395/643/1110 868/504/1110 869/503/1110
f 861/634/1111 1396/637/1111 1393/635/1111
f 1396/637/1112 1397/644/1112 1393/635/1112
f 1393/635/1113 1397/644/1113 1394/642/1113
f 1397/644/1114 1398/645/1114 1394/642/1114
f 1394/642/1115 1398/645/1115 1395/643/1115
f 1398/645/1116 1399/646/1116 1395/643/1116
f 1395/643/1117 1399/646/1117 868/504/1117
f 1399/646/1118 867/505/1118 868/504/1118
f 862/636/1119 1400/639/1119 1396/637/1119
f 1400/639/1120 1401/647/1120 1396/637/1120
f 1396/637/1121 1401/647/1121 1397/644/1121
f 1401/647/1122 1402/648/1122 1397/644/1122
f 1397/644/1123 1402/648/1123 1398/645/1123
f 1402/648/1124 1403/649/1124 1398/645/1124
f 1398/645/1125 1403/649/1125 1399/646/1125
f 1403/649/1126 1404/650/1126 1399/646/1126
f 1399/646/1127 1404/650/1127 867/505/1127
f 1404/650/1128 866/506/1128 867/505/1128
f 863/638/1129 1405/640/1129 1400/639/1129
f 1405/640/1130 1406/651/1130 1400/639/1130
f 1400/639/1131 1406/651/1131 1401/647/1131
f 1406/651/1132 1407/652/1132 1401/647/1132
f 1401/647/1133 1407/652/1133 1402/648/1133
f 1407/652/1134 1408/653/1134 1402/648/1134
f 1402/648/1135 1408/653/1135 1403/649/1135
f 1408/653/1136 1409/654/1136 1403/649/1136
f 1403/649/1137 1409/654/1137 1404/650/1137
f 1409/654/1138 1410/655/1138 1404/650/1138
f 1404/650/1139 1410/655/1139 866/506/1139
f 1410/655/1140 865/507/1140 866/506/1140
f 864/9/1141 829/8/1141 1405/640/1141
f 829/8/1142 828/656/1142 1405/640/1142
f 1405/640/1143 828/656/1143 1406/651/1143
f 828/656/1144 827/657/1144 1406/651/1144
f 1406/651/1145 827/657/1145 1407/652/1145
f 827/657/1146 826/658/1146 1407/652/1146
f 1407/652/1147 826/658/1147 1408/653/1147
f 826/658/1148 825/659/1148 1408/653/1148
f 1408/653/1149 825/659/1149 1409/654/1149
f 825/659/1150 824/660/1150 1409/654/1150
f 1409/654/1151 824/660/1151 1410/655/1151
f 824/660/1152 823/661/1152 1410/655/1152
f 1410/655/1153 823/661/1153 865/507/1153
f 823/661/1154 813/508/1154 865/507/1154
f 844/562/1155 857/662/1155 816/26/1155
f 845/561/1156 1411/663/1156 844/562/1156
f 846/560/1157 1412/664/1157 845/561/1157
f 847/559/1158 1414/665/1158 846/560/1158
f 848/558/1159 1417/666/1159 847/559/1159
f 849/557/1160 1421/667/1160 848/558/1160
f 850/6/1161 1426/668/1161 849/557/1161
f 844/562/1162 1411/663/1162 857/662/1162
f 1411/663/1163 856/669/1163 857/662/1163
f 845/561/1164 1412/664/1164 1411/663/1164
f 1412/664/1165 1413/670/1165 1411/663/1165
f 1411/663/1166 1413/670/1166 856/669/1166
f 1413/670/1167 855/671/1167 856/669/1167
f 846/560/1168 1414/665/1168 1412/664/1168
f 1414/665/1169 1415/672/1169 1412/664/1169
f 1412/664/1170 1415/672/1170 1413/670/1170
f 1415/672/1171 1416/673/1171 1413/670/1171
f 1413/670/1172 1416/673/1172 855/671/1172
f 1416/673/1173 854/674/1173 855/671/1173
f 847/559/1174 1417/666/1174 1414/665/1174
f 1417/666/1175 1418/675/1175 1414/665/1175
f 1414/665/1176 1418/675/1176 1415/672/1176
f 1418/675/1177 1419/676/1177 1415/672/1177
f 1415/672/1360 1419/676/1360 1416/673/1360
f 1419/676/1179 1420/677/1179 1416/673/1179
f 1416/673/1180 1420/677/1180 854/674/1180
f 1420/677/1181 853/678/1181 854/674/1181
f 848/558/1182 1421/667/1182 1417/666/1182
f 1421/667/1183 1422/679/1183 1417/666/1183
f 1417/666/1184 1422/679/1184 1418/675/1184
f 1422/679/1185 1423/680/1185 1418/675/1185
f 1418/675/1186 1423/680/1186 1419/676/1186
f 1423/680/1187 1424/681/1187 1419/676/1187
f 1419/676/1188 1424/681/1188 1420/677/1188
f 1424/681/1189 1425/682/1189 1420/677/1189
f 1420/677/1190 1425/682/1190 853/678/1190
f 1425/682/1191 852/683/1191 853/678/1191
f 849/557/1192 1426/668/1192 1421/667/1192
f 1426/668/1193 1427/684/1193 1421/667/1193
f 1421/667/1194 1427/684/1194 1422/679/1194
f 1427/684/1195 1428/685/1195 1422/679/1195
f 1422/679/1196 1428/685/1196 1423/680/1196
f 1428/685/1197 1429/686/1197 1423/680/1197
f 1423/680/1198 1429/686/1198 1424/681/1198
f 1429/686/1199 1430/687/1199 1424/681/1199
f 1424/681/1200 1430/687/1200 1425/682/1200
f 1430/687/1201 1431/688/1201 1425/682/1201
f 1425/682/1202 1431/688/1202 852/683/1202
f 1431/688/1203 851/689/1203 852/683/1203
f 850/6/1204 836/5/1204 1426/668/1204
f 836/5/1205 835/690/1205 1426/668/1205
f 1426/668/1206 835/690/1206 1427/684/1206
f 835/690/1207 834/691/1207 1427/684/1207
f 1427/684/1208 834/691/1208 1428/685/1208
f 834/691/1209 833/692/1209 1428/685/1209
f 1428/685/1210 833/692/1210 1429/686/1210
f 833/692/1211 832/693/1211 1429/686/1211
f 1429/686/1212 832/693/1212 1430/687/1212
f 832/693/1213 831/694/1213 1430/687/1213
f 1430/687/1214 831/694/1214 1431/688/1214
f 831/694/1215 830/695/1215 1431/688/1215
f 1431/688/1216 830/695/1216 851/689/1216
f 830/695/1217 811/696/1217 851/689/1217
f 823/697/1218 843/18/1218 813/17/1218
f 824/698/1219 1432/699/1219 823/697/1219
f 825/700/1220 1433/701/1220 824/698/1220
f 826/702/1221 1435/703/1221 825/700/1221
f 827/704/1222 1438/705/1222 826/702/1222
f 828/706/1223 1442/707/1223 827/704/1223
f 829/3/1224 1447/708/1224 828/706/1224
f 823/697/1225 1432/699/1225 843/18/1225
f 1432/699/1226 842/530/1226 843/18/1226
f 824/698/1361 1433/701/1361 1432/699/1361
f 1433/701/1228 1434/709/1228 1432/699/1228
f 1432/699/1229 1434/709/1229 842/530/1229
f 1434/709/1230 841/531/1230 842/530/1230
f 825/700/1231 1435/703/1231 1433/701/1231
f 1435/703/1232 1436/710/1232 1433/701/1232
f 1433/701/1233 1436/710/1233 1434/709/1233
f 1436/710/1234 1437/711/1234 1434/709/1234
f 1434/709/1235 1437/711/1235 841/531/1235
f 1437/711/1236 840/532/1236 841/531/1236
f 826/702/1237 1438/705/1237 1435/703/1237
f 1438/705/1238 1439/712/1238 1435/703/1238
f 1435/703/1239 1439/712/1239 1436/710/1239
f 1439/712/1240 1440/713/1240 1436/710/1240
f 1436/710/1241 1440/713/1241 1437/711/1241
f 1440/713/1242 1441/714/1242 1437/711/1242
f 1437/711/1243 1441/714/1243 840/532/1243
f 1441/714/1244 839/533/1244 840/532/1244
f 827/704/1245 1442/707/1245 1438/705/1245
f 1442/707/1246 1443/715/1246 1438/705/1246
f 1438/705/1247 1443/715/1247 1439/712/1247
f 1443/715/1248 1444/716/1248 1439/712/1248
f 1439/712/1249 1444/716/1249 1440/713/1249
f 1444/716/1250 1445/717/1250 1440/713/1250
f 1440/713/1251 1445/717/1251 1441/714/1251
f 1445/717/1252 1446/718/1252 1441/714/1252
f 1441/714/1253 1446/718/1253 839/533/1253
f 1446/718/1254 838/534/1254 839/533/1254
f 828/706/1255 1447/708/1255 1442/707/1255
f 1447/708/1256 1448/719/1256 1442/707/1256
f 1442/707/1257 1448/719/1257 1443/715/1257
f 1448/719/1258 1449/720/1258 1443/715/1258
f 1443/715/1259 1449/720/1259 1444/716/1259
f 1449/720/1260 1450/721/1260 1444/716/1260
f 1444/716/1261 1450/721/1261 1445/717/1261
f 1450/721/1262 1451/722/1262 1445/717/1262
f 1445/717/1263 1451/722/1263 1446/718/1263
f 1451/722/1264 1452/723/1264 1446/718/1264
f 1446/718/1265 1452/723/1265 838/534/1265
f 1452/723/1266 837/535/1266 838/534/1266
f 829/3/1267 830/2/1267 1447/708/1267
f 830/2/1268 831/724/1268 1447/708/1268
f 1447/708/1269 831/724/1269 1448/719/1269
f 831/724/1270 832/725/1270 1448/719/1270
f 1448/719/1271 832/725/1271 1449/720/1271
f 832/725/1272 833/726/1272 1449/720/1272
f 1449/720/1273 833/726/1273 1450/721/1273
f 833/726/1274 834/727/1274 1450/721/1274
f 1450/721/1275 834/727/1275 1451/722/1275
f 834/727/1276 835/728/1276 1451/722/1276
f 1451/722/1277 835/728/1277 1452/723/1277
f 835/728/1278 836/729/1278 1452/723/1278
f 1452/723/1279 836/729/1279 837/535/1279
f 836/729/1280 812/4/1280 837/535/1280
f 1453/1/1 1472/2/1 1471/3/1
f 1454/4/2 1478/5/2 1492/6/2
f 1453/7/3 1471/8/3 1506/9/3
f 1453/10/4 1506/11/4 1520/12/4
f 1453/13/5 1520/14/5 1493/15/5
f 1454/4/6 1492/6/6 1541/16/6
f 1455/17/7 1485/18/7 1555/19/7
f 1456/20/8 1513/21/8 1569/22/8
f 1457/23/9 1527/24/9 1583/25/9
f 1458/26/10 1534/27/10 1597/28/10
f 1454/4/11 1541/16/11 1556/29/11
f 1455/17/12 1555/19/12 1570/30/12
f 1456/20/13 1569/22/13 1584/31/13
f 1457/23/14 1583/25/14 1598/32/14
f 1458/26/15 1597/28/15 1542/33/15
f 1459/34/16 1611/35/16 1646/36/16
f 1460/37/17 1618/38/17 1660/39/17
f 1461/40/18 1625/41/18 1667/42/18
f 1462/43/19 1632/44/19 1674/45/19
f 1463/46/20 1639/47/20 1647/48/20
f 1653/49/21 1668/50/21 1464/51/21
f 1652/52/22 1675/53/22 1653/49/22
f 1651/54/23 1676/55/23 1652/52/23
f 1650/56/24 1678/57/24 1651/54/24
f 1649/58/25 1681/59/25 1650/56/25
f 1648/60/26 1685/61/26 1649/58/26
f 1647/48/27 1690/62/27 1648/60/27
f 1653/49/28 1675/53/28 1668/50/28
f 1675/53/29 1669/63/29 1668/50/29
f 1652/52/30 1676/55/30 1675/53/30
f 1676/55/31 1677/64/31 1675/53/31
f 1675/53/32 1677/64/32 1669/63/32
f 1677/64/33 1670/65/33 1669/63/33
f 1651/54/34 1678/57/34 1676/55/34
f 1678/57/35 1679/66/35 1676/55/35
f 1676/55/36 1679/66/36 1677/64/36
f 1679/66/37 1680/67/37 1677/64/37
f 1677/64/38 1680/67/38 1670/65/38
f 1680/67/39 1671/68/39 1670/65/39
f 1650/56/40 1681/59/40 1678/57/40
f 1681/59/41 1682/69/41 1678/57/41
f 1678/57/42 1682/69/42 1679/66/42
f 1682/69/43 1683/70/43 1679/66/43
f 1679/66/44 1683/70/44 1680/67/44
f 1683/70/45 1684/71/45 1680/67/45
f 1680/67/46 1684/71/46 1671/68/46
f 1684/71/47 1672/72/47 1671/68/47
f 1649/58/48 1685/61/48 1681/59/48
f 1685/61/49 1686/73/49 1681/59/49
f 1681/59/50 1686/73/50 1682/69/50
f 1686/73/51 1687/74/51 1682/69/51
f 1682/69/52 1687/74/52 1683/70/52
f 1687/74/53 1688/75/53 1683/70/53
f 1683/70/54 1688/75/54 1684/71/54
f 1688/75/55 1689/76/55 1684/71/55
f 1684/71/56 1689/76/56 1672/72/56
f 1689/76/57 1673/77/57 1672/72/57
f 1648/60/58 1690/62/58 1685/61/58
f 1690/62/59 1691/78/59 1685/61/59
f 1685/61/60 1691/78/60 1686/73/60
f 1691/78/61 1692/79/61 1686/73/61
f 1686/73/62 1692/79/62 1687/74/62
f 1692/79/63 1693/80/63 1687/74/63
f 1687/74/64 1693/80/64 1688/75/64
f 1693/80/65 1694/81/65 1688/75/65
f 1688/75/66 1694/81/66 1689/76/66
f 1694/81/67 1695/82/67 1689/76/67
f 1689/76/68 1695/82/68 1673/77/68
f 1695/82/69 1674/83/69 1673/77/69
f 1647/48/70 1639/47/70 1690/62/70
f 1639/47/71 1638/84/71 1690/62/71
f 1690/62/72 1638/84/72 1691/78/72
f 1638/84/73 1637/85/73 1691/78/73
f 1691/78/74 1637/85/74 1692/79/74
f 1637/85/75 1636/86/75 1692/79/75
f 1692/79/76 1636/86/76 1693/80/76
f 1636/86/77 1635/87/77 1693/80/77
f 1693/80/78 1635/87/78 1694/81/78
f 1635/87/79 1634/88/79 1694/81/79
f 1694/81/80 1634/88/80 1695/82/80
f 1634/88/81 1633/89/81 1695/82/81
f 1695/82/82 1633/89/82 1674/83/82
f 1633/89/83 1462/43/83 1674/83/83
f 1668/90/84 1661/91/84 1464/92/84
f 1669/93/85 1696/94/85 1668/90/85
f 1670/95/86 1697/96/86 1669/93/86
f 1671/97/87 1699/98/87 1670/95/87
f 1672/99/88 1702/100/88 1671/97/88
f 1673/101/89 1706/102/89 1672/99/89
f 1674/45/90 1711/103/90 1673/101/90
f 1668/90/91 1696/94/91 1661/91/91
f 1696/94/92 1662/104/92 1661/91/92
f 1669/93/93 1697/96/93 1696/94/93
f 1697/96/94 1698/105/94 1696/94/94
f 1696/94/95 1698/105/95 1662/104/95
f 1698/105/96 1663/106/96 1662/104/96
f 1670/95/97 1699/98/97 1697/96/97
f 1699/98/98 1700/107/98 1697/96/98
f 1697/96/99 1700/107/99 1698/105/99
f 1700/107/100 1701/108/100 1698/105/100
f 1698/105/101 1701/108/101 1663/106/101
f 1701/108/102 1664/109/102 1663/106/102
f 1671/97/103 1702/100/103 1699/98/103
f 1702/100/104 1703/110/104 1699/98/104
f 1699/98/105 1703/110/105 1700/107/105
f 1703/110/106 1704/111/106 1700/107/106
f 1700/107/107 1704/111/107 1701/108/107
f 1704/111/108 1705/112/108 1701/108/108
f 1701/108/109 1705/112/109 1664/109/109
f 1705/112/110 1665/113/110 1664/109/110
f 1672/99/111 1706/102/111 1702/100/111
f 1706/102/112 1707/114/112 1702/100/112
f 1702/100/113 1707/114/113 1703/110/113
f 1707/114/114 1708/115/114 1703/110/114
f 1703/110/115 1708/115/115 1704/111/115
f 1708/115/116 1709/116/116 1704/111/116
f 1704/111/117 1709/116/117 1705/112/117
f 1709/116/118 1710/117/118 1705/112/118
f 1705/112/119 1710/117/119 1665/113/119
f 1710/117/120 1666/118/120 1665/113/120
f 1673/101/121 1711/103/121 1706/102/121
f 1711/103/122 1712/119/122 1706/102/122
f 1706/102/123 1712/119/123 1707/114/123
f 1712/119/124 1713/120/124 1707/114/124
f 1707/114/125 1713/120/125 1708/115/125
f 1713/120/126 1714/121/126 1708/115/126
f 1708/115/127 1714/121/127 1709/116/127
f 1714/121/128 1715/122/128 1709/116/128
f 1709/116/129 1715/122/129 1710/117/129
f 1715/122/130 1716/123/130 1710/117/130
f 1710/117/131 1716/123/131 1666/118/131
f 1716/123/132 1667/124/132 1666/118/132
f 1674/45/133 1632/44/133 1711/103/133
f 1632/44/134 1631/125/134 1711/103/134
f 1711/103/135 1631/125/135 1712/119/135
f 1631/125/136 1630/126/136 1712/119/136
f 1712/119/137 1630/126/137 1713/120/137
f 1630/126/138 1629/127/138 1713/120/138
f 1713/120/139 1629/127/139 1714/121/139
f 1629/127/140 1628/128/140 1714/121/140
f 1714/121/141 1628/128/141 1715/122/141
f 1628/128/142 1627/129/142 1715/122/142
f 1715/122/143 1627/129/143 1716/123/143
f 1627/129/144 1626/130/144 1716/123/144
f 1716/123/145 1626/130/145 1667/124/145
f 1626/130/146 1461/40/146 1667/124/146
f 1661/131/147 1654/132/147 1464/133/147
f 1662/134/148 1717/135/148 1661/131/148
f 1663/136/149 1718/137/149 1662/134/149
f 1664/138/150 1720/139/150 1663/136/150
f 1665/140/151 1723/141/151 1664/138/151
f 1666/142/152 1727/143/152 1665/140/152
f 1667/42/153 1732/144/153 1666/142/153
f 1661/131/154 1717/135/154 1654/132/154
f 1717/135/155 1655/145/155 1654/132/155
f 1662/134/156 1718/137/156 1717/135/156
f 1718/137/157 1719/146/157 1717/135/157
f 1717/135/158 1719/146/158 1655/145/158
f 1719/146/159 1656/147/159 1655/145/159
f 1663/136/160 1720/139/160 1718/137/160
f 1720/139/161 1721/148/161 1718/137/161
f 1718/137/162 1721/148/162 1719/146/162
f 1721/148/163 1722/149/163 1719/146/163
f 1719/146/164 1722/149/164 1656/147/164
f 1722/149/165 1657/150/165 1656/147/165
f 1664/138/166 1723/141/166 1720/139/166
f 1723/141/1362 1724/151/1362 1720/139/1362
f 1720/139/168 1724/151/168 1721/148/168
f 1724/151/169 1725/152/169 1721/148/169
f 1721/148/170 1725/152/170 1722/149/170
f 1725/152/1342 1726/153/1342 1722/149/1342
f 1722/149/172 1726/153/172 1657/150/172
f 1726/153/173 1658/154/173 1657/150/173
f 1665/140/174 1727/143/174 1723/141/174
f 1727/143/175 1728/155/175 1723/141/175
f 1723/141/176 1728/155/176 1724/151/176
f 1728/155/177 1729/156/177 1724/151/177
f 1724/151/178 1729/156/178 1725/152/178
f 1729/156/179 1730/157/179 1725/152/179
f 1725/152/180 1730/157/180 1726/153/180
f 1730/157/181 1731/158/181 1726/153/181
f 1726/153/182 1731/158/182 1658/154/182
f 1731/158/183 1659/159/183 1658/154/183
f 1666/142/184 1732/144/184 1727/143/184
f 1732/144/185 1733/160/185 1727/143/185
f 1727/143/186 1733/160/186 1728/155/186
f 1733/160/187 1734/161/187 1728/155/187
f 1728/155/188 1734/161/188 1729/156/188
f 1734/161/189 1735/162/189 1729/156/189
f 1729/156/190 1735/162/190 1730/157/190
f 1735/162/191 1736/163/191 1730/157/191
f 1730/157/192 1736/163/192 1731/158/192
f 1736/163/193 1737/164/193 1731/158/193
f 1731/158/194 1737/164/194 1659/159/194
f 1737/164/195 1660/165/195 1659/159/195
f 1667/42/196 1625/41/196 1732/144/196
f 1625/41/197 1624/166/197 1732/144/197
f 1732/144/198 1624/166/198 1733/160/198
f 1624/166/199 1623/167/199 1733/160/199
f 1733/160/200 1623/167/200 1734/161/200
f 1623/167/201 1622/168/201 1734/161/201
f 1734/161/202 1622/168/202 1735/162/202
f 1622/168/203 1621/169/203 1735/162/203
f 1735/162/204 1621/169/204 1736/163/204
f 1621/169/205 1620/170/205 1736/163/205
f 1736/163/206 1620/170/206 1737/164/206
f 1620/170/207 1619/171/207 1737/164/207
f 1737/164/208 1619/171/208 1660/165/208
f 1619/171/209 1460/172/209 1660/165/209
f 1654/173/210 1640/174/210 1464/175/210
f 1655/176/211 1738/177/211 1654/173/211
f 1656/178/212 1739/179/212 1655/176/212
f 1657/180/213 1741/181/213 1656/178/213
f 1658/182/214 1744/183/214 1657/180/214
f 1659/184/215 1748/185/215 1658/182/215
f 1660/39/216 1753/186/216 1659/184/216
f 1654/173/217 1738/177/217 1640/174/217
f 1738/177/218 1641/187/218 1640/174/218
f 1655/176/219 1739/179/219 1738/177/219
f 1739/179/220 1740/188/220 1738/177/220
f 1738/177/221 1740/188/221 1641/187/221
f 1740/188/222 1642/189/222 1641/187/222
f 1656/178/223 1741/181/223 1739/179/223
f 1741/181/224 1742/190/224 1739/179/224
f 1739/179/225 1742/190/225 1740/188/225
f 1742/190/226 1743/191/226 1740/188/226
f 1740/188/227 1743/191/227 1642/189/227
f 1743/191/228 1643/192/228 1642/189/228
f 1657/180/229 1744/183/229 1741/181/229
f 1744/183/230 1745/193/230 1741/181/230
f 1741/181/231 1745/193/231 1742/190/231
f 1745/193/232 1746/194/232 1742/190/232
f 1742/190/233 1746/194/233 1743/191/233
f 1746/194/234 1747/195/234 1743/191/234
f 1743/191/235 1747/195/235 1643/192/235
f 1747/195/236 1644/196/236 1643/192/236
f 1658/182/237 1748/185/237 1744/183/237
f 1748/185/238 1749/197/238 1744/183/238
f 1744/183/239 1749/197/239 1745/193/239
f 1749/197/240 1750/198/240 1745/193/240
f 1745/193/241 1750/198/241 1746/194/241
f 1750/198/242 1751/199/242 1746/194/242
f 1746/194/243 1751/199/243 1747/195/243
f 1751/199/244 1752/200/244 1747/195/244
f 1747/195/245 1752/200/245 1644/196/245
f 1752/200/246 1645/201/246 1644/196/246
f 1659/184/247 1753/186/247 1748/185/247
f 1753/186/248 1754/202/248 1748/185/248
f 1748/185/249 1754/202/249 1749/197/249
f 1754/202/250 1755/203/250 1749/197/250
f 1749/197/251 1755/203/251 1750/198/251
f 1755/203/252 1756/204/252 1750/198/252
f 1750/198/253 1756/204/253 1751/199/253
f 1756/204/254 1757/205/254 1751/199/254
f 1751/199/255 1757/205/255 1752/200/255
f 1757/205/256 1758/206/256 1752/200/256
f 1752/200/257 1758/206/257 1645/201/257
f 1758/206/258 1646/207/258 1645/201/258
f 1660/39/259 1618/38/259 1753/186/259
f 1618/38/260 1617/208/260 1753/186/260
f 1753/186/261 1617/208/261 1754/202/261
f 1617/208/262 1616/209/262 1754/202/262
f 1754/202/263 1616/209/263 1755/203/263
f 1616/209/264 1615/210/264 1755/203/264
f 1755/203/265 1615/210/265 1756/204/265
f 1615/210/266 1614/211/266 1756/204/266
f 1756/204/267 1614/211/267 1757/205/267
f 1614/211/268 1613/212/268 1757/205/268
f 1757/205/269 1613/212/269 1758/206/269
f 1613/212/270 1612/213/270 1758/206/270
f 1758/206/271 1612/213/271 1646/207/271
f 1612/213/272 1459/34/272 1646/207/272
f 1640/214/273 1653/215/273 1464/216/273
f 1641/217/274 1759/218/274 1640/214/274
f 1642/219/275 1760/220/275 1641/217/275
f 1643/221/276 1762/222/276 1642/219/276
f 1644/223/277 1765/224/277 1643/221/277
f 1645/225/278 1769/226/278 1644/223/278
f 1646/36/279 1774/227/279 1645/225/279
f 1640/214/280 1759/218/280 1653/215/280
f 1759/218/281 1652/228/281 1653/215/281
f 1641/217/282 1760/220/282 1759/218/282
f 1760/220/283 1761/229/283 1759/218/283
f 1759/218/284 1761/229/284 1652/228/284
f 1761/229/285 1651/230/285 1652/228/285
f 1642/219/286 1762/222/286 1760/220/286
f 1762/222/287 1763/231/287 1760/220/287
f 1760/220/288 1763/231/288 1761/229/288
f 1763/231/289 1764/232/289 1761/229/289
f 1761/229/290 1764/232/290 1651/230/290
f 1764/232/291 1650/233/291 1651/230/291
f 1643/221/292 1765/224/292 1762/222/292
f 1765/224/293 1766/234/293 1762/222/293
f 1762/222/294 1766/234/294 1763/231/294
f 1766/234/295 1767/235/295 1763/231/295
f 1763/231/296 1767/235/296 1764/232/296
f 1767/235/297 1768/236/297 1764/232/297
f 1764/232/298 1768/236/298 1650/233/298
f 1768/236/299 1649/237/299 1650/233/299
f 1644/223/300 1769/226/300 1765/224/300
f 1769/226/301 1770/238/301 1765/224/301
f 1765/224/302 1770/238/302 1766/234/302
f 1770/238/303 1771/239/303 1766/234/303
f 1766/234/304 1771/239/304 1767/235/304
f 1771/239/305 1772/240/305 1767/235/305
f 1767/235/306 1772/240/306 1768/236/306
f 1772/240/307 1773/241/307 1768/236/307
f 1768/236/308 1773/241/308 1649/237/308
f 1773/241/309 1648/242/309 1649/237/309
f 1645/225/310 1774/227/310 1769/226/310
f 1774/227/311 1775/243/311 1769/226/311
f 1769/226/312 1775/243/312 1770/238/312
f 1775/243/313 1776/244/313 1770/238/313
f 1770/238/314 1776/244/314 1771/239/314
f 1776/244/315 1777/245/315 1771/239/315
f 1771/239/316 1777/245/316 1772/240/316
f 1777/245/317 1778/246/317 1772/240/317
f 1772/240/318 1778/246/318 1773/241/318
f 1778/246/319 1779/247/319 1773/241/319
f 1773/241/320 1779/247/320 1648/242/320
f 1779/247/321 1647/248/321 1648/242/321
f 1646/36/322 1611/35/322 1774/227/322
f 1611/35/323 1610/249/323 1774/227/323
f 1774/227/324 1610/249/324 1775/243/324
f 1610/249/325 1609/250/325 1775/243/325
f 1775/243/326 1609/250/326 1776/244/326
f 1609/250/327 1608/251/327 1776/244/327
f 1776/244/328 1608/251/328 1777/245/328
f 1608/251/329 1607/252/329 1777/245/329
f 1777/245/330 1607/252/330 1778/246/330
f 1607/252/331 1606/253/331 1778/246/331
f 1778/246/332 1606/253/332 1779/247/332
f 1606/253/333 1605/254/333 1779/247/333
f 1779/247/334 1605/254/334 1647/248/334
f 1605/254/335 1463/46/335 1647/248/335
f 1548/255/336 1639/47/336 1463/46/336
f 1547/256/337 1780/257/337 1548/255/337
f 1546/258/338 1781/259/338 1547/256/338
f 1545/260/339 1783/261/339 1546/258/339
f 1544/262/340 1786/263/340 1545/260/340
f 1543/264/341 1790/265/341 1544/262/341
f 1542/33/342 1795/266/342 1543/264/342
f 1548/255/343 1780/257/343 1639/47/343
f 1780/257/344 1638/84/344 1639/47/344
f 1547/256/345 1781/259/345 1780/257/345
f 1781/259/346 1782/267/346 1780/257/346
f 1780/257/347 1782/267/347 1638/84/347
f 1782/267/348 1637/85/348 1638/84/348
f 1546/258/349 1783/261/349 1781/259/349
f 1783/261/350 1784/268/350 1781/259/350
f 1781/259/351 1784/268/351 1782/267/351
f 1784/268/352 1785/269/352 1782/267/352
f 1782/267/353 1785/269/353 1637/85/353
f 1785/269/354 1636/86/354 1637/85/354
f 1545/260/355 1786/263/355 1783/261/355
f 1786/263/356 1787/270/356 1783/261/356
f 1783/261/357 1787/270/357 1784/268/357
f 1787/270/358 1788/271/358 1784/268/358
f 1784/268/359 1788/271/359 1785/269/359
f 1788/271/360 1789/272/360 1785/269/360
f 1785/269/361 1789/272/361 1636/86/361
f 1789/272/362 1635/87/362 1636/86/362
f 1544/262/363 1790/265/363 1786/263/363
f 1790/265/364 1791/273/364 1786/263/364
f 1786/263/365 1791/273/365 1787/270/365
f 1791/273/366 1792/274/366 1787/270/366
f 1787/270/367 1792/274/367 1788/271/367
f 1792/274/368 1793/275/368 1788/271/368
f 1788/271/369 1793/275/369 1789/272/369
f 1793/275/370 1794/276/370 1789/272/370
f 1789/272/371 1794/276/371 1635/87/371
f 1794/276/372 1634/88/372 1635/87/372
f 1543/264/373 1795/266/373 1790/265/373
f 1795/266/374 1796/277/374 1790/265/374
f 1790/265/375 1796/277/375 1791/273/375
f 1796/277/376 1797/278/376 1791/273/376
f 1791/273/377 1797/278/377 1792/274/377
f 1797/278/378 1798/279/378 1792/274/378
f 1792/274/379 1798/279/379 1793/275/379
f 1798/279/380 1799/280/380 1793/275/380
f 1793/275/381 1799/280/381 1794/276/381
f 1799/280/382 1800/281/382 1794/276/382
f 1794/276/383 1800/281/383 1634/88/383
f 1800/281/384 1633/89/384 1634/88/384
f 1542/33/385 1597/28/385 1795/266/385
f 1597/28/386 1596/282/386 1795/266/386
f 1795/266/387 1596/282/387 1796/277/387
f 1596/282/388 1595/283/388 1796/277/388
f 1796/277/389 1595/283/389 1797/278/389
f 1595/283/390 1594/284/390 1797/278/390
f 1797/278/391 1594/284/391 1798/279/391
f 1594/284/392 1593/285/392 1798/279/392
f 1798/279/393 1593/285/393 1799/280/393
f 1593/285/394 1592/286/394 1799/280/394
f 1799/280/395 1592/286/395 1800/281/395
f 1592/286/396 1591/287/396 1800/281/396
f 1800/281/397 1591/287/397 1633/89/397
f 1591/287/398 1462/43/398 1633/89/398
f 1604/288/399 1632/44/399 1462/43/399
f 1603/289/400 1801/290/400 1604/288/400
f 1602/291/401 1802/292/401 1603/289/401
f 1601/293/402 1804/294/402 1602/291/402
f 1600/295/403 1807/296/403 1601/293/403
f 1599/297/404 1811/298/404 1600/295/404
f 1598/32/405 1816/299/405 1599/297/405
f 1604/288/406 1801/290/406 1632/44/406
f 1801/290/407 1631/125/407 1632/44/407
f 1603/289/408 1802/292/408 1801/290/408
f 1802/292/409 1803/300/409 1801/290/409
f 1801/290/410 1803/300/410 1631/125/410
f 1803/300/411 1630/126/411 1631/125/411
f 1602/291/412 1804/294/412 1802/292/412
f 1804/294/413 1805/301/413 1802/292/413
f 1802/292/414 1805/301/414 1803/300/414
f 1805/301/415 1806/302/415 1803/300/415
f 1803/300/416 1806/302/416 1630/126/416
f 1806/302/417 1629/127/417 1630/126/417
f 1601/293/418 1807/296/418 1804/294/418
f 1807/296/419 1808/303/419 1804/294/419
f 1804/294/420 1808/303/420 1805/301/420
f 1808/303/421 1809/304/421 1805/301/421
f 1805/301/422 1809/304/422 1806/302/422
f 1809/304/423 1810/305/423 1806/302/423
f 1806/302/424 1810/305/424 1629/127/424
f 1810/305/425 1628/128/425 1629/127/425
f 1600/295/426 1811/298/426 1807/296/426
f 1811/298/427 1812/306/427 1807/296/427
f 1807/296/428 1812/306/428 1808/303/428
f 1812/306/429 1813/307/429 1808/303/429
f 1808/303/430 1813/307/430 1809/304/430
f 1813/307/431 1814/308/431 1809/304/431
f 1809/304/432 1814/308/432 1810/305/432
f 1814/308/433 1815/309/433 1810/305/433
f 1810/305/434 1815/309/434 1628/128/434
f 1815/309/1363 1627/129/1363 1628/128/1363
f 1599/297/436 1816/299/436 1811/298/436
f 1816/299/437 1817/310/437 1811/298/437
f 1811/298/438 1817/310/438 1812/306/438
f 1817/310/439 1818/311/439 1812/306/439
f 1812/306/440 1818/311/440 1813/307/440
f 1818/311/441 1819/312/441 1813/307/441
f 1813/307/442 1819/312/442 1814/308/442
f 1819/312/443 1820/313/443 1814/308/443
f 1814/308/444 1820/313/444 1815/309/444
f 1820/313/445 1821/314/445 1815/309/445
f 1815/309/446 1821/314/446 1627/129/446
f 1821/314/447 1626/130/447 1627/129/447
f 1598/32/448 1583/25/448 1816/299/448
f 1583/25/449 1582/315/449 1816/299/449
f 1816/299/450 1582/315/450 1817/310/450
f 1582/315/451 1581/316/451 1817/310/451
f 1817/310/452 1581/316/452 1818/311/452
f 1581/316/453 1580/317/453 1818/311/453
f 1818/311/454 1580/317/454 1819/312/454
f 1580/317/455 1579/318/455 1819/312/455
f 1819/312/456 1579/318/456 1820/313/456
f 1579/318/457 1578/319/457 1820/313/457
f 1820/313/458 1578/319/458 1821/314/458
f 1578/319/459 1577/320/459 1821/314/459
f 1821/314/460 1577/320/460 1626/130/460
f 1577/320/461 1461/40/461 1626/130/461
f 1590/321/462 1625/41/462 1461/40/462
f 1589/322/463 1822/323/463 1590/321/463
f 1588/324/464 1823/325/464 1589/322/464
f 1587/326/465 1825/327/465 1588/324/465
f 1586/328/466 1828/329/466 1587/326/466
f 1585/330/467 1832/331/467 1586/328/467
f 1584/31/468 1837/332/468 1585/330/468
f 1590/321/469 1822/323/469 1625/41/469
f 1822/323/470 1624/166/470 1625/41/470
f 1589/322/471 1823/325/471 1822/323/471
f 1823/325/472 1824/333/472 1822/323/472
f 1822/323/473 1824/333/473 1624/166/473
f 1824/333/474 1623/167/474 1624/166/474
f 1588/324/475 1825/327/475 1823/325/475
f 1825/327/476 1826/334/476 1823/325/476
f 1823/325/477 1826/334/477 1824/333/477
f 1826/334/478 1827/335/478 1824/333/478
f 1824/333/479 1827/335/479 1623/167/479
f 1827/335/480 1622/168/480 1623/167/480
f 1587/326/481 1828/329/481 1825/327/481
f 1828/329/482 1829/336/482 1825/327/482
f 1825/327/483 1829/336/483 1826/334/483
f 1829/336/484 1830/337/484 1826/334/484
f 1826/334/485 1830/337/485 1827/335/485
f 1830/337/486 1831/338/486 1827/335/486
f 1827/335/487 1831/338/487 1622/168/487
f 1831/338/488 1621/169/488 1622/168/488
f 1586/328/489 1832/331/489 1828/329/489
f 1832/331/490 1833/339/490 1828/329/490
f 1828/329/491 1833/339/491 1829/336/491
f 1833/339/492 1834/340/492 1829/336/492
f 1829/336/493 1834/340/493 1830/337/493
f 1834/340/494 1835/341/494 1830/337/494
f 1830/337/495 1835/341/495 1831/338/495
f 1835/341/496 1836/342/496 1831/338/496
f 1831/338/497 1836/342/497 1621/169/497
f 1836/342/498 1620/170/498 1621/169/498
f 1585/330/499 1837/332/499 1832/331/499
f 1837/332/500 1838/343/500 1832/331/500
f 1832/331/501 1838/343/501 1833/339/501
f 1838/343/502 1839/344/502 1833/339/502
f 1833/339/503 1839/344/503 1834/340/503
f 1839/344/504 1840/345/504 1834/340/504
f 1834/340/505 1840/345/505 1835/341/505
f 1840/345/506 1841/346/506 1835/341/506
f 1835/341/507 1841/346/507 1836/342/507
f 1841/346/508 1842/347/508 1836/342/508
f 1836/342/509 1842/347/509 1620/170/509
f 1842/347/510 1619/171/510 1620/170/510
f 1584/31/511 1569/22/511 1837/332/511
f 1569/22/512 1568/348/512 1837/332/512
f 1837/332/513 1568/348/513 1838/343/513
f 1568/348/514 1567/349/514 1838/343/514
f 1838/343/515 1567/349/515 1839/344/515
f 1567/349/516 1566/350/516 1839/344/516
f 1839/344/517 1566/350/517 1840/345/517
f 1566/350/518 1565/351/518 1840/345/518
f 1840/345/519 1565/351/519 1841/346/519
f 1565/351/520 1564/352/520 1841/346/520
f 1841/346/521 1564/352/521 1842/347/521
f 1564/352/522 1563/353/522 1842/347/522
f 1842/347/523 1563/353/523 1619/171/523
f 1563/353/524 1460/172/524 1619/171/524
f 1576/354/525 1618/38/525 1460/37/525
f 1575/355/526 1843/356/526 1576/354/526
f 1574/357/527 1844/358/527 1575/355/527
f 1573/359/528 1846/360/528 1574/357/528
f 1572/361/529 1849/362/529 1573/359/529
f 1571/363/530 1853/364/530 1572/361/530
f 1570/30/531 1858/365/531 1571/363/531
f 1576/354/532 1843/356/532 1618/38/532
f 1843/356/533 1617/208/533 1618/38/533
f 1575/355/534 1844/358/534 1843/356/534
f 1844/358/535 1845/366/535 1843/356/535
f 1843/356/536 1845/366/536 1617/208/536
f 1845/366/1364 1616/209/1364 1617/208/1364
f 1574/357/538 1846/360/538 1844/358/538
f 1846/360/539 1847/367/539 1844/358/539
f 1844/358/540 1847/367/540 1845/366/540
f 1847/367/541 1848/368/541 1845/366/541
f 1845/366/542 1848/368/542 1616/209/542
f 1848/368/543 1615/210/543 1616/209/543
f 1573/359/544 1849/362/544 1846/360/544
f 1849/362/545 1850/369/545 1846/360/545
f 1846/360/546 1850/369/546 1847/367/546
f 1850/369/547 1851/370/547 1847/367/547
f 1847/367/548 1851/370/548 1848/368/548
f 1851/370/549 1852/371/549 1848/368/549
f 1848/368/550 1852/371/550 1615/210/550
f 1852/371/551 1614/211/551 1615/210/551
f 1572/361/552 1853/364/552 1849/362/552
f 1853/364/553 1854/372/553 1849/362/553
f 1849/362/554 1854/372/554 1850/369/554
f 1854/372/555 1855/373/555 1850/369/555
f 1850/369/556 1855/373/556 1851/370/556
f 1855/373/557 1856/374/557 1851/370/557
f 1851/370/558 1856/374/558 1852/371/558
f 1856/374/559 1857/375/559 1852/371/559
f 1852/371/560 1857/375/560 1614/211/560
f 1857/375/561 1613/212/561 1614/211/561
f 1571/363/562 1858/365/562 1853/364/562
f 1858/365/563 1859/376/563 1853/364/563
f 1853/364/564 1859/376/564 1854/372/564
f 1859/376/565 1860/377/565 1854/372/565
f 1854/372/566 1860/377/566 1855/373/566
f 1860/377/567 1861/378/567 1855/373/567
f 1855/373/568 1861/378/568 1856/374/568
f 1861/378/569 1862/379/569 1856/374/569
f 1856/374/570 1862/379/570 1857/375/570
f 1862/379/571 1863/380/571 1857/375/571
f 1857/375/572 1863/380/572 1613/212/572
f 1863/380/573 1612/213/573 1613/212/573
f 1570/30/574 1555/19/574 1858/365/574
f 1555/19/575 1554/381/575 1858/365/575
f 1858/365/576 1554/381/576 1859/376/576
f 1554/381/577 1553/382/577 1859/376/577
f 1859/376/578 1553/382/578 1860/377/578
f 1553/382/579 1552/383/579 1860/377/579
f 1860/377/580 1552/383/580 1861/378/580
f 1552/383/581 1551/384/581 1861/378/581
f 1861/378/582 1551/384/582 1862/379/582
f 1551/384/583 1550/385/583 1862/379/583
f 1862/379/584 1550/385/584 1863/380/584
f 1550/385/585 1549/386/585 1863/380/585
f 1863/380/586 1549/386/586 1612/213/586
f 1549/386/587 1459/34/587 1612/213/587
f 1562/387/588 1611/35/588 1459/34/588
f 1561/388/589 1864/389/589 1562/387/589
f 1560/390/590 1865/391/590 1561/388/590
f 1559/392/591 1867/393/591 1560/390/591
f 1558/394/592 1870/395/592 1559/392/592
f 1557/396/593 1874/397/593 1558/394/593
f 1556/29/594 1879/398/594 1557/396/594
f 1562/387/595 1864/389/595 1611/35/595
f 1864/389/596 1610/249/596 1611/35/596
f 1561/388/597 1865/391/597 1864/389/597
f 1865/391/598 1866/399/598 1864/389/598
f 1864/389/599 1866/399/599 1610/249/599
f 1866/399/1347 1609/250/1347 1610/249/1347
f 1560/390/601 1867/393/601 1865/391/601
f 1867/393/602 1868/400/602 1865/391/602
f 1865/391/603 1868/400/603 1866/399/603
f 1868/400/604 1869/401/604 1866/399/604
f 1866/399/605 1869/401/605 1609/250/605
f 1869/401/606 1608/251/606 1609/250/606
f 1559/392/607 1870/395/607 1867/393/607
f 1870/395/608 1871/402/608 1867/393/608
f 1867/393/609 1871/402/609 1868/400/609
f 1871/402/610 1872/403/610 1868/400/610
f 1868/400/611 1872/403/611 1869/401/611
f 1872/403/612 1873/404/612 1869/401/612
f 1869/401/613 1873/404/613 1608/251/613
f 1873/404/614 1607/252/614 1608/251/614
f 1558/394/615 1874/397/615 1870/395/615
f 1874/397/616 1875/405/616 1870/395/616
f 1870/395/617 1875/405/617 1871/402/617
f 1875/405/618 1876/406/618 1871/402/618
f 1871/402/619 1876/406/619 1872/403/619
f 1876/406/1348 1877/407/1348 1872/403/1348
f 1872/403/621 1877/407/621 1873/404/621
f 1877/407/622 1878/408/622 1873/404/622
f 1873/404/623 1878/408/623 1607/252/623
f 1878/408/624 1606/253/624 1607/252/624
f 1557/396/625 1879/398/625 1874/397/625
f 1879/398/626 1880/409/626 1874/397/626
f 1874/397/627 1880/409/627 1875/405/627
f 1880/409/628 1881/410/628 1875/405/628
f 1875/405/629 1881/410/629 1876/406/629
f 1881/410/630 1882/411/630 1876/406/630
f 1876/406/631 1882/411/631 1877/407/631
f 1882/411/632 1883/412/632 1877/407/632
f 1877/407/633 1883/412/633 1878/408/633
f 1883/412/634 1884/413/634 1878/408/634
f 1878/408/635 1884/413/635 1606/253/635
f 1884/413/636 1605/254/636 1606/253/636
f 1556/29/637 1541/16/637 1879/398/637
f 1541/16/638 1540/414/638 1879/398/638
f 1879/398/639 1540/414/639 1880/409/639
f 1540/414/640 1539/415/640 1880/409/640
f 1880/409/641 1539/415/641 1881/410/641
f 1539/415/642 1538/416/642 1881/410/642
f 1881/410/643 1538/416/643 1882/411/643
f 1538/416/644 1537/417/644 1882/411/644
f 1882/411/645 1537/417/645 1883/412/645
f 1537/417/646 1536/418/646 1883/412/646
f 1883/412/647 1536/418/647 1884/413/647
f 1536/418/648 1535/419/648 1884/413/648
f 1884/413/649 1535/419/649 1605/254/649
f 1535/419/1349 1463/46/1349 1605/254/1349
f 1591/287/651 1604/288/651 1462/43/651
f 1592/286/652 1885/420/652 1591/287/652
f 1593/285/653 1886/421/653 1592/286/653
f 1594/284/654 1888/422/654 1593/285/654
f 1595/283/655 1891/423/655 1594/284/655
f 1596/282/656 1895/424/656 1595/283/656
f 1597/28/657 1900/425/657 1596/282/657
f 1591/287/658 1885/420/658 1604/288/658
f 1885/420/659 1603/289/659 1604/288/659
f 1592/286/660 1886/421/660 1885/420/660
f 1886/421/661 1887/426/661 1885/420/661
f 1885/420/662 1887/426/662 1603/289/662
f 1887/426/663 1602/291/663 1603/289/663
f 1593/285/664 1888/422/664 1886/421/664
f 1888/422/665 1889/427/665 1886/421/665
f 1886/421/666 1889/427/666 1887/426/666
f 1889/427/667 1890/428/667 1887/426/667
f 1887/426/668 1890/428/668 1602/291/668
f 1890/428/669 1601/293/669 1602/291/669
f 1594/284/670 1891/423/670 1888/422/670
f 1891/423/671 1892/429/671 1888/422/671
f 1888/422/672 1892/429/672 1889/427/672
f 1892/429/673 1893/430/673 1889/427/673
f 1889/427/674 1893/430/674 1890/428/674
f 1893/430/675 1894/431/675 1890/428/675
f 1890/428/676 1894/431/676 1601/293/676
f 1894/431/677 1600/295/677 1601/293/677
f 1595/283/678 1895/424/678 1891/423/678
f 1895/424/679 1896/432/679 1891/423/679
f 1891/423/680 1896/432/680 1892/429/680
f 1896/432/681 1897/433/681 1892/429/681
f 1892/429/682 1897/433/682 1893/430/682
f 1897/433/683 1898/434/683 1893/430/683
f 1893/430/684 1898/434/684 1894/431/684
f 1898/434/685 1899/435/685 1894/431/685
f 1894/431/686 1899/435/686 1600/295/686
f 1899/435/687 1599/297/687 1600/295/687
f 1596/282/688 1900/425/688 1895/424/688
f 1900/425/689 1901/436/689 1895/424/689
f 1895/424/690 1901/436/690 1896/432/690
f 1901/436/691 1902/437/691 1896/432/691
f 1896/432/692 1902/437/692 1897/433/692
f 1902/437/693 1903/438/693 1897/433/693
f 1897/433/694 1903/438/694 1898/434/694
f 1903/438/695 1904/439/695 1898/434/695
f 1898/434/696 1904/439/696 1899/435/696
f 1904/439/697 1905/440/697 1899/435/697
f 1899/435/698 1905/440/698 1599/297/698
f 1905/440/699 1598/32/699 1599/297/699
f 1597/28/700 1534/27/700 1900/425/700
f 1534/27/701 1533/441/701 1900/425/701
f 1900/425/702 1533/441/702 1901/436/702
f 1533/441/1350 1532/442/1350 1901/436/1350
f 1901/436/704 1532/442/704 1902/437/704
f 1532/442/705 1531/443/705 1902/437/705
f 1902/437/706 1531/443/706 1903/438/706
f 1531/443/707 1530/444/707 1903/438/707
f 1903/438/708 1530/444/708 1904/439/708
f 1530/444/709 1529/445/709 1904/439/709
f 1904/439/710 1529/445/710 1905/440/710
f 1529/445/711 1528/446/711 1905/440/711
f 1905/440/712 1528/446/712 1598/32/712
f 1528/446/713 1457/23/713 1598/32/713
f 1577/320/714 1590/321/714 1461/40/714
f 1578/319/715 1906/447/715 1577/320/715
f 1579/318/716 1907/448/716 1578/319/716
f 1580/317/717 1909/449/717 1579/318/717
f 1581/316/718 1912/450/718 1580/317/718
f 1582/315/719 1916/451/719 1581/316/719
f 1583/25/720 1921/452/720 1582/315/720
f 1577/320/721 1906/447/721 1590/321/721
f 1906/447/722 1589/322/722 1590/321/722
f 1578/319/723 1907/448/723 1906/447/723
f 1907/448/724 1908/453/724 1906/447/724
f 1906/447/725 1908/453/725 1589/322/725
f 1908/453/726 1588/324/726 1589/322/726
f 1579/318/727 1909/449/727 1907/448/727
f 1909/449/728 1910/454/728 1907/448/728
f 1907/448/729 1910/454/729 1908/453/729
f 1910/454/730 1911/455/730 1908/453/730
f 1908/453/731 1911/455/731 1588/324/731
f 1911/455/732 1587/326/732 1588/324/732
f 1580/317/733 1912/450/733 1909/449/733
f 1912/450/734 1913/456/734 1909/449/734
f 1909/449/735 1913/456/735 1910/454/735
f 1913/456/736 1914/457/736 1910/454/736
f 1910/454/737 1914/457/737 1911/455/737
f 1914/457/738 1915/458/738 1911/455/738
f 1911/455/739 1915/458/739 1587/326/739
f 1915/458/740 1586/328/740 1587/326/740
f 1581/316/741 1916/451/741 1912/450/741
f 1916/451/742 1917/459/742 1912/450/742
f 1912/450/743 1917/459/743 1913/456/743
f 1917/459/744 1918/460/744 1913/456/744
f 1913/456/745 1918/460/745 1914/457/745
f 1918/460/746 1919/461/746 1914/457/746
f 1914/457/747 1919/461/747 1915/458/747
f 1919/461/748 1920/462/748 1915/458/748
f 1915/458/749 1920/462/749 1586/328/749
f 1920/462/750 1585/330/750 1586/328/750
f 1582/315/751 1921/452/751 1916/451/751
f 1921/452/752 1922/463/752 1916/451/752
f 1916/451/753 1922/463/753 1917/459/753
f 1922/463/754 1923/464/754 1917/459/754
f 1917/459/755 1923/464/755 1918/460/755
f 1923/464/756 1924/465/756 1918/460/756
f 1918/460/757 1924/465/757 1919/461/757
f 1924/465/758 1925/466/758 1919/461/758
f 1919/461/759 1925/466/759 1920/462/759
f 1925/466/760 1926/467/760 1920/462/760
f 1920/462/761 1926/467/761 1585/330/761
f 1926/467/762 1584/31/762 1585/330/762
f 1583/25/763 1527/24/763 1921/452/763
f 1527/24/764 1526/468/764 1921/452/764
f 1921/452/765 1526/468/765 1922/463/765
f 1526/468/766 1525/469/766 1922/463/766
f 1922/463/767 1525/469/767 1923/464/767
f 1525/469/768 1524/470/768 1923/464/768
f 1923/464/769 1524/470/769 1924/465/769
f 1524/470/770 1523/471/770 1924/465/770
f 1924/465/771 1523/471/771 1925/466/771
f 1523/471/772 1522/472/772 1925/466/772
f 1925/466/773 1522/472/773 1926/467/773
f 1522/472/774 1521/473/774 1926/467/774
f 1926/467/775 1521/473/775 1584/31/775
f 1521/473/776 1456/20/776 1584/31/776
f 1563/353/777 1576/474/777 1460/172/777
f 1564/352/778 1927/475/778 1563/353/778
f 1565/351/779 1928/476/779 1564/352/779
f 1566/350/780 1930/477/780 1565/351/780
f 1567/349/781 1933/478/781 1566/350/781
f 1568/348/782 1937/479/782 1567/349/782
f 1569/22/783 1942/480/783 1568/348/783
f 1563/353/784 1927/475/784 1576/474/784
f 1927/475/785 1575/481/785 1576/474/785
f 1564/352/786 1928/476/786 1927/475/786
f 1928/476/787 1929/482/787 1927/475/787
f 1927/475/788 1929/482/788 1575/481/788
f 1929/482/789 1574/483/789 1575/481/789
f 1565/351/790 1930/477/790 1928/476/790
f 1930/477/791 1931/484/791 1928/476/791
f 1928/476/792 1931/484/792 1929/482/792
f 1931/484/793 1932/485/793 1929/482/793
f 1929/482/794 1932/485/794 1574/483/794
f 1932/485/795 1573/486/795 1574/483/795
f 1566/350/796 1933/478/796 1930/477/796
f 1933/478/797 1934/487/797 1930/477/797
f 1930/477/798 1934/487/798 1931/484/798
f 1934/487/799 1935/488/799 1931/484/799
f 1931/484/800 1935/488/800 1932/485/800
f 1935/488/801 1936/489/801 1932/485/801
f 1932/485/802 1936/489/802 1573/486/802
f 1936/489/803 1572/490/803 1573/486/803
f 1567/349/804 1937/479/804 1933/478/804
f 1937/479/805 1938/491/805 1933/478/805
f 1933/478/806 1938/491/806 1934/487/806
f 1938/491/807 1939/492/807 1934/487/807
f 1934/487/808 1939/492/808 1935/488/808
f 1939/492/809 1940/493/809 1935/488/809
f 1935/488/810 1940/493/810 1936/489/810
f 1940/493/811 1941/494/811 1936/489/811
f 1936/489/812 1941/494/812 1572/490/812
f 1941/494/813 1571/495/813 1572/490/813
f 1568/348/814 1942/480/814 1937/479/814
f 1942/480/815 1943/496/815 1937/479/815
f 1937/479/816 1943/496/816 1938/491/816
f 1943/496/817 1944/497/817 1938/491/817
f 1938/491/818 1944/497/818 1939/492/818
f 1944/497/819 1945/498/819 1939/492/819
f 1939/492/820 1945/498/820 1940/493/820
f 1945/498/821 1946/499/821 1940/493/821
f 1940/493/822 1946/499/822 1941/494/822
f 1946/499/823 1947/500/823 1941/494/823
f 1941/494/824 1947/500/824 1571/495/824
f 1947/500/825 1570/501/825 1571/495/825
f 1569/22/826 1513/21/826 1942/480/826
f 1513/21/827 1512/502/827 1942/480/827
f 1942/480/828 1512/502/828 1943/496/828
f 1512/502/829 1511/503/829 1943/496/829
f 1943/496/830 1511/503/830 1944/497/830
f 1511/503/831 1510/504/831 1944/497/831
f 1944/497/832 1510/504/832 1945/498/832
f 1510/504/833 1509/505/833 1945/498/833
f 1945/498/834 1509/505/834 1946/499/834
f 1509/505/835 1508/506/835 1946/499/835
f 1946/499/836 1508/506/836 1947/500/836
f 1508/506/837 1507/507/837 1947/500/837
f 1947/500/838 1507/507/838 1570/501/838
f 1507/507/839 1455/508/839 1570/501/839
f 1549/386/840 1562/387/840 1459/34/840
f 1550/385/841 1948/509/841 1549/386/841
f 1551/384/842 1949/510/842 1550/385/842
f 1552/383/843 1951/511/843 1551/384/843
f 1553/382/844 1954/512/844 1552/383/844
f 1554/381/845 1958/513/845 1553/382/845
f 1555/19/846 1963/514/846 1554/381/846
f 1549/386/847 1948/509/847 1562/387/847
f 1948/509/848 1561/388/848 1562/387/848
f 1550/385/849 1949/510/849 1948/509/849
f 1949/510/850 1950/515/850 1948/509/850
f 1948/509/851 1950/515/851 1561/388/851
f 1950/515/852 1560/390/852 1561/388/852
f 1551/384/853 1951/511/853 1949/510/853
f 1951/511/854 1952/516/854 1949/510/854
f 1949/510/855 1952/516/855 1950/515/855
f 1952/516/856 1953/517/856 1950/515/856
f 1950/515/857 1953/517/857 1560/390/857
f 1953/517/858 1559/392/858 1560/390/858
f 1552/383/859 1954/512/859 1951/511/859
f 1954/512/860 1955/518/860 1951/511/860
f 1951/511/861 1955/518/861 1952/516/861
f 1955/518/862 1956/519/862 1952/516/862
f 1952/516/863 1956/519/863 1953/517/863
f 1956/519/864 1957/520/864 1953/517/864
f 1953/517/865 1957/520/865 1559/392/865
f 1957/520/866 1558/394/866 1559/392/866
f 1553/382/867 1958/513/867 1954/512/867
f 1958/513/868 1959/521/868 1954/512/868
f 1954/512/869 1959/521/869 1955/518/869
f 1959/521/870 1960/522/870 1955/518/870
f 1955/518/871 1960/522/871 1956/519/871
f 1960/522/872 1961/523/872 1956/519/872
f 1956/519/873 1961/523/873 1957/520/873
f 1961/523/874 1962/524/874 1957/520/874
f 1957/520/875 1962/524/875 1558/394/875
f 1962/524/876 1557/396/876 1558/394/876
f 1554/381/877 1963/514/877 1958/513/877
f 1963/514/878 1964/525/878 1958/513/878
f 1958/513/879 1964/525/879 1959/521/879
f 1964/525/880 1965/526/880 1959/521/880
f 1959/521/881 1965/526/881 1960/522/881
f 1965/526/882 1966/527/882 1960/522/882
f 1960/522/883 1966/527/883 1961/523/883
f 1966/527/884 1967/528/884 1961/523/884
f 1961/523/885 1967/528/885 1962/524/885
f 1967/528/886 1968/529/886 1962/524/886
f 1962/524/887 1968/529/887 1557/396/887
f 1968/529/888 1556/29/888 1557/396/888
f 1555/19/889 1485/18/889 1963/514/889
f 1485/18/890 1484/530/890 1963/514/890
f 1963/514/891 1484/530/891 1964/525/891
f 1484/530/892 1483/531/892 1964/525/892
f 1964/525/893 1483/531/893 1965/526/893
f 1483/531/894 1482/532/894 1965/526/894
f 1965/526/895 1482/532/895 1966/527/895
f 1482/532/896 1481/533/896 1966/527/896
f 1966/527/897 1481/533/897 1967/528/897
f 1481/533/898 1480/534/898 1967/528/898
f 1967/528/899 1480/534/899 1968/529/899
f 1480/534/900 1479/535/900 1968/529/900
f 1968/529/901 1479/535/901 1556/29/901
f 1479/535/902 1454/4/902 1556/29/902
f 1535/419/903 1548/255/903 1463/46/903
f 1536/418/904 1969/536/904 1535/419/904
f 1537/417/905 1970/537/905 1536/418/905
f 1538/416/906 1972/538/906 1537/417/906
f 1539/415/907 1975/539/907 1538/416/907
f 1540/414/908 1979/540/908 1539/415/908
f 1541/16/909 1984/541/909 1540/414/909
f 1535/419/910 1969/536/910 1548/255/910
f 1969/536/911 1547/256/911 1548/255/911
f 1536/418/912 1970/537/912 1969/536/912
f 1970/537/913 1971/542/913 1969/536/913
f 1969/536/914 1971/542/914 1547/256/914
f 1971/542/915 1546/258/915 1547/256/915
f 1537/417/916 1972/538/916 1970/537/916
f 1972/538/917 1973/543/917 1970/537/917
f 1970/537/918 1973/543/918 1971/542/918
f 1973/543/919 1974/544/919 1971/542/919
f 1971/542/920 1974/544/920 1546/258/920
f 1974/544/921 1545/260/921 1546/258/921
f 1538/416/922 1975/539/922 1972/538/922
f 1975/539/923 1976/545/923 1972/538/923
f 1972/538/924 1976/545/924 1973/543/924
f 1976/545/925 1977/546/925 1973/543/925
f 1973/543/926 1977/546/926 1974/544/926
f 1977/546/927 1978/547/927 1974/544/927
f 1974/544/928 1978/547/928 1545/260/928
f 1978/547/929 1544/262/929 1545/260/929
f 1539/415/930 1979/540/930 1975/539/930
f 1979/540/931 1980/548/931 1975/539/931
f 1975/539/932 1980/548/932 1976/545/932
f 1980/548/933 1981/549/933 1976/545/933
f 1976/545/934 1981/549/934 1977/546/934
f 1981/549/935 1982/550/935 1977/546/935
f 1977/546/936 1982/550/936 1978/547/936
f 1982/550/937 1983/551/937 1978/547/937
f 1978/547/938 1983/551/938 1544/262/938
f 1983/551/939 1543/264/939 1544/262/939
f 1540/414/940 1984/541/940 1979/540/940
f 1984/541/941 1985/552/941 1979/540/941
f 1979/540/942 1985/552/942 1980/548/942
f 1985/552/943 1986/553/943 1980/548/943
f 1980/548/944 1986/553/944 1981/549/944
f 1986/553/945 1987/554/945 1981/549/945
f 1981/549/946 1987/554/946 1982/550/946
f 1987/554/947 1988/555/947 1982/550/947
f 1982/550/948 1988/555/948 1983/551/948
f 1988/555/949 1989/556/949 1983/551/949
f 1983/551/950 1989/556/950 1543/264/950
f 1989/556/951 1542/33/951 1543/264/951
f 1541/16/952 1492/6/952 1984/541/952
f 1492/6/953 1491/557/953 1984/541/953
f 1984/541/954 1491/557/954 1985/552/954
f 1491/557/955 1490/558/955 1985/552/955
f 1985/552/956 1490/558/956 1986/553/956
f 1490/558/957 1489/559/957 1986/553/957
f 1986/553/958 1489/559/958 1987/554/958
f 1489/559/959 1488/560/959 1987/554/959
f 1987/554/960 1488/560/960 1988/555/960
f 1488/560/961 1487/561/961 1988/555/961
f 1988/555/962 1487/561/962 1989/556/962
f 1487/561/963 1486/562/963 1989/556/963
f 1989/556/964 1486/562/964 1542/33/964
f 1486/562/965 1458/26/965 1542/33/965
f 1499/563/966 1534/27/966 1458/26/966
f 1498/564/967 1990/565/967 1499/563/967
f 1497/566/968 1991/567/968 1498/564/968
f 1496/568/969 1993/569/969 1497/566/969
f 1495/570/970 1996/571/970 1496/568/970
f 1494/572/971 2000/573/971 1495/570/971
f 1493/15/972 2005/574/972 1494/572/972
f 1499/563/973 1990/565/973 1534/27/973
f 1990/565/974 1533/441/974 1534/27/974
f 1498/564/975 1991/567/975 1990/565/975
f 1991/567/976 1992/575/976 1990/565/976
f 1990/565/977 1992/575/977 1533/441/977
f 1992/575/978 1532/442/978 1533/441/978
f 1497/566/979 1993/569/979 1991/567/979
f 1993/569/980 1994/576/980 1991/567/980
f 1991/567/981 1994/576/981 1992/575/981
f 1994/576/982 1995/577/982 1992/575/982
f 1992/575/983 1995/577/983 1532/442/983
f 1995/577/984 1531/443/984 1532/442/984
f 1496/568/985 1996/571/985 1993/569/985
f 1996/571/986 1997/578/986 1993/569/986
f 1993/569/987 1997/578/987 1994/576/987
f 1997/578/988 1998/579/988 1994/576/988
f 1994/576/989 1998/579/989 1995/577/989
f 1998/579/990 1999/580/990 1995/577/990
f 1995/577/991 1999/580/991 1531/443/991
f 1999/580/992 1530/444/992 1531/443/992
f 1495/570/993 2000/573/993 1996/571/993
f 2000/573/994 2001/581/994 1996/571/994
f 1996/571/995 2001/581/995 1997/578/995
f 2001/581/996 2002/582/996 1997/578/996
f 1997/578/997 2002/582/997 1998/579/997
f 2002/582/998 2003/583/998 1998/579/998
f 1998/579/999 2003/583/999 1999/580/999
f 2003/583/1000 2004/584/1000 1999/580/1000
f 1999/580/1001 2004/584/1001 1530/444/1001
f 2004/584/1002 1529/445/1002 1530/444/1002
f 1494/572/1003 2005/574/1003 2000/573/1003
f 2005/574/1004 2006/585/1004 2000/573/1004
f 2000/573/1005 2006/585/1005 2001/581/1005
f 2006/585/1006 2007/586/1006 2001/581/1006
f 2001/581/1007 2007/586/1007 2002/582/1007
f 2007/586/1008 2008/587/1008 2002/582/1008
f 2002/582/1009 2008/587/1009 2003/583/1009
f 2008/587/1010 2009/588/1010 2003/583/1010
f 2003/583/1011 2009/588/1011 2004/584/1011
f 2009/588/1012 2010/589/1012 2004/584/1012
f 2004/584/1013 2010/589/1013 1529/445/1013
f 2010/589/1014 1528/446/1014 1529/445/1014
f 1493/15/1015 1520/14/1015 2005/574/1015
f 1520/14/1016 1519/590/1016 2005/574/1016
f 2005/574/1017 1519/590/1017 2006/585/1017
f 1519/590/1018 1518/591/1018 2006/585/1018
f 2006/585/1019 1518/591/1019 2007/586/1019
f 1518/591/1020 1517/592/1020 2007/586/1020
f 2007/586/1021 1517/592/1021 2008/587/1021
f 1517/592/1022 1516/593/1022 2008/587/1022
f 2008/587/1023 1516/593/1023 2009/588/1023
f 1516/593/1024 1515/594/1024 2009/588/1024
f 2009/588/1025 1515/594/1025 2010/589/1025
f 1515/594/1026 1514/595/1026 2010/589/1026
f 2010/589/1027 1514/595/1027 1528/446/1027
f 1514/595/1028 1457/23/1028 1528/446/1028
f 1514/596/1029 1527/24/1029 1457/23/1029
f 1515/597/1030 2011/598/1030 1514/596/1030
f 1516/599/1031 2012/600/1031 1515/597/1031
f 1517/601/1032 2014/602/1032 1516/599/1032
f 1518/603/1033 2017/604/1033 1517/601/1033
f 1519/605/1034 2021/606/1034 1518/603/1034
f 1520/12/1035 2026/607/1035 1519/605/1035
f 1514/596/1036 2011/598/1036 1527/24/1036
f 2011/598/1037 1526/468/1037 1527/24/1037
f 1515/597/1038 2012/600/1038 2011/598/1038
f 2012/600/1039 2013/608/1039 2011/598/1039
f 2011/598/1040 2013/608/1040 1526/468/1040
f 2013/608/1041 1525/469/1041 1526/468/1041
f 1516/599/1042 2014/602/1042 2012/600/1042
f 2014/602/1043 2015/609/1043 2012/600/1043
f 2012/600/1044 2015/609/1044 2013/608/1044
f 2015/609/1045 2016/610/1045 2013/608/1045
f 2013/608/1046 2016/610/1046 1525/469/1046
f 2016/610/1047 1524/470/1047 1525/469/1047
f 1517/601/1048 2017/604/1048 2014/602/1048
f 2017/604/1049 2018/611/1049 2014/602/1049
f 2014/602/1050 2018/611/1050 2015/609/1050
f 2018/611/1051 2019/612/1051 2015/609/1051
f 2015/609/1052 2019/612/1052 2016/610/1052
f 2019/612/1053 2020/613/1053 2016/610/1053
f 2016/610/1054 2020/613/1054 1524/470/1054
f 2020/613/1055 1523/471/1055 1524/470/1055
f 1518/603/1056 2021/606/1056 2017/604/1056
f 2021/606/1057 2022/614/1057 2017/604/1057
f 2017/604/1058 2022/614/1058 2018/611/1058
f 2022/614/1059 2023/615/1059 2018/611/1059
f 2018/611/1060 2023/615/1060 2019/612/1060
f 2023/615/1061 2024/616/1061 2019/612/1061
f 2019/612/1062 2024/616/1062 2020/613/1062
f 2024/616/1063 2025/617/1063 2020/613/1063
f 2020/613/1064 2025/617/1064 1523/471/1064
f 2025/617/1065 1522/472/1065 1523/471/1065
f 1519/605/1066 2026/607/1066 2021/606/1066
f 2026/607/1067 2027/618/1067 2021/606/1067
f 2021/606/1068 2027/618/1068 2022/614/1068
f 2027/618/1069 2028/619/1069 2022/614/1069
f 2022/614/1070 2028/619/1070 2023/615/1070
f 2028/619/1071 2029/620/1071 2023/615/1071
f 2023/615/1072 2029/620/1072 2024/616/1072
f 2029/620/1073 2030/621/1073 2024/616/1073
f 2024/616/1074 2030/621/1074 2025/617/1074
f 2030/621/1075 2031/622/1075 2025/617/1075
f 2025/617/1076 2031/622/1076 1522/472/1076
f 2031/622/1077 1521/473/1077 1522/472/1077
f 1520/12/1078 1506/11/1078 2026/607/1078
f 1506/11/1079 1505/623/1079 2026/607/1079
f 2026/607/1080 1505/623/1080 2027/618/1080
f 1505/623/1081 1504/624/1081 2027/618/1081
f 2027/618/1082 1504/624/1082 2028/619/1082
f 1504/624/1083 1503/625/1083 2028/619/1083
f 2028/619/1084 1503/625/1084 2029/620/1084
f 1503/625/1085 1502/626/1085 2029/620/1085
f 2029/620/1086 1502/626/1086 2030/621/1086
f 1502/626/1087 1501/627/1087 2030/621/1087
f 2030/621/1088 1501/627/1088 2031/622/1088
f 1501/627/1089 1500/628/1089 2031/622/1089
f 2031/622/1090 1500/628/1090 1521/473/1090
f 1500/628/1091 1456/20/1091 1521/473/1091
f 1500/629/1092 1513/21/1092 1456/20/1092
f 1501/630/1093 2032/631/1093 1500/629/1093
f 1502/632/1094 2033/633/1094 1501/630/1094
f 1503/634/1095 2035/635/1095 1502/632/1095
f 1504/636/1096 2038/637/1096 1503/634/1096
f 1505/638/1097 2042/639/1097 1504/636/1097
f 1506/9/1098 2047/640/1098 1505/638/1098
f 1500/629/1099 2032/631/1099 1513/21/1099
f 2032/631/1100 1512/502/1100 1513/21/1100
f 1501/630/1101 2033/633/1101 2032/631/1101
f 2033/633/1102 2034/641/1102 2032/631/1102
f 2032/631/1103 2034/641/1103 1512/502/1103
f 2034/641/1104 1511/503/1104 1512/502/1104
f 1502/632/1105 2035/635/1105 2033/633/1105
f 2035/635/1106 2036/642/1106 2033/633/1106
f 2033/633/1107 2036/642/1107 2034/641/1107
f 2036/642/1108 2037/643/1108 2034/641/1108
f 2034/641/1109 2037/643/1109 1511/503/1109
f 2037/643/1110 1510/504/1110 1511/503/1110
f 1503/634/1111 2038/637/1111 2035/635/1111
f 2038/637/1112 2039/644/1112 2035/635/1112
f 2035/635/1113 2039/644/1113 2036/642/1113
f 2039/644/1114 2040/645/1114 2036/642/1114
f 2036/642/1115 2040/645/1115 2037/643/1115
f 2040/645/1116 2041/646/1116 2037/643/1116
f 2037/643/1117 2041/646/1117 1510/504/1117
f 2041/646/1118 1509/505/1118 1510/504/1118
f 1504/636/1119 2042/639/1119 2038/637/1119
f 2042/639/1120 2043/647/1120 2038/637/1120
f 2038/637/1121 2043/647/1121 2039/644/1121
f 2043/647/1122 2044/648/1122 2039/644/1122
f 2039/644/1123 2044/648/1123 2040/645/1123
f 2044/648/1124 2045/649/1124 2040/645/1124
f 2040/645/1125 2045/649/1125 2041/646/1125
f 2045/649/1126 2046/650/1126 2041/646/1126
f 2041/646/1127 2046/650/1127 1509/505/1127
f 2046/650/1128 1508/506/1128 1509/505/1128
f 1505/638/1129 2047/640/1129 2042/639/1129
f 2047/640/1130 2048/651/1130 2042/639/1130
f 2042/639/1131 2048/651/1131 2043/647/1131
f 2048/651/1132 2049/652/1132 2043/647/1132
f 2043/647/1133 2049/652/1133 2044/648/1133
f 2049/652/1134 2050/653/1134 2044/648/1134
f 2044/648/1135 2050/653/1135 2045/649/1135
f 2050/653/1136 2051/654/1136 2045/649/1136
f 2045/649/1137 2051/654/1137 2046/650/1137
f 2051/654/1138 2052/655/1138 2046/650/1138
f 2046/650/1139 2052/655/1139 1508/506/1139
f 2052/655/1140 1507/507/1140 1508/506/1140
f 1506/9/1141 1471/8/1141 2047/640/1141
f 1471/8/1142 1470/656/1142 2047/640/1142
f 2047/640/1143 1470/656/1143 2048/651/1143
f 1470/656/1144 1469/657/1144 2048/651/1144
f 2048/651/1145 1469/657/1145 2049/652/1145
f 1469/657/1146 1468/658/1146 2049/652/1146
f 2049/652/1147 1468/658/1147 2050/653/1147
f 1468/658/1148 1467/659/1148 2050/653/1148
f 2050/653/1149 1467/659/1149 2051/654/1149
f 1467/659/1150 1466/660/1150 2051/654/1150
f 2051/654/1151 1466/660/1151 2052/655/1151
f 1466/660/1152 1465/661/1152 2052/655/1152
f 2052/655/1153 1465/661/1153 1507/507/1153
f 1465/661/1154 1455/508/1154 1507/507/1154
f 1486/562/1155 1499/662/1155 1458/26/1155
f 1487/561/1156 2053/663/1156 1486/562/1156
f 1488/560/1157 2054/664/1157 1487/561/1157
f 1489/559/1158 2056/665/1158 1488/560/1158
f 1490/558/1159 2059/666/1159 1489/559/1159
f 1491/557/1160 2063/667/1160 1490/558/1160
f 1492/6/1161 2068/668/1161 1491/557/1161
f 1486/562/1162 2053/663/1162 1499/662/1162
f 2053/663/1163 1498/669/1163 1499/662/1163
f 1487/561/1164 2054/664/1164 2053/663/1164
f 2054/664/1165 2055/670/1165 2053/663/1165
f 2053/663/1166 2055/670/1166 1498/669/1166
f 2055/670/1167 1497/671/1167 1498/669/1167
f 1488/560/1168 2056/665/1168 2054/664/1168
f 2056/665/1169 2057/672/1169 2054/664/1169
f 2054/664/1170 2057/672/1170 2055/670/1170
f 2057/672/1171 2058/673/1171 2055/670/1171
f 2055/670/1172 2058/673/1172 1497/671/1172
f 2058/673/1173 1496/674/1173 1497/671/1173
f 1489/559/1174 2059/666/1174 2056/665/1174
f 2059/666/1175 2060/675/1175 2056/665/1175
f 2056/665/1176 2060/675/1176 2057/672/1176
f 2060/675/1177 2061/676/1177 2057/672/1177
f 2057/672/1178 2061/676/1178 2058/673/1178
f 2061/676/1179 2062/677/1179 2058/673/1179
f 2058/673/1180 2062/677/1180 1496/674/1180
f 2062/677/1181 1495/678/1181 1496/674/1181
f 1490/558/1182 2063/667/1182 2059/666/1182
f 2063/667/1183 2064/679/1183 2059/666/1183
f 2059/666/1184 2064/679/1184 2060/675/1184
f 2064/679/1185 2065/680/1185 2060/675/1185
f 2060/675/1186 2065/680/1186 2061/676/1186
f 2065/680/1187 2066/681/1187 2061/676/1187
f 2061/676/1188 2066/681/1188 2062/677/1188
f 2066/681/1189 2067/682/1189 2062/677/1189
f 2062/677/1190 2067/682/1190 1495/678/1190
f 2067/682/1191 1494/683/1191 1495/678/1191
f 1491/557/1192 2068/668/1192 2063/667/1192
f 2068/668/1193 2069/684/1193 2063/667/1193
f 2063/667/1194 2069/684/1194 2064/679/1194
f 2069/684/1195 2070/685/1195 2064/679/1195
f 2064/679/1196 2070/685/1196 2065/680/1196
f 2070/685/1197 2071/686/1197 2065/680/1197
f 2065/680/1198 2071/686/1198 2066/681/1198
f 2071/686/1199 2072/687/1199 2066/681/1199
f 2066/681/1200 2072/687/1200 2067/682/1200
f 2072/687/1201 2073/688/1201 2067/682/1201
f 2067/682/1202 2073/688/1202 1494/683/1202
f 2073/688/1203 1493/689/1203 1494/683/1203
f 1492/6/1204 1478/5/1204 2068/668/1204
f 1478/5/1205 1477/690/1205 2068/668/1205
f 2068/668/1206 1477/690/1206 2069/684/1206
f 1477/690/1207 1476/691/1207 2069/684/1207
f 2069/684/1208 1476/691/1208 2070/685/1208
f 1476/691/1209 1475/692/1209 2070/685/1209
f 2070/685/1210 1475/692/1210 2071/686/1210
f 1475/692/1211 1474/693/1211 2071/686/1211
f 2071/686/1212 1474/693/1212 2072/687/1212
f 1474/693/1213 1473/694/1213 2072/687/1213
f 2072/687/1214 1473/694/1214 2073/688/1214
f 1473/694/1215 1472/695/1215 2073/688/1215
f 2073/688/1216 1472/695/1216 1493/689/1216
f 1472/695/1217 1453/696/1217 1493/689/1217
f 1465/697/1218 1485/18/1218 1455/17/1218
f 1466/698/1219 2074/699/1219 1465/697/1219
f 1467/700/1220 2075/701/1220 1466/698/1220
f 1468/702/1221 2077/703/1221 1467/700/1221
f 1469/704/1222 2080/705/1222 1468/702/1222
f 1470/706/1223 2084/707/1223 1469/704/1223
f 1471/3/1224 2089/708/1224 1470/706/1224
f 1465/697/1225 2074/699/1225 1485/18/1225
f 2074/699/1226 1484/530/1226 1485/18/1226
f 1466/698/1361 2075/701/1361 2074/699/1361
f 2075/701/1228 2076/709/1228 2074/699/1228
f 2074/699/1229 2076/709/1229 1484/530/1229
f 2076/709/1230 1483/531/1230 1484/530/1230
f 1467/700/1231 2077/703/1231 2075/701/1231
f 2077/703/1232 2078/710/1232 2075/701/1232
f 2075/701/1233 2078/710/1233 2076/709/1233
f 2078/710/1234 2079/711/1234 2076/709/1234
f 2076/709/1235 2079/711/1235 1483/531/1235
f 2079/711/1236 1482/532/1236 1483/531/1236
f 1468/702/1237 2080/705/1237 2077/703/1237
f 2080/705/1238 2081/712/1238 2077/703/1238
f 2077/703/1239 2081/712/1239 2078/710/1239
f 2081/712/1240 2082/713/1240 2078/710/1240
f 2078/710/1241 2082/713/1241 2079/711/1241
f 2082/713/1242 2083/714/1242 2079/711/1242
f 2079/711/1243 2083/714/1243 1482/532/1243
f 2083/714/1244 1481/533/1244 1482/532/1244
f 1469/704/1245 2084/707/1245 2080/705/1245
f 2084/707/1246 2085/715/1246 2080/705/1246
f 2080/705/1247 2085/715/1247 2081/712/1247
f 2085/715/1248 2086/716/1248 2081/712/1248
f 2081/712/1249 2086/716/1249 2082/713/1249
f 2086/716/1250 2087/717/1250 2082/713/1250
f 2082/713/1251 2087/717/1251 2083/714/1251
f 2087/717/1252 2088/718/1252 2083/714/1252
f 2083/714/1253 2088/718/1253 1481/533/1253
f 2088/718/1254 1480/534/1254 1481/533/1254
f 1470/706/1255 2089/708/1255 2084/707/1255
f 2089/708/1256 2090/719/1256 2084/707/1256
f 2084/707/1257 2090/719/1257 2085/715/1257
f 2090/719/1258 2091/720/1258 2085/715/1258
f 2085/715/1259 2091/720/1259 2086/716/1259
f 2091/720/1260 2092/721/1260 2086/716/1260
f 2086/716/1261 2092/721/1261 2087/717/1261
f 2092/721/1262 2093/722/1262 2087/717/1262
f 2087/717/1263 2093/722/1263 2088/718/1263
f 2093/722/1264 2094/723/1264 2088/718/1264
f 2088/718/1265 2094/723/1265 1480/534/1265
f 2094/723/1266 1479/535/1266 1480/534/1266
f 1471/3/1267 1472/2/1267 2089/708/1267
f 1472/2/1268 1473/724/1268 2089/708/1268
f 2089/708/1269 1473/724/1269 2090/719/1269
f 1473/724/1270 1474/725/1270 2090/719/1270
f 2090/719/1271 1474/725/1271 2091/720/1271
f 1474/725/1272 1475/726/1272 2091/720/1272
f 2091/720/1273 1475/726/1273 2092/721/1273
f 1475/726/1274 1476/727/1274 2092/721/1274
f 2092/721/1275 1476/727/1275 2093/722/1275
f 1476/727/1276 1477/728/1276 2093/722/1276
f 2093/722/1277 1477/728/1277 2094/723/1277
f 1477/728/1278 1478/729/1278 2094/723/1278
f 2094/723/1279 1478/729/1279 1479/535/1279
f 1478/729/1280 1454/4/1280 1479/535/1280
f 2095/1/1 2114/2/1 2113/3/1
f 2096/4/2 2120/5/2 2134/6/2
f 2095/7/3 2113/8/3 2148/9/3
f 2095/10/4 2148/11/4 2162/12/4
f 2095/13/5 2162/14/5 2135/15/5
f 2096/4/6 2134/6/6 2183/16/6
f 2097/17/7 2127/18/7 2197/19/7
f 2098/20/1365 2155/21/1365 2211/22/1365
f 2099/23/9 2169/24/9 2225/25/9
f 2100/26/1341 2176/27/1341 2239/28/1341
f 2096/4/11 2183/16/11 2198/29/11
f 2097/17/12 2197/19/12 2212/30/12
f 2098/20/13 2211/22/13 2226/31/13
f 2099/23/14 2225/25/14 2240/32/14
f 2100/26/15 2239/28/15 2184/33/15
f 2101/34/16 2253/35/16 2288/36/16
f 2102/37/17 2260/38/17 2302/39/17
f 2103/40/18 2267/41/18 2309/42/18
f 2104/43/19 2274/44/19 2316/45/19
f 2105/46/20 2281/47/20 2289/48/20
f 2295/49/21 2310/50/21 2106/51/21
f 2294/52/22 2317/53/22 2295/49/22
f 2293/54/23 2318/55/23 2294/52/23
f 2292/56/24 2320/57/24 2293/54/24
f 2291/58/25 2323/59/25 2292/56/25
f 2290/60/26 2327/61/26 2291/58/26
f 2289/48/27 2332/62/27 2290/60/27
f 2295/49/28 2317/53/28 2310/50/28
f 2317/53/29 2311/63/29 2310/50/29
f 2294/52/30 2318/55/30 2317/53/30
f 2318/55/31 2319/64/31 2317/53/31
f 2317/53/32 2319/64/32 2311/63/32
f 2319/64/33 2312/65/33 2311/63/33
f 2293/54/34 2320/57/34 2318/55/34
f 2320/57/35 2321/66/35 2318/55/35
f 2318/55/36 2321/66/36 2319/64/36
f 2321/66/37 2322/67/37 2319/64/37
f 2319/64/38 2322/67/38 2312/65/38
f 2322/67/39 2313/68/39 2312/65/39
f 2292/56/40 2323/59/40 2320/57/40
f 2323/59/41 2324/69/41 2320/57/41
f 2320/57/42 2324/69/42 2321/66/42
f 2324/69/43 2325/70/43 2321/66/43
f 2321/66/44 2325/70/44 2322/67/44
f 2325/70/45 2326/71/45 2322/67/45
f 2322/67/46 2326/71/46 2313/68/46
f 2326/71/47 2314/72/47 2313/68/47
f 2291/58/48 2327/61/48 2323/59/48
f 2327/61/49 2328/73/49 2323/59/49
f 2323/59/50 2328/73/50 2324/69/50
f 2328/73/51 2329/74/51 2324/69/51
f 2324/69/52 2329/74/52 2325/70/52
f 2329/74/53 2330/75/53 2325/70/53
f 2325/70/54 2330/75/54 2326/71/54
f 2330/75/55 2331/76/55 2326/71/55
f 2326/71/56 2331/76/56 2314/72/56
f 2331/76/57 2315/77/57 2314/72/57
f 2290/60/58 2332/62/58 2327/61/58
f 2332/62/59 2333/78/59 2327/61/59
f 2327/61/60 2333/78/60 2328/73/60
f 2333/78/61 2334/79/61 2328/73/61
f 2328/73/62 2334/79/62 2329/74/62
f 2334/79/63 2335/80/63 2329/74/63
f 2329/74/64 2335/80/64 2330/75/64
f 2335/80/65 2336/81/65 2330/75/65
f 2330/75/66 2336/81/66 2331/76/66
f 2336/81/67 2337/82/67 2331/76/67
f 2331/76/68 2337/82/68 2315/77/68
f 2337/82/69 2316/83/69 2315/77/69
f 2289/48/70 2281/47/70 2332/62/70
f 2281/47/71 2280/84/71 2332/62/71
f 2332/62/72 2280/84/72 2333/78/72
f 2280/84/73 2279/85/73 2333/78/73
f 2333/78/74 2279/85/74 2334/79/74
f 2279/85/75 2278/86/75 2334/79/75
f 2334/79/76 2278/86/76 2335/80/76
f 2278/86/77 2277/87/77 2335/80/77
f 2335/80/78 2277/87/78 2336/81/78
f 2277/87/79 2276/88/79 2336/81/79
f 2336/81/80 2276/88/80 2337/82/80
f 2276/88/81 2275/89/81 2337/82/81
f 2337/82/82 2275/89/82 2316/83/82
f 2275/89/83 2104/43/83 2316/83/83
f 2310/90/84 2303/91/84 2106/92/84
f 2311/93/85 2338/94/85 2310/90/85
f 2312/95/86 2339/96/86 2311/93/86
f 2313/97/87 2341/98/87 2312/95/87
f 2314/99/88 2344/100/88 2313/97/88
f 2315/101/89 2348/102/89 2314/99/89
f 2316/45/90 2353/103/90 2315/101/90
f 2310/90/91 2338/94/91 2303/91/91
f 2338/94/92 2304/104/92 2303/91/92
f 2311/93/93 2339/96/93 2338/94/93
f 2339/96/94 2340/105/94 2338/94/94
f 2338/94/95 2340/105/95 2304/104/95
f 2340/105/96 2305/106/96 2304/104/96
f 2312/95/97 2341/98/97 2339/96/97
f 2341/98/98 2342/107/98 2339/96/98
f 2339/96/99 2342/107/99 2340/105/99
f 2342/107/100 2343/108/100 2340/105/100
f 2340/105/101 2343/108/101 2305/106/101
f 2343/108/102 2306/109/102 2305/106/102
f 2313/97/103 2344/100/103 2341/98/103
f 2344/100/104 2345/110/104 2341/98/104
f 2341/98/105 2345/110/105 2342/107/105
f 2345/110/106 2346/111/106 2342/107/106
f 2342/107/107 2346/111/107 2343/108/107
f 2346/111/108 2347/112/108 2343/108/108
f 2343/108/109 2347/112/109 2306/109/109
f 2347/112/110 2307/113/110 2306/109/110
f 2314/99/111 2348/102/111 2344/100/111
f 2348/102/112 2349/114/112 2344/100/112
f 2344/100/113 2349/114/113 2345/110/113
f 2349/114/114 2350/115/114 2345/110/114
f 2345/110/115 2350/115/115 2346/111/115
f 2350/115/116 2351/116/116 2346/111/116
f 2346/111/117 2351/116/117 2347/112/117
f 2351/116/118 2352/117/118 2347/112/118
f 2347/112/119 2352/117/119 2307/113/119
f 2352/117/120 2308/118/120 2307/113/120
f 2315/101/121 2353/103/121 2348/102/121
f 2353/103/122 2354/119/122 2348/102/122
f 2348/102/123 2354/119/123 2349/114/123
f 2354/119/124 2355/120/124 2349/114/124
f 2349/114/125 2355/120/125 2350/115/125
f 2355/120/126 2356/121/126 2350/115/126
f 2350/115/127 2356/121/127 2351/116/127
f 2356/121/128 2357/122/128 2351/116/128
f 2351/116/129 2357/122/129 2352/117/129
f 2357/122/130 2358/123/130 2352/117/130
f 2352/117/131 2358/123/131 2308/118/131
f 2358/123/132 2309/124/132 2308/118/132
f 2316/45/133 2274/44/133 2353/103/133
f 2274/44/134 2273/125/134 2353/103/134
f 2353/103/135 2273/125/135 2354/119/135
f 2273/125/136 2272/126/136 2354/119/136
f 2354/119/137 2272/126/137 2355/120/137
f 2272/126/138 2271/127/138 2355/120/138
f 2355/120/139 2271/127/139 2356/121/139
f 2271/127/140 2270/128/140 2356/121/140
f 2356/121/141 2270/128/141 2357/122/141
f 2270/128/142 2269/129/142 2357/122/142
f 2357/122/143 2269/129/143 2358/123/143
f 2269/129/144 2268/130/144 2358/123/144
f 2358/123/145 2268/130/145 2309/124/145
f 2268/130/146 2103/40/146 2309/124/146
f 2303/131/147 2296/132/147 2106/133/147
f 2304/134/148 2359/135/148 2303/131/148
f 2305/136/149 2360/137/149 2304/134/149
f 2306/138/150 2362/139/150 2305/136/150
f 2307/140/151 2365/141/151 2306/138/151
f 2308/142/152 2369/143/152 2307/140/152
f 2309/42/153 2374/144/153 2308/142/153
f 2303/131/154 2359/135/154 2296/132/154
f 2359/135/155 2297/145/155 2296/132/155
f 2304/134/156 2360/137/156 2359/135/156
f 2360/137/157 2361/146/157 2359/135/157
f 2359/135/158 2361/146/158 2297/145/158
f 2361/146/159 2298/147/159 2297/145/159
f 2305/136/160 2362/139/160 2360/137/160
f 2362/139/161 2363/148/161 2360/137/161
f 2360/137/162 2363/148/162 2361/146/162
f 2363/148/163 2364/149/163 2361/146/163
f 2361/146/164 2364/149/164 2298/147/164
f 2364/149/165 2299/150/165 2298/147/165
f 2306/138/166 2365/141/166 2362/139/166
f 2365/141/167 2366/151/167 2362/139/167
f 2362/139/168 2366/151/168 2363/148/168
f 2366/151/169 2367/152/169 2363/148/169
f 2363/148/170 2367/152/170 2364/149/170
f 2367/152/171 2368/153/171 2364/149/171
f 2364/149/172 2368/153/172 2299/150/172
f 2368/153/173 2300/154/173 2299/150/173
f 2307/140/174 2369/143/174 2365/141/174
f 2369/143/175 2370/155/175 2365/141/175
f 2365/141/176 2370/155/176 2366/151/176
f 2370/155/177 2371/156/177 2366/151/177
f 2366/151/178 2371/156/178 2367/152/178
f 2371/156/179 2372/157/179 2367/152/179
f 2367/152/180 2372/157/180 2368/153/180
f 2372/157/181 2373/158/181 2368/153/181
f 2368/153/182 2373/158/182 2300/154/182
f 2373/158/183 2301/159/183 2300/154/183
f 2308/142/184 2374/144/184 2369/143/184
f 2374/144/185 2375/160/185 2369/143/185
f 2369/143/186 2375/160/186 2370/155/186
f 2375/160/187 2376/161/187 2370/155/187
f 2370/155/188 2376/161/188 2371/156/188
f 2376/161/189 2377/162/189 2371/156/189
f 2371/156/190 2377/162/190 2372/157/190
f 2377/162/191 2378/163/191 2372/157/191
f 2372/157/192 2378/163/192 2373/158/192
f 2378/163/193 2379/164/193 2373/158/193
f 2373/158/194 2379/164/194 2301/159/194
f 2379/164/195 2302/165/195 2301/159/195
f 2309/42/196 2267/41/196 2374/144/196
f 2267/41/197 2266/166/197 2374/144/197
f 2374/144/198 2266/166/198 2375/160/198
f 2266/166/199 2265/167/199 2375/160/199
f 2375/160/200 2265/167/200 2376/161/200
f 2265/167/201 2264/168/201 2376/161/201
f 2376/161/202 2264/168/202 2377/162/202
f 2264/168/203 2263/169/203 2377/162/203
f 2377/162/204 2263/169/204 2378/163/204
f 2263/169/205 2262/170/205 2378/163/205
f 2378/163/206 2262/170/206 2379/164/206
f 2262/170/207 2261/171/207 2379/164/207
f 2379/164/208 2261/171/208 2302/165/208
f 2261/171/209 2102/172/209 2302/165/209
f 2296/173/210 2282/174/210 2106/175/210
f 2297/176/211 2380/177/211 2296/173/211
f 2298/178/212 2381/179/212 2297/176/212
f 2299/180/213 2383/181/213 2298/178/213
f 2300/182/214 2386/183/214 2299/180/214
f 2301/184/215 2390/185/215 2300/182/215
f 2302/39/216 2395/186/216 2301/184/216
f 2296/173/217 2380/177/217 2282/174/217
f 2380/177/218 2283/187/218 2282/174/218
f 2297/176/219 2381/179/219 2380/177/219
f 2381/179/220 2382/188/220 2380/177/220
f 2380/177/221 2382/188/221 2283/187/221
f 2382/188/222 2284/189/222 2283/187/222
f 2298/178/223 2383/181/223 2381/179/223
f 2383/181/224 2384/190/224 2381/179/224
f 2381/179/225 2384/190/225 2382/188/225
f 2384/190/226 2385/191/226 2382/188/226
f 2382/188/227 2385/191/227 2284/189/227
f 2385/191/228 2285/192/228 2284/189/228
f 2299/180/229 2386/183/229 2383/181/229
f 2386/183/230 2387/193/230 2383/181/230
f 2383/181/231 2387/193/231 2384/190/231
f 2387/193/232 2388/194/232 2384/190/232
f 2384/190/233 2388/194/233 2385/191/233
f 2388/194/234 2389/195/234 2385/191/234
f 2385/191/235 2389/195/235 2285/192/235
f 2389/195/236 2286/196/236 2285/192/236
f 2300/182/237 2390/185/237 2386/183/237
f 2390/185/238 2391/197/238 2386/183/238
f 2386/183/239 2391/197/239 2387/193/239
f 2391/197/240 2392/198/240 2387/193/240
f 2387/193/241 2392/198/241 2388/194/241
f 2392/198/242 2393/199/242 2388/194/242
f 2388/194/243 2393/199/243 2389/195/243
f 2393/199/244 2394/200/244 2389/195/244
f 2389/195/245 2394/200/245 2286/196/245
f 2394/200/246 2287/201/246 2286/196/246
f 2301/184/247 2395/186/247 2390/185/247
f 2395/186/248 2396/202/248 2390/185/248
f 2390/185/249 2396/202/249 2391/197/249
f 2396/202/250 2397/203/250 2391/197/250
f 2391/197/251 2397/203/251 2392/198/251
f 2397/203/252 2398/204/252 2392/198/252
f 2392/198/253 2398/204/253 2393/199/253
f 2398/204/254 2399/205/254 2393/199/254
f 2393/199/255 2399/205/255 2394/200/255
f 2399/205/256 2400/206/256 2394/200/256
f 2394/200/257 2400/206/257 2287/201/257
f 2400/206/258 2288/207/258 2287/201/258
f 2302/39/259 2260/38/259 2395/186/259
f 2260/38/260 2259/208/260 2395/186/260
f 2395/186/261 2259/208/261 2396/202/261
f 2259/208/262 2258/209/262 2396/202/262
f 2396/202/263 2258/209/263 2397/203/263
f 2258/209/264 2257/210/264 2397/203/264
f 2397/203/265 2257/210/265 2398/204/265
f 2257/210/266 2256/211/266 2398/204/266
f 2398/204/267 2256/211/267 2399/205/267
f 2256/211/268 2255/212/268 2399/205/268
f 2399/205/269 2255/212/269 2400/206/269
f 2255/212/270 2254/213/270 2400/206/270
f 2400/206/271 2254/213/271 2288/207/271
f 2254/213/272 2101/34/272 2288/207/272
f 2282/214/273 2295/215/273 2106/216/273
f 2283/217/274 2401/218/274 2282/214/274
f 2284/219/275 2402/220/275 2283/217/275
f 2285/221/276 2404/222/276 2284/219/276
f 2286/223/277 2407/224/277 2285/221/277
f 2287/225/278 2411/226/278 2286/223/278
f 2288/36/279 2416/227/279 2287/225/279
f 2282/214/280 2401/218/280 2295/215/280
f 2401/218/281 2294/228/281 2295/215/281
f 2283/217/282 2402/220/282 2401/218/282
f 2402/220/283 2403/229/283 2401/218/283
f 2401/218/284 2403/229/284 2294/228/284
f 2403/229/285 2293/230/285 2294/228/285
f 2284/219/286 2404/222/286 2402/220/286
f 2404/222/287 2405/231/287 2402/220/287
f 2402/220/288 2405/231/288 2403/229/288
f 2405/231/289 2406/232/289 2403/229/289
f 2403/229/290 2406/232/290 2293/230/290
f 2406/232/291 2292/233/291 2293/230/291
f 2285/221/292 2407/224/292 2404/222/292
f 2407/224/293 2408/234/293 2404/222/293
f 2404/222/294 2408/234/294 2405/231/294
f 2408/234/295 2409/235/295 2405/231/295
f 2405/231/296 2409/235/296 2406/232/296
f 2409/235/297 2410/236/297 2406/232/297
f 2406/232/298 2410/236/298 2292/233/298
f 2410/236/299 2291/237/299 2292/233/299
f 2286/223/300 2411/226/300 2407/224/300
f 2411/226/301 2412/238/301 2407/224/301
f 2407/224/302 2412/238/302 2408/234/302
f 2412/238/303 2413/239/303 2408/234/303
f 2408/234/304 2413/239/304 2409/235/304
f 2413/239/305 2414/240/305 2409/235/305
f 2409/235/306 2414/240/306 2410/236/306
f 2414/240/307 2415/241/307 2410/236/307
f 2410/236/308 2415/241/308 2291/237/308
f 2415/241/309 2290/242/309 2291/237/309
f 2287/225/310 2416/227/310 2411/226/310
f 2416/227/311 2417/243/311 2411/226/311
f 2411/226/312 2417/243/312 2412/238/312
f 2417/243/313 2418/244/313 2412/238/313
f 2412/238/314 2418/244/314 2413/239/314
f 2418/244/315 2419/245/315 2413/239/315
f 2413/239/316 2419/245/316 2414/240/316
f 2419/245/317 2420/246/317 2414/240/317
f 2414/240/318 2420/246/318 2415/241/318
f 2420/246/319 2421/247/319 2415/241/319
f 2415/241/320 2421/247/320 2290/242/320
f 2421/247/321 2289/248/321 2290/242/321
f 2288/36/322 2253/35/322 2416/227/322
f 2253/35/323 2252/249/323 2416/227/323
f 2416/227/324 2252/249/324 2417/243/324
f 2252/249/325 2251/250/325 2417/243/325
f 2417/243/326 2251/250/326 2418/244/326
f 2251/250/327 2250/251/327 2418/244/327
f 2418/244/328 2250/251/328 2419/245/328
f 2250/251/329 2249/252/329 2419/245/329
f 2419/245/330 2249/252/330 2420/246/330
f 2249/252/331 2248/253/331 2420/246/331
f 2420/246/332 2248/253/332 2421/247/332
f 2248/253/333 2247/254/333 2421/247/333
f 2421/247/334 2247/254/334 2289/248/334
f 2247/254/335 2105/46/335 2289/248/335
f 2190/255/336 2281/47/336 2105/46/336
f 2189/256/337 2422/257/337 2190/255/337
f 2188/258/338 2423/259/338 2189/256/338
f 2187/260/339 2425/261/339 2188/258/339
f 2186/262/340 2428/263/340 2187/260/340
f 2185/264/341 2432/265/341 2186/262/341
f 2184/33/342 2437/266/342 2185/264/342
f 2190/255/343 2422/257/343 2281/47/343
f 2422/257/344 2280/84/344 2281/47/344
f 2189/256/345 2423/259/345 2422/257/345
f 2423/259/346 2424/267/346 2422/257/346
f 2422/257/347 2424/267/347 2280/84/347
f 2424/267/348 2279/85/348 2280/84/348
f 2188/258/349 2425/261/349 2423/259/349
f 2425/261/350 2426/268/350 2423/259/350
f 2423/259/351 2426/268/351 2424/267/351
f 2426/268/352 2427/269/352 2424/267/352
f 2424/267/353 2427/269/353 2279/85/353
f 2427/269/354 2278/86/354 2279/85/354
f 2187/260/355 2428/263/355 2425/261/355
f 2428/263/356 2429/270/356 2425/261/356
f 2425/261/357 2429/270/357 2426/268/357
f 2429/270/358 2430/271/358 2426/268/358
f 2426/268/359 2430/271/359 2427/269/359
f 2430/271/360 2431/272/360 2427/269/360
f 2427/269/361 2431/272/361 2278/86/361
f 2431/272/362 2277/87/362 2278/86/362
f 2186/262/363 2432/265/363 2428/263/363
f 2432/265/364 2433/273/364 2428/263/364
f 2428/263/365 2433/273/365 2429/270/365
f 2433/273/366 2434/274/366 2429/270/366
f 2429/270/367 2434/274/367 2430/271/367
f 2434/274/368 2435/275/368 2430/271/368
f 2430/271/369 2435/275/369 2431/272/369
f 2435/275/370 2436/276/370 2431/272/370
f 2431/272/371 2436/276/371 2277/87/371
f 2436/276/372 2276/88/372 2277/87/372
f 2185/264/373 2437/266/373 2432/265/373
f 2437/266/374 2438/277/374 2432/265/374
f 2432/265/375 2438/277/375 2433/273/375
f 2438/277/376 2439/278/376 2433/273/376
f 2433/273/377 2439/278/377 2434/274/377
f 2439/278/378 2440/279/378 2434/274/378
f 2434/274/379 2440/279/379 2435/275/379
f 2440/279/380 2441/280/380 2435/275/380
f 2435/275/381 2441/280/381 2436/276/381
f 2441/280/382 2442/281/382 2436/276/382
f 2436/276/383 2442/281/383 2276/88/383
f 2442/281/384 2275/89/384 2276/88/384
f 2184/33/385 2239/28/385 2437/266/385
f 2239/28/386 2238/282/386 2437/266/386
f 2437/266/387 2238/282/387 2438/277/387
f 2238/282/388 2237/283/388 2438/277/388
f 2438/277/389 2237/283/389 2439/278/389
f 2237/283/390 2236/284/390 2439/278/390
f 2439/278/391 2236/284/391 2440/279/391
f 2236/284/392 2235/285/392 2440/279/392
f 2440/279/393 2235/285/393 2441/280/393
f 2235/285/394 2234/286/394 2441/280/394
f 2441/280/395 2234/286/395 2442/281/395
f 2234/286/396 2233/287/396 2442/281/396
f 2442/281/397 2233/287/397 2275/89/397
f 2233/287/398 2104/43/398 2275/89/398
f 2246/288/399 2274/44/399 2104/43/399
f 2245/289/400 2443/290/400 2246/288/400
f 2244/291/401 2444/292/401 2245/289/401
f 2243/293/402 2446/294/402 2244/291/402
f 2242/295/403 2449/296/403 2243/293/403
f 2241/297/404 2453/298/404 2242/295/404
f 2240/32/405 2458/299/405 2241/297/405
f 2246/288/406 2443/290/406 2274/44/406
f 2443/290/407 2273/125/407 2274/44/407
f 2245/289/408 2444/292/408 2443/290/408
f 2444/292/409 2445/300/409 2443/290/409
f 2443/290/410 2445/300/410 2273/125/410
f 2445/300/411 2272/126/411 2273/125/411
f 2244/291/412 2446/294/412 2444/292/412
f 2446/294/413 2447/301/413 2444/292/413
f 2444/292/414 2447/301/414 2445/300/414
f 2447/301/415 2448/302/415 2445/300/415
f 2445/300/416 2448/302/416 2272/126/416
f 2448/302/417 2271/127/417 2272/126/417
f 2243/293/418 2449/296/418 2446/294/418
f 2449/296/419 2450/303/419 2446/294/419
f 2446/294/420 2450/303/420 2447/301/420
f 2450/303/421 2451/304/421 2447/301/421
f 2447/301/422 2451/304/422 2448/302/422
f 2451/304/423 2452/305/423 2448/302/423
f 2448/302/424 2452/305/424 2271/127/424
f 2452/305/425 2270/128/425 2271/127/425
f 2242/295/426 2453/298/426 2449/296/426
f 2453/298/427 2454/306/427 2449/296/427
f 2449/296/428 2454/306/428 2450/303/428
f 2454/306/429 2455/307/429 2450/303/429
f 2450/303/430 2455/307/430 2451/304/430
f 2455/307/431 2456/308/431 2451/304/431
f 2451/304/432 2456/308/432 2452/305/432
f 2456/308/433 2457/309/433 2452/305/433
f 2452/305/434 2457/309/434 2270/128/434
f 2457/309/435 2269/129/435 2270/128/435
f 2241/297/436 2458/299/436 2453/298/436
f 2458/299/437 2459/310/437 2453/298/437
f 2453/298/438 2459/310/438 2454/306/438
f 2459/310/439 2460/311/439 2454/306/439
f 2454/306/440 2460/311/440 2455/307/440
f 2460/311/441 2461/312/441 2455/307/441
f 2455/307/442 2461/312/442 2456/308/442
f 2461/312/443 2462/313/443 2456/308/443
f 2456/308/444 2462/313/444 2457/309/444
f 2462/313/445 2463/314/445 2457/309/445
f 2457/309/446 2463/314/446 2269/129/446
f 2463/314/447 2268/130/447 2269/129/447
f 2240/32/448 2225/25/448 2458/299/448
f 2225/25/449 2224/315/449 2458/299/449
f 2458/299/450 2224/315/450 2459/310/450
f 2224/315/451 2223/316/451 2459/310/451
f 2459/310/452 2223/316/452 2460/311/452
f 2223/316/453 2222/317/453 2460/311/453
f 2460/311/454 2222/317/454 2461/312/454
f 2222/317/455 2221/318/455 2461/312/455
f 2461/312/456 2221/318/456 2462/313/456
f 2221/318/457 2220/319/457 2462/313/457
f 2462/313/458 2220/319/458 2463/314/458
f 2220/319/459 2219/320/459 2463/314/459
f 2463/314/460 2219/320/460 2268/130/460
f 2219/320/461 2103/40/461 2268/130/461
f 2232/321/462 2267/41/462 2103/40/462
f 2231/322/463 2464/323/463 2232/321/463
f 2230/324/464 2465/325/464 2231/322/464
f 2229/326/465 2467/327/465 2230/324/465
f 2228/328/466 2470/329/466 2229/326/466
f 2227/330/467 2474/331/467 2228/328/467
f 2226/31/468 2479/332/468 2227/330/468
f 2232/321/469 2464/323/469 2267/41/469
f 2464/323/470 2266/166/470 2267/41/470
f 2231/322/471 2465/325/471 2464/323/471
f 2465/325/472 2466/333/472 2464/323/472
f 2464/323/473 2466/333/473 2266/166/473
f 2466/333/474 2265/167/474 2266/166/474
f 2230/324/475 2467/327/475 2465/325/475
f 2467/327/476 2468/334/476 2465/325/476
f 2465/325/477 2468/334/477 2466/333/477
f 2468/334/478 2469/335/478 2466/333/478
f 2466/333/479 2469/335/479 2265/167/479
f 2469/335/480 2264/168/480 2265/167/480
f 2229/326/481 2470/329/481 2467/327/481
f 2470/329/482 2471/336/482 2467/327/482
f 2467/327/483 2471/336/483 2468/334/483
f 2471/336/484 2472/337/484 2468/334/484
f 2468/334/485 2472/337/485 2469/335/485
f 2472/337/486 2473/338/486 2469/335/486
f 2469/335/487 2473/338/487 2264/168/487
f 2473/338/488 2263/169/488 2264/168/488
f 2228/328/489 2474/331/489 2470/329/489
f 2474/331/490 2475/339/490 2470/329/490
f 2470/329/491 2475/339/491 2471/336/491
f 2475/339/492 2476/340/492 2471/336/492
f 2471/336/493 2476/340/493 2472/337/493
f 2476/340/494 2477/341/494 2472/337/494
f 2472/337/495 2477/341/495 2473/338/495
f 2477/341/496 2478/342/496 2473/338/496
f 2473/338/497 2478/342/497 2263/169/497
f 2478/342/498 2262/170/498 2263/169/498
f 2227/330/499 2479/332/499 2474/331/499
f 2479/332/500 2480/343/500 2474/331/500
f 2474/331/501 2480/343/501 2475/339/501
f 2480/343/502 2481/344/502 2475/339/502
f 2475/339/503 2481/344/503 2476/340/503
f 2481/344/504 2482/345/504 2476/340/504
f 2476/340/505 2482/345/505 2477/341/505
f 2482/345/506 2483/346/506 2477/341/506
f 2477/341/507 2483/346/507 2478/342/507
f 2483/346/508 2484/347/508 2478/342/508
f 2478/342/509 2484/347/509 2262/170/509
f 2484/347/510 2261/171/510 2262/170/510
f 2226/31/511 2211/22/511 2479/332/511
f 2211/22/512 2210/348/512 2479/332/512
f 2479/332/513 2210/348/513 2480/343/513
f 2210/348/514 2209/349/514 2480/343/514
f 2480/343/515 2209/349/515 2481/344/515
f 2209/349/516 2208/350/516 2481/344/516
f 2481/344/517 2208/350/517 2482/345/517
f 2208/350/518 2207/351/518 2482/345/518
f 2482/345/519 2207/351/519 2483/346/519
f 2207/351/520 2206/352/520 2483/346/520
f 2483/346/521 2206/352/521 2484/347/521
f 2206/352/522 2205/353/522 2484/347/522
f 2484/347/523 2205/353/523 2261/171/523
f 2205/353/524 2102/172/524 2261/171/524
f 2218/354/525 2260/38/525 2102/37/525
f 2217/355/526 2485/356/526 2218/354/526
f 2216/357/527 2486/358/527 2217/355/527
f 2215/359/528 2488/360/528 2216/357/528
f 2214/361/529 2491/362/529 2215/359/529
f 2213/363/530 2495/364/530 2214/361/530
f 2212/30/531 2500/365/531 2213/363/531
f 2218/354/532 2485/356/532 2260/38/532
f 2485/356/533 2259/208/533 2260/38/533
f 2217/355/534 2486/358/534 2485/356/534
f 2486/358/535 2487/366/535 2485/356/535
f 2485/356/536 2487/366/536 2259/208/536
f 2487/366/1364 2258/209/1364 2259/208/1364
f 2216/357/538 2488/360/538 2486/358/538
f 2488/360/539 2489/367/539 2486/358/539
f 2486/358/540 2489/367/540 2487/366/540
f 2489/367/541 2490/368/541 2487/366/541
f 2487/366/542 2490/368/542 2258/209/542
f 2490/368/543 2257/210/543 2258/209/543
f 2215/359/1346 2491/362/1346 2488/360/1346
f 2491/362/545 2492/369/545 2488/360/545
f 2488/360/546 2492/369/546 2489/367/546
f 2492/369/547 2493/370/547 2489/367/547
f 2489/367/548 2493/370/548 2490/368/548
f 2493/370/549 2494/371/549 2490/368/549
f 2490/368/550 2494/371/550 2257/210/550
f 2494/371/551 2256/211/551 2257/210/551
f 2214/361/552 2495/364/552 2491/362/552
f 2495/364/553 2496/372/553 2491/362/553
f 2491/362/554 2496/372/554 2492/369/554
f 2496/372/555 2497/373/555 2492/369/555
f 2492/369/556 2497/373/556 2493/370/556
f 2497/373/557 2498/374/557 2493/370/557
f 2493/370/558 2498/374/558 2494/371/558
f 2498/374/559 2499/375/559 2494/371/559
f 2494/371/560 2499/375/560 2256/211/560
f 2499/375/561 2255/212/561 2256/211/561
f 2213/363/562 2500/365/562 2495/364/562
f 2500/365/563 2501/376/563 2495/364/563
f 2495/364/564 2501/376/564 2496/372/564
f 2501/376/565 2502/377/565 2496/372/565
f 2496/372/566 2502/377/566 2497/373/566
f 2502/377/567 2503/378/567 2497/373/567
f 2497/373/568 2503/378/568 2498/374/568
f 2503/378/569 2504/379/569 2498/374/569
f 2498/374/570 2504/379/570 2499/375/570
f 2504/379/571 2505/380/571 2499/375/571
f 2499/375/572 2505/380/572 2255/212/572
f 2505/380/573 2254/213/573 2255/212/573
f 2212/30/574 2197/19/574 2500/365/574
f 2197/19/575 2196/381/575 2500/365/575
f 2500/365/576 2196/381/576 2501/376/576
f 2196/381/577 2195/382/577 2501/376/577
f 2501/376/578 2195/382/578 2502/377/578
f 2195/382/579 2194/383/579 2502/377/579
f 2502/377/580 2194/383/580 2503/378/580
f 2194/383/581 2193/384/581 2503/378/581
f 2503/378/582 2193/384/582 2504/379/582
f 2193/384/583 2192/385/583 2504/379/583
f 2504/379/584 2192/385/584 2505/380/584
f 2192/385/585 2191/386/585 2505/380/585
f 2505/380/586 2191/386/586 2254/213/586
f 2191/386/587 2101/34/587 2254/213/587
f 2204/387/588 2253/35/588 2101/34/588
f 2203/388/589 2506/389/589 2204/387/589
f 2202/390/590 2507/391/590 2203/388/590
f 2201/392/591 2509/393/591 2202/390/591
f 2200/394/592 2512/395/592 2201/392/592
f 2199/396/593 2516/397/593 2200/394/593
f 2198/29/594 2521/398/594 2199/396/594
f 2204/387/595 2506/389/595 2253/35/595
f 2506/389/596 2252/249/596 2253/35/596
f 2203/388/597 2507/391/597 2506/389/597
f 2507/391/598 2508/399/598 2506/389/598
f 2506/389/599 2508/399/599 2252/249/599
f 2508/399/600 2251/250/600 2252/249/600
f 2202/390/601 2509/393/601 2507/391/601
f 2509/393/602 2510/400/602 2507/391/602
f 2507/391/603 2510/400/603 2508/399/603
f 2510/400/604 2511/401/604 2508/399/604
f 2508/399/605 2511/401/605 2251/250/605
f 2511/401/606 2250/251/606 2251/250/606
f 2201/392/607 2512/395/607 2509/393/607
f 2512/395/608 2513/402/608 2509/393/608
f 2509/393/609 2513/402/609 2510/400/609
f 2513/402/610 2514/403/610 2510/400/610
f 2510/400/611 2514/403/611 2511/401/611
f 2514/403/612 2515/404/612 2511/401/612
f 2511/401/613 2515/404/613 2250/251/613
f 2515/404/614 2249/252/614 2250/251/614
f 2200/394/615 2516/397/615 2512/395/615
f 2516/397/616 2517/405/616 2512/395/616
f 2512/395/617 2517/405/617 2513/402/617
f 2517/405/618 2518/406/618 2513/402/618
f 2513/402/619 2518/406/619 2514/403/619
f 2518/406/620 2519/407/620 2514/403/620
f 2514/403/621 2519/407/621 2515/404/621
f 2519/407/622 2520/408/622 2515/404/622
f 2515/404/623 2520/408/623 2249/252/623
f 2520/408/624 2248/253/624 2249/252/624
f 2199/396/625 2521/398/625 2516/397/625
f 2521/398/626 2522/409/626 2516/397/626
f 2516/397/627 2522/409/627 2517/405/627
f 2522/409/628 2523/410/628 2517/405/628
f 2517/405/629 2523/410/629 2518/406/629
f 2523/410/630 2524/411/630 2518/406/630
f 2518/406/631 2524/411/631 2519/407/631
f 2524/411/632 2525/412/632 2519/407/632
f 2519/407/633 2525/412/633 2520/408/633
f 2525/412/634 2526/413/634 2520/408/634
f 2520/408/635 2526/413/635 2248/253/635
f 2526/413/636 2247/254/636 2248/253/636
f 2198/29/637 2183/16/637 2521/398/637
f 2183/16/638 2182/414/638 2521/398/638
f 2521/398/639 2182/414/639 2522/409/639
f 2182/414/640 2181/415/640 2522/409/640
f 2522/409/1366 2181/415/1366 2523/410/1366
f 2181/415/642 2180/416/642 2523/410/642
f 2523/410/643 2180/416/643 2524/411/643
f 2180/416/644 2179/417/644 2524/411/644
f 2524/411/645 2179/417/645 2525/412/645
f 2179/417/646 2178/418/646 2525/412/646
f 2525/412/647 2178/418/647 2526/413/647
f 2178/418/648 2177/419/648 2526/413/648
f 2526/413/649 2177/419/649 2247/254/649
f 2177/419/1349 2105/46/1349 2247/254/1349
f 2233/287/651 2246/288/651 2104/43/651
f 2234/286/652 2527/420/652 2233/287/652
f 2235/285/653 2528/421/653 2234/286/653
f 2236/284/654 2530/422/654 2235/285/654
f 2237/283/655 2533/423/655 2236/284/655
f 2238/282/656 2537/424/656 2237/283/656
f 2239/28/657 2542/425/657 2238/282/657
f 2233/287/658 2527/420/658 2246/288/658
f 2527/420/659 2245/289/659 2246/288/659
f 2234/286/660 2528/421/660 2527/420/660
f 2528/421/661 2529/426/661 2527/420/661
f 2527/420/662 2529/426/662 2245/289/662
f 2529/426/663 2244/291/663 2245/289/663
f 2235/285/664 2530/422/664 2528/421/664
f 2530/422/665 2531/427/665 2528/421/665
f 2528/421/666 2531/427/666 2529/426/666
f 2531/427/667 2532/428/667 2529/426/667
f 2529/426/668 2532/428/668 2244/291/668
f 2532/428/669 2243/293/669 2244/291/669
f 2236/284/670 2533/423/670 2530/422/670
f 2533/423/671 2534/429/671 2530/422/671
f 2530/422/672 2534/429/672 2531/427/672
f 2534/429/673 2535/430/673 2531/427/673
f 2531/427/674 2535/430/674 2532/428/674
f 2535/430/675 2536/431/675 2532/428/675
f 2532/428/676 2536/431/676 2243/293/676
f 2536/431/677 2242/295/677 2243/293/677
f 2237/283/678 2537/424/678 2533/423/678
f 2537/424/679 2538/432/679 2533/423/679
f 2533/423/680 2538/432/680 2534/429/680
f 2538/432/681 2539/433/681 2534/429/681
f 2534/429/682 2539/433/682 2535/430/682
f 2539/433/683 2540/434/683 2535/430/683
f 2535/430/684 2540/434/684 2536/431/684
f 2540/434/685 2541/435/685 2536/431/685
f 2536/431/686 2541/435/686 2242/295/686
f 2541/435/687 2241/297/687 2242/295/687
f 2238/282/688 2542/425/688 2537/424/688
f 2542/425/689 2543/436/689 2537/424/689
f 2537/424/690 2543/436/690 2538/432/690
f 2543/436/691 2544/437/691 2538/432/691
f 2538/432/692 2544/437/692 2539/433/692
f 2544/437/693 2545/438/693 2539/433/693
f 2539/433/694 2545/438/694 2540/434/694
f 2545/438/695 2546/439/695 2540/434/695
f 2540/434/696 2546/439/696 2541/435/696
f 2546/439/697 2547/440/697 2541/435/697
f 2541/435/698 2547/440/698 2241/297/698
f 2547/440/699 2240/32/699 2241/297/699
f 2239/28/700 2176/27/700 2542/425/700
f 2176/27/701 2175/441/701 2542/425/701
f 2542/425/702 2175/441/702 2543/436/702
f 2175/441/1350 2174/442/1350 2543/436/1350
f 2543/436/704 2174/442/704 2544/437/704
f 2174/442/705 2173/443/705 2544/437/705
f 2544/437/706 2173/443/706 2545/438/706
f 2173/443/707 2172/444/707 2545/438/707
f 2545/438/708 2172/444/708 2546/439/708
f 2172/444/709 2171/445/709 2546/439/709
f 2546/439/710 2171/445/710 2547/440/710
f 2171/445/711 2170/446/711 2547/440/711
f 2547/440/712 2170/446/712 2240/32/712
f 2170/446/713 2099/23/713 2240/32/713
f 2219/320/714 2232/321/714 2103/40/714
f 2220/319/715 2548/447/715 2219/320/715
f 2221/318/716 2549/448/716 2220/319/716
f 2222/317/717 2551/449/717 2221/318/717
f 2223/316/718 2554/450/718 2222/317/718
f 2224/315/719 2558/451/719 2223/316/719
f 2225/25/720 2563/452/720 2224/315/720
f 2219/320/721 2548/447/721 2232/321/721
f 2548/447/722 2231/322/722 2232/321/722
f 2220/319/723 2549/448/723 2548/447/723
f 2549/448/724 2550/453/724 2548/447/724
f 2548/447/725 2550/453/725 2231/322/725
f 2550/453/726 2230/324/726 2231/322/726
f 2221/318/727 2551/449/727 2549/448/727
f 2551/449/728 2552/454/728 2549/448/728
f 2549/448/729 2552/454/729 2550/453/729
f 2552/454/730 2553/455/730 2550/453/730
f 2550/453/1367 2553/455/1367 2230/324/1367
f 2553/455/732 2229/326/732 2230/324/732
f 2222/317/733 2554/450/733 2551/449/733
f 2554/450/734 2555/456/734 2551/449/734
f 2551/449/735 2555/456/735 2552/454/735
f 2555/456/736 2556/457/736 2552/454/736
f 2552/454/737 2556/457/737 2553/455/737
f 2556/457/738 2557/458/738 2553/455/738
f 2553/455/739 2557/458/739 2229/326/739
f 2557/458/740 2228/328/740 2229/326/740
f 2223/316/741 2558/451/741 2554/450/741
f 2558/451/742 2559/459/742 2554/450/742
f 2554/450/743 2559/459/743 2555/456/743
f 2559/459/744 2560/460/744 2555/456/744
f 2555/456/745 2560/460/745 2556/457/745
f 2560/460/746 2561/461/746 2556/457/746
f 2556/457/747 2561/461/747 2557/458/747
f 2561/461/748 2562/462/748 2557/458/748
f 2557/458/749 2562/462/749 2228/328/749
f 2562/462/750 2227/330/750 2228/328/750
f 2224/315/751 2563/452/751 2558/451/751
f 2563/452/752 2564/463/752 2558/451/752
f 2558/451/753 2564/463/753 2559/459/753
f 2564/463/754 2565/464/754 2559/459/754
f 2559/459/755 2565/464/755 2560/460/755
f 2565/464/756 2566/465/756 2560/460/756
f 2560/460/757 2566/465/757 2561/461/757
f 2566/465/758 2567/466/758 2561/461/758
f 2561/461/759 2567/466/759 2562/462/759
f 2567/466/760 2568/467/760 2562/462/760
f 2562/462/761 2568/467/761 2227/330/761
f 2568/467/762 2226/31/762 2227/330/762
f 2225/25/763 2169/24/763 2563/452/763
f 2169/24/764 2168/468/764 2563/452/764
f 2563/452/765 2168/468/765 2564/463/765
f 2168/468/1354 2167/469/1354 2564/463/1354
f 2564/463/767 2167/469/767 2565/464/767
f 2167/469/768 2166/470/768 2565/464/768
f 2565/464/769 2166/470/769 2566/465/769
f 2166/470/770 2165/471/770 2566/465/770
f 2566/465/771 2165/471/771 2567/466/771
f 2165/471/772 2164/472/772 2567/466/772
f 2567/466/773 2164/472/773 2568/467/773
f 2164/472/774 2163/473/774 2568/467/774
f 2568/467/775 2163/473/775 2226/31/775
f 2163/473/776 2098/20/776 2226/31/776
f 2205/353/777 2218/474/777 2102/172/777
f 2206/352/778 2569/475/778 2205/353/778
f 2207/351/779 2570/476/779 2206/352/779
f 2208/350/780 2572/477/780 2207/351/780
f 2209/349/781 2575/478/781 2208/350/781
f 2210/348/782 2579/479/782 2209/349/782
f 2211/22/783 2584/480/783 2210/348/783
f 2205/353/784 2569/475/784 2218/474/784
f 2569/475/785 2217/481/785 2218/474/785
f 2206/352/786 2570/476/786 2569/475/786
f 2570/476/787 2571/482/787 2569/475/787
f 2569/475/788 2571/482/788 2217/481/788
f 2571/482/789 2216/483/789 2217/481/789
f 2207/351/1368 2572/477/1368 2570/476/1368
f 2572/477/791 2573/484/791 2570/476/791
f 2570/476/792 2573/484/792 2571/482/792
f 2573/484/793 2574/485/793 2571/482/793
f 2571/482/794 2574/485/794 2216/483/794
f 2574/485/795 2215/486/795 2216/483/795
f 2208/350/796 2575/478/796 2572/477/796
f 2575/478/797 2576/487/797 2572/477/797
f 2572/477/798 2576/487/798 2573/484/798
f 2576/487/799 2577/488/799 2573/484/799
f 2573/484/800 2577/488/800 2574/485/800
f 2577/488/801 2578/489/801 2574/485/801
f 2574/485/802 2578/489/802 2215/486/802
f 2578/489/803 2214/490/803 2215/486/803
f 2209/349/804 2579/479/804 2575/478/804
f 2579/479/805 2580/491/805 2575/478/805
f 2575/478/806 2580/491/806 2576/487/806
f 2580/491/807 2581/492/807 2576/487/807
f 2576/487/808 2581/492/808 2577/488/808
f 2581/492/809 2582/493/809 2577/488/809
f 2577/488/810 2582/493/810 2578/489/810
f 2582/493/811 2583/494/811 2578/489/811
f 2578/489/812 2583/494/812 2214/490/812
f 2583/494/813 2213/495/813 2214/490/813
f 2210/348/814 2584/480/814 2579/479/814
f 2584/480/815 2585/496/815 2579/479/815
f 2579/479/816 2585/496/816 2580/491/816
f 2585/496/817 2586/497/817 2580/491/817
f 2580/491/818 2586/497/818 2581/492/818
f 2586/497/819 2587/498/819 2581/492/819
f 2581/492/820 2587/498/820 2582/493/820
f 2587/498/821 2588/499/821 2582/493/821
f 2582/493/822 2588/499/822 2583/494/822
f 2588/499/823 2589/500/823 2583/494/823
f 2583/494/824 2589/500/824 2213/495/824
f 2589/500/825 2212/501/825 2213/495/825
f 2211/22/826 2155/21/826 2584/480/826
f 2155/21/827 2154/502/827 2584/480/827
f 2584/480/828 2154/502/828 2585/496/828
f 2154/502/829 2153/503/829 2585/496/829
f 2585/496/830 2153/503/830 2586/497/830
f 2153/503/831 2152/504/831 2586/497/831
f 2586/497/832 2152/504/832 2587/498/832
f 2152/504/833 2151/505/833 2587/498/833
f 2587/498/834 2151/505/834 2588/499/834
f 2151/505/1357 2150/506/1357 2588/499/1357
f 2588/499/836 2150/506/836 2589/500/836
f 2150/506/837 2149/507/837 2589/500/837
f 2589/500/838 2149/507/838 2212/501/838
f 2149/507/839 2097/508/839 2212/501/839
f 2191/386/840 2204/387/840 2101/34/840
f 2192/385/841 2590/509/841 2191/386/841
f 2193/384/842 2591/510/842 2192/385/842
f 2194/383/843 2593/511/843 2193/384/843
f 2195/382/844 2596/512/844 2194/383/844
f 2196/381/845 2600/513/845 2195/382/845
f 2197/19/846 2605/514/846 2196/381/846
f 2191/386/847 2590/509/847 2204/387/847
f 2590/509/848 2203/388/848 2204/387/848
f 2192/385/849 2591/510/849 2590/509/849
f 2591/510/850 2592/515/850 2590/509/850
f 2590/509/851 2592/515/851 2203/388/851
f 2592/515/852 2202/390/852 2203/388/852
f 2193/384/853 2593/511/853 2591/510/853
f 2593/511/854 2594/516/854 2591/510/854
f 2591/510/855 2594/516/855 2592/515/855
f 2594/516/856 2595/517/856 2592/515/856
f 2592/515/857 2595/517/857 2202/390/857
f 2595/517/858 2201/392/858 2202/390/858
f 2194/383/859 2596/512/859 2593/511/859
f 2596/512/860 2597/518/860 2593/511/860
f 2593/511/861 2597/518/861 2594/516/861
f 2597/518/862 2598/519/862 2594/516/862
f 2594/516/863 2598/519/863 2595/517/863
f 2598/519/864 2599/520/864 2595/517/864
f 2595/517/865 2599/520/865 2201/392/865
f 2599/520/866 2200/394/866 2201/392/866
f 2195/382/867 2600/513/867 2596/512/867
f 2600/513/868 2601/521/868 2596/512/868
f 2596/512/869 2601/521/869 2597/518/869
f 2601/521/870 2602/522/870 2597/518/870
f 2597/518/871 2602/522/871 2598/519/871
f 2602/522/872 2603/523/872 2598/519/872
f 2598/519/873 2603/523/873 2599/520/873
f 2603/523/874 2604/524/874 2599/520/874
f 2599/520/875 2604/524/875 2200/394/875
f 2604/524/876 2199/396/876 2200/394/876
f 2196/381/877 2605/514/877 2600/513/877
f 2605/514/878 2606/525/878 2600/513/878
f 2600/513/879 2606/525/879 2601/521/879
f 2606/525/880 2607/526/880 2601/521/880
f 2601/521/881 2607/526/881 2602/522/881
f 2607/526/882 2608/527/882 2602/522/882
f 2602/522/883 2608/527/883 2603/523/883
f 2608/527/884 2609/528/884 2603/523/884
f 2603/523/885 2609/528/885 2604/524/885
f 2609/528/886 2610/529/886 2604/524/886
f 2604/524/887 2610/529/887 2199/396/887
f 2610/529/888 2198/29/888 2199/396/888
f 2197/19/889 2127/18/889 2605/514/889
f 2127/18/890 2126/530/890 2605/514/890
f 2605/514/891 2126/530/891 2606/525/891
f 2126/530/1369 2125/531/1369 2606/525/1369
f 2606/525/893 2125/531/893 2607/526/893
f 2125/531/894 2124/532/894 2607/526/894
f 2607/526/895 2124/532/895 2608/527/895
f 2124/532/896 2123/533/896 2608/527/896
f 2608/527/897 2123/533/897 2609/528/897
f 2123/533/898 2122/534/898 2609/528/898
f 2609/528/899 2122/534/899 2610/529/899
f 2122/534/900 2121/535/900 2610/529/900
f 2610/529/901 2121/535/901 2198/29/901
f 2121/535/1358 2096/4/1358 2198/29/1358
f 2177/419/903 2190/255/903 2105/46/903
f 2178/418/904 2611/536/904 2177/419/904
f 2179/417/905 2612/537/905 2178/418/905
f 2180/416/906 2614/538/906 2179/417/906
f 2181/415/907 2617/539/907 2180/416/907
f 2182/414/908 2621/540/908 2181/415/908
f 2183/16/909 2626/541/909 2182/414/909
f 2177/419/910 2611/536/910 2190/255/910
f 2611/536/911 2189/256/911 2190/255/911
f 2178/418/912 2612/537/912 2611/536/912
f 2612/537/913 2613/542/913 2611/536/913
f 2611/536/914 2613/542/914 2189/256/914
f 2613/542/915 2188/258/915 2189/256/915
f 2179/417/916 2614/538/916 2612/537/916
f 2614/538/917 2615/543/917 2612/537/917
f 2612/537/918 2615/543/918 2613/542/918
f 2615/543/919 2616/544/919 2613/542/919
f 2613/542/920 2616/544/920 2188/258/920
f 2616/544/921 2187/260/921 2188/258/921
f 2180/416/922 2617/539/922 2614/538/922
f 2617/539/923 2618/545/923 2614/538/923
f 2614/538/924 2618/545/924 2615/543/924
f 2618/545/925 2619/546/925 2615/543/925
f 2615/543/1370 2619/546/1370 2616/544/1370
f 2619/546/927 2620/547/927 2616/544/927
f 2616/544/928 2620/547/928 2187/260/928
f 2620/547/929 2186/262/929 2187/260/929
f 2181/415/930 2621/540/930 2617/539/930
f 2621/540/931 2622/548/931 2617/539/931
f 2617/539/932 2622/548/932 2618/545/932
f 2622/548/933 2623/549/933 2618/545/933
f 2618/545/934 2623/549/934 2619/546/934
f 2623/549/935 2624/550/935 2619/546/935
f 2619/546/936 2624/550/936 2620/547/936
f 2624/550/937 2625/551/937 2620/547/937
f 2620/547/938 2625/551/938 2186/262/938
f 2625/551/939 2185/264/939 2186/262/939
f 2182/414/940 2626/541/940 2621/540/940
f 2626/541/941 2627/552/941 2621/540/941
f 2621/540/942 2627/552/942 2622/548/942
f 2627/552/943 2628/553/943 2622/548/943
f 2622/548/944 2628/553/944 2623/549/944
f 2628/553/945 2629/554/945 2623/549/945
f 2623/549/946 2629/554/946 2624/550/946
f 2629/554/947 2630/555/947 2624/550/947
f 2624/550/948 2630/555/948 2625/551/948
f 2630/555/949 2631/556/949 2625/551/949
f 2625/551/950 2631/556/950 2185/264/950
f 2631/556/951 2184/33/951 2185/264/951
f 2183/16/952 2134/6/952 2626/541/952
f 2134/6/953 2133/557/953 2626/541/953
f 2626/541/954 2133/557/954 2627/552/954
f 2133/557/955 2132/558/955 2627/552/955
f 2627/552/956 2132/558/956 2628/553/956
f 2132/558/957 2131/559/957 2628/553/957
f 2628/553/958 2131/559/958 2629/554/958
f 2131/559/959 2130/560/959 2629/554/959
f 2629/554/960 2130/560/960 2630/555/960
f 2130/560/961 2129/561/961 2630/555/961
f 2630/555/962 2129/561/962 2631/556/962
f 2129/561/963 2128/562/963 2631/556/963
f 2631/556/964 2128/562/964 2184/33/964
f 2128/562/965 2100/26/965 2184/33/965
f 2141/563/966 2176/27/966 2100/26/966
f 2140/564/967 2632/565/967 2141/563/967
f 2139/566/968 2633/567/968 2140/564/968
f 2138/568/969 2635/569/969 2139/566/969
f 2137/570/970 2638/571/970 2138/568/970
f 2136/572/971 2642/573/971 2137/570/971
f 2135/15/972 2647/574/972 2136/572/972
f 2141/563/973 2632/565/973 2176/27/973
f 2632/565/974 2175/441/974 2176/27/974
f 2140/564/975 2633/567/975 2632/565/975
f 2633/567/976 2634/575/976 2632/565/976
f 2632/565/977 2634/575/977 2175/441/977
f 2634/575/978 2174/442/978 2175/441/978
f 2139/566/979 2635/569/979 2633/567/979
f 2635/569/980 2636/576/980 2633/567/980
f 2633/567/981 2636/576/981 2634/575/981
f 2636/576/982 2637/577/982 2634/575/982
f 2634/575/983 2637/577/983 2174/442/983
f 2637/577/984 2173/443/984 2174/442/984
f 2138/568/985 2638/571/985 2635/569/985
f 2638/571/986 2639/578/986 2635/569/986
f 2635/569/987 2639/578/987 2636/576/987
f 2639/578/988 2640/579/988 2636/576/988
f 2636/576/989 2640/579/989 2637/577/989
f 2640/579/990 2641/580/990 2637/577/990
f 2637/577/991 2641/580/991 2173/443/991
f 2641/580/992 2172/444/992 2173/443/992
f 2137/570/993 2642/573/993 2638/571/993
f 2642/573/994 2643/581/994 2638/571/994
f 2638/571/995 2643/581/995 2639/578/995
f 2643/581/996 2644/582/996 2639/578/996
f 2639/578/997 2644/582/997 2640/579/997
f 2644/582/998 2645/583/998 2640/579/998
f 2640/579/999 2645/583/999 2641/580/999
f 2645/583/1000 2646/584/1000 2641/580/1000
f 2641/580/1001 2646/584/1001 2172/444/1001
f 2646/584/1002 2171/445/1002 2172/444/1002
f 2136/572/1003 2647/574/1003 2642/573/1003
f 2647/574/1004 2648/585/1004 2642/573/1004
f 2642/573/1005 2648/585/1005 2643/581/1005
f 2648/585/1006 2649/586/1006 2643/581/1006
f 2643/581/1007 2649/586/1007 2644/582/1007
f 2649/586/1008 2650/587/1008 2644/582/1008
f 2644/582/1009 2650/587/1009 2645/583/1009
f 2650/587/1010 2651/588/1010 2645/583/1010
f 2645/583/1011 2651/588/1011 2646/584/1011
f 2651/588/1012 2652/589/1012 2646/584/1012
f 2646/584/1013 2652/589/1013 2171/445/1013
f 2652/589/1014 2170/446/1014 2171/445/1014
f 2135/15/1015 2162/14/1015 2647/574/1015
f 2162/14/1016 2161/590/1016 2647/574/1016
f 2647/574/1017 2161/590/1017 2648/585/1017
f 2161/590/1018 2160/591/1018 2648/585/1018
f 2648/585/1019 2160/591/1019 2649/586/1019
f 2160/591/1020 2159/592/1020 2649/586/1020
f 2649/586/1021 2159/592/1021 2650/587/1021
f 2159/592/1022 2158/593/1022 2650/587/1022
f 2650/587/1023 2158/593/1023 2651/588/1023
f 2158/593/1024 2157/594/1024 2651/588/1024
f 2651/588/1025 2157/594/1025 2652/589/1025
f 2157/594/1026 2156/595/1026 2652/589/1026
f 2652/589/1027 2156/595/1027 2170/446/1027
f 2156/595/1028 2099/23/1028 2170/446/1028
f 2156/596/1029 2169/24/1029 2099/23/1029
f 2157/597/1030 2653/598/1030 2156/596/1030
f 2158/599/1031 2654/600/1031 2157/597/1031
f 2159/601/1032 2656/602/1032 2158/599/1032
f 2160/603/1033 2659/604/1033 2159/601/1033
f 2161/605/1034 2663/606/1034 2160/603/1034
f 2162/12/1035 2668/607/1035 2161/605/1035
f 2156/596/1036 2653/598/1036 2169/24/1036
f 2653/598/1037 2168/468/1037 2169/24/1037
f 2157/597/1038 2654/600/1038 2653/598/1038
f 2654/600/1039 2655/608/1039 2653/598/1039
f 2653/598/1040 2655/608/1040 2168/468/1040
f 2655/608/1041 2167/469/1041 2168/468/1041
f 2158/599/1042 2656/602/1042 2654/600/1042
f 2656/602/1043 2657/609/1043 2654/600/1043
f 2654/600/1044 2657/609/1044 2655/608/1044
f 2657/609/1045 2658/610/1045 2655/608/1045
f 2655/608/1046 2658/610/1046 2167/469/1046
f 2658/610/1047 2166/470/1047 2167/469/1047
f 2159/601/1048 2659/604/1048 2656/602/1048
f 2659/604/1049 2660/611/1049 2656/602/1049
f 2656/602/1050 2660/611/1050 2657/609/1050
f 2660/611/1051 2661/612/1051 2657/609/1051
f 2657/609/1052 2661/612/1052 2658/610/1052
f 2661/612/1053 2662/613/1053 2658/610/1053
f 2658/610/1054 2662/613/1054 2166/470/1054
f 2662/613/1055 2165/471/1055 2166/470/1055
f 2160/603/1056 2663/606/1056 2659/604/1056
f 2663/606/1057 2664/614/1057 2659/604/1057
f 2659/604/1058 2664/614/1058 2660/611/1058
f 2664/614/1059 2665/615/1059 2660/611/1059
f 2660/611/1060 2665/615/1060 2661/612/1060
f 2665/615/1061 2666/616/1061 2661/612/1061
f 2661/612/1062 2666/616/1062 2662/613/1062
f 2666/616/1063 2667/617/1063 2662/613/1063
f 2662/613/1064 2667/617/1064 2165/471/1064
f 2667/617/1065 2164/472/1065 2165/471/1065
f 2161/605/1066 2668/607/1066 2663/606/1066
f 2668/607/1067 2669/618/1067 2663/606/1067
f 2663/606/1068 2669/618/1068 2664/614/1068
f 2669/618/1069 2670/619/1069 2664/614/1069
f 2664/614/1070 2670/619/1070 2665/615/1070
f 2670/619/1071 2671/620/1071 2665/615/1071
f 2665/615/1072 2671/620/1072 2666/616/1072
f 2671/620/1073 2672/621/1073 2666/616/1073
f 2666/616/1074 2672/621/1074 2667/617/1074
f 2672/621/1075 2673/622/1075 2667/617/1075
f 2667/617/1076 2673/622/1076 2164/472/1076
f 2673/622/1077 2163/473/1077 2164/472/1077
f 2162/12/1078 2148/11/1078 2668/607/1078
f 2148/11/1079 2147/623/1079 2668/607/1079
f 2668/607/1080 2147/623/1080 2669/618/1080
f 2147/623/1081 2146/624/1081 2669/618/1081
f 2669/618/1082 2146/624/1082 2670/619/1082
f 2146/624/1083 2145/625/1083 2670/619/1083
f 2670/619/1084 2145/625/1084 2671/620/1084
f 2145/625/1085 2144/626/1085 2671/620/1085
f 2671/620/1086 2144/626/1086 2672/621/1086
f 2144/626/1087 2143/627/1087 2672/621/1087
f 2672/621/1088 2143/627/1088 2673/622/1088
f 2143/627/1089 2142/628/1089 2673/622/1089
f 2673/622/1090 2142/628/1090 2163/473/1090
f 2142/628/1091 2098/20/1091 2163/473/1091
f 2142/629/1092 2155/21/1092 2098/20/1092
f 2143/630/1093 2674/631/1093 2142/629/1093
f 2144/632/1094 2675/633/1094 2143/630/1094
f 2145/634/1095 2677/635/1095 2144/632/1095
f 2146/636/1096 2680/637/1096 2145/634/1096
f 2147/638/1097 2684/639/1097 2146/636/1097
f 2148/9/1098 2689/640/1098 2147/638/1098
f 2142/629/1099 2674/631/1099 2155/21/1099
f 2674/631/1100 2154/502/1100 2155/21/1100
f 2143/630/1101 2675/633/1101 2674/631/1101
f 2675/633/1102 2676/641/1102 2674/631/1102
f 2674/631/1103 2676/641/1103 2154/502/1103
f 2676/641/1104 2153/503/1104 2154/502/1104
f 2144/632/1105 2677/635/1105 2675/633/1105
f 2677/635/1106 2678/642/1106 2675/633/1106
f 2675/633/1107 2678/642/1107 2676/641/1107
f 2678/642/1108 2679/643/1108 2676/641/1108
f 2676/641/1109 2679/643/1109 2153/503/1109
f 2679/643/1110 2152/504/1110 2153/503/1110
f 2145/634/1111 2680/637/1111 2677/635/1111
f 2680/637/1112 2681/644/1112 2677/635/1112
f 2677/635/1113 2681/644/1113 2678/642/1113
f 2681/644/1114 2682/645/1114 2678/642/1114
f 2678/642/1115 2682/645/1115 2679/643/1115
f 2682/645/1116 2683/646/1116 2679/643/1116
f 2679/643/1117 2683/646/1117 2152/504/1117
f 2683/646/1118 2151/505/1118 2152/504/1118
f 2146/636/1119 2684/639/1119 2680/637/1119
f 2684/639/1120 2685/647/1120 2680/637/1120
f 2680/637/1121 2685/647/1121 2681/644/1121
f 2685/647/1122 2686/648/1122 2681/644/1122
f 2681/644/1123 2686/648/1123 2682/645/1123
f 2686/648/1124 2687/649/1124 2682/645/1124
f 2682/645/1125 2687/649/1125 2683/646/1125
f 2687/649/1126 2688/650/1126 2683/646/1126
f 2683/646/1127 2688/650/1127 2151/505/1127
f 2688/650/1128 2150/506/1128 2151/505/1128
f 2147/638/1129 2689/640/1129 2684/639/1129
f 2689/640/1130 2690/651/1130 2684/639/1130
f 2684/639/1131 2690/651/1131 2685/647/1131
f 2690/651/1132 2691/652/1132 2685/647/1132
f 2685/647/1133 2691/652/1133 2686/648/1133
f 2691/652/1134 2692/653/1134 2686/648/1134
f 2686/648/1135 2692/653/1135 2687/649/1135
f 2692/653/1136 2693/654/1136 2687/649/1136
f 2687/649/1137 2693/654/1137 2688/650/1137
f 2693/654/1138 2694/655/1138 2688/650/1138
f 2688/650/1139 2694/655/1139 2150/506/1139
f 2694/655/1140 2149/507/1140 2150/506/1140
f 2148/9/1141 2113/8/1141 2689/640/1141
f 2113/8/1142 2112/656/1142 2689/640/1142
f 2689/640/1143 2112/656/1143 2690/651/1143
f 2112/656/1144 2111/657/1144 2690/651/1144
f 2690/651/1145 2111/657/1145 2691/652/1145
f 2111/657/1146 2110/658/1146 2691/652/1146
f 2691/652/1147 2110/658/1147 2692/653/1147
f 2110/658/1148 2109/659/1148 2692/653/1148
f 2692/653/1149 2109/659/1149 2693/654/1149
f 2109/659/1150 2108/660/1150 2693/654/1150
f 2693/654/1151 2108/660/1151 2694/655/1151
f 2108/660/1152 2107/661/1152 2694/655/1152
f 2694/655/1153 2107/661/1153 2149/507/1153
f 2107/661/1154 2097/508/1154 2149/507/1154
f 2128/562/1155 2141/662/1155 2100/26/1155
f 2129/561/1156 2695/663/1156 2128/562/1156
f 2130/560/1157 2696/664/1157 2129/561/1157
f 2131/559/1158 2698/665/1158 2130/560/1158
f 2132/558/1159 2701/666/1159 2131/559/1159
f 2133/557/1160 2705/667/1160 2132/558/1160
f 2134/6/1161 2710/668/1161 2133/557/1161
f 2128/562/1162 2695/663/1162 2141/662/1162
f 2695/663/1163 2140/669/1163 2141/662/1163
f 2129/561/1164 2696/664/1164 2695/663/1164
f 2696/664/1165 2697/670/1165 2695/663/1165
f 2695/663/1166 2697/670/1166 2140/669/1166
f 2697/670/1167 2139/671/1167 2140/669/1167
f 2130/560/1168 2698/665/1168 2696/664/1168
f 2698/665/1169 2699/672/1169 2696/664/1169
f 2696/664/1170 2699/672/1170 2697/670/1170
f 2699/672/1171 2700/673/1171 2697/670/1171
f 2697/670/1172 2700/673/1172 2139/671/1172
f 2700/673/1173 2138/674/1173 2139/671/1173
f 2131/559/1174 2701/666/1174 2698/665/1174
f 2701/666/1175 2702/675/1175 2698/665/1175
f 2698/665/1176 2702/675/1176 2699/672/1176
f 2702/675/1177 2703/676/1177 2699/672/1177
f 2699/672/1178 2703/676/1178 2700/673/1178
f 2703/676/1179 2704/677/1179 2700/673/1179
f 2700/673/1180 2704/677/1180 2138/674/1180
f 2704/677/1181 2137/678/1181 2138/674/1181
f 2132/558/1182 2705/667/1182 2701/666/1182
f 2705/667/1183 2706/679/1183 2701/666/1183
f 2701/666/1184 2706/679/1184 2702/675/1184
f 2706/679/1185 2707/680/1185 2702/675/1185
f 2702/675/1186 2707/680/1186 2703/676/1186
f 2707/680/1187 2708/681/1187 2703/676/1187
f 2703/676/1188 2708/681/1188 2704/677/1188
f 2708/681/1189 2709/682/1189 2704/677/1189
f 2704/677/1190 2709/682/1190 2137/678/1190
f 2709/682/1191 2136/683/1191 2137/678/1191
f 2133/557/1192 2710/668/1192 2705/667/1192
f 2710/668/1193 2711/684/1193 2705/667/1193
f 2705/667/1194 2711/684/1194 2706/679/1194
f 2711/684/1195 2712/685/1195 2706/679/1195
f 2706/679/1196 2712/685/1196 2707/680/1196
f 2712/685/1197 2713/686/1197 2707/680/1197
f 2707/680/1198 2713/686/1198 2708/681/1198
f 2713/686/1199 2714/687/1199 2708/681/1199
f 2708/681/1200 2714/687/1200 2709/682/1200
f 2714/687/1201 2715/688/1201 2709/682/1201
f 2709/682/1202 2715/688/1202 2136/683/1202
f 2715/688/1203 2135/689/1203 2136/683/1203
f 2134/6/1204 2120/5/1204 2710/668/1204
f 2120/5/1205 2119/690/1205 2710/668/1205
f 2710/668/1206 2119/690/1206 2711/684/1206
f 2119/690/1207 2118/691/1207 2711/684/1207
f 2711/684/1208 2118/691/1208 2712/685/1208
f 2118/691/1209 2117/692/1209 2712/685/1209
f 2712/685/1210 2117/692/1210 2713/686/1210
f 2117/692/1211 2116/693/1211 2713/686/1211
f 2713/686/1212 2116/693/1212 2714/687/1212
f 2116/693/1213 2115/694/1213 2714/687/1213
f 2714/687/1214 2115/694/1214 2715/688/1214
f 2115/694/1215 2114/695/1215 2715/688/1215
f 2715/688/1216 2114/695/1216 2135/689/1216
f 2114/695/1217 2095/696/1217 2135/689/1217
f 2107/697/1218 2127/18/1218 2097/17/1218
f 2108/698/1219 2716/699/1219 2107/697/1219
f 2109/700/1220 2717/701/1220 2108/698/1220
f 2110/702/1221 2719/703/1221 2109/700/1221
f 2111/704/1222 2722/705/1222 2110/702/1222
f 2112/706/1223 2726/707/1223 2111/704/1223
f 2113/3/1224 2731/708/1224 2112/706/1224
f 2107/697/1225 2716/699/1225 2127/18/1225
f 2716/699/1226 2126/530/1226 2127/18/1226
f 2108/698/1361 2717/701/1361 2716/699/1361
f 2717/701/1228 2718/709/1228 2716/699/1228
f 2716/699/1229 2718/709/1229 2126/530/1229
f 2718/709/1230 2125/531/1230 2126/530/1230
f 2109/700/1231 2719/703/1231 2717/701/1231
f 2719/703/1232 2720/710/1232 2717/701/1232
f 2717/701/1233 2720/710/1233 2718/709/1233
f 2720/710/1234 2721/711/1234 2718/709/1234
f 2718/709/1235 2721/711/1235 2125/531/1235
f 2721/711/1236 2124/532/1236 2125/531/1236
f 2110/702/1237 2722/705/1237 2719/703/1237
f 2722/705/1238 2723/712/1238 2719/703/1238
f 2719/703/1239 2723/712/1239 2720/710/1239
f 2723/712/1240 2724/713/1240 2720/710/1240
f 2720/710/1241 2724/713/1241 2721/711/1241
f 2724/713/1242 2725/714/1242 2721/711/1242
f 2721/711/1243 2725/714/1243 2124/532/1243
f 2725/714/1244 2123/533/1244 2124/532/1244
f 2111/704/1245 2726/707/1245 2722/705/1245
f 2726/707/1246 2727/715/1246 2722/705/1246
f 2722/705/1247 2727/715/1247 2723/712/1247
f 2727/715/1248 2728/716/1248 2723/712/1248
f 2723/712/1249 2728/716/1249 2724/713/1249
f 2728/716/1250 2729/717/1250 2724/713/1250
f 2724/713/1251 2729/717/1251 2725/714/1251
f 2729/717/1252 2730/718/1252 2725/714/1252
f 2725/714/1253 2730/718/1253 2123/533/1253
f 2730/718/1254 2122/534/1254 2123/533/1254
f 2112/706/1255 2731/708/1255 2726/707/1255
f 2731/708/1256 2732/719/1256 2726/707/1256
f 2726/707/1257 2732/719/1257 2727/715/1257
f 2732/719/1258 2733/720/1258 2727/715/1258
f 2727/715/1259 2733/720/1259 2728/716/1259
f 2733/720/1260 2734/721/1260 2728/716/1260
f 2728/716/1261 2734/721/1261 2729/717/1261
f 2734/721/1262 2735/722/1262 2729/717/1262
f 2729/717/1371 2735/722/1371 2730/718/1371
f 2735/722/1264 2736/723/1264 2730/718/1264
f 2730/718/1265 2736/723/1265 2122/534/1265
f 2736/723/1266 2121/535/1266 2122/534/1266
f 2113/3/1267 2114/2/1267 2731/708/1267
f 2114/2/1268 2115/724/1268 2731/708/1268
f 2731/708/1269 2115/724/1269 2732/719/1269
f 2115/724/1270 2116/725/1270 2732/719/1270
f 2732/719/1271 2116/725/1271 2733/720/1271
f 2116/725/1272 2117/726/1272 2733/720/1272
f 2733/720/1273 2117/726/1273 2734/721/1273
f 2117/726/1274 2118/727/1274 2734/721/1274
f 2734/721/1275 2118/727/1275 2735/722/1275
f 2118/727/1276 2119/728/1276 2735/722/1276
f 2735/722/1277 2119/728/1277 2736/723/1277
f 2119/728/1278 2120/729/1278 2736/723/1278
f 2736/723/1279 2120/729/1279 2121/535/1279
f 2120/729/1280 2096/4/1280 2121/535/1280
f 2737/1/1 2756/2/1 2755/3/1
f 2738/4/2 2762/5/2 2776/6/2
f 2737/7/3 2755/8/3 2790/9/3
f 2737/10/4 2790/11/4 2804/12/4
f 2737/13/5 2804/14/5 2777/15/5
f 2738/4/6 2776/6/6 2825/16/6
f 2739/17/7 2769/18/7 2839/19/7
f 2740/20/1365 2797/21/1365 2853/22/1365
f 2741/23/9 2811/24/9 2867/25/9
f 2742/26/1341 2818/27/1341 2881/28/1341
f 2738/4/11 2825/16/11 2840/29/11
f 2739/17/12 2839/19/12 2854/30/12
f 2740/20/13 2853/22/13 2868/31/13
f 2741/23/14 2867/25/14 2882/32/14
f 2742/26/15 2881/28/15 2826/33/15
f 2743/34/16 2895/35/16 2930/36/16
f 2744/37/17 2902/38/17 2944/39/17
f 2745/40/18 2909/41/18 2951/42/18
f 2746/43/19 2916/44/19 2958/45/19
f 2747/46/20 2923/47/20 2931/48/20
f 2937/49/21 2952/50/21 2748/51/21
f 2936/52/22 2959/53/22 2937/49/22
f 2935/54/23 2960/55/23 2936/52/23
f 2934/56/24 2962/57/24 2935/54/24
f 2933/58/25 2965/59/25 2934/56/25
f 2932/60/26 2969/61/26 2933/58/26
f 2931/48/27 2974/62/27 2932/60/27
f 2937/49/28 2959/53/28 2952/50/28
f 2959/53/29 2953/63/29 2952/50/29
f 2936/52/30 2960/55/30 2959/53/30
f 2960/55/31 2961/64/31 2959/53/31
f 2959/53/32 2961/64/32 2953/63/32
f 2961/64/33 2954/65/33 2953/63/33
f 2935/54/34 2962/57/34 2960/55/34
f 2962/57/35 2963/66/35 2960/55/35
f 2960/55/36 2963/66/36 2961/64/36
f 2963/66/37 2964/67/37 2961/64/37
f 2961/64/38 2964/67/38 2954/65/38
f 2964/67/39 2955/68/39 2954/65/39
f 2934/56/40 2965/59/40 2962/57/40
f 2965/59/41 2966/69/41 2962/57/41
f 2962/57/42 2966/69/42 2963/66/42
f 2966/69/43 2967/70/43 2963/66/43
f 2963/66/44 2967/70/44 2964/67/44
f 2967/70/45 2968/71/45 2964/67/45
f 2964/67/46 2968/71/46 2955/68/46
f 2968/71/47 2956/72/47 2955/68/47
f 2933/58/48 2969/61/48 2965/59/48
f 2969/61/49 2970/73/49 2965/59/49
f 2965/59/50 2970/73/50 2966/69/50
f 2970/73/51 2971/74/51 2966/69/51
f 2966/69/52 2971/74/52 2967/70/52
f 2971/74/53 2972/75/53 2967/70/53
f 2967/70/54 2972/75/54 2968/71/54
f 2972/75/55 2973/76/55 2968/71/55
f 2968/71/56 2973/76/56 2956/72/56
f 2973/76/57 2957/77/57 2956/72/57
f 2932/60/58 2974/62/58 2969/61/58
f 2974/62/59 2975/78/59 2969/61/59
f 2969/61/60 2975/78/60 2970/73/60
f 2975/78/61 2976/79/61 2970/73/61
f 2970/73/62 2976/79/62 2971/74/62
f 2976/79/63 2977/80/63 2971/74/63
f 2971/74/64 2977/80/64 2972/75/64
f 2977/80/65 2978/81/65 2972/75/65
f 2972/75/66 2978/81/66 2973/76/66
f 2978/81/67 2979/82/67 2973/76/67
f 2973/76/68 2979/82/68 2957/77/68
f 2979/82/69 2958/83/69 2957/77/69
f 2931/48/70 2923/47/70 2974/62/70
f 2923/47/71 2922/84/71 2974/62/71
f 2974/62/72 2922/84/72 2975/78/72
f 2922/84/73 2921/85/73 2975/78/73
f 2975/78/74 2921/85/74 2976/79/74
f 2921/85/75 2920/86/75 2976/79/75
f 2976/79/76 2920/86/76 2977/80/76
f 2920/86/77 2919/87/77 2977/80/77
f 2977/80/78 2919/87/78 2978/81/78
f 2919/87/79 2918/88/79 2978/81/79
f 2978/81/80 2918/88/80 2979/82/80
f 2918/88/81 2917/89/81 2979/82/81
f 2979/82/82 2917/89/82 2958/83/82
f 2917/89/83 2746/43/83 2958/83/83
f 2952/90/84 2945/91/84 2748/92/84
f 2953/93/85 2980/94/85 2952/90/85
f 2954/95/86 2981/96/86 2953/93/86
f 2955/97/87 2983/98/87 2954/95/87
f 2956/99/88 2986/100/88 2955/97/88
f 2957/101/89 2990/102/89 2956/99/89
f 2958/45/90 2995/103/90 2957/101/90
f 2952/90/91 2980/94/91 2945/91/91
f 2980/94/92 2946/104/92 2945/91/92
f 2953/93/93 2981/96/93 2980/94/93
f 2981/96/94 2982/105/94 2980/94/94
f 2980/94/95 2982/105/95 2946/104/95
f 2982/105/96 2947/106/96 2946/104/96
f 2954/95/97 2983/98/97 2981/96/97
f 2983/98/98 2984/107/98 2981/96/98
f 2981/96/99 2984/107/99 2982/105/99
f 2984/107/100 2985/108/100 2982/105/100
f 2982/105/101 2985/108/101 2947/106/101
f 2985/108/102 2948/109/102 2947/106/102
f 2955/97/103 2986/100/103 2983/98/103
f 2986/100/104 2987/110/104 2983/98/104
f 2983/98/105 2987/110/105 2984/107/105
f 2987/110/106 2988/111/106 2984/107/106
f 2984/107/107 2988/111/107 2985/108/107
f 2988/111/108 2989/112/108 2985/108/108
f 2985/108/109 2989/112/109 2948/109/109
f 2989/112/110 2949/113/110 2948/109/110
f 2956/99/111 2990/102/111 2986/100/111
f 2990/102/112 2991/114/112 2986/100/112
f 2986/100/113 2991/114/113 2987/110/113
f 2991/114/114 2992/115/114 2987/110/114
f 2987/110/115 2992/115/115 2988/111/115
f 2992/115/116 2993/116/116 2988/111/116
f 2988/111/117 2993/116/117 2989/112/117
f 2993/116/118 2994/117/118 2989/112/118
f 2989/112/119 2994/117/119 2949/113/119
f 2994/117/120 2950/118/120 2949/113/120
f 2957/101/121 2995/103/121 2990/102/121
f 2995/103/122 2996/119/122 2990/102/122
f 2990/102/123 2996/119/123 2991/114/123
f 2996/119/124 2997/120/124 2991/114/124
f 2991/114/125 2997/120/125 2992/115/125
f 2997/120/126 2998/121/126 2992/115/126
f 2992/115/127 2998/121/127 2993/116/127
f 2998/121/128 2999/122/128 2993/116/128
f 2993/116/129 2999/122/129 2994/117/129
f 2999/122/130 3000/123/130 2994/117/130
f 2994/117/131 3000/123/131 2950/118/131
f 3000/123/132 2951/124/132 2950/118/132
f 2958/45/133 2916/44/133 2995/103/133
f 2916/44/134 2915/125/134 2995/103/134
f 2995/103/135 2915/125/135 2996/119/135
f 2915/125/136 2914/126/136 2996/119/136
f 2996/119/137 2914/126/137 2997/120/137
f 2914/126/138 2913/127/138 2997/120/138
f 2997/120/139 2913/127/139 2998/121/139
f 2913/127/140 2912/128/140 2998/121/140
f 2998/121/141 2912/128/141 2999/122/141
f 2912/128/142 2911/129/142 2999/122/142
f 2999/122/143 2911/129/143 3000/123/143
f 2911/129/144 2910/130/144 3000/123/144
f 3000/123/145 2910/130/145 2951/124/145
f 2910/130/146 2745/40/146 2951/124/146
f 2945/131/147 2938/132/147 2748/133/147
f 2946/134/148 3001/135/148 2945/131/148
f 2947/136/149 3002/137/149 2946/134/149
f 2948/138/150 3004/139/150 2947/136/150
f 2949/140/151 3007/141/151 2948/138/151
f 2950/142/152 3011/143/152 2949/140/152
f 2951/42/153 3016/144/153 2950/142/153
f 2945/131/154 3001/135/154 2938/132/154
f 3001/135/155 2939/145/155 2938/132/155
f 2946/134/156 3002/137/156 3001/135/156
f 3002/137/157 3003/146/157 3001/135/157
f 3001/135/158 3003/146/158 2939/145/158
f 3003/146/159 2940/147/159 2939/145/159
f 2947/136/160 3004/139/160 3002/137/160
f 3004/139/161 3005/148/161 3002/137/161
f 3002/137/162 3005/148/162 3003/146/162
f 3005/148/163 3006/149/163 3003/146/163
f 3003/146/164 3006/149/164 2940/147/164
f 3006/149/165 2941/150/165 2940/147/165
f 2948/138/166 3007/141/166 3004/139/166
f 3007/141/167 3008/151/167 3004/139/167
f 3004/139/168 3008/151/168 3005/148/168
f 3008/151/169 3009/152/169 3005/148/169
f 3005/148/170 3009/152/170 3006/149/170
f 3009/152/1342 3010/153/1342 3006/149/1342
f 3006/149/172 3010/153/172 2941/150/172
f 3010/153/173 2942/154/173 2941/150/173
f 2949/140/174 3011/143/174 3007/141/174
f 3011/143/175 3012/155/175 3007/141/175
f 3007/141/176 3012/155/176 3008/151/176
f 3012/155/177 3013/156/177 3008/151/177
f 3008/151/178 3013/156/178 3009/152/178
f 3013/156/179 3014/157/179 3009/152/179
f 3009/152/180 3014/157/180 3010/153/180
f 3014/157/181 3015/158/181 3010/153/181
f 3010/153/182 3015/158/182 2942/154/182
f 3015/158/183 2943/159/183 2942/154/183
f 2950/142/184 3016/144/184 3011/143/184
f 3016/144/185 3017/160/185 3011/143/185
f 3011/143/186 3017/160/186 3012/155/186
f 3017/160/187 3018/161/187 3012/155/187
f 3012/155/188 3018/161/188 3013/156/188
f 3018/161/189 3019/162/189 3013/156/189
f 3013/156/190 3019/162/190 3014/157/190
f 3019/162/191 3020/163/191 3014/157/191
f 3014/157/192 3020/163/192 3015/158/192
f 3020/163/193 3021/164/193 3015/158/193
f 3015/158/194 3021/164/194 2943/159/194
f 3021/164/195 2944/165/195 2943/159/195
f 2951/42/196 2909/41/196 3016/144/196
f 2909/41/197 2908/166/197 3016/144/197
f 3016/144/198 2908/166/198 3017/160/198
f 2908/166/199 2907/167/199 3017/160/199
f 3017/160/200 2907/167/200 3018/161/200
f 2907/167/201 2906/168/201 3018/161/201
f 3018/161/202 2906/168/202 3019/162/202
f 2906/168/203 2905/169/203 3019/162/203
f 3019/162/204 2905/169/204 3020/163/204
f 2905/169/205 2904/170/205 3020/163/205
f 3020/163/206 2904/170/206 3021/164/206
f 2904/170/207 2903/171/207 3021/164/207
f 3021/164/208 2903/171/208 2944/165/208
f 2903/171/209 2744/172/209 2944/165/209
f 2938/173/210 2924/174/210 2748/175/210
f 2939/176/211 3022/177/211 2938/173/211
f 2940/178/212 3023/179/212 2939/176/212
f 2941/180/213 3025/181/213 2940/178/213
f 2942/182/214 3028/183/214 2941/180/214
f 2943/184/215 3032/185/215 2942/182/215
f 2944/39/216 3037/186/216 2943/184/216
f 2938/173/217 3022/177/217 2924/174/217
f 3022/177/218 2925/187/218 2924/174/218
f 2939/176/219 3023/179/219 3022/177/219
f 3023/179/220 3024/188/220 3022/177/220
f 3022/177/221 3024/188/221 2925/187/221
f 3024/188/222 2926/189/222 2925/187/222
f 2940/178/223 3025/181/223 3023/179/223
f 3025/181/224 3026/190/224 3023/179/224
f 3023/179/225 3026/190/225 3024/188/225
f 3026/190/226 3027/191/226 3024/188/226
f 3024/188/227 3027/191/227 2926/189/227
f 3027/191/228 2927/192/228 2926/189/228
f 2941/180/229 3028/183/229 3025/181/229
f 3028/183/230 3029/193/230 3025/181/230
f 3025/181/231 3029/193/231 3026/190/231
f 3029/193/232 3030/194/232 3026/190/232
f 3026/190/233 3030/194/233 3027/191/233
f 3030/194/234 3031/195/234 3027/191/234
f 3027/191/235 3031/195/235 2927/192/235
f 3031/195/236 2928/196/236 2927/192/236
f 2942/182/237 3032/185/237 3028/183/237
f 3032/185/238 3033/197/238 3028/183/238
f 3028/183/239 3033/197/239 3029/193/239
f 3033/197/240 3034/198/240 3029/193/240
f 3029/193/241 3034/198/241 3030/194/241
f 3034/198/242 3035/199/242 3030/194/242
f 3030/194/243 3035/199/243 3031/195/243
f 3035/199/244 3036/200/244 3031/195/244
f 3031/195/245 3036/200/245 2928/196/245
f 3036/200/246 2929/201/246 2928/196/246
f 2943/184/247 3037/186/247 3032/185/247
f 3037/186/248 3038/202/248 3032/185/248
f 3032/185/249 3038/202/249 3033/197/249
f 3038/202/250 3039/203/250 3033/197/250
f 3033/197/251 3039/203/251 3034/198/251
f 3039/203/252 3040/204/252 3034/198/252
f 3034/198/253 3040/204/253 3035/199/253
f 3040/204/254 3041/205/254 3035/199/254
f 3035/199/255 3041/205/255 3036/200/255
f 3041/205/256 3042/206/256 3036/200/256
f 3036/200/257 3042/206/257 2929/201/257
f 3042/206/258 2930/207/258 2929/201/258
f 2944/39/259 2902/38/259 3037/186/259
f 2902/38/260 2901/208/260 3037/186/260
f 3037/186/261 2901/208/261 3038/202/261
f 2901/208/262 2900/209/262 3038/202/262
f 3038/202/263 2900/209/263 3039/203/263
f 2900/209/264 2899/210/264 3039/203/264
f 3039/203/265 2899/210/265 3040/204/265
f 2899/210/266 2898/211/266 3040/204/266
f 3040/204/267 2898/211/267 3041/205/267
f 2898/211/268 2897/212/268 3041/205/268
f 3041/205/269 2897/212/269 3042/206/269
f 2897/212/270 2896/213/270 3042/206/270
f 3042/206/271 2896/213/271 2930/207/271
f 2896/213/272 2743/34/272 2930/207/272
f 2924/214/273 2937/215/273 2748/216/273
f 2925/217/274 3043/218/274 2924/214/274
f 2926/219/275 3044/220/275 2925/217/275
f 2927/221/276 3046/222/276 2926/219/276
f 2928/223/277 3049/224/277 2927/221/277
f 2929/225/278 3053/226/278 2928/223/278
f 2930/36/279 3058/227/279 2929/225/279
f 2924/214/280 3043/218/280 2937/215/280
f 3043/218/281 2936/228/281 2937/215/281
f 2925/217/282 3044/220/282 3043/218/282
f 3044/220/283 3045/229/283 3043/218/283
f 3043/218/284 3045/229/284 2936/228/284
f 3045/229/285 2935/230/285 2936/228/285
f 2926/219/286 3046/222/286 3044/220/286
f 3046/222/287 3047/231/287 3044/220/287
f 3044/220/288 3047/231/288 3045/229/288
f 3047/231/289 3048/232/289 3045/229/289
f 3045/229/290 3048/232/290 2935/230/290
f 3048/232/291 2934/233/291 2935/230/291
f 2927/221/292 3049/224/292 3046/222/292
f 3049/224/293 3050/234/293 3046/222/293
f 3046/222/294 3050/234/294 3047/231/294
f 3050/234/295 3051/235/295 3047/231/295
f 3047/231/296 3051/235/296 3048/232/296
f 3051/235/297 3052/236/297 3048/232/297
f 3048/232/298 3052/236/298 2934/233/298
f 3052/236/299 2933/237/299 2934/233/299
f 2928/223/300 3053/226/300 3049/224/300
f 3053/226/301 3054/238/301 3049/224/301
f 3049/224/302 3054/238/302 3050/234/302
f 3054/238/1372 3055/239/1372 3050/234/1372
f 3050/234/304 3055/239/304 3051/235/304
f 3055/239/305 3056/240/305 3051/235/305
f 3051/235/306 3056/240/306 3052/236/306
f 3056/240/307 3057/241/307 3052/236/307
f 3052/236/308 3057/241/308 2933/237/308
f 3057/241/309 2932/242/309 2933/237/309
f 2929/225/310 3058/227/310 3053/226/310
f 3058/227/311 3059/243/311 3053/226/311
f 3053/226/312 3059/243/312 3054/238/312
f 3059/243/313 3060/244/313 3054/238/313
f 3054/238/314 3060/244/314 3055/239/314
f 3060/244/315 3061/245/315 3055/239/315
f 3055/239/316 3061/245/316 3056/240/316
f 3061/245/317 3062/246/317 3056/240/317
f 3056/240/318 3062/246/318 3057/241/318
f 3062/246/319 3063/247/319 3057/241/319
f 3057/241/320 3063/247/320 2932/242/320
f 3063/247/321 2931/248/321 2932/242/321
f 2930/36/322 2895/35/322 3058/227/322
f 2895/35/323 2894/249/323 3058/227/323
f 3058/227/324 2894/249/324 3059/243/324
f 2894/249/325 2893/250/325 3059/243/325
f 3059/243/326 2893/250/326 3060/244/326
f 2893/250/327 2892/251/327 3060/244/327
f 3060/244/328 2892/251/328 3061/245/328
f 2892/251/329 2891/252/329 3061/245/329
f 3061/245/330 2891/252/330 3062/246/330
f 2891/252/331 2890/253/331 3062/246/331
f 3062/246/332 2890/253/332 3063/247/332
f 2890/253/333 2889/254/333 3063/247/333
f 3063/247/334 2889/254/334 2931/248/334
f 2889/254/335 2747/46/335 2931/248/335
f 2832/255/1373 2923/47/1373 2747/46/1373
f 2831/256/337 3064/257/337 2832/255/337
f 2830/258/338 3065/259/338 2831/256/338
f 2829/260/339 3067/261/339 2830/258/339
f 2828/262/340 3070/263/340 2829/260/340
f 2827/264/341 3074/265/341 2828/262/341
f 2826/33/342 3079/266/342 2827/264/342
f 2832/255/343 3064/257/343 2923/47/343
f 3064/257/344 2922/84/344 2923/47/344
f 2831/256/345 3065/259/345 3064/257/345
f 3065/259/346 3066/267/346 3064/257/346
f 3064/257/347 3066/267/347 2922/84/347
f 3066/267/348 2921/85/348 2922/84/348
f 2830/258/349 3067/261/349 3065/259/349
f 3067/261/350 3068/268/350 3065/259/350
f 3065/259/351 3068/268/351 3066/267/351
f 3068/268/352 3069/269/352 3066/267/352
f 3066/267/1374 3069/269/1374 2921/85/1374
f 3069/269/354 2920/86/354 2921/85/354
f 2829/260/355 3070/263/355 3067/261/355
f 3070/263/356 3071/270/356 3067/261/356
f 3067/261/357 3071/270/357 3068/268/357
f 3071/270/358 3072/271/358 3068/268/358
f 3068/268/359 3072/271/359 3069/269/359
f 3072/271/360 3073/272/360 3069/269/360
f 3069/269/361 3073/272/361 2920/86/361
f 3073/272/362 2919/87/362 2920/86/362
f 2828/262/1375 3074/265/1375 3070/263/1375
f 3074/265/364 3075/273/364 3070/263/364
f 3070/263/365 3075/273/365 3071/270/365
f 3075/273/366 3076/274/366 3071/270/366
f 3071/270/367 3076/274/367 3072/271/367
f 3076/274/368 3077/275/368 3072/271/368
f 3072/271/369 3077/275/369 3073/272/369
f 3077/275/370 3078/276/370 3073/272/370
f 3073/272/371 3078/276/371 2919/87/371
f 3078/276/372 2918/88/372 2919/87/372
f 2827/264/373 3079/266/373 3074/265/373
f 3079/266/374 3080/277/374 3074/265/374
f 3074/265/375 3080/277/375 3075/273/375
f 3080/277/376 3081/278/376 3075/273/376
f 3075/273/377 3081/278/377 3076/274/377
f 3081/278/378 3082/279/378 3076/274/378
f 3076/274/379 3082/279/379 3077/275/379
f 3082/279/380 3083/280/380 3077/275/380
f 3077/275/381 3083/280/381 3078/276/381
f 3083/280/382 3084/281/382 3078/276/382
f 3078/276/383 3084/281/383 2918/88/383
f 3084/281/384 2917/89/384 2918/88/384
f 2826/33/385 2881/28/385 3079/266/385
f 2881/28/386 2880/282/386 3079/266/386
f 3079/266/387 2880/282/387 3080/277/387
f 2880/282/388 2879/283/388 3080/277/388
f 3080/277/389 2879/283/389 3081/278/389
f 2879/283/390 2878/284/390 3081/278/390
f 3081/278/391 2878/284/391 3082/279/391
f 2878/284/392 2877/285/392 3082/279/392
f 3082/279/393 2877/285/393 3083/280/393
f 2877/285/394 2876/286/394 3083/280/394
f 3083/280/395 2876/286/395 3084/281/395
f 2876/286/396 2875/287/396 3084/281/396
f 3084/281/397 2875/287/397 2917/89/397
f 2875/287/1376 2746/43/1376 2917/89/1376
f 2888/288/399 2916/44/399 2746/43/399
f 2887/289/400 3085/290/400 2888/288/400
f 2886/291/401 3086/292/401 2887/289/401
f 2885/293/402 3088/294/402 2886/291/402
f 2884/295/403 3091/296/403 2885/293/403
f 2883/297/404 3095/298/404 2884/295/404
f 2882/32/405 3100/299/405 2883/297/405
f 2888/288/406 3085/290/406 2916/44/406
f 3085/290/407 2915/125/407 2916/44/407
f 2887/289/408 3086/292/408 3085/290/408
f 3086/292/409 3087/300/409 3085/290/409
f 3085/290/410 3087/300/410 2915/125/410
f 3087/300/411 2914/126/411 2915/125/411
f 2886/291/412 3088/294/412 3086/292/412
f 3088/294/413 3089/301/413 3086/292/413
f 3086/292/414 3089/301/414 3087/300/414
f 3089/301/415 3090/302/415 3087/300/415
f 3087/300/416 3090/302/416 2914/126/416
f 3090/302/417 2913/127/417 2914/126/417
f 2885/293/418 3091/296/418 3088/294/418
f 3091/296/419 3092/303/419 3088/294/419
f 3088/294/420 3092/303/420 3089/301/420
f 3092/303/421 3093/304/421 3089/301/421
f 3089/301/422 3093/304/422 3090/302/422
f 3093/304/423 3094/305/423 3090/302/423
f 3090/302/424 3094/305/424 2913/127/424
f 3094/305/425 2912/128/425 2913/127/425
f 2884/295/426 3095/298/426 3091/296/426
f 3095/298/427 3096/306/427 3091/296/427
f 3091/296/428 3096/306/428 3092/303/428
f 3096/306/429 3097/307/429 3092/303/429
f 3092/303/430 3097/307/430 3093/304/430
f 3097/307/431 3098/308/431 3093/304/431
f 3093/304/432 3098/308/432 3094/305/432
f 3098/308/433 3099/309/433 3094/305/433
f 3094/305/434 3099/309/434 2912/128/434
f 3099/309/1363 2911/129/1363 2912/128/1363
f 2883/297/436 3100/299/436 3095/298/436
f 3100/299/437 3101/310/437 3095/298/437
f 3095/298/438 3101/310/438 3096/306/438
f 3101/310/439 3102/311/439 3096/306/439
f 3096/306/440 3102/311/440 3097/307/440
f 3102/311/441 3103/312/441 3097/307/441
f 3097/307/442 3103/312/442 3098/308/442
f 3103/312/443 3104/313/443 3098/308/443
f 3098/308/444 3104/313/444 3099/309/444
f 3104/313/445 3105/314/445 3099/309/445
f 3099/309/446 3105/314/446 2911/129/446
f 3105/314/447 2910/130/447 2911/129/447
f 2882/32/448 2867/25/448 3100/299/448
f 2867/25/449 2866/315/449 3100/299/449
f 3100/299/450 2866/315/450 3101/310/450
f 2866/315/451 2865/316/451 3101/310/451
f 3101/310/452 2865/316/452 3102/311/452
f 2865/316/453 2864/317/453 3102/311/453
f 3102/311/1377 2864/317/1377 3103/312/1377
f 2864/317/455 2863/318/455 3103/312/455
f 3103/312/456 2863/318/456 3104/313/456
f 2863/318/457 2862/319/457 3104/313/457
f 3104/313/458 2862/319/458 3105/314/458
f 2862/319/459 2861/320/459 3105/314/459
f 3105/314/460 2861/320/460 2910/130/460
f 2861/320/1344 2745/40/1344 2910/130/1344
f 2874/321/462 2909/41/462 2745/40/462
f 2873/322/463 3106/323/463 2874/321/463
f 2872/324/464 3107/325/464 2873/322/464
f 2871/326/465 3109/327/465 2872/324/465
f 2870/328/466 3112/329/466 2871/326/466
f 2869/330/467 3116/331/467 2870/328/467
f 2868/31/468 3121/332/468 2869/330/468
f 2874/321/469 3106/323/469 2909/41/469
f 3106/323/470 2908/166/470 2909/41/470
f 2873/322/471 3107/325/471 3106/323/471
f 3107/325/472 3108/333/472 3106/323/472
f 3106/323/473 3108/333/473 2908/166/473
f 3108/333/474 2907/167/474 2908/166/474
f 2872/324/475 3109/327/475 3107/325/475
f 3109/327/476 3110/334/476 3107/325/476
f 3107/325/477 3110/334/477 3108/333/477
f 3110/334/478 3111/335/478 3108/333/478
f 3108/333/479 3111/335/479 2907/167/479
f 3111/335/480 2906/168/480 2907/167/480
f 2871/326/481 3112/329/481 3109/327/481
f 3112/329/482 3113/336/482 3109/327/482
f 3109/327/483 3113/336/483 3110/334/483
f 3113/336/484 3114/337/484 3110/334/484
f 3110/334/485 3114/337/485 3111/335/485
f 3114/337/486 3115/338/486 3111/335/486
f 3111/335/487 3115/338/487 2906/168/487
f 3115/338/488 2905/169/488 2906/168/488
f 2870/328/489 3116/331/489 3112/329/489
f 3116/331/490 3117/339/490 3112/329/490
f 3112/329/491 3117/339/491 3113/336/491
f 3117/339/492 3118/340/492 3113/336/492
f 3113/336/493 3118/340/493 3114/337/493
f 3118/340/494 3119/341/494 3114/337/494
f 3114/337/495 3119/341/495 3115/338/495
f 3119/341/496 3120/342/496 3115/338/496
f 3115/338/497 3120/342/497 2905/169/497
f 3120/342/498 2904/170/498 2905/169/498
f 2869/330/499 3121/332/499 3116/331/499
f 3121/332/500 3122/343/500 3116/331/500
f 3116/331/501 3122/343/501 3117/339/501
f 3122/343/502 3123/344/502 3117/339/502
f 3117/339/503 3123/344/503 3118/340/503
f 3123/344/504 3124/345/504 3118/340/504
f 3118/340/505 3124/345/505 3119/341/505
f 3124/345/506 3125/346/506 3119/341/506
f 3119/341/507 3125/346/507 3120/342/507
f 3125/346/508 3126/347/508 3120/342/508
f 3120/342/509 3126/347/509 2904/170/509
f 3126/347/510 2903/171/510 2904/170/510
f 2868/31/511 2853/22/511 3121/332/511
f 2853/22/512 2852/348/512 3121/332/512
f 3121/332/513 2852/348/513 3122/343/513
f 2852/348/514 2851/349/514 3122/343/514
f 3122/343/515 2851/349/515 3123/344/515
f 2851/349/516 2850/350/516 3123/344/516
f 3123/344/517 2850/350/517 3124/345/517
f 2850/350/518 2849/351/518 3124/345/518
f 3124/345/519 2849/351/519 3125/346/519
f 2849/351/520 2848/352/520 3125/346/520
f 3125/346/521 2848/352/521 3126/347/521
f 2848/352/522 2847/353/522 3126/347/522
f 3126/347/523 2847/353/523 2903/171/523
f 2847/353/524 2744/172/524 2903/171/524
f 2860/354/1345 2902/38/1345 2744/37/1345
f 2859/355/526 3127/356/526 2860/354/526
f 2858/357/527 3128/358/527 2859/355/527
f 2857/359/528 3130/360/528 2858/357/528
f 2856/361/529 3133/362/529 2857/359/529
f 2855/363/530 3137/364/530 2856/361/530
f 2854/30/531 3142/365/531 2855/363/531
f 2860/354/532 3127/356/532 2902/38/532
f 3127/356/533 2901/208/533 2902/38/533
f 2859/355/534 3128/358/534 3127/356/534
f 3128/358/535 3129/366/535 3127/356/535
f 3127/356/536 3129/366/536 2901/208/536
f 3129/366/537 2900/209/537 2901/208/537
f 2858/357/538 3130/360/538 3128/358/538
f 3130/360/539 3131/367/539 3128/358/539
f 3128/358/540 3131/367/540 3129/366/540
f 3131/367/541 3132/368/541 3129/366/541
f 3129/366/542 3132/368/542 2900/209/542
f 3132/368/543 2899/210/543 2900/209/543
f 2857/359/544 3133/362/544 3130/360/544
f 3133/362/545 3134/369/545 3130/360/545
f 3130/360/546 3134/369/546 3131/367/546
f 3134/369/547 3135/370/547 3131/367/547
f 3131/367/548 3135/370/548 3132/368/548
f 3135/370/549 3136/371/549 3132/368/549
f 3132/368/550 3136/371/550 2899/210/550
f 3136/371/551 2898/211/551 2899/210/551
f 2856/361/552 3137/364/552 3133/362/552
f 3137/364/553 3138/372/553 3133/362/553
f 3133/362/554 3138/372/554 3134/369/554
f 3138/372/555 3139/373/555 3134/369/555
f 3134/369/556 3139/373/556 3135/370/556
f 3139/373/557 3140/374/557 3135/370/557
f 3135/370/558 3140/374/558 3136/371/558
f 3140/374/559 3141/375/559 3136/371/559
f 3136/371/560 3141/375/560 2898/211/560
f 3141/375/1378 2897/212/1378 2898/211/1378
f 2855/363/562 3142/365/562 3137/364/562
f 3142/365/563 3143/376/563 3137/364/563
f 3137/364/564 3143/376/564 3138/372/564
f 3143/376/565 3144/377/565 3138/372/565
f 3138/372/566 3144/377/566 3139/373/566
f 3144/377/567 3145/378/567 3139/373/567
f 3139/373/568 3145/378/568 3140/374/568
f 3145/378/569 3146/379/569 3140/374/569
f 3140/374/570 3146/379/570 3141/375/570
f 3146/379/571 3147/380/571 3141/375/571
f 3141/375/572 3147/380/572 2897/212/572
f 3147/380/573 2896/213/573 2897/212/573
f 2854/30/574 2839/19/574 3142/365/574
f 2839/19/575 2838/381/575 3142/365/575
f 3142/365/576 2838/381/576 3143/376/576
f 2838/381/577 2837/382/577 3143/376/577
f 3143/376/578 2837/382/578 3144/377/578
f 2837/382/579 2836/383/579 3144/377/579
f 3144/377/580 2836/383/580 3145/378/580
f 2836/383/581 2835/384/581 3145/378/581
f 3145/378/582 2835/384/582 3146/379/582
f 2835/384/583 2834/385/583 3146/379/583
f 3146/379/584 2834/385/584 3147/380/584
f 2834/385/585 2833/386/585 3147/380/585
f 3147/380/586 2833/386/586 2896/213/586
f 2833/386/587 2743/34/587 2896/213/587
f 2846/387/1379 2895/35/1379 2743/34/1379
f 2845/388/589 3148/389/589 2846/387/589
f 2844/390/590 3149/391/590 2845/388/590
f 2843/392/591 3151/393/591 2844/390/591
f 2842/394/592 3154/395/592 2843/392/592
f 2841/396/593 3158/397/593 2842/394/593
f 2840/29/594 3163/398/594 2841/396/594
f 2846/387/595 3148/389/595 2895/35/595
f 3148/389/596 2894/249/596 2895/35/596
f 2845/388/597 3149/391/597 3148/389/597
f 3149/391/598 3150/399/598 3148/389/598
f 3148/389/599 3150/399/599 2894/249/599
f 3150/399/600 2893/250/600 2894/249/600
f 2844/390/601 3151/393/601 3149/391/601
f 3151/393/602 3152/400/602 3149/391/602
f 3149/391/603 3152/400/603 3150/399/603
f 3152/400/604 3153/401/604 3150/399/604
f 3150/399/605 3153/401/605 2893/250/605
f 3153/401/606 2892/251/606 2893/250/606
f 2843/392/607 3154/395/607 3151/393/607
f 3154/395/608 3155/402/608 3151/393/608
f 3151/393/1380 3155/402/1380 3152/400/1380
f 3155/402/610 3156/403/610 3152/400/610
f 3152/400/611 3156/403/611 3153/401/611
f 3156/403/612 3157/404/612 3153/401/612
f 3153/401/613 3157/404/613 2892/251/613
f 3157/404/614 2891/252/614 2892/251/614
f 2842/394/615 3158/397/615 3154/395/615
f 3158/397/616 3159/405/616 3154/395/616
f 3154/395/617 3159/405/617 3155/402/617
f 3159/405/618 3160/406/618 3155/402/618
f 3155/402/619 3160/406/619 3156/403/619
f 3160/406/1348 3161/407/1348 3156/403/1348
f 3156/403/621 3161/407/621 3157/404/621
f 3161/407/622 3162/408/622 3157/404/622
f 3157/404/623 3162/408/623 2891/252/623
f 3162/408/624 2890/253/624 2891/252/624
f 2841/396/625 3163/398/625 3158/397/625
f 3163/398/626 3164/409/626 3158/397/626
f 3158/397/627 3164/409/627 3159/405/627
f 3164/409/628 3165/410/628 3159/405/628
f 3159/405/629 3165/410/629 3160/406/629
f 3165/410/630 3166/411/630 3160/406/630
f 3160/406/631 3166/411/631 3161/407/631
f 3166/411/632 3167/412/632 3161/407/632
f 3161/407/633 3167/412/633 3162/408/633
f 3167/412/634 3168/413/634 3162/408/634
f 3162/408/635 3168/413/635 2890/253/635
f 3168/413/636 2889/254/636 2890/253/636
f 2840/29/637 2825/16/637 3163/398/637
f 2825/16/638 2824/414/638 3163/398/638
f 3163/398/639 2824/414/639 3164/409/639
f 2824/414/640 2823/415/640 3164/409/640
f 3164/409/641 2823/415/641 3165/410/641
f 2823/415/642 2822/416/642 3165/410/642
f 3165/410/643 2822/416/643 3166/411/643
f 2822/416/644 2821/417/644 3166/411/644
f 3166/411/645 2821/417/645 3167/412/645
f 2821/417/646 2820/418/646 3167/412/646
f 3167/412/647 2820/418/647 3168/413/647
f 2820/418/648 2819/419/648 3168/413/648
f 3168/413/1381 2819/419/1381 2889/254/1381
f 2819/419/650 2747/46/650 2889/254/650
f 2875/287/651 2888/288/651 2746/43/651
f 2876/286/652 3169/420/652 2875/287/652
f 2877/285/653 3170/421/653 2876/286/653
f 2878/284/654 3172/422/654 2877/285/654
f 2879/283/655 3175/423/655 2878/284/655
f 2880/282/656 3179/424/656 2879/283/656
f 2881/28/657 3184/425/657 2880/282/657
f 2875/287/658 3169/420/658 2888/288/658
f 3169/420/659 2887/289/659 2888/288/659
f 2876/286/660 3170/421/660 3169/420/660
f 3170/421/661 3171/426/661 3169/420/661
f 3169/420/662 3171/426/662 2887/289/662
f 3171/426/663 2886/291/663 2887/289/663
f 2877/285/664 3172/422/664 3170/421/664
f 3172/422/665 3173/427/665 3170/421/665
f 3170/421/666 3173/427/666 3171/426/666
f 3173/427/667 3174/428/667 3171/426/667
f 3171/426/668 3174/428/668 2886/291/668
f 3174/428/669 2885/293/669 2886/291/669
f 2878/284/670 3175/423/670 3172/422/670
f 3175/423/671 3176/429/671 3172/422/671
f 3172/422/672 3176/429/672 3173/427/672
f 3176/429/673 3177/430/673 3173/427/673
f 3173/427/674 3177/430/674 3174/428/674
f 3177/430/675 3178/431/675 3174/428/675
f 3174/428/676 3178/431/676 2885/293/676
f 3178/431/677 2884/295/677 2885/293/677
f 2879/283/678 3179/424/678 3175/423/678
f 3179/424/679 3180/432/679 3175/423/679
f 3175/423/680 3180/432/680 3176/429/680
f 3180/432/681 3181/433/681 3176/429/681
f 3176/429/682 3181/433/682 3177/430/682
f 3181/433/683 3182/434/683 3177/430/683
f 3177/430/684 3182/434/684 3178/431/684
f 3182/434/685 3183/435/685 3178/431/685
f 3178/431/686 3183/435/686 2884/295/686
f 3183/435/687 2883/297/687 2884/295/687
f 2880/282/688 3184/425/688 3179/424/688
f 3184/425/689 3185/436/689 3179/424/689
f 3179/424/690 3185/436/690 3180/432/690
f 3185/436/691 3186/437/691 3180/432/691
f 3180/432/692 3186/437/692 3181/433/692
f 3186/437/693 3187/438/693 3181/433/693
f 3181/433/694 3187/438/694 3182/434/694
f 3187/438/695 3188/439/695 3182/434/695
f 3182/434/696 3188/439/696 3183/435/696
f 3188/439/697 3189/440/697 3183/435/697
f 3183/435/698 3189/440/698 2883/297/698
f 3189/440/699 2882/32/699 2883/297/699
f 2881/28/700 2818/27/700 3184/425/700
f 2818/27/701 2817/441/701 3184/425/701
f 3184/425/702 2817/441/702 3185/436/702
f 2817/441/1350 2816/442/1350 3185/436/1350
f 3185/436/704 2816/442/704 3186/437/704
f 2816/442/705 2815/443/705 3186/437/705
f 3186/437/706 2815/443/706 3187/438/706
f 2815/443/707 2814/444/707 3187/438/707
f 3187/438/708 2814/444/708 3188/439/708
f 2814/444/709 2813/445/709 3188/439/709
f 3188/439/710 2813/445/710 3189/440/710
f 2813/445/711 2812/446/711 3189/440/711
f 3189/440/712 2812/446/712 2882/32/712
f 2812/446/713 2741/23/713 2882/32/713
f 2861/320/714 2874/321/714 2745/40/714
f 2862/319/715 3190/447/715 2861/320/715
f 2863/318/716 3191/448/716 2862/319/716
f 2864/317/717 3193/449/717 2863/318/717
f 2865/316/718 3196/450/718 2864/317/718
f 2866/315/719 3200/451/719 2865/316/719
f 2867/25/720 3205/452/720 2866/315/720
f 2861/320/721 3190/447/721 2874/321/721
f 3190/447/722 2873/322/722 2874/321/722
f 2862/319/723 3191/448/723 3190/447/723
f 3191/448/724 3192/453/724 3190/447/724
f 3190/447/725 3192/453/725 2873/322/725
f 3192/453/726 2872/324/726 2873/322/726
f 2863/318/727 3193/449/727 3191/448/727
f 3193/449/728 3194/454/728 3191/448/728
f 3191/448/729 3194/454/729 3192/453/729
f 3194/454/730 3195/455/730 3192/453/730
f 3192/453/731 3195/455/731 2872/324/731
f 3195/455/732 2871/326/732 2872/324/732
f 2864/317/733 3196/450/733 3193/449/733
f 3196/450/734 3197/456/734 3193/449/734
f 3193/449/735 3197/456/735 3194/454/735
f 3197/456/736 3198/457/736 3194/454/736
f 3194/454/737 3198/457/737 3195/455/737
f 3198/457/738 3199/458/738 3195/455/738
f 3195/455/739 3199/458/739 2871/326/739
f 3199/458/740 2870/328/740 2871/326/740
f 2865/316/741 3200/451/741 3196/450/741
f 3200/451/742 3201/459/742 3196/450/742
f 3196/450/1351 3201/459/1351 3197/456/1351
f 3201/459/744 3202/460/744 3197/456/744
f 3197/456/745 3202/460/745 3198/457/745
f 3202/460/1353 3203/461/1353 3198/457/1353
f 3198/457/747 3203/461/747 3199/458/747
f 3203/461/748 3204/462/748 3199/458/748
f 3199/458/749 3204/462/749 2870/328/749
f 3204/462/750 2869/330/750 2870/328/750
f 2866/315/751 3205/452/751 3200/451/751
f 3205/452/752 3206/463/752 3200/451/752
f 3200/451/753 3206/463/753 3201/459/753
f 3206/463/754 3207/464/754 3201/459/754
f 3201/459/755 3207/464/755 3202/460/755
f 3207/464/756 3208/465/756 3202/460/756
f 3202/460/757 3208/465/757 3203/461/757
f 3208/465/758 3209/466/758 3203/461/758
f 3203/461/759 3209/466/759 3204/462/759
f 3209/466/760 3210/467/760 3204/462/760
f 3204/462/761 3210/467/761 2869/330/761
f 3210/467/762 2868/31/762 2869/330/762
f 2867/25/763 2811/24/763 3205/452/763
f 2811/24/764 2810/468/764 3205/452/764
f 3205/452/765 2810/468/765 3206/463/765
f 2810/468/766 2809/469/766 3206/463/766
f 3206/463/767 2809/469/767 3207/464/767
f 2809/469/768 2808/470/768 3207/464/768
f 3207/464/769 2808/470/769 3208/465/769
f 2808/470/770 2807/471/770 3208/465/770
f 3208/465/1382 2807/471/1382 3209/466/1382
f 2807/471/772 2806/472/772 3209/466/772
f 3209/466/773 2806/472/773 3210/467/773
f 2806/472/774 2805/473/774 3210/467/774
f 3210/467/775 2805/473/775 2868/31/775
f 2805/473/1383 2740/20/1383 2868/31/1383
f 2847/353/777 2860/474/777 2744/172/777
f 2848/352/778 3211/475/778 2847/353/778
f 2849/351/779 3212/476/779 2848/352/779
f 2850/350/780 3214/477/780 2849/351/780
f 2851/349/781 3217/478/781 2850/350/781
f 2852/348/782 3221/479/782 2851/349/782
f 2853/22/783 3226/480/783 2852/348/783
f 2847/353/784 3211/475/784 2860/474/784
f 3211/475/785 2859/481/785 2860/474/785
f 2848/352/786 3212/476/786 3211/475/786
f 3212/476/787 3213/482/787 3211/475/787
f 3211/475/788 3213/482/788 2859/481/788
f 3213/482/789 2858/483/789 2859/481/789
f 2849/351/790 3214/477/790 3212/476/790
f 3214/477/791 3215/484/791 3212/476/791
f 3212/476/792 3215/484/792 3213/482/792
f 3215/484/793 3216/485/793 3213/482/793
f 3213/482/794 3216/485/794 2858/483/794
f 3216/485/795 2857/486/795 2858/483/795
f 2850/350/796 3217/478/796 3214/477/796
f 3217/478/797 3218/487/797 3214/477/797
f 3214/477/798 3218/487/798 3215/484/798
f 3218/487/799 3219/488/799 3215/484/799
f 3215/484/800 3219/488/800 3216/485/800
f 3219/488/801 3220/489/801 3216/485/801
f 3216/485/802 3220/489/802 2857/486/802
f 3220/489/803 2856/490/803 2857/486/803
f 2851/349/804 3221/479/804 3217/478/804
f 3221/479/805 3222/491/805 3217/478/805
f 3217/478/806 3222/491/806 3218/487/806
f 3222/491/1355 3223/492/1355 3218/487/1355
f 3218/487/808 3223/492/808 3219/488/808
f 3223/492/809 3224/493/809 3219/488/809
f 3219/488/1384 3224/493/1384 3220/489/1384
f 3224/493/811 3225/494/811 3220/489/811
f 3220/489/812 3225/494/812 2856/490/812
f 3225/494/813 2855/495/813 2856/490/813
f 2852/348/814 3226/480/814 3221/479/814
f 3226/480/815 3227/496/815 3221/479/815
f 3221/479/816 3227/496/816 3222/491/816
f 3227/496/817 3228/497/817 3222/491/817
f 3222/491/818 3228/497/818 3223/492/818
f 3228/497/819 3229/498/819 3223/492/819
f 3223/492/820 3229/498/820 3224/493/820
f 3229/498/821 3230/499/821 3224/493/821
f 3224/493/822 3230/499/822 3225/494/822
f 3230/499/823 3231/500/823 3225/494/823
f 3225/494/824 3231/500/824 2855/495/824
f 3231/500/825 2854/501/825 2855/495/825
f 2853/22/826 2797/21/826 3226/480/826
f 2797/21/827 2796/502/827 3226/480/827
f 3226/480/828 2796/502/828 3227/496/828
f 2796/502/829 2795/503/829 3227/496/829
f 3227/496/830 2795/503/830 3228/497/830
f 2795/503/831 2794/504/831 3228/497/831
f 3228/497/832 2794/504/832 3229/498/832
f 2794/504/833 2793/505/833 3229/498/833
f 3229/498/834 2793/505/834 3230/499/834
f 2793/505/835 2792/506/835 3230/499/835
f 3230/499/836 2792/506/836 3231/500/836
f 2792/506/837 2791/507/837 3231/500/837
f 3231/500/838 2791/507/838 2854/501/838
f 2791/507/839 2739/508/839 2854/501/839
f 2833/386/840 2846/387/840 2743/34/840
f 2834/385/841 3232/509/841 2833/386/841
f 2835/384/842 3233/510/842 2834/385/842
f 2836/383/843 3235/511/843 2835/384/843
f 2837/382/844 3238/512/844 2836/383/844
f 2838/381/845 3242/513/845 2837/382/845
f 2839/19/846 3247/514/846 2838/381/846
f 2833/386/847 3232/509/847 2846/387/847
f 3232/509/848 2845/388/848 2846/387/848
f 2834/385/849 3233/510/849 3232/509/849
f 3233/510/850 3234/515/850 3232/509/850
f 3232/509/851 3234/515/851 2845/388/851
f 3234/515/852 2844/390/852 2845/388/852
f 2835/384/853 3235/511/853 3233/510/853
f 3235/511/854 3236/516/854 3233/510/854
f 3233/510/855 3236/516/855 3234/515/855
f 3236/516/856 3237/517/856 3234/515/856
f 3234/515/857 3237/517/857 2844/390/857
f 3237/517/858 2843/392/858 2844/390/858
f 2836/383/859 3238/512/859 3235/511/859
f 3238/512/860 3239/518/860 3235/511/860
f 3235/511/861 3239/518/861 3236/516/861
f 3239/518/862 3240/519/862 3236/516/862
f 3236/516/863 3240/519/863 3237/517/863
f 3240/519/864 3241/520/864 3237/517/864
f 3237/517/1385 3241/520/1385 2843/392/1385
f 3241/520/866 2842/394/866 2843/392/866
f 2837/382/867 3242/513/867 3238/512/867
f 3242/513/868 3243/521/868 3238/512/868
f 3238/512/869 3243/521/869 3239/518/869
f 3243/521/870 3244/522/870 3239/518/870
f 3239/518/871 3244/522/871 3240/519/871
f 3244/522/872 3245/523/872 3240/519/872
f 3240/519/873 3245/523/873 3241/520/873
f 3245/523/874 3246/524/874 3241/520/874
f 3241/520/875 3246/524/875 2842/394/875
f 3246/524/876 2841/396/876 2842/394/876
f 2838/381/877 3247/514/877 3242/513/877
f 3247/514/878 3248/525/878 3242/513/878
f 3242/513/879 3248/525/879 3243/521/879
f 3248/525/880 3249/526/880 3243/521/880
f 3243/521/881 3249/526/881 3244/522/881
f 3249/526/882 3250/527/882 3244/522/882
f 3244/522/883 3250/527/883 3245/523/883
f 3250/527/884 3251/528/884 3245/523/884
f 3245/523/885 3251/528/885 3246/524/885
f 3251/528/886 3252/529/886 3246/524/886
f 3246/524/887 3252/529/887 2841/396/887
f 3252/529/888 2840/29/888 2841/396/888
f 2839/19/889 2769/18/889 3247/514/889
f 2769/18/890 2768/530/890 3247/514/890
f 3247/514/891 2768/530/891 3248/525/891
f 2768/530/1369 2767/531/1369 3248/525/1369
f 3248/525/893 2767/531/893 3249/526/893
f 2767/531/894 2766/532/894 3249/526/894
f 3249/526/895 2766/532/895 3250/527/895
f 2766/532/896 2765/533/896 3250/527/896
f 3250/527/897 2765/533/897 3251/528/897
f 2765/533/898 2764/534/898 3251/528/898
f 3251/528/899 2764/534/899 3252/529/899
f 2764/534/900 2763/535/900 3252/529/900
f 3252/529/901 2763/535/901 2840/29/901
f 2763/535/1358 2738/4/1358 2840/29/1358
f 2819/419/903 2832/255/903 2747/46/903
f 2820/418/904 3253/536/904 2819/419/904
f 2821/417/905 3254/537/905 2820/418/905
f 2822/416/906 3256/538/906 2821/417/906
f 2823/415/907 3259/539/907 2822/416/907
f 2824/414/908 3263/540/908 2823/415/908
f 2825/16/909 3268/541/909 2824/414/909
f 2819/419/910 3253/536/910 2832/255/910
f 3253/536/911 2831/256/911 2832/255/911
f 2820/418/912 3254/537/912 3253/536/912
f 3254/537/913 3255/542/913 3253/536/913
f 3253/536/914 3255/542/914 2831/256/914
f 3255/542/915 2830/258/915 2831/256/915
f 2821/417/916 3256/538/916 3254/537/916
f 3256/538/917 3257/543/917 3254/537/917
f 3254/537/918 3257/543/918 3255/542/918
f 3257/543/919 3258/544/919 3255/542/919
f 3255/542/920 3258/544/920 2830/258/920
f 3258/544/921 2829/260/921 2830/258/921
f 2822/416/922 3259/539/922 3256/538/922
f 3259/539/923 3260/545/923 3256/538/923
f 3256/538/924 3260/545/924 3257/543/924
f 3260/545/925 3261/546/925 3257/543/925
f 3257/543/926 3261/546/926 3258/544/926
f 3261/546/927 3262/547/927 3258/544/927
f 3258/544/928 3262/547/928 2829/260/928
f 3262/547/929 2828/262/929 2829/260/929
f 2823/415/930 3263/540/930 3259/539/930
f 3263/540/931 3264/548/931 3259/539/931
f 3259/539/932 3264/548/932 3260/545/932
f 3264/548/933 3265/549/933 3260/545/933
f 3260/545/934 3265/549/934 3261/546/934
f 3265/549/935 3266/550/935 3261/546/935
f 3261/546/936 3266/550/936 3262/547/936
f 3266/550/937 3267/551/937 3262/547/937
f 3262/547/938 3267/551/938 2828/262/938
f 3267/551/939 2827/264/939 2828/262/939
f 2824/414/940 3268/541/940 3263/540/940
f 3268/541/941 3269/552/941 3263/540/941
f 3263/540/942 3269/552/942 3264/548/942
f 3269/552/943 3270/553/943 3264/548/943
f 3264/548/944 3270/553/944 3265/549/944
f 3270/553/945 3271/554/945 3265/549/945
f 3265/549/946 3271/554/946 3266/550/946
f 3271/554/947 3272/555/947 3266/550/947
f 3266/550/948 3272/555/948 3267/551/948
f 3272/555/949 3273/556/949 3267/551/949
f 3267/551/950 3273/556/950 2827/264/950
f 3273/556/951 2826/33/951 2827/264/951
f 2825/16/952 2776/6/952 3268/541/952
f 2776/6/953 2775/557/953 3268/541/953
f 3268/541/954 2775/557/954 3269/552/954
f 2775/557/955 2774/558/955 3269/552/955
f 3269/552/956 2774/558/956 3270/553/956
f 2774/558/957 2773/559/957 3270/553/957
f 3270/553/958 2773/559/958 3271/554/958
f 2773/559/959 2772/560/959 3271/554/959
f 3271/554/960 2772/560/960 3272/555/960
f 2772/560/961 2771/561/961 3272/555/961
f 3272/555/962 2771/561/962 3273/556/962
f 2771/561/963 2770/562/963 3273/556/963
f 3273/556/964 2770/562/964 2826/33/964
f 2770/562/965 2742/26/965 2826/33/965
f 2783/563/966 2818/27/966 2742/26/966
f 2782/564/967 3274/565/967 2783/563/967
f 2781/566/968 3275/567/968 2782/564/968
f 2780/568/969 3277/569/969 2781/566/969
f 2779/570/970 3280/571/970 2780/568/970
f 2778/572/971 3284/573/971 2779/570/971
f 2777/15/972 3289/574/972 2778/572/972
f 2783/563/973 3274/565/973 2818/27/973
f 3274/565/974 2817/441/974 2818/27/974
f 2782/564/975 3275/567/975 3274/565/975
f 3275/567/976 3276/575/976 3274/565/976
f 3274/565/977 3276/575/977 2817/441/977
f 3276/575/978 2816/442/978 2817/441/978
f 2781/566/979 3277/569/979 3275/567/979
f 3277/569/980 3278/576/980 3275/567/980
f 3275/567/1386 3278/576/1386 3276/575/1386
f 3278/576/982 3279/577/982 3276/575/982
f 3276/575/983 3279/577/983 2816/442/983
f 3279/577/984 2815/443/984 2816/442/984
f 2780/568/985 3280/571/985 3277/569/985
f 3280/571/986 3281/578/986 3277/569/986
f 3277/569/987 3281/578/987 3278/576/987
f 3281/578/988 3282/579/988 3278/576/988
f 3278/576/989 3282/579/989 3279/577/989
f 3282/579/990 3283/580/990 3279/577/990
f 3279/577/991 3283/580/991 2815/443/991
f 3283/580/992 2814/444/992 2815/443/992
f 2779/570/993 3284/573/993 3280/571/993
f 3284/573/994 3285/581/994 3280/571/994
f 3280/571/995 3285/581/995 3281/578/995
f 3285/581/996 3286/582/996 3281/578/996
f 3281/578/997 3286/582/997 3282/579/997
f 3286/582/998 3287/583/998 3282/579/998
f 3282/579/999 3287/583/999 3283/580/999
f 3287/583/1000 3288/584/1000 3283/580/1000
f 3283/580/1001 3288/584/1001 2814/444/1001
f 3288/584/1002 2813/445/1002 2814/444/1002
f 2778/572/1003 3289/574/1003 3284/573/1003
f 3289/574/1004 3290/585/1004 3284/573/1004
f 3284/573/1005 3290/585/1005 3285/581/1005
f 3290/585/1006 3291/586/1006 3285/581/1006
f 3285/581/1007 3291/586/1007 3286/582/1007
f 3291/586/1008 3292/587/1008 3286/582/1008
f 3286/582/1009 3292/587/1009 3287/583/1009
f 3292/587/1010 3293/588/1010 3287/583/1010
f 3287/583/1011 3293/588/1011 3288/584/1011
f 3293/588/1012 3294/589/1012 3288/584/1012
f 3288/584/1013 3294/589/1013 2813/445/1013
f 3294/589/1014 2812/446/1014 2813/445/1014
f 2777/15/1015 2804/14/1015 3289/574/1015
f 2804/14/1016 2803/590/1016 3289/574/1016
f 3289/574/1017 2803/590/1017 3290/585/1017
f 2803/590/1018 2802/591/1018 3290/585/1018
f 3290/585/1019 2802/591/1019 3291/586/1019
f 2802/591/1020 2801/592/1020 3291/586/1020
f 3291/586/1021 2801/592/1021 3292/587/1021
f 2801/592/1022 2800/593/1022 3292/587/1022
f 3292/587/1023 2800/593/1023 3293/588/1023
f 2800/593/1024 2799/594/1024 3293/588/1024
f 3293/588/1025 2799/594/1025 3294/589/1025
f 2799/594/1026 2798/595/1026 3294/589/1026
f 3294/589/1027 2798/595/1027 2812/446/1027
f 2798/595/1028 2741/23/1028 2812/446/1028
f 2798/596/1029 2811/24/1029 2741/23/1029
f 2799/597/1030 3295/598/1030 2798/596/1030
f 2800/599/1031 3296/600/1031 2799/597/1031
f 2801/601/1032 3298/602/1032 2800/599/1032
f 2802/603/1033 3301/604/1033 2801/601/1033
f 2803/605/1034 3305/606/1034 2802/603/1034
f 2804/12/1035 3310/607/1035 2803/605/1035
f 2798/596/1036 3295/598/1036 2811/24/1036
f 3295/598/1037 2810/468/1037 2811/24/1037
f 2799/597/1038 3296/600/1038 3295/598/1038
f 3296/600/1039 3297/608/1039 3295/598/1039
f 3295/598/1040 3297/608/1040 2810/468/1040
f 3297/608/1041 2809/469/1041 2810/468/1041
f 2800/599/1042 3298/602/1042 3296/600/1042
f 3298/602/1043 3299/609/1043 3296/600/1043
f 3296/600/1044 3299/609/1044 3297/608/1044
f 3299/609/1045 3300/610/1045 3297/608/1045
f 3297/608/1046 3300/610/1046 2809/469/1046
f 3300/610/1047 2808/470/1047 2809/469/1047
f 2801/601/1048 3301/604/1048 3298/602/1048
f 3301/604/1049 3302/611/1049 3298/602/1049
f 3298/602/1050 3302/611/1050 3299/609/1050
f 3302/611/1051 3303/612/1051 3299/609/1051
f 3299/609/1052 3303/612/1052 3300/610/1052
f 3303/612/1053 3304/613/1053 3300/610/1053
f 3300/610/1054 3304/613/1054 2808/470/1054
f 3304/613/1055 2807/471/1055 2808/470/1055
f 2802/603/1056 3305/606/1056 3301/604/1056
f 3305/606/1057 3306/614/1057 3301/604/1057
f 3301/604/1058 3306/614/1058 3302/611/1058
f 3306/614/1059 3307/615/1059 3302/611/1059
f 3302/611/1060 3307/615/1060 3303/612/1060
f 3307/615/1061 3308/616/1061 3303/612/1061
f 3303/612/1062 3308/616/1062 3304/613/1062
f 3308/616/1063 3309/617/1063 3304/613/1063
f 3304/613/1064 3309/617/1064 2807/471/1064
f 3309/617/1065 2806/472/1065 2807/471/1065
f 2803/605/1066 3310/607/1066 3305/606/1066
f 3310/607/1067 3311/618/1067 3305/606/1067
f 3305/606/1068 3311/618/1068 3306/614/1068
f 3311/618/1069 3312/619/1069 3306/614/1069
f 3306/614/1070 3312/619/1070 3307/615/1070
f 3312/619/1071 3313/620/1071 3307/615/1071
f 3307/615/1072 3313/620/1072 3308/616/1072
f 3313/620/1073 3314/621/1073 3308/616/1073
f 3308/616/1074 3314/621/1074 3309/617/1074
f 3314/621/1075 3315/622/1075 3309/617/1075
f 3309/617/1076 3315/622/1076 2806/472/1076
f 3315/622/1077 2805/473/1077 2806/472/1077
f 2804/12/1078 2790/11/1078 3310/607/1078
f 2790/11/1079 2789/623/1079 3310/607/1079
f 3310/607/1080 2789/623/1080 3311/618/1080
f 2789/623/1081 2788/624/1081 3311/618/1081
f 3311/618/1082 2788/624/1082 3312/619/1082
f 2788/624/1083 2787/625/1083 3312/619/1083
f 3312/619/1084 2787/625/1084 3313/620/1084
f 2787/625/1085 2786/626/1085 3313/620/1085
f 3313/620/1387 2786/626/1387 3314/621/1387
f 2786/626/1087 2785/627/1087 3314/621/1087
f 3314/621/1088 2785/627/1088 3315/622/1088
f 2785/627/1089 2784/628/1089 3315/622/1089
f 3315/622/1090 2784/628/1090 2805/473/1090
f 2784/628/1091 2740/20/1091 2805/473/1091
f 2784/629/1092 2797/21/1092 2740/20/1092
f 2785/630/1093 3316/631/1093 2784/629/1093
f 2786/632/1094 3317/633/1094 2785/630/1094
f 2787/634/1095 3319/635/1095 2786/632/1095
f 2788/636/1096 3322/637/1096 2787/634/1096
f 2789/638/1097 3326/639/1097 2788/636/1097
f 2790/9/1098 3331/640/1098 2789/638/1098
f 2784/629/1099 3316/631/1099 2797/21/1099
f 3316/631/1100 2796/502/1100 2797/21/1100
f 2785/630/1101 3317/633/1101 3316/631/1101
f 3317/633/1102 3318/641/1102 3316/631/1102
f 3316/631/1103 3318/641/1103 2796/502/1103
f 3318/641/1104 2795/503/1104 2796/502/1104
f 2786/632/1105 3319/635/1105 3317/633/1105
f 3319/635/1106 3320/642/1106 3317/633/1106
f 3317/633/1107 3320/642/1107 3318/641/1107
f 3320/642/1108 3321/643/1108 3318/641/1108
f 3318/641/1109 3321/643/1109 2795/503/1109
f 3321/643/1110 2794/504/1110 2795/503/1110
f 2787/634/1111 3322/637/1111 3319/635/1111
f 3322/637/1112 3323/644/1112 3319/635/1112
f 3319/635/1113 3323/644/1113 3320/642/1113
f 3323/644/1114 3324/645/1114 3320/642/1114
f 3320/642/1115 3324/645/1115 3321/643/1115
f 3324/645/1116 3325/646/1116 3321/643/1116
f 3321/643/1117 3325/646/1117 2794/504/1117
f 3325/646/1118 2793/505/1118 2794/504/1118
f 2788/636/1119 3326/639/1119 3322/637/1119
f 3326/639/1120 3327/647/1120 3322/637/1120
f 3322/637/1121 3327/647/1121 3323/644/1121
f 3327/647/1122 3328/648/1122 3323/644/1122
f 3323/644/1123 3328/648/1123 3324/645/1123
f 3328/648/1124 3329/649/1124 3324/645/1124
f 3324/645/1125 3329/649/1125 3325/646/1125
f 3329/649/1126 3330/650/1126 3325/646/1126
f 3325/646/1127 3330/650/1127 2793/505/1127
f 3330/650/1128 2792/506/1128 2793/505/1128
f 2789/638/1129 3331/640/1129 3326/639/1129
f 3331/640/1130 3332/651/1130 3326/639/1130
f 3326/639/1131 3332/651/1131 3327/647/1131
f 3332/651/1132 3333/652/1132 3327/647/1132
f 3327/647/1133 3333/652/1133 3328/648/1133
f 3333/652/1134 3334/653/1134 3328/648/1134
f 3328/648/1135 3334/653/1135 3329/649/1135
f 3334/653/1136 3335/654/1136 3329/649/1136
f 3329/649/1137 3335/654/1137 3330/650/1137
f 3335/654/1138 3336/655/1138 3330/650/1138
f 3330/650/1139 3336/655/1139 2792/506/1139
f 3336/655/1140 2791/507/1140 2792/506/1140
f 2790/9/1141 2755/8/1141 3331/640/1141
f 2755/8/1142 2754/656/1142 3331/640/1142
f 3331/640/1143 2754/656/1143 3332/651/1143
f 2754/656/1144 2753/657/1144 3332/651/1144
f 3332/651/1145 2753/657/1145 3333/652/1145
f 2753/657/1146 2752/658/1146 3333/652/1146
f 3333/652/1147 2752/658/1147 3334/653/1147
f 2752/658/1148 2751/659/1148 3334/653/1148
f 3334/653/1149 2751/659/1149 3335/654/1149
f 2751/659/1150 2750/660/1150 3335/654/1150
f 3335/654/1151 2750/660/1151 3336/655/1151
f 2750/660/1152 2749/661/1152 3336/655/1152
f 3336/655/1153 2749/661/1153 2791/507/1153
f 2749/661/1154 2739/508/1154 2791/507/1154
f 2770/562/1155 2783/662/1155 2742/26/1155
f 2771/561/1156 3337/663/1156 2770/562/1156
f 2772/560/1157 3338/664/1157 2771/561/1157
f 2773/559/1158 3340/665/1158 2772/560/1158
f 2774/558/1159 3343/666/1159 2773/559/1159
f 2775/557/1160 3347/667/1160 2774/558/1160
f 2776/6/1161 3352/668/1161 2775/557/1161
f 2770/562/1162 3337/663/1162 2783/662/1162
f 3337/663/1163 2782/669/1163 2783/662/1163
f 2771/561/1164 3338/664/1164 3337/663/1164
f 3338/664/1165 3339/670/1165 3337/663/1165
f 3337/663/1166 3339/670/1166 2782/669/1166
f 3339/670/1167 2781/671/1167 2782/669/1167
f 2772/560/1168 3340/665/1168 3338/664/1168
f 3340/665/1169 3341/672/1169 3338/664/1169
f 3338/664/1170 3341/672/1170 3339/670/1170
f 3341/672/1171 3342/673/1171 3339/670/1171
f 3339/670/1172 3342/673/1172 2781/671/1172
f 3342/673/1173 2780/674/1173 2781/671/1173
f 2773/559/1174 3343/666/1174 3340/665/1174
f 3343/666/1175 3344/675/1175 3340/665/1175
f 3340/665/1176 3344/675/1176 3341/672/1176
f 3344/675/1177 3345/676/1177 3341/672/1177
f 3341/672/1178 3345/676/1178 3342/673/1178
f 3345/676/1179 3346/677/1179 3342/673/1179
f 3342/673/1180 3346/677/1180 2780/674/1180
f 3346/677/1181 2779/678/1181 2780/674/1181
f 2774/558/1182 3347/667/1182 3343/666/1182
f 3347/667/1183 3348/679/1183 3343/666/1183
f 3343/666/1184 3348/679/1184 3344/675/1184
f 3348/679/1185 3349/680/1185 3344/675/1185
f 3344/675/1186 3349/680/1186 3345/676/1186
f 3349/680/1187 3350/681/1187 3345/676/1187
f 3345/676/1188 3350/681/1188 3346/677/1188
f 3350/681/1189 3351/682/1189 3346/677/1189
f 3346/677/1190 3351/682/1190 2779/678/1190
f 3351/682/1191 2778/683/1191 2779/678/1191
f 2775/557/1192 3352/668/1192 3347/667/1192
f 3352/668/1193 3353/684/1193 3347/667/1193
f 3347/667/1194 3353/684/1194 3348/679/1194
f 3353/684/1195 3354/685/1195 3348/679/1195
f 3348/679/1196 3354/685/1196 3349/680/1196
f 3354/685/1388 3355/686/1388 3349/680/1388
f 3349/680/1198 3355/686/1198 3350/681/1198
f 3355/686/1199 3356/687/1199 3350/681/1199
f 3350/681/1200 3356/687/1200 3351/682/1200
f 3356/687/1201 3357/688/1201 3351/682/1201
f 3351/682/1202 3357/688/1202 2778/683/1202
f 3357/688/1203 2777/689/1203 2778/683/1203
f 2776/6/1204 2762/5/1204 3352/668/1204
f 2762/5/1205 2761/690/1205 3352/668/1205
f 3352/668/1206 2761/690/1206 3353/684/1206
f 2761/690/1207 2760/691/1207 3353/684/1207
f 3353/684/1208 2760/691/1208 3354/685/1208
f 2760/691/1209 2759/692/1209 3354/685/1209
f 3354/685/1210 2759/692/1210 3355/686/1210
f 2759/692/1211 2758/693/1211 3355/686/1211
f 3355/686/1212 2758/693/1212 3356/687/1212
f 2758/693/1213 2757/694/1213 3356/687/1213
f 3356/687/1214 2757/694/1214 3357/688/1214
f 2757/694/1215 2756/695/1215 3357/688/1215
f 3357/688/1216 2756/695/1216 2777/689/1216
f 2756/695/1389 2737/696/1389 2777/689/1389
f 2749/697/1218 2769/18/1218 2739/17/1218
f 2750/698/1219 3358/699/1219 2749/697/1219
f 2751/700/1220 3359/701/1220 2750/698/1220
f 2752/702/1221 3361/703/1221 2751/700/1221
f 2753/704/1222 3364/705/1222 2752/702/1222
f 2754/706/1223 3368/707/1223 2753/704/1223
f 2755/3/1224 3373/708/1224 2754/706/1224
f 2749/697/1225 3358/699/1225 2769/18/1225
f 3358/699/1226 2768/530/1226 2769/18/1226
f 2750/698/1361 3359/701/1361 3358/699/1361
f 3359/701/1228 3360/709/1228 3358/699/1228
f 3358/699/1229 3360/709/1229 2768/530/1229
f 3360/709/1230 2767/531/1230 2768/530/1230
f 2751/700/1231 3361/703/1231 3359/701/1231
f 3361/703/1232 3362/710/1232 3359/701/1232
f 3359/701/1233 3362/710/1233 3360/709/1233
f 3362/710/1234 3363/711/1234 3360/709/1234
f 3360/709/1235 3363/711/1235 2767/531/1235
f 3363/711/1236 2766/532/1236 2767/531/1236
f 2752/702/1237 3364/705/1237 3361/703/1237
f 3364/705/1238 3365/712/1238 3361/703/1238
f 3361/703/1239 3365/712/1239 3362/710/1239
f 3365/712/1240 3366/713/1240 3362/710/1240
f 3362/710/1241 3366/713/1241 3363/711/1241
f 3366/713/1242 3367/714/1242 3363/711/1242
f 3363/711/1243 3367/714/1243 2766/532/1243
f 3367/714/1244 2765/533/1244 2766/532/1244
f 2753/704/1245 3368/707/1245 3364/705/1245
f 3368/707/1246 3369/715/1246 3364/705/1246
f 3364/705/1247 3369/715/1247 3365/712/1247
f 3369/715/1248 3370/716/1248 3365/712/1248
f 3365/712/1249 3370/716/1249 3366/713/1249
f 3370/716/1250 3371/717/1250 3366/713/1250
f 3366/713/1251 3371/717/1251 3367/714/1251
f 3371/717/1252 3372/718/1252 3367/714/1252
f 3367/714/1253 3372/718/1253 2765/533/1253
f 3372/718/1254 2764/534/1254 2765/533/1254
f 2754/706/1255 3373/708/1255 3368/707/1255
f 3373/708/1256 3374/719/1256 3368/707/1256
f 3368/707/1257 3374/719/1257 3369/715/1257
f 3374/719/1258 3375/720/1258 3369/715/1258
f 3369/715/1259 3375/720/1259 3370/716/1259
f 3375/720/1260 3376/721/1260 3370/716/1260
f 3370/716/1261 3376/721/1261 3371/717/1261
f 3376/721/1262 3377/722/1262 3371/717/1262
f 3371/717/1263 3377/722/1263 3372/718/1263
f 3377/722/1264 3378/723/1264 3372/718/1264
f 3372/718/1265 3378/723/1265 2764/534/1265
f 3378/723/1266 2763/535/1266 2764/534/1266
f 2755/3/1267 2756/2/1267 3373/708/1267
f 2756/2/1268 2757/724/1268 3373/708/1268
f 3373/708/1269 2757/724/1269 3374/719/1269
f 2757/724/1270 2758/725/1270 3374/719/1270
f 3374/719/1271 2758/725/1271 3375/720/1271
f 2758/725/1272 2759/726/1272 3375/720/1272
f 3375/720/1273 2759/726/1273 3376/721/1273
f 2759/726/1274 2760/727/1274 3376/721/1274
f 3376/721/1275 2760/727/1275 3377/722/1275
f 2760/727/1276 2761/728/1276 3377/722/1276
f 3377/722/1277 2761/728/1277 3378/723/1277
f 2761/728/1278 2762/729/1278 3378/723/1278
f 3378/723/1279 2762/729/1279 2763/535/1279
f 2762/729/1280 2738/4/1280 2763/535/1280
f 3379/1/1 3398/2/1 3397/3/1
f 3380/4/2 3404/5/2 3418/6/2
f 3379/7/3 3397/8/3 3432/9/3
f 3379/10/4 3432/11/4 3446/12/4
f 3379/13/5 3446/14/5 3419/15/5
f 3380/4/6 3418/6/6 3467/16/6
f 3381/17/7 3411/18/7 3481/19/7
f 3382/20/1365 3439/21/1365 3495/22/1365
f 3383/23/9 3453/24/9 3509/25/9
f 3384/26/1341 3460/27/1341 3523/28/1341
f 3380/4/11 3467/16/11 3482/29/11
f 3381/17/12 3481/19/12 3496/30/12
f 3382/20/13 3495/22/13 3510/31/13
f 3383/23/14 3509/25/14 3524/32/14
f 3384/26/15 3523/28/15 3468/33/15
f 3385/34/16 3537/35/16 3572/36/16
f 3386/37/17 3544/38/17 3586/39/17
f 3387/40/18 3551/41/18 3593/42/18
f 3388/43/19 3558/44/19 3600/45/19
f 3389/46/20 3565/47/20 3573/48/20
f 3579/49/21 3594/50/21 3390/51/21
f 3578/52/22 3601/53/22 3579/49/22
f 3577/54/23 3602/55/23 3578/52/23
f 3576/56/24 3604/57/24 3577/54/24
f 3575/58/25 3607/59/25 3576/56/25
f 3574/60/26 3611/61/26 3575/58/26
f 3573/48/27 3616/62/27 3574/60/27
f 3579/49/28 3601/53/28 3594/50/28
f 3601/53/29 3595/63/29 3594/50/29
f 3578/52/30 3602/55/30 3601/53/30
f 3602/55/31 3603/64/31 3601/53/31
f 3601/53/32 3603/64/32 3595/63/32
f 3603/64/33 3596/65/33 3595/63/33
f 3577/54/34 3604/57/34 3602/55/34
f 3604/57/35 3605/66/35 3602/55/35
f 3602/55/36 3605/66/36 3603/64/36
f 3605/66/37 3606/67/37 3603/64/37
f 3603/64/38 3606/67/38 3596/65/38
f 3606/67/39 3597/68/39 3596/65/39
f 3576/56/40 3607/59/40 3604/57/40
f 3607/59/41 3608/69/41 3604/57/41
f 3604/57/42 3608/69/42 3605/66/42
f 3608/69/43 3609/70/43 3605/66/43
f 3605/66/44 3609/70/44 3606/67/44
f 3609/70/45 3610/71/45 3606/67/45
f 3606/67/46 3610/71/46 3597/68/46
f 3610/71/47 3598/72/47 3597/68/47
f 3575/58/48 3611/61/48 3607/59/48
f 3611/61/49 3612/73/49 3607/59/49
f 3607/59/50 3612/73/50 3608/69/50
f 3612/73/51 3613/74/51 3608/69/51
f 3608/69/52 3613/74/52 3609/70/52
f 3613/74/53 3614/75/53 3609/70/53
f 3609/70/54 3614/75/54 3610/71/54
f 3614/75/55 3615/76/55 3610/71/55
f 3610/71/56 3615/76/56 3598/72/56
f 3615/76/57 3599/77/57 3598/72/57
f 3574/60/58 3616/62/58 3611/61/58
f 3616/62/59 3617/78/59 3611/61/59
f 3611/61/60 3617/78/60 3612/73/60
f 3617/78/61 3618/79/61 3612/73/61
f 3612/73/62 3618/79/62 3613/74/62
f 3618/79/63 3619/80/63 3613/74/63
f 3613/74/64 3619/80/64 3614/75/64
f 3619/80/65 3620/81/65 3614/75/65
f 3614/75/66 3620/81/66 3615/76/66
f 3620/81/67 3621/82/67 3615/76/67
f 3615/76/68 3621/82/68 3599/77/68
f 3621/82/69 3600/83/69 3599/77/69
f 3573/48/70 3565/47/70 3616/62/70
f 3565/47/71 3564/84/71 3616/62/71
f 3616/62/72 3564/84/72 3617/78/72
f 3564/84/73 3563/85/73 3617/78/73
f 3617/78/74 3563/85/74 3618/79/74
f 3563/85/75 3562/86/75 3618/79/75
f 3618/79/76 3562/86/76 3619/80/76
f 3562/86/77 3561/87/77 3619/80/77
f 3619/80/78 3561/87/78 3620/81/78
f 3561/87/79 3560/88/79 3620/81/79
f 3620/81/80 3560/88/80 3621/82/80
f 3560/88/81 3559/89/81 3621/82/81
f 3621/82/82 3559/89/82 3600/83/82
f 3559/89/83 3388/43/83 3600/83/83
f 3594/90/84 3587/91/84 3390/92/84
f 3595/93/85 3622/94/85 3594/90/85
f 3596/95/86 3623/96/86 3595/93/86
f 3597/97/87 3625/98/87 3596/95/87
f 3598/99/88 3628/100/88 3597/97/88
f 3599/101/89 3632/102/89 3598/99/89
f 3600/45/90 3637/103/90 3599/101/90
f 3594/90/91 3622/94/91 3587/91/91
f 3622/94/92 3588/104/92 3587/91/92
f 3595/93/93 3623/96/93 3622/94/93
f 3623/96/94 3624/105/94 3622/94/94
f 3622/94/95 3624/105/95 3588/104/95
f 3624/105/96 3589/106/96 3588/104/96
f 3596/95/97 3625/98/97 3623/96/97
f 3625/98/98 3626/107/98 3623/96/98
f 3623/96/99 3626/107/99 3624/105/99
f 3626/107/100 3627/108/100 3624/105/100
f 3624/105/101 3627/108/101 3589/106/101
f 3627/108/102 3590/109/102 3589/106/102
f 3597/97/103 3628/100/103 3625/98/103
f 3628/100/104 3629/110/104 3625/98/104
f 3625/98/105 3629/110/105 3626/107/105
f 3629/110/106 3630/111/106 3626/107/106
f 3626/107/107 3630/111/107 3627/108/107
f 3630/111/108 3631/112/108 3627/108/108
f 3627/108/109 3631/112/109 3590/109/109
f 3631/112/110 3591/113/110 3590/109/110
f 3598/99/111 3632/102/111 3628/100/111
f 3632/102/112 3633/114/112 3628/100/112
f 3628/100/113 3633/114/113 3629/110/113
f 3633/114/114 3634/115/114 3629/110/114
f 3629/110/115 3634/115/115 3630/111/115
f 3634/115/116 3635/116/116 3630/111/116
f 3630/111/117 3635/116/117 3631/112/117
f 3635/116/118 3636/117/118 3631/112/118
f 3631/112/119 3636/117/119 3591/113/119
f 3636/117/120 3592/118/120 3591/113/120
f 3599/101/1390 3637/103/1390 3632/102/1390
f 3637/103/122 3638/119/122 3632/102/122
f 3632/102/123 3638/119/123 3633/114/123
f 3638/119/124 3639/120/124 3633/114/124
f 3633/114/125 3639/120/125 3634/115/125
f 3639/120/126 3640/121/126 3634/115/126
f 3634/115/127 3640/121/127 3635/116/127
f 3640/121/128 3641/122/128 3635/116/128
f 3635/116/129 3641/122/129 3636/117/129
f 3641/122/130 3642/123/130 3636/117/130
f 3636/117/131 3642/123/131 3592/118/131
f 3642/123/132 3593/124/132 3592/118/132
f 3600/45/133 3558/44/133 3637/103/133
f 3558/44/134 3557/125/134 3637/103/134
f 3637/103/135 3557/125/135 3638/119/135
f 3557/125/136 3556/126/136 3638/119/136
f 3638/119/137 3556/126/137 3639/120/137
f 3556/126/138 3555/127/138 3639/120/138
f 3639/120/139 3555/127/139 3640/121/139
f 3555/127/140 3554/128/140 3640/121/140
f 3640/121/141 3554/128/141 3641/122/141
f 3554/128/142 3553/129/142 3641/122/142
f 3641/122/143 3553/129/143 3642/123/143
f 3553/129/144 3552/130/144 3642/123/144
f 3642/123/145 3552/130/145 3593/124/145
f 3552/130/146 3387/40/146 3593/124/146
f 3587/131/147 3580/132/147 3390/133/147
f 3588/134/148 3643/135/148 3587/131/148
f 3589/136/149 3644/137/149 3588/134/149
f 3590/138/150 3646/139/150 3589/136/150
f 3591/140/151 3649/141/151 3590/138/151
f 3592/142/152 3653/143/152 3591/140/152
f 3593/42/153 3658/144/153 3592/142/153
f 3587/131/154 3643/135/154 3580/132/154
f 3643/135/155 3581/145/155 3580/132/155
f 3588/134/156 3644/137/156 3643/135/156
f 3644/137/157 3645/146/157 3643/135/157
f 3643/135/158 3645/146/158 3581/145/158
f 3645/146/159 3582/147/159 3581/145/159
f 3589/136/160 3646/139/160 3644/137/160
f 3646/139/161 3647/148/161 3644/137/161
f 3644/137/162 3647/148/162 3645/146/162
f 3647/148/163 3648/149/163 3645/146/163
f 3645/146/164 3648/149/164 3582/147/164
f 3648/149/165 3583/150/165 3582/147/165
f 3590/138/166 3649/141/166 3646/139/166
f 3649/141/167 3650/151/167 3646/139/167
f 3646/139/168 3650/151/168 3647/148/168
f 3650/151/169 3651/152/169 3647/148/169
f 3647/148/170 3651/152/170 3648/149/170
f 3651/152/1342 3652/153/1342 3648/149/1342
f 3648/149/172 3652/153/172 3583/150/172
f 3652/153/173 3584/154/173 3583/150/173
f 3591/140/174 3653/143/174 3649/141/174
f 3653/143/175 3654/155/175 3649/141/175
f 3649/141/176 3654/155/176 3650/151/176
f 3654/155/177 3655/156/177 3650/151/177
f 3650/151/178 3655/156/178 3651/152/178
f 3655/156/179 3656/157/179 3651/152/179
f 3651/152/180 3656/157/180 3652/153/180
f 3656/157/181 3657/158/181 3652/153/181
f 3652/153/182 3657/158/182 3584/154/182
f 3657/158/183 3585/159/183 3584/154/183
f 3592/142/184 3658/144/184 3653/143/184
f 3658/144/185 3659/160/185 3653/143/185
f 3653/143/186 3659/160/186 3654/155/186
f 3659/160/187 3660/161/187 3654/155/187
f 3654/155/188 3660/161/188 3655/156/188
f 3660/161/189 3661/162/189 3655/156/189
f 3655/156/190 3661/162/190 3656/157/190
f 3661/162/191 3662/163/191 3656/157/191
f 3656/157/192 3662/163/192 3657/158/192
f 3662/163/193 3663/164/193 3657/158/193
f 3657/158/194 3663/164/194 3585/159/194
f 3663/164/195 3586/165/195 3585/159/195
f 3593/42/196 3551/41/196 3658/144/196
f 3551/41/197 3550/166/197 3658/144/197
f 3658/144/198 3550/166/198 3659/160/198
f 3550/166/199 3549/167/199 3659/160/199
f 3659/160/200 3549/167/200 3660/161/200
f 3549/167/201 3548/168/201 3660/161/201
f 3660/161/202 3548/168/202 3661/162/202
f 3548/168/203 3547/169/203 3661/162/203
f 3661/162/204 3547/169/204 3662/163/204
f 3547/169/205 3546/170/205 3662/163/205
f 3662/163/206 3546/170/206 3663/164/206
f 3546/170/207 3545/171/207 3663/164/207
f 3663/164/208 3545/171/208 3586/165/208
f 3545/171/209 3386/172/209 3586/165/209
f 3580/173/210 3566/174/210 3390/175/210
f 3581/176/211 3664/177/211 3580/173/211
f 3582/178/212 3665/179/212 3581/176/212
f 3583/180/213 3667/181/213 3582/178/213
f 3584/182/214 3670/183/214 3583/180/214
f 3585/184/215 3674/185/215 3584/182/215
f 3586/39/216 3679/186/216 3585/184/216
f 3580/173/217 3664/177/217 3566/174/217
f 3664/177/218 3567/187/218 3566/174/218
f 3581/176/219 3665/179/219 3664/177/219
f 3665/179/220 3666/188/220 3664/177/220
f 3664/177/221 3666/188/221 3567/187/221
f 3666/188/222 3568/189/222 3567/187/222
f 3582/178/223 3667/181/223 3665/179/223
f 3667/181/224 3668/190/224 3665/179/224
f 3665/179/225 3668/190/225 3666/188/225
f 3668/190/226 3669/191/226 3666/188/226
f 3666/188/227 3669/191/227 3568/189/227
f 3669/191/228 3569/192/228 3568/189/228
f 3583/180/229 3670/183/229 3667/181/229
f 3670/183/230 3671/193/230 3667/181/230
f 3667/181/231 3671/193/231 3668/190/231
f 3671/193/232 3672/194/232 3668/190/232
f 3668/190/233 3672/194/233 3669/191/233
f 3672/194/234 3673/195/234 3669/191/234
f 3669/191/235 3673/195/235 3569/192/235
f 3673/195/236 3570/196/236 3569/192/236
f 3584/182/237 3674/185/237 3670/183/237
f 3674/185/238 3675/197/238 3670/183/238
f 3670/183/239 3675/197/239 3671/193/239
f 3675/197/240 3676/198/240 3671/193/240
f 3671/193/241 3676/198/241 3672/194/241
f 3676/198/242 3677/199/242 3672/194/242
f 3672/194/243 3677/199/243 3673/195/243
f 3677/199/244 3678/200/244 3673/195/244
f 3673/195/245 3678/200/245 3570/196/245
f 3678/200/246 3571/201/246 3570/196/246
f 3585/184/247 3679/186/247 3674/185/247
f 3679/186/248 3680/202/248 3674/185/248
f 3674/185/249 3680/202/249 3675/197/249
f 3680/202/250 3681/203/250 3675/197/250
f 3675/197/251 3681/203/251 3676/198/251
f 3681/203/252 3682/204/252 3676/198/252
f 3676/198/253 3682/204/253 3677/199/253
f 3682/204/254 3683/205/254 3677/199/254
f 3677/199/255 3683/205/255 3678/200/255
f 3683/205/256 3684/206/256 3678/200/256
f 3678/200/257 3684/206/257 3571/201/257
f 3684/206/258 3572/207/258 3571/201/258
f 3586/39/259 3544/38/259 3679/186/259
f 3544/38/260 3543/208/260 3679/186/260
f 3679/186/261 3543/208/261 3680/202/261
f 3543/208/262 3542/209/262 3680/202/262
f 3680/202/263 3542/209/263 3681/203/263
f 3542/209/264 3541/210/264 3681/203/264
f 3681/203/265 3541/210/265 3682/204/265
f 3541/210/266 3540/211/266 3682/204/266
f 3682/204/267 3540/211/267 3683/205/267
f 3540/211/268 3539/212/268 3683/205/268
f 3683/205/269 3539/212/269 3684/206/269
f 3539/212/270 3538/213/270 3684/206/270
f 3684/206/271 3538/213/271 3572/207/271
f 3538/213/272 3385/34/272 3572/207/272
f 3566/214/273 3579/215/273 3390/216/273
f 3567/217/274 3685/218/274 3566/214/274
f 3568/219/275 3686/220/275 3567/217/275
f 3569/221/276 3688/222/276 3568/219/276
f 3570/223/277 3691/224/277 3569/221/277
f 3571/225/278 3695/226/278 3570/223/278
f 3572/36/279 3700/227/279 3571/225/279
f 3566/214/280 3685/218/280 3579/215/280
f 3685/218/281 3578/228/281 3579/215/281
f 3567/217/282 3686/220/282 3685/218/282
f 3686/220/283 3687/229/283 3685/218/283
f 3685/218/284 3687/229/284 3578/228/284
f 3687/229/285 3577/230/285 3578/228/285
f 3568/219/286 3688/222/286 3686/220/286
f 3688/222/287 3689/231/287 3686/220/287
f 3686/220/288 3689/231/288 3687/229/288
f 3689/231/289 3690/232/289 3687/229/289
f 3687/229/290 3690/232/290 3577/230/290
f 3690/232/291 3576/233/291 3577/230/291
f 3569/221/292 3691/224/292 3688/222/292
f 3691/224/293 3692/234/293 3688/222/293
f 3688/222/294 3692/234/294 3689/231/294
f 3692/234/295 3693/235/295 3689/231/295
f 3689/231/296 3693/235/296 3690/232/296
f 3693/235/297 3694/236/297 3690/232/297
f 3690/232/298 3694/236/298 3576/233/298
f 3694/236/299 3575/237/299 3576/233/299
f 3570/223/300 3695/226/300 3691/224/300
f 3695/226/301 3696/238/301 3691/224/301
f 3691/224/302 3696/238/302 3692/234/302
f 3696/238/303 3697/239/303 3692/234/303
f 3692/234/304 3697/239/304 3693/235/304
f 3697/239/305 3698/240/305 3693/235/305
f 3693/235/306 3698/240/306 3694/236/306
f 3698/240/307 3699/241/307 3694/236/307
f 3694/236/308 3699/241/308 3575/237/308
f 3699/241/309 3574/242/309 3575/237/309
f 3571/225/310 3700/227/310 3695/226/310
f 3700/227/311 3701/243/311 3695/226/311
f 3695/226/312 3701/243/312 3696/238/312
f 3701/243/313 3702/244/313 3696/238/313
f 3696/238/314 3702/244/314 3697/239/314
f 3702/244/315 3703/245/315 3697/239/315
f 3697/239/316 3703/245/316 3698/240/316
f 3703/245/317 3704/246/317 3698/240/317
f 3698/240/318 3704/246/318 3699/241/318
f 3704/246/319 3705/247/319 3699/241/319
f 3699/241/320 3705/247/320 3574/242/320
f 3705/247/321 3573/248/321 3574/242/321
f 3572/36/322 3537/35/322 3700/227/322
f 3537/35/323 3536/249/323 3700/227/323
f 3700/227/324 3536/249/324 3701/243/324
f 3536/249/325 3535/250/325 3701/243/325
f 3701/243/326 3535/250/326 3702/244/326
f 3535/250/327 3534/251/327 3702/244/327
f 3702/244/328 3534/251/328 3703/245/328
f 3534/251/329 3533/252/329 3703/245/329
f 3703/245/330 3533/252/330 3704/246/330
f 3533/252/331 3532/253/331 3704/246/331
f 3704/246/332 3532/253/332 3705/247/332
f 3532/253/333 3531/254/333 3705/247/333
f 3705/247/334 3531/254/334 3573/248/334
f 3531/254/335 3389/46/335 3573/248/335
f 3474/255/336 3565/47/336 3389/46/336
f 3473/256/337 3706/257/337 3474/255/337
f 3472/258/338 3707/259/338 3473/256/338
f 3471/260/339 3709/261/339 3472/258/339
f 3470/262/340 3712/263/340 3471/260/340
f 3469/264/341 3716/265/341 3470/262/341
f 3468/33/342 3721/266/342 3469/264/342
f 3474/255/343 3706/257/343 3565/47/343
f 3706/257/344 3564/84/344 3565/47/344
f 3473/256/345 3707/259/345 3706/257/345
f 3707/259/346 3708/267/346 3706/257/346
f 3706/257/347 3708/267/347 3564/84/347
f 3708/267/348 3563/85/348 3564/84/348
f 3472/258/349 3709/261/349 3707/259/349
f 3709/261/350 3710/268/350 3707/259/350
f 3707/259/351 3710/268/351 3708/267/351
f 3710/268/352 3711/269/352 3708/267/352
f 3708/267/353 3711/269/353 3563/85/353
f 3711/269/354 3562/86/354 3563/85/354
f 3471/260/355 3712/263/355 3709/261/355
f 3712/263/356 3713/270/356 3709/261/356
f 3709/261/357 3713/270/357 3710/268/357
f 3713/270/358 3714/271/358 3710/268/358
f 3710/268/359 3714/271/359 3711/269/359
f 3714/271/360 3715/272/360 3711/269/360
f 3711/269/361 3715/272/361 3562/86/361
f 3715/272/362 3561/87/362 3562/86/362
f 3470/262/363 3716/265/363 3712/263/363
f 3716/265/364 3717/273/364 3712/263/364
f 3712/263/365 3717/273/365 3713/270/365
f 3717/273/366 3718/274/366 3713/270/366
f 3713/270/367 3718/274/367 3714/271/367
f 3718/274/368 3719/275/368 3714/271/368
f 3714/271/369 3719/275/369 3715/272/369
f 3719/275/370 3720/276/370 3715/272/370
f 3715/272/371 3720/276/371 3561/87/371
f 3720/276/1343 3560/88/1343 3561/87/1343
f 3469/264/373 3721/266/373 3716/265/373
f 3721/266/374 3722/277/374 3716/265/374
f 3716/265/375 3722/277/375 3717/273/375
f 3722/277/376 3723/278/376 3717/273/376
f 3717/273/377 3723/278/377 3718/274/377
f 3723/278/378 3724/279/378 3718/274/378
f 3718/274/379 3724/279/379 3719/275/379
f 3724/279/380 3725/280/380 3719/275/380
f 3719/275/381 3725/280/381 3720/276/381
f 3725/280/382 3726/281/382 3720/276/382
f 3720/276/383 3726/281/383 3560/88/383
f 3726/281/384 3559/89/384 3560/88/384
f 3468/33/385 3523/28/385 3721/266/385
f 3523/28/386 3522/282/386 3721/266/386
f 3721/266/387 3522/282/387 3722/277/387
f 3522/282/388 3521/283/388 3722/277/388
f 3722/277/389 3521/283/389 3723/278/389
f 3521/283/390 3520/284/390 3723/278/390
f 3723/278/391 3520/284/391 3724/279/391
f 3520/284/392 3519/285/392 3724/279/392
f 3724/279/393 3519/285/393 3725/280/393
f 3519/285/394 3518/286/394 3725/280/394
f 3725/280/395 3518/286/395 3726/281/395
f 3518/286/396 3517/287/396 3726/281/396
f 3726/281/397 3517/287/397 3559/89/397
f 3517/287/398 3388/43/398 3559/89/398
f 3530/288/399 3558/44/399 3388/43/399
f 3529/289/400 3727/290/400 3530/288/400
f 3528/291/401 3728/292/401 3529/289/401
f 3527/293/402 3730/294/402 3528/291/402
f 3526/295/403 3733/296/403 3527/293/403
f 3525/297/404 3737/298/404 3526/295/404
f 3524/32/405 3742/299/405 3525/297/405
f 3530/288/406 3727/290/406 3558/44/406
f 3727/290/407 3557/125/407 3558/44/407
f 3529/289/408 3728/292/408 3727/290/408
f 3728/292/409 3729/300/409 3727/290/409
f 3727/290/410 3729/300/410 3557/125/410
f 3729/300/411 3556/126/411 3557/125/411
f 3528/291/412 3730/294/412 3728/292/412
f 3730/294/413 3731/301/413 3728/292/413
f 3728/292/414 3731/301/414 3729/300/414
f 3731/301/415 3732/302/415 3729/300/415
f 3729/300/416 3732/302/416 3556/126/416
f 3732/302/417 3555/127/417 3556/126/417
f 3527/293/418 3733/296/418 3730/294/418
f 3733/296/419 3734/303/419 3730/294/419
f 3730/294/420 3734/303/420 3731/301/420
f 3734/303/421 3735/304/421 3731/301/421
f 3731/301/422 3735/304/422 3732/302/422
f 3735/304/423 3736/305/423 3732/302/423
f 3732/302/424 3736/305/424 3555/127/424
f 3736/305/425 3554/128/425 3555/127/425
f 3526/295/426 3737/298/426 3733/296/426
f 3737/298/427 3738/306/427 3733/296/427
f 3733/296/428 3738/306/428 3734/303/428
f 3738/306/429 3739/307/429 3734/303/429
f 3734/303/430 3739/307/430 3735/304/430
f 3739/307/431 3740/308/431 3735/304/431
f 3735/304/432 3740/308/432 3736/305/432
f 3740/308/433 3741/309/433 3736/305/433
f 3736/305/434 3741/309/434 3554/128/434
f 3741/309/435 3553/129/435 3554/128/435
f 3525/297/436 3742/299/436 3737/298/436
f 3742/299/437 3743/310/437 3737/298/437
f 3737/298/438 3743/310/438 3738/306/438
f 3743/310/439 3744/311/439 3738/306/439
f 3738/306/440 3744/311/440 3739/307/440
f 3744/311/441 3745/312/441 3739/307/441
f 3739/307/442 3745/312/442 3740/308/442
f 3745/312/443 3746/313/443 3740/308/443
f 3740/308/444 3746/313/444 3741/309/444
f 3746/313/445 3747/314/445 3741/309/445
f 3741/309/446 3747/314/446 3553/129/446
f 3747/314/447 3552/130/447 3553/129/447
f 3524/32/448 3509/25/448 3742/299/448
f 3509/25/449 3508/315/449 3742/299/449
f 3742/299/450 3508/315/450 3743/310/450
f 3508/315/451 3507/316/451 3743/310/451
f 3743/310/452 3507/316/452 3744/311/452
f 3507/316/453 3506/317/453 3744/311/453
f 3744/311/454 3506/317/454 3745/312/454
f 3506/317/455 3505/318/455 3745/312/455
f 3745/312/456 3505/318/456 3746/313/456
f 3505/318/457 3504/319/457 3746/313/457
f 3746/313/458 3504/319/458 3747/314/458
f 3504/319/459 3503/320/459 3747/314/459
f 3747/314/460 3503/320/460 3552/130/460
f 3503/320/461 3387/40/461 3552/130/461
f 3516/321/462 3551/41/462 3387/40/462
f 3515/322/463 3748/323/463 3516/321/463
f 3514/324/464 3749/325/464 3515/322/464
f 3513/326/465 3751/327/465 3514/324/465
f 3512/328/466 3754/329/466 3513/326/466
f 3511/330/467 3758/331/467 3512/328/467
f 3510/31/468 3763/332/468 3511/330/468
f 3516/321/469 3748/323/469 3551/41/469
f 3748/323/470 3550/166/470 3551/41/470
f 3515/322/471 3749/325/471 3748/323/471
f 3749/325/472 3750/333/472 3748/323/472
f 3748/323/473 3750/333/473 3550/166/473
f 3750/333/474 3549/167/474 3550/166/474
f 3514/324/475 3751/327/475 3749/325/475
f 3751/327/476 3752/334/476 3749/325/476
f 3749/325/477 3752/334/477 3750/333/477
f 3752/334/478 3753/335/478 3750/333/478
f 3750/333/479 3753/335/479 3549/167/479
f 3753/335/480 3548/168/480 3549/167/480
f 3513/326/481 3754/329/481 3751/327/481
f 3754/329/482 3755/336/482 3751/327/482
f 3751/327/483 3755/336/483 3752/334/483
f 3755/336/484 3756/337/484 3752/334/484
f 3752/334/485 3756/337/485 3753/335/485
f 3756/337/486 3757/338/486 3753/335/486
f 3753/335/487 3757/338/487 3548/168/487
f 3757/338/488 3547/169/488 3548/168/488
f 3512/328/489 3758/331/489 3754/329/489
f 3758/331/490 3759/339/490 3754/329/490
f 3754/329/491 3759/339/491 3755/336/491
f 3759/339/492 3760/340/492 3755/336/492
f 3755/336/493 3760/340/493 3756/337/493
f 3760/340/494 3761/341/494 3756/337/494
f 3756/337/495 3761/341/495 3757/338/495
f 3761/341/496 3762/342/496 3757/338/496
f 3757/338/497 3762/342/497 3547/169/497
f 3762/342/498 3546/170/498 3547/169/498
f 3511/330/499 3763/332/499 3758/331/499
f 3763/332/500 3764/343/500 3758/331/500
f 3758/331/501 3764/343/501 3759/339/501
f 3764/343/502 3765/344/502 3759/339/502
f 3759/339/503 3765/344/503 3760/340/503
f 3765/344/504 3766/345/504 3760/340/504
f 3760/340/505 3766/345/505 3761/341/505
f 3766/345/506 3767/346/506 3761/341/506
f 3761/341/507 3767/346/507 3762/342/507
f 3767/346/508 3768/347/508 3762/342/508
f 3762/342/509 3768/347/509 3546/170/509
f 3768/347/510 3545/171/510 3546/170/510
f 3510/31/511 3495/22/511 3763/332/511
f 3495/22/512 3494/348/512 3763/332/512
f 3763/332/513 3494/348/513 3764/343/513
f 3494/348/514 3493/349/514 3764/343/514
f 3764/343/515 3493/349/515 3765/344/515
f 3493/349/516 3492/350/516 3765/344/516
f 3765/344/517 3492/350/517 3766/345/517
f 3492/350/518 3491/351/518 3766/345/518
f 3766/345/519 3491/351/519 3767/346/519
f 3491/351/520 3490/352/520 3767/346/520
f 3767/346/521 3490/352/521 3768/347/521
f 3490/352/522 3489/353/522 3768/347/522
f 3768/347/523 3489/353/523 3545/171/523
f 3489/353/524 3386/172/524 3545/171/524
f 3502/354/525 3544/38/525 3386/37/525
f 3501/355/526 3769/356/526 3502/354/526
f 3500/357/527 3770/358/527 3501/355/527
f 3499/359/528 3772/360/528 3500/357/528
f 3498/361/529 3775/362/529 3499/359/529
f 3497/363/530 3779/364/530 3498/361/530
f 3496/30/531 3784/365/531 3497/363/531
f 3502/354/532 3769/356/532 3544/38/532
f 3769/356/533 3543/208/533 3544/38/533
f 3501/355/534 3770/358/534 3769/356/534
f 3770/358/535 3771/366/535 3769/356/535
f 3769/356/536 3771/366/536 3543/208/536
f 3771/366/1364 3542/209/1364 3543/208/1364
f 3500/357/538 3772/360/538 3770/358/538
f 3772/360/539 3773/367/539 3770/358/539
f 3770/358/540 3773/367/540 3771/366/540
f 3773/367/541 3774/368/541 3771/366/541
f 3771/366/542 3774/368/542 3542/209/542
f 3774/368/543 3541/210/543 3542/209/543
f 3499/359/544 3775/362/544 3772/360/544
f 3775/362/545 3776/369/545 3772/360/545
f 3772/360/546 3776/369/546 3773/367/546
f 3776/369/547 3777/370/547 3773/367/547
f 3773/367/548 3777/370/548 3774/368/548
f 3777/370/549 3778/371/549 3774/368/549
f 3774/368/550 3778/371/550 3541/210/550
f 3778/371/551 3540/211/551 3541/210/551
f 3498/361/552 3779/364/552 3775/362/552
f 3779/364/553 3780/372/553 3775/362/553
f 3775/362/554 3780/372/554 3776/369/554
f 3780/372/555 3781/373/555 3776/369/555
f 3776/369/556 3781/373/556 3777/370/556
f 3781/373/557 3782/374/557 3777/370/557
f 3777/370/558 3782/374/558 3778/371/558
f 3782/374/559 3783/375/559 3778/371/559
f 3778/371/560 3783/375/560 3540/211/560
f 3783/375/561 3539/212/561 3540/211/561
f 3497/363/562 3784/365/562 3779/364/562
f 3784/365/563 3785/376/563 3779/364/563
f 3779/364/564 3785/376/564 3780/372/564
f 3785/376/565 3786/377/565 3780/372/565
f 3780/372/566 3786/377/566 3781/373/566
f 3786/377/567 3787/378/567 3781/373/567
f 3781/373/568 3787/378/568 3782/374/568
f 3787/378/569 3788/379/569 3782/374/569
f 3782/374/570 3788/379/570 3783/375/570
f 3788/379/571 3789/380/571 3783/375/571
f 3783/375/572 3789/380/572 3539/212/572
f 3789/380/573 3538/213/573 3539/212/573
f 3496/30/574 3481/19/574 3784/365/574
f 3481/19/575 3480/381/575 3784/365/575
f 3784/365/576 3480/381/576 3785/376/576
f 3480/381/577 3479/382/577 3785/376/577
f 3785/376/578 3479/382/578 3786/377/578
f 3479/382/579 3478/383/579 3786/377/579
f 3786/377/580 3478/383/580 3787/378/580
f 3478/383/581 3477/384/581 3787/378/581
f 3787/378/582 3477/384/582 3788/379/582
f 3477/384/583 3476/385/583 3788/379/583
f 3788/379/584 3476/385/584 3789/380/584
f 3476/385/585 3475/386/585 3789/380/585
f 3789/380/586 3475/386/586 3538/213/586
f 3475/386/587 3385/34/587 3538/213/587
f 3488/387/588 3537/35/588 3385/34/588
f 3487/388/589 3790/389/589 3488/387/589
f 3486/390/590 3791/391/590 3487/388/590
f 3485/392/591 3793/393/591 3486/390/591
f 3484/394/592 3796/395/592 3485/392/592
f 3483/396/593 3800/397/593 3484/394/593
f 3482/29/594 3805/398/594 3483/396/594
f 3488/387/595 3790/389/595 3537/35/595
f 3790/389/596 3536/249/596 3537/35/596
f 3487/388/597 3791/391/597 3790/389/597
f 3791/391/598 3792/399/598 3790/389/598
f 3790/389/599 3792/399/599 3536/249/599
f 3792/399/1347 3535/250/1347 3536/249/1347
f 3486/390/601 3793/393/601 3791/391/601
f 3793/393/602 3794/400/602 3791/391/602
f 3791/391/603 3794/400/603 3792/399/603
f 3794/400/604 3795/401/604 3792/399/604
f 3792/399/605 3795/401/605 3535/250/605
f 3795/401/606 3534/251/606 3535/250/606
f 3485/392/607 3796/395/607 3793/393/607
f 3796/395/608 3797/402/608 3793/393/608
f 3793/393/609 3797/402/609 3794/400/609
f 3797/402/610 3798/403/610 3794/400/610
f 3794/400/611 3798/403/611 3795/401/611
f 3798/403/612 3799/404/612 3795/401/612
f 3795/401/613 3799/404/613 3534/251/613
f 3799/404/614 3533/252/614 3534/251/614
f 3484/394/615 3800/397/615 3796/395/615
f 3800/397/616 3801/405/616 3796/395/616
f 3796/395/617 3801/405/617 3797/402/617
f 3801/405/618 3802/406/618 3797/402/618
f 3797/402/619 3802/406/619 3798/403/619
f 3802/406/620 3803/407/620 3798/403/620
f 3798/403/621 3803/407/621 3799/404/621
f 3803/407/622 3804/408/622 3799/404/622
f 3799/404/623 3804/408/623 3533/252/623
f 3804/408/624 3532/253/624 3533/252/624
f 3483/396/625 3805/398/625 3800/397/625
f 3805/398/626 3806/409/626 3800/397/626
f 3800/397/627 3806/409/627 3801/405/627
f 3806/409/628 3807/410/628 3801/405/628
f 3801/405/629 3807/410/629 3802/406/629
f 3807/410/630 3808/411/630 3802/406/630
f 3802/406/631 3808/411/631 3803/407/631
f 3808/411/632 3809/412/632 3803/407/632
f 3803/407/633 3809/412/633 3804/408/633
f 3809/412/634 3810/413/634 3804/408/634
f 3804/408/635 3810/413/635 3532/253/635
f 3810/413/636 3531/254/636 3532/253/636
f 3482/29/637 3467/16/637 3805/398/637
f 3467/16/638 3466/414/638 3805/398/638
f 3805/398/639 3466/414/639 3806/409/639
f 3466/414/640 3465/415/640 3806/409/640
f 3806/409/641 3465/415/641 3807/410/641
f 3465/415/642 3464/416/642 3807/410/642
f 3807/410/643 3464/416/643 3808/411/643
f 3464/416/644 3463/417/644 3808/411/644
f 3808/411/645 3463/417/645 3809/412/645
f 3463/417/646 3462/418/646 3809/412/646
f 3809/412/647 3462/418/647 3810/413/647
f 3462/418/648 3461/419/648 3810/413/648
f 3810/413/649 3461/419/649 3531/254/649
f 3461/419/1349 3389/46/1349 3531/254/1349
f 3517/287/651 3530/288/651 3388/43/651
f 3518/286/652 3811/420/652 3517/287/652
f 3519/285/653 3812/421/653 3518/286/653
f 3520/284/654 3814/422/654 3519/285/654
f 3521/283/655 3817/423/655 3520/284/655
f 3522/282/656 3821/424/656 3521/283/656
f 3523/28/657 3826/425/657 3522/282/657
f 3517/287/658 3811/420/658 3530/288/658
f 3811/420/659 3529/289/659 3530/288/659
f 3518/286/660 3812/421/660 3811/420/660
f 3812/421/661 3813/426/661 3811/420/661
f 3811/420/662 3813/426/662 3529/289/662
f 3813/426/663 3528/291/663 3529/289/663
f 3519/285/664 3814/422/664 3812/421/664
f 3814/422/665 3815/427/665 3812/421/665
f 3812/421/666 3815/427/666 3813/426/666
f 3815/427/667 3816/428/667 3813/426/667
f 3813/426/668 3816/428/668 3528/291/668
f 3816/428/669 3527/293/669 3528/291/669
f 3520/284/670 3817/423/670 3814/422/670
f 3817/423/671 3818/429/671 3814/422/671
f 3814/422/672 3818/429/672 3815/427/672
f 3818/429/673 3819/430/673 3815/427/673
f 3815/427/674 3819/430/674 3816/428/674
f 3819/430/675 3820/431/675 3816/428/675
f 3816/428/676 3820/431/676 3527/293/676
f 3820/431/677 3526/295/677 3527/293/677
f 3521/283/678 3821/424/678 3817/423/678
f 3821/424/679 3822/432/679 3817/423/679
f 3817/423/680 3822/432/680 3818/429/680
f 3822/432/681 3823/433/681 3818/429/681
f 3818/429/682 3823/433/682 3819/430/682
f 3823/433/683 3824/434/683 3819/430/683
f 3819/430/684 3824/434/684 3820/431/684
f 3824/434/685 3825/435/685 3820/431/685
f 3820/431/686 3825/435/686 3526/295/686
f 3825/435/687 3525/297/687 3526/295/687
f 3522/282/688 3826/425/688 3821/424/688
f 3826/425/689 3827/436/689 3821/424/689
f 3821/424/690 3827/436/690 3822/432/690
f 3827/436/691 3828/437/691 3822/432/691
f 3822/432/692 3828/437/692 3823/433/692
f 3828/437/693 3829/438/693 3823/433/693
f 3823/433/694 3829/438/694 3824/434/694
f 3829/438/695 3830/439/695 3824/434/695
f 3824/434/696 3830/439/696 3825/435/696
f 3830/439/697 3831/440/697 3825/435/697
f 3825/435/698 3831/440/698 3525/297/698
f 3831/440/699 3524/32/699 3525/297/699
f 3523/28/700 3460/27/700 3826/425/700
f 3460/27/701 3459/441/701 3826/425/701
f 3826/425/702 3459/441/702 3827/436/702
f 3459/441/1350 3458/442/1350 3827/436/1350
f 3827/436/704 3458/442/704 3828/437/704
f 3458/442/705 3457/443/705 3828/437/705
f 3828/437/706 3457/443/706 3829/438/706
f 3457/443/707 3456/444/707 3829/438/707
f 3829/438/708 3456/444/708 3830/439/708
f 3456/444/709 3455/445/709 3830/439/709
f 3830/439/710 3455/445/710 3831/440/710
f 3455/445/711 3454/446/711 3831/440/711
f 3831/440/712 3454/446/712 3524/32/712
f 3454/446/713 3383/23/713 3524/32/713
f 3503/320/714 3516/321/714 3387/40/714
f 3504/319/715 3832/447/715 3503/320/715
f 3505/318/716 3833/448/716 3504/319/716
f 3506/317/717 3835/449/717 3505/318/717
f 3507/316/718 3838/450/718 3506/317/718
f 3508/315/719 3842/451/719 3507/316/719
f 3509/25/720 3847/452/720 3508/315/720
f 3503/320/721 3832/447/721 3516/321/721
f 3832/447/722 3515/322/722 3516/321/722
f 3504/319/723 3833/448/723 3832/447/723
f 3833/448/724 3834/453/724 3832/447/724
f 3832/447/725 3834/453/725 3515/322/725
f 3834/453/726 3514/324/726 3515/322/726
f 3505/318/727 3835/449/727 3833/448/727
f 3835/449/728 3836/454/728 3833/448/728
f 3833/448/729 3836/454/729 3834/453/729
f 3836/454/730 3837/455/730 3834/453/730
f 3834/453/731 3837/455/731 3514/324/731
f 3837/455/732 3513/326/732 3514/324/732
f 3506/317/733 3838/450/733 3835/449/733
f 3838/450/734 3839/456/734 3835/449/734
f 3835/449/735 3839/456/735 3836/454/735
f 3839/456/736 3840/457/736 3836/454/736
f 3836/454/737 3840/457/737 3837/455/737
f 3840/457/738 3841/458/738 3837/455/738
f 3837/455/739 3841/458/739 3513/326/739
f 3841/458/740 3512/328/740 3513/326/740
f 3507/316/741 3842/451/741 3838/450/741
f 3842/451/742 3843/459/742 3838/450/742
f 3838/450/1351 3843/459/1351 3839/456/1351
f 3843/459/744 3844/460/744 3839/456/744
f 3839/456/745 3844/460/745 3840/457/745
f 3844/460/1353 3845/461/1353 3840/457/1353
f 3840/457/747 3845/461/747 3841/458/747
f 3845/461/748 3846/462/748 3841/458/748
f 3841/458/749 3846/462/749 3512/328/749
f 3846/462/750 3511/330/750 3512/328/750
f 3508/315/751 3847/452/751 3842/451/751
f 3847/452/752 3848/463/752 3842/451/752
f 3842/451/753 3848/463/753 3843/459/753
f 3848/463/754 3849/464/754 3843/459/754
f 3843/459/755 3849/464/755 3844/460/755
f 3849/464/756 3850/465/756 3844/460/756
f 3844/460/757 3850/465/757 3845/461/757
f 3850/465/758 3851/466/758 3845/461/758
f 3845/461/759 3851/466/759 3846/462/759
f 3851/466/760 3852/467/760 3846/462/760
f 3846/462/761 3852/467/761 3511/330/761
f 3852/467/762 3510/31/762 3511/330/762
f 3509/25/763 3453/24/763 3847/452/763
f 3453/24/764 3452/468/764 3847/452/764
f 3847/452/765 3452/468/765 3848/463/765
f 3452/468/766 3451/469/766 3848/463/766
f 3848/463/767 3451/469/767 3849/464/767
f 3451/469/768 3450/470/768 3849/464/768
f 3849/464/769 3450/470/769 3850/465/769
f 3450/470/770 3449/471/770 3850/465/770
f 3850/465/771 3449/471/771 3851/466/771
f 3449/471/772 3448/472/772 3851/466/772
f 3851/466/773 3448/472/773 3852/467/773
f 3448/472/774 3447/473/774 3852/467/774
f 3852/467/775 3447/473/775 3510/31/775
f 3447/473/1383 3382/20/1383 3510/31/1383
f 3489/353/777 3502/474/777 3386/172/777
f 3490/352/778 3853/475/778 3489/353/778
f 3491/351/779 3854/476/779 3490/352/779
f 3492/350/780 3856/477/780 3491/351/780
f 3493/349/781 3859/478/781 3492/350/781
f 3494/348/782 3863/479/782 3493/349/782
f 3495/22/783 3868/480/783 3494/348/783
f 3489/353/784 3853/475/784 3502/474/784
f 3853/475/785 3501/481/785 3502/474/785
f 3490/352/786 3854/476/786 3853/475/786
f 3854/476/787 3855/482/787 3853/475/787
f 3853/475/788 3855/482/788 3501/481/788
f 3855/482/789 3500/483/789 3501/481/789
f 3491/351/790 3856/477/790 3854/476/790
f 3856/477/791 3857/484/791 3854/476/791
f 3854/476/792 3857/484/792 3855/482/792
f 3857/484/793 3858/485/793 3855/482/793
f 3855/482/794 3858/485/794 3500/483/794
f 3858/485/795 3499/486/795 3500/483/795
f 3492/350/796 3859/478/796 3856/477/796
f 3859/478/797 3860/487/797 3856/477/797
f 3856/477/798 3860/487/798 3857/484/798
f 3860/487/799 3861/488/799 3857/484/799
f 3857/484/800 3861/488/800 3858/485/800
f 3861/488/801 3862/489/801 3858/485/801
f 3858/485/802 3862/489/802 3499/486/802
f 3862/489/803 3498/490/803 3499/486/803
f 3493/349/804 3863/479/804 3859/478/804
f 3863/479/805 3864/491/805 3859/478/805
f 3859/478/806 3864/491/806 3860/487/806
f 3864/491/807 3865/492/807 3860/487/807
f 3860/487/808 3865/492/808 3861/488/808
f 3865/492/809 3866/493/809 3861/488/809
f 3861/488/1384 3866/493/1384 3862/489/1384
f 3866/493/811 3867/494/811 3862/489/811
f 3862/489/812 3867/494/812 3498/490/812
f 3867/494/813 3497/495/813 3498/490/813
f 3494/348/814 3868/480/814 3863/479/814
f 3868/480/815 3869/496/815 3863/479/815
f 3863/479/816 3869/496/816 3864/491/816
f 3869/496/817 3870/497/817 3864/491/817
f 3864/491/818 3870/497/818 3865/492/818
f 3870/497/819 3871/498/819 3865/492/819
f 3865/492/820 3871/498/820 3866/493/820
f 3871/498/821 3872/499/821 3866/493/821
f 3866/493/822 3872/499/822 3867/494/822
f 3872/499/823 3873/500/823 3867/494/823
f 3867/494/824 3873/500/824 3497/495/824
f 3873/500/825 3496/501/825 3497/495/825
f 3495/22/826 3439/21/826 3868/480/826
f 3439/21/827 3438/502/827 3868/480/827
f 3868/480/828 3438/502/828 3869/496/828
f 3438/502/829 3437/503/829 3869/496/829
f 3869/496/830 3437/503/830 3870/497/830
f 3437/503/831 3436/504/831 3870/497/831
f 3870/497/832 3436/504/832 3871/498/832
f 3436/504/833 3435/505/833 3871/498/833
f 3871/498/834 3435/505/834 3872/499/834
f 3435/505/835 3434/506/835 3872/499/835
f 3872/499/836 3434/506/836 3873/500/836
f 3434/506/837 3433/507/837 3873/500/837
f 3873/500/838 3433/507/838 3496/501/838
f 3433/507/839 3381/508/839 3496/501/839
f 3475/386/840 3488/387/840 3385/34/840
f 3476/385/841 3874/509/841 3475/386/841
f 3477/384/842 3875/510/842 3476/385/842
f 3478/383/843 3877/511/843 3477/384/843
f 3479/382/844 3880/512/844 3478/383/844
f 3480/381/845 3884/513/845 3479/382/845
f 3481/19/846 3889/514/846 3480/381/846
f 3475/386/847 3874/509/847 3488/387/847
f 3874/509/848 3487/388/848 3488/387/848
f 3476/385/849 3875/510/849 3874/509/849
f 3875/510/850 3876/515/850 3874/509/850
f 3874/509/851 3876/515/851 3487/388/851
f 3876/515/852 3486/390/852 3487/388/852
f 3477/384/853 3877/511/853 3875/510/853
f 3877/511/854 3878/516/854 3875/510/854
f 3875/510/855 3878/516/855 3876/515/855
f 3878/516/856 3879/517/856 3876/515/856
f 3876/515/857 3879/517/857 3486/390/857
f 3879/517/858 3485/392/858 3486/390/858
f 3478/383/859 3880/512/859 3877/511/859
f 3880/512/860 3881/518/860 3877/511/860
f 3877/511/861 3881/518/861 3878/516/861
f 3881/518/862 3882/519/862 3878/516/862
f 3878/516/863 3882/519/863 3879/517/863
f 3882/519/864 3883/520/864 3879/517/864
f 3879/517/865 3883/520/865 3485/392/865
f 3883/520/866 3484/394/866 3485/392/866
f 3479/382/867 3884/513/867 3880/512/867
f 3884/513/868 3885/521/868 3880/512/868
f 3880/512/869 3885/521/869 3881/518/869
f 3885/521/870 3886/522/870 3881/518/870
f 3881/518/871 3886/522/871 3882/519/871
f 3886/522/872 3887/523/872 3882/519/872
f 3882/519/873 3887/523/873 3883/520/873
f 3887/523/874 3888/524/874 3883/520/874
f 3883/520/875 3888/524/875 3484/394/875
f 3888/524/876 3483/396/876 3484/394/876
f 3480/381/877 3889/514/877 3884/513/877
f 3889/514/878 3890/525/878 3884/513/878
f 3884/513/879 3890/525/879 3885/521/879
f 3890/525/880 3891/526/880 3885/521/880
f 3885/521/881 3891/526/881 3886/522/881
f 3891/526/882 3892/527/882 3886/522/882
f 3886/522/883 3892/527/883 3887/523/883
f 3892/527/884 3893/528/884 3887/523/884
f 3887/523/885 3893/528/885 3888/524/885
f 3893/528/886 3894/529/886 3888/524/886
f 3888/524/887 3894/529/887 3483/396/887
f 3894/529/888 3482/29/888 3483/396/888
f 3481/19/889 3411/18/889 3889/514/889
f 3411/18/890 3410/530/890 3889/514/890
f 3889/514/891 3410/530/891 3890/525/891
f 3410/530/1369 3409/531/1369 3890/525/1369
f 3890/525/893 3409/531/893 3891/526/893
f 3409/531/894 3408/532/894 3891/526/894
f 3891/526/895 3408/532/895 3892/527/895
f 3408/532/896 3407/533/896 3892/527/896
f 3892/527/897 3407/533/897 3893/528/897
f 3407/533/898 3406/534/898 3893/528/898
f 3893/528/899 3406/534/899 3894/529/899
f 3406/534/900 3405/535/900 3894/529/900
f 3894/529/901 3405/535/901 3482/29/901
f 3405/535/1358 3380/4/1358 3482/29/1358
f 3461/419/903 3474/255/903 3389/46/903
f 3462/418/904 3895/536/904 3461/419/904
f 3463/417/905 3896/537/905 3462/418/905
f 3464/416/906 3898/538/906 3463/417/906
f 3465/415/907 3901/539/907 3464/416/907
f 3466/414/908 3905/540/908 3465/415/908
f 3467/16/909 3910/541/909 3466/414/909
f 3461/419/910 3895/536/910 3474/255/910
f 3895/536/911 3473/256/911 3474/255/911
f 3462/418/912 3896/537/912 3895/536/912
f 3896/537/913 3897/542/913 3895/536/913
f 3895/536/914 3897/542/914 3473/256/914
f 3897/542/915 3472/258/915 3473/256/915
f 3463/417/916 3898/538/916 3896/537/916
f 3898/538/917 3899/543/917 3896/537/917
f 3896/537/918 3899/543/918 3897/542/918
f 3899/543/919 3900/544/919 3897/542/919
f 3897/542/920 3900/544/920 3472/258/920
f 3900/544/921 3471/260/921 3472/258/921
f 3464/416/922 3901/539/922 3898/538/922
f 3901/539/923 3902/545/923 3898/538/923
f 3898/538/924 3902/545/924 3899/543/924
f 3902/545/925 3903/546/925 3899/543/925
f 3899/543/926 3903/546/926 3900/544/926
f 3903/546/927 3904/547/927 3900/544/927
f 3900/544/928 3904/547/928 3471/260/928
f 3904/547/929 3470/262/929 3471/260/929
f 3465/415/930 3905/540/930 3901/539/930
f 3905/540/931 3906/548/931 3901/539/931
f 3901/539/932 3906/548/932 3902/545/932
f 3906/548/933 3907/549/933 3902/545/933
f 3902/545/934 3907/549/934 3903/546/934
f 3907/549/935 3908/550/935 3903/546/935
f 3903/546/936 3908/550/936 3904/547/936
f 3908/550/937 3909/551/937 3904/547/937
f 3904/547/938 3909/551/938 3470/262/938
f 3909/551/939 3469/264/939 3470/262/939
f 3466/414/940 3910/541/940 3905/540/940
f 3910/541/941 3911/552/941 3905/540/941
f 3905/540/942 3911/552/942 3906/548/942
f 3911/552/943 3912/553/943 3906/548/943
f 3906/548/944 3912/553/944 3907/549/944
f 3912/553/945 3913/554/945 3907/549/945
f 3907/549/946 3913/554/946 3908/550/946
f 3913/554/947 3914/555/947 3908/550/947
f 3908/550/948 3914/555/948 3909/551/948
f 3914/555/949 3915/556/949 3909/551/949
f 3909/551/950 3915/556/950 3469/264/950
f 3915/556/951 3468/33/951 3469/264/951
f 3467/16/952 3418/6/952 3910/541/952
f 3418/6/953 3417/557/953 3910/541/953
f 3910/541/954 3417/557/954 3911/552/954
f 3417/557/955 3416/558/955 3911/552/955
f 3911/552/956 3416/558/956 3912/553/956
f 3416/558/957 3415/559/957 3912/553/957
f 3912/553/958 3415/559/958 3913/554/958
f 3415/559/959 3414/560/959 3913/554/959
f 3913/554/960 3414/560/960 3914/555/960
f 3414/560/961 3413/561/961 3914/555/961
f 3914/555/962 3413/561/962 3915/556/962
f 3413/561/963 3412/562/963 3915/556/963
f 3915/556/964 3412/562/964 3468/33/964
f 3412/562/965 3384/26/965 3468/33/965
f 3425/563/966 3460/27/966 3384/26/966
f 3424/564/967 3916/565/967 3425/563/967
f 3423/566/968 3917/567/968 3424/564/968
f 3422/568/969 3919/569/969 3423/566/969
f 3421/570/970 3922/571/970 3422/568/970
f 3420/572/971 3926/573/971 3421/570/971
f 3419/15/972 3931/574/972 3420/572/972
f 3425/563/973 3916/565/973 3460/27/973
f 3916/565/974 3459/441/974 3460/27/974
f 3424/564/975 3917/567/975 3916/565/975
f 3917/567/976 3918/575/976 3916/565/976
f 3916/565/977 3918/575/977 3459/441/977
f 3918/575/978 3458/442/978 3459/441/978
f 3423/566/979 3919/569/979 3917/567/979
f 3919/569/980 3920/576/980 3917/567/980
f 3917/567/981 3920/576/981 3918/575/981
f 3920/576/982 3921/577/982 3918/575/982
f 3918/575/983 3921/577/983 3458/442/983
f 3921/577/984 3457/443/984 3458/442/984
f 3422/568/985 3922/571/985 3919/569/985
f 3922/571/986 3923/578/986 3919/569/986
f 3919/569/987 3923/578/987 3920/576/987
f 3923/578/988 3924/579/988 3920/576/988
f 3920/576/989 3924/579/989 3921/577/989
f 3924/579/990 3925/580/990 3921/577/990
f 3921/577/991 3925/580/991 3457/443/991
f 3925/580/992 3456/444/992 3457/443/992
f 3421/570/993 3926/573/993 3922/571/993
f 3926/573/994 3927/581/994 3922/571/994
f 3922/571/995 3927/581/995 3923/578/995
f 3927/581/996 3928/582/996 3923/578/996
f 3923/578/997 3928/582/997 3924/579/997
f 3928/582/998 3929/583/998 3924/579/998
f 3924/579/999 3929/583/999 3925/580/999
f 3929/583/1000 3930/584/1000 3925/580/1000
f 3925/580/1001 3930/584/1001 3456/444/1001
f 3930/584/1002 3455/445/1002 3456/444/1002
f 3420/572/1003 3931/574/1003 3926/573/1003
f 3931/574/1004 3932/585/1004 3926/573/1004
f 3926/573/1005 3932/585/1005 3927/581/1005
f 3932/585/1006 3933/586/1006 3927/581/1006
f 3927/581/1007 3933/586/1007 3928/582/1007
f 3933/586/1008 3934/587/1008 3928/582/1008
f 3928/582/1009 3934/587/1009 3929/583/1009
f 3934/587/1010 3935/588/1010 3929/583/1010
f 3929/583/1011 3935/588/1011 3930/584/1011
f 3935/588/1012 3936/589/1012 3930/584/1012
f 3930/584/1013 3936/589/1013 3455/445/1013
f 3936/589/1014 3454/446/1014 3455/445/1014
f 3419/15/1015 3446/14/1015 3931/574/1015
f 3446/14/1016 3445/590/1016 3931/574/1016
f 3931/574/1017 3445/590/1017 3932/585/1017
f 3445/590/1018 3444/591/1018 3932/585/1018
f 3932/585/1019 3444/591/1019 3933/586/1019
f 3444/591/1020 3443/592/1020 3933/586/1020
f 3933/586/1021 3443/592/1021 3934/587/1021
f 3443/592/1022 3442/593/1022 3934/587/1022
f 3934/587/1023 3442/593/1023 3935/588/1023
f 3442/593/1024 3441/594/1024 3935/588/1024
f 3935/588/1025 3441/594/1025 3936/589/1025
f 3441/594/1026 3440/595/1026 3936/589/1026
f 3936/589/1027 3440/595/1027 3454/446/1027
f 3440/595/1028 3383/23/1028 3454/446/1028
f 3440/596/1029 3453/24/1029 3383/23/1029
f 3441/597/1030 3937/598/1030 3440/596/1030
f 3442/599/1031 3938/600/1031 3441/597/1031
f 3443/601/1032 3940/602/1032 3442/599/1032
f 3444/603/1033 3943/604/1033 3443/601/1033
f 3445/605/1034 3947/606/1034 3444/603/1034
f 3446/12/1035 3952/607/1035 3445/605/1035
f 3440/596/1036 3937/598/1036 3453/24/1036
f 3937/598/1037 3452/468/1037 3453/24/1037
f 3441/597/1038 3938/600/1038 3937/598/1038
f 3938/600/1039 3939/608/1039 3937/598/1039
f 3937/598/1359 3939/608/1359 3452/468/1359
f 3939/608/1041 3451/469/1041 3452/468/1041
f 3442/599/1042 3940/602/1042 3938/600/1042
f 3940/602/1043 3941/609/1043 3938/600/1043
f 3938/600/1044 3941/609/1044 3939/608/1044
f 3941/609/1045 3942/610/1045 3939/608/1045
f 3939/608/1046 3942/610/1046 3451/469/1046
f 3942/610/1047 3450/470/1047 3451/469/1047
f 3443/601/1048 3943/604/1048 3940/602/1048
f 3943/604/1049 3944/611/1049 3940/602/1049
f 3940/602/1050 3944/611/1050 3941/609/1050
f 3944/611/1051 3945/612/1051 3941/609/1051
f 3941/609/1052 3945/612/1052 3942/610/1052
f 3945/612/1053 3946/613/1053 3942/610/1053
f 3942/610/1054 3946/613/1054 3450/470/1054
f 3946/613/1055 3449/471/1055 3450/470/1055
f 3444/603/1056 3947/606/1056 3943/604/1056
f 3947/606/1057 3948/614/1057 3943/604/1057
f 3943/604/1058 3948/614/1058 3944/611/1058
f 3948/614/1059 3949/615/1059 3944/611/1059
f 3944/611/1060 3949/615/1060 3945/612/1060
f 3949/615/1061 3950/616/1061 3945/612/1061
f 3945/612/1062 3950/616/1062 3946/613/1062
f 3950/616/1063 3951/617/1063 3946/613/1063
f 3946/613/1064 3951/617/1064 3449/471/1064
f 3951/617/1065 3448/472/1065 3449/471/1065
f 3445/605/1066 3952/607/1066 3947/606/1066
f 3952/607/1067 3953/618/1067 3947/606/1067
f 3947/606/1068 3953/618/1068 3948/614/1068
f 3953/618/1069 3954/619/1069 3948/614/1069
f 3948/614/1070 3954/619/1070 3949/615/1070
f 3954/619/1071 3955/620/1071 3949/615/1071
f 3949/615/1072 3955/620/1072 3950/616/1072
f 3955/620/1073 3956/621/1073 3950/616/1073
f 3950/616/1074 3956/621/1074 3951/617/1074
f 3956/621/1075 3957/622/1075 3951/617/1075
f 3951/617/1076 3957/622/1076 3448/472/1076
f 3957/622/1077 3447/473/1077 3448/472/1077
f 3446/12/1078 3432/11/1078 3952/607/1078
f 3432/11/1079 3431/623/1079 3952/607/1079
f 3952/607/1080 3431/623/1080 3953/618/1080
f 3431/623/1081 3430/624/1081 3953/618/1081
f 3953/618/1082 3430/624/1082 3954/619/1082
f 3430/624/1083 3429/625/1083 3954/619/1083
f 3954/619/1084 3429/625/1084 3955/620/1084
f 3429/625/1085 3428/626/1085 3955/620/1085
f 3955/620/1086 3428/626/1086 3956/621/1086
f 3428/626/1087 3427/627/1087 3956/621/1087
f 3956/621/1088 3427/627/1088 3957/622/1088
f 3427/627/1089 3426/628/1089 3957/622/1089
f 3957/622/1090 3426/628/1090 3447/473/1090
f 3426/628/1091 3382/20/1091 3447/473/1091
f 3426/629/1092 3439/21/1092 3382/20/1092
f 3427/630/1093 3958/631/1093 3426/629/1093
f 3428/632/1094 3959/633/1094 3427/630/1094
f 3429/634/1095 3961/635/1095 3428/632/1095
f 3430/636/1096 3964/637/1096 3429/634/1096
f 3431/638/1097 3968/639/1097 3430/636/1097
f 3432/9/1098 3973/640/1098 3431/638/1098
f 3426/629/1099 3958/631/1099 3439/21/1099
f 3958/631/1100 3438/502/1100 3439/21/1100
f 3427/630/1101 3959/633/1101 3958/631/1101
f 3959/633/1102 3960/641/1102 3958/631/1102
f 3958/631/1103 3960/641/1103 3438/502/1103
f 3960/641/1104 3437/503/1104 3438/502/1104
f 3428/632/1105 3961/635/1105 3959/633/1105
f 3961/635/1106 3962/642/1106 3959/633/1106
f 3959/633/1107 3962/642/1107 3960/641/1107
f 3962/642/1108 3963/643/1108 3960/641/1108
f 3960/641/1109 3963/643/1109 3437/503/1109
f 3963/643/1110 3436/504/1110 3437/503/1110
f 3429/634/1111 3964/637/1111 3961/635/1111
f 3964/637/1112 3965/644/1112 3961/635/1112
f 3961/635/1113 3965/644/1113 3962/642/1113
f 3965/644/1114 3966/645/1114 3962/642/1114
f 3962/642/1115 3966/645/1115 3963/643/1115
f 3966/645/1116 3967/646/1116 3963/643/1116
f 3963/643/1117 3967/646/1117 3436/504/1117
f 3967/646/1118 3435/505/1118 3436/504/1118
f 3430/636/1119 3968/639/1119 3964/637/1119
f 3968/639/1120 3969/647/1120 3964/637/1120
f 3964/637/1121 3969/647/1121 3965/644/1121
f 3969/647/1122 3970/648/1122 3965/644/1122
f 3965/644/1123 3970/648/1123 3966/645/1123
f 3970/648/1124 3971/649/1124 3966/645/1124
f 3966/645/1125 3971/649/1125 3967/646/1125
f 3971/649/1126 3972/650/1126 3967/646/1126
f 3967/646/1127 3972/650/1127 3435/505/1127
f 3972/650/1128 3434/506/1128 3435/505/1128
f 3431/638/1129 3973/640/1129 3968/639/1129
f 3973/640/1130 3974/651/1130 3968/639/1130
f 3968/639/1131 3974/651/1131 3969/647/1131
f 3974/651/1132 3975/652/1132 3969/647/1132
f 3969/647/1133 3975/652/1133 3970/648/1133
f 3975/652/1134 3976/653/1134 3970/648/1134
f 3970/648/1135 3976/653/1135 3971/649/1135
f 3976/653/1136 3977/654/1136 3971/649/1136
f 3971/649/1137 3977/654/1137 3972/650/1137
f 3977/654/1138 3978/655/1138 3972/650/1138
f 3972/650/1139 3978/655/1139 3434/506/1139
f 3978/655/1140 3433/507/1140 3434/506/1140
f 3432/9/1141 3397/8/1141 3973/640/1141
f 3397/8/1142 3396/656/1142 3973/640/1142
f 3973/640/1143 3396/656/1143 3974/651/1143
f 3396/656/1144 3395/657/1144 3974/651/1144
f 3974/651/1145 3395/657/1145 3975/652/1145
f 3395/657/1146 3394/658/1146 3975/652/1146
f 3975/652/1147 3394/658/1147 3976/653/1147
f 3394/658/1148 3393/659/1148 3976/653/1148
f 3976/653/1149 3393/659/1149 3977/654/1149
f 3393/659/1150 3392/660/1150 3977/654/1150
f 3977/654/1151 3392/660/1151 3978/655/1151
f 3392/660/1152 3391/661/1152 3978/655/1152
f 3978/655/1153 3391/661/1153 3433/507/1153
f 3391/661/1154 3381/508/1154 3433/507/1154
f 3412/562/1155 3425/662/1155 3384/26/1155
f 3413/561/1156 3979/663/1156 3412/562/1156
f 3414/560/1157 3980/664/1157 3413/561/1157
f 3415/559/1158 3982/665/1158 3414/560/1158
f 3416/558/1159 3985/666/1159 3415/559/1159
f 3417/557/1160 3989/667/1160 3416/558/1160
f 3418/6/1161 3994/668/1161 3417/557/1161
f 3412/562/1162 3979/663/1162 3425/662/1162
f 3979/663/1163 3424/669/1163 3425/662/1163
f 3413/561/1164 3980/664/1164 3979/663/1164
f 3980/664/1165 3981/670/1165 3979/663/1165
f 3979/663/1166 3981/670/1166 3424/669/1166
f 3981/670/1167 3423/671/1167 3424/669/1167
f 3414/560/1168 3982/665/1168 3980/664/1168
f 3982/665/1169 3983/672/1169 3980/664/1169
f 3980/664/1170 3983/672/1170 3981/670/1170
f 3983/672/1171 3984/673/1171 3981/670/1171
f 3981/670/1172 3984/673/1172 3423/671/1172
f 3984/673/1173 3422/674/1173 3423/671/1173
f 3415/559/1174 3985/666/1174 3982/665/1174
f 3985/666/1175 3986/675/1175 3982/665/1175
f 3982/665/1176 3986/675/1176 3983/672/1176
f 3986/675/1177 3987/676/1177 3983/672/1177
f 3983/672/1178 3987/676/1178 3984/673/1178
f 3987/676/1179 3988/677/1179 3984/673/1179
f 3984/673/1180 3988/677/1180 3422/674/1180
f 3988/677/1181 3421/678/1181 3422/674/1181
f 3416/558/1182 3989/667/1182 3985/666/1182
f 3989/667/1183 3990/679/1183 3985/666/1183
f 3985/666/1184 3990/679/1184 3986/675/1184
f 3990/679/1185 3991/680/1185 3986/675/1185
f 3986/675/1186 3991/680/1186 3987/676/1186
f 3991/680/1187 3992/681/1187 3987/676/1187
f 3987/676/1188 3992/681/1188 3988/677/1188
f 3992/681/1189 3993/682/1189 3988/677/1189
f 3988/677/1190 3993/682/1190 3421/678/1190
f 3993/682/1191 3420/683/1191 3421/678/1191
f 3417/557/1192 3994/668/1192 3989/667/1192
f 3994/668/1193 3995/684/1193 3989/667/1193
f 3989/667/1194 3995/684/1194 3990/679/1194
f 3995/684/1195 3996/685/1195 3990/679/1195
f 3990/679/1196 3996/685/1196 3991/680/1196
f 3996/685/1388 3997/686/1388 3991/680/1388
f 3991/680/1198 3997/686/1198 3992/681/1198
f 3997/686/1199 3998/687/1199 3992/681/1199
f 3992/681/1200 3998/687/1200 3993/682/1200
f 3998/687/1201 3999/688/1201 3993/682/1201
f 3993/682/1202 3999/688/1202 3420/683/1202
f 3999/688/1203 3419/689/1203 3420/683/1203
f 3418/6/1204 3404/5/1204 3994/668/1204
f 3404/5/1205 3403/690/1205 3994/668/1205
f 3994/668/1206 3403/690/1206 3995/684/1206
f 3403/690/1207 3402/691/1207 3995/684/1207
f 3995/684/1208 3402/691/1208 3996/685/1208
f 3402/691/1209 3401/692/1209 3996/685/1209
f 3996/685/1210 3401/692/1210 3997/686/1210
f 3401/692/1211 3400/693/1211 3997/686/1211
f 3997/686/1212 3400/693/1212 3998/687/1212
f 3400/693/1213 3399/694/1213 3998/687/1213
f 3998/687/1214 3399/694/1214 3999/688/1214
f 3399/694/1215 3398/695/1215 3999/688/1215
f 3999/688/1216 3398/695/1216 3419/689/1216
f 3398/695/1217 3379/696/1217 3419/689/1217
f 3391/697/1218 3411/18/1218 3381/17/1218
f 3392/698/1219 4000/699/1219 3391/697/1219
f 3393/700/1220 4001/701/1220 3392/698/1220
f 3394/702/1221 4003/703/1221 3393/700/1221
f 3395/704/1222 4006/705/1222 3394/702/1222
f 3396/706/1223 4010/707/1223 3395/704/1223
f 3397/3/1224 4015/708/1224 3396/706/1224
f 3391/697/1225 4000/699/1225 3411/18/1225
f 4000/699/1226 3410/530/1226 3411/18/1226
f 3392/698/1361 4001/701/1361 4000/699/1361
f 4001/701/1228 4002/709/1228 4000/699/1228
f 4000/699/1229 4002/709/1229 3410/530/1229
f 4002/709/1230 3409/531/1230 3410/530/1230
f 3393/700/1231 4003/703/1231 4001/701/1231
f 4003/703/1232 4004/710/1232 4001/701/1232
f 4001/701/1233 4004/710/1233 4002/709/1233
f 4004/710/1234 4005/711/1234 4002/709/1234
f 4002/709/1235 4005/711/1235 3409/531/1235
f 4005/711/1236 3408/532/1236 3409/531/1236
f 3394/702/1237 4006/705/1237 4003/703/1237
f 4006/705/1238 4007/712/1238 4003/703/1238
f 4003/703/1239 4007/712/1239 4004/710/1239
f 4007/712/1240 4008/713/1240 4004/710/1240
f 4004/710/1241 4008/713/1241 4005/711/1241
f 4008/713/1242 4009/714/1242 4005/711/1242
f 4005/711/1243 4009/714/1243 3408/532/1243
f 4009/714/1244 3407/533/1244 3408/532/1244
f 3395/704/1245 4010/707/1245 4006/705/1245
f 4010/707/1246 4011/715/1246 4006/705/1246
f 4006/705/1247 4011/715/1247 4007/712/1247
f 4011/715/1248 4012/716/1248 4007/712/1248
f 4007/712/1249 4012/716/1249 4008/713/1249
f 4012/716/1250 4013/717/1250 4008/713/1250
f 4008/713/1251 4013/717/1251 4009/714/1251
f 4013/717/1252 4014/718/1252 4009/714/1252
f 4009/714/1253 4014/718/1253 3407/533/1253
f 4014/718/1254 3406/534/1254 3407/533/1254
f 3396/706/1255 4015/708/1255 4010/707/1255
f 4015/708/1256 4016/719/1256 4010/707/1256
f 4010/707/1257 4016/719/1257 4011/715/1257
f 4016/719/1258 4017/720/1258 4011/715/1258
f 4011/715/1259 4017/720/1259 4012/716/1259
f 4017/720/1260 4018/721/1260 4012/716/1260
f 4012/716/1261 4018/721/1261 4013/717/1261
f 4018/721/1262 4019/722/1262 4013/717/1262
f 4013/717/1263 4019/722/1263 4014/718/1263
f 4019/722/1264 4020/723/1264 4014/718/1264
f 4014/718/1265 4020/723/1265 3406/534/1265
f 4020/723/1266 3405/535/1266 3406/534/1266
f 3397/3/1267 3398/2/1267 4015/708/1267
f 3398/2/1268 3399/724/1268 4015/708/1268
f 4015/708/1269 3399/724/1269 4016/719/1269
f 3399/724/1270 3400/725/1270 4016/719/1270
f 4016/719/1271 3400/725/1271 4017/720/1271
f 3400/725/1272 3401/726/1272 4017/720/1272
f 4017/720/1273 3401/726/1273 4018/721/1273
f 3401/726/1274 3402/727/1274 4018/721/1274
f 4018/721/1275 3402/727/1275 4019/722/1275
f 3402/727/1276 3403/728/1276 4019/722/1276
f 4019/722/1277 3403/728/1277 4020/723/1277
f 3403/728/1278 3404/729/1278 4020/723/1278
f 4020/723/1279 3404/729/1279 3405/535/1279
f 3404/729/1280 3380/4/1280 3405/535/1280
f 4021/1/1 4040/2/1 4039/3/1
f 4022/4/2 4046/5/2 4060/6/2
f 4021/7/3 4039/8/3 4074/9/3
f 4021/10/4 4074/11/4 4088/12/4
f 4021/13/5 4088/14/5 4061/15/5
f 4022/4/6 4060/6/6 4109/16/6
f 4023/17/7 4053/18/7 4123/19/7
f 4024/20/1365 4081/21/1365 4137/22/1365
f 4025/23/9 4095/24/9 4151/25/9
f 4026/26/1341 4102/27/1341 4165/28/1341
f 4022/4/11 4109/16/11 4124/29/11
f 4023/17/12 4123/19/12 4138/30/12
f 4024/20/13 4137/22/13 4152/31/13
f 4025/23/14 4151/25/14 4166/32/14
f 4026/26/15 4165/28/15 4110/33/15
f 4027/34/16 4179/35/16 4214/36/16
f 4028/37/17 4186/38/17 4228/39/17
f 4029/40/18 4193/41/18 4235/42/18
f 4030/43/19 4200/44/19 4242/45/19
f 4031/46/20 4207/47/20 4215/48/20
f 4221/49/21 4236/50/21 4032/51/21
f 4220/52/22 4243/53/22 4221/49/22
f 4219/54/23 4244/55/23 4220/52/23
f 4218/56/24 4246/57/24 4219/54/24
f 4217/58/25 4249/59/25 4218/56/25
f 4216/60/26 4253/61/26 4217/58/26
f 4215/48/27 4258/62/27 4216/60/27
f 4221/49/28 4243/53/28 4236/50/28
f 4243/53/29 4237/63/29 4236/50/29
f 4220/52/30 4244/55/30 4243/53/30
f 4244/55/31 4245/64/31 4243/53/31
f 4243/53/32 4245/64/32 4237/63/32
f 4245/64/33 4238/65/33 4237/63/33
f 4219/54/34 4246/57/34 4244/55/34
f 4246/57/35 4247/66/35 4244/55/35
f 4244/55/36 4247/66/36 4245/64/36
f 4247/66/37 4248/67/37 4245/64/37
f 4245/64/38 4248/67/38 4238/65/38
f 4248/67/39 4239/68/39 4238/65/39
f 4218/56/40 4249/59/40 4246/57/40
f 4249/59/41 4250/69/41 4246/57/41
f 4246/57/42 4250/69/42 4247/66/42
f 4250/69/43 4251/70/43 4247/66/43
f 4247/66/44 4251/70/44 4248/67/44
f 4251/70/45 4252/71/45 4248/67/45
f 4248/67/46 4252/71/46 4239/68/46
f 4252/71/47 4240/72/47 4239/68/47
f 4217/58/48 4253/61/48 4249/59/48
f 4253/61/49 4254/73/49 4249/59/49
f 4249/59/50 4254/73/50 4250/69/50
f 4254/73/51 4255/74/51 4250/69/51
f 4250/69/52 4255/74/52 4251/70/52
f 4255/74/53 4256/75/53 4251/70/53
f 4251/70/54 4256/75/54 4252/71/54
f 4256/75/55 4257/76/55 4252/71/55
f 4252/71/56 4257/76/56 4240/72/56
f 4257/76/57 4241/77/57 4240/72/57
f 4216/60/58 4258/62/58 4253/61/58
f 4258/62/59 4259/78/59 4253/61/59
f 4253/61/60 4259/78/60 4254/73/60
f 4259/78/61 4260/79/61 4254/73/61
f 4254/73/62 4260/79/62 4255/74/62
f 4260/79/63 4261/80/63 4255/74/63
f 4255/74/64 4261/80/64 4256/75/64
f 4261/80/65 4262/81/65 4256/75/65
f 4256/75/66 4262/81/66 4257/76/66
f 4262/81/67 4263/82/67 4257/76/67
f 4257/76/68 4263/82/68 4241/77/68
f 4263/82/69 4242/83/69 4241/77/69
f 4215/48/70 4207/47/70 4258/62/70
f 4207/47/71 4206/84/71 4258/62/71
f 4258/62/72 4206/84/72 4259/78/72
f 4206/84/73 4205/85/73 4259/78/73
f 4259/78/74 4205/85/74 4260/79/74
f 4205/85/75 4204/86/75 4260/79/75
f 4260/79/76 4204/86/76 4261/80/76
f 4204/86/77 4203/87/77 4261/80/77
f 4261/80/78 4203/87/78 4262/81/78
f 4203/87/79 4202/88/79 4262/81/79
f 4262/81/80 4202/88/80 4263/82/80
f 4202/88/81 4201/89/81 4263/82/81
f 4263/82/82 4201/89/82 4242/83/82
f 4201/89/83 4030/43/83 4242/83/83
f 4236/90/84 4229/91/84 4032/92/84
f 4237/93/85 4264/94/85 4236/90/85
f 4238/95/86 4265/96/86 4237/93/86
f 4239/97/87 4267/98/87 4238/95/87
f 4240/99/88 4270/100/88 4239/97/88
f 4241/101/89 4274/102/89 4240/99/89
f 4242/45/90 4279/103/90 4241/101/90
f 4236/90/91 4264/94/91 4229/91/91
f 4264/94/92 4230/104/92 4229/91/92
f 4237/93/93 4265/96/93 4264/94/93
f 4265/96/94 4266/105/94 4264/94/94
f 4264/94/95 4266/105/95 4230/104/95
f 4266/105/96 4231/106/96 4230/104/96
f 4238/95/97 4267/98/97 4265/96/97
f 4267/98/98 4268/107/98 4265/96/98
f 4265/96/99 4268/107/99 4266/105/99
f 4268/107/100 4269/108/100 4266/105/100
f 4266/105/101 4269/108/101 4231/106/101
f 4269/108/102 4232/109/102 4231/106/102
f 4239/97/103 4270/100/103 4267/98/103
f 4270/100/104 4271/110/104 4267/98/104
f 4267/98/105 4271/110/105 4268/107/105
f 4271/110/106 4272/111/106 4268/107/106
f 4268/107/107 4272/111/107 4269/108/107
f 4272/111/108 4273/112/108 4269/108/108
f 4269/108/109 4273/112/109 4232/109/109
f 4273/112/110 4233/113/110 4232/109/110
f 4240/99/111 4274/102/111 4270/100/111
f 4274/102/112 4275/114/112 4270/100/112
f 4270/100/113 4275/114/113 4271/110/113
f 4275/114/114 4276/115/114 4271/110/114
f 4271/110/115 4276/115/115 4272/111/115
f 4276/115/116 4277/116/116 4272/111/116
f 4272/111/117 4277/116/117 4273/112/117
f 4277/116/118 4278/117/118 4273/112/118
f 4273/112/119 4278/117/119 4233/113/119
f 4278/117/120 4234/118/120 4233/113/120
f 4241/101/121 4279/103/121 4274/102/121
f 4279/103/122 4280/119/122 4274/102/122
f 4274/102/123 4280/119/123 4275/114/123
f 4280/119/124 4281/120/124 4275/114/124
f 4275/114/125 4281/120/125 4276/115/125
f 4281/120/126 4282/121/126 4276/115/126
f 4276/115/127 4282/121/127 4277/116/127
f 4282/121/128 4283/122/128 4277/116/128
f 4277/116/129 4283/122/129 4278/117/129
f 4283/122/130 4284/123/130 4278/117/130
f 4278/117/131 4284/123/131 4234/118/131
f 4284/123/132 4235/124/132 4234/118/132
f 4242/45/133 4200/44/133 4279/103/133
f 4200/44/134 4199/125/134 4279/103/134
f 4279/103/135 4199/125/135 4280/119/135
f 4199/125/136 4198/126/136 4280/119/136
f 4280/119/137 4198/126/137 4281/120/137
f 4198/126/138 4197/127/138 4281/120/138
f 4281/120/139 4197/127/139 4282/121/139
f 4197/127/140 4196/128/140 4282/121/140
f 4282/121/141 4196/128/141 4283/122/141
f 4196/128/142 4195/129/142 4283/122/142
f 4283/122/143 4195/129/143 4284/123/143
f 4195/129/144 4194/130/144 4284/123/144
f 4284/123/145 4194/130/145 4235/124/145
f 4194/130/146 4029/40/146 4235/124/146
f 4229/131/147 4222/132/147 4032/133/147
f 4230/134/148 4285/135/148 4229/131/148
f 4231/136/149 4286/137/149 4230/134/149
f 4232/138/150 4288/139/150 4231/136/150
f 4233/140/151 4291/141/151 4232/138/151
f 4234/142/152 4295/143/152 4233/140/152
f 4235/42/153 4300/144/153 4234/142/153
f 4229/131/154 4285/135/154 4222/132/154
f 4285/135/155 4223/145/155 4222/132/155
f 4230/134/156 4286/137/156 4285/135/156
f 4286/137/157 4287/146/157 4285/135/157
f 4285/135/158 4287/146/158 4223/145/158
f 4287/146/159 4224/147/159 4223/145/159
f 4231/136/160 4288/139/160 4286/137/160
f 4288/139/161 4289/148/161 4286/137/161
f 4286/137/162 4289/148/162 4287/146/162
f 4289/148/163 4290/149/163 4287/146/163
f 4287/146/164 4290/149/164 4224/147/164
f 4290/149/165 4225/150/165 4224/147/165
f 4232/138/166 4291/141/166 4288/139/166
f 4291/141/167 4292/151/167 4288/139/167
f 4288/139/168 4292/151/168 4289/148/168
f 4292/151/169 4293/152/169 4289/148/169
f 4289/148/170 4293/152/170 4290/149/170
f 4293/152/1342 4294/153/1342 4290/149/1342
f 4290/149/172 4294/153/172 4225/150/172
f 4294/153/173 4226/154/173 4225/150/173
f 4233/140/174 4295/143/174 4291/141/174
f 4295/143/175 4296/155/175 4291/141/175
f 4291/141/176 4296/155/176 4292/151/176
f 4296/155/177 4297/156/177 4292/151/177
f 4292/151/178 4297/156/178 4293/152/178
f 4297/156/179 4298/157/179 4293/152/179
f 4293/152/180 4298/157/180 4294/153/180
f 4298/157/181 4299/158/181 4294/153/181
f 4294/153/182 4299/158/182 4226/154/182
f 4299/158/183 4227/159/183 4226/154/183
f 4234/142/184 4300/144/184 4295/143/184
f 4300/144/185 4301/160/185 4295/143/185
f 4295/143/186 4301/160/186 4296/155/186
f 4301/160/187 4302/161/187 4296/155/187
f 4296/155/188 4302/161/188 4297/156/188
f 4302/161/189 4303/162/189 4297/156/189
f 4297/156/190 4303/162/190 4298/157/190
f 4303/162/191 4304/163/191 4298/157/191
f 4298/157/192 4304/163/192 4299/158/192
f 4304/163/193 4305/164/193 4299/158/193
f 4299/158/194 4305/164/194 4227/159/194
f 4305/164/195 4228/165/195 4227/159/195
f 4235/42/196 4193/41/196 4300/144/196
f 4193/41/197 4192/166/197 4300/144/197
f 4300/144/198 4192/166/198 4301/160/198
f 4192/166/199 4191/167/199 4301/160/199
f 4301/160/200 4191/167/200 4302/161/200
f 4191/167/201 4190/168/201 4302/161/201
f 4302/161/202 4190/168/202 4303/162/202
f 4190/168/203 4189/169/203 4303/162/203
f 4303/162/204 4189/169/204 4304/163/204
f 4189/169/205 4188/170/205 4304/163/205
f 4304/163/206 4188/170/206 4305/164/206
f 4188/170/207 4187/171/207 4305/164/207
f 4305/164/208 4187/171/208 4228/165/208
f 4187/171/209 4028/172/209 4228/165/209
f 4222/173/210 4208/174/210 4032/175/210
f 4223/176/211 4306/177/211 4222/173/211
f 4224/178/212 4307/179/212 4223/176/212
f 4225/180/213 4309/181/213 4224/178/213
f 4226/182/214 4312/183/214 4225/180/214
f 4227/184/215 4316/185/215 4226/182/215
f 4228/39/216 4321/186/216 4227/184/216
f 4222/173/217 4306/177/217 4208/174/217
f 4306/177/218 4209/187/218 4208/174/218
f 4223/176/219 4307/179/219 4306/177/219
f 4307/179/220 4308/188/220 4306/177/220
f 4306/177/221 4308/188/221 4209/187/221
f 4308/188/222 4210/189/222 4209/187/222
f 4224/178/223 4309/181/223 4307/179/223
f 4309/181/224 4310/190/224 4307/179/224
f 4307/179/225 4310/190/225 4308/188/225
f 4310/190/226 4311/191/226 4308/188/226
f 4308/188/227 4311/191/227 4210/189/227
f 4311/191/228 4211/192/228 4210/189/228
f 4225/180/229 4312/183/229 4309/181/229
f 4312/183/230 4313/193/230 4309/181/230
f 4309/181/231 4313/193/231 4310/190/231
f 4313/193/232 4314/194/232 4310/190/232
f 4310/190/233 4314/194/233 4311/191/233
f 4314/194/234 4315/195/234 4311/191/234
f 4311/191/235 4315/195/235 4211/192/235
f 4315/195/236 4212/196/236 4211/192/236
f 4226/182/237 4316/185/237 4312/183/237
f 4316/185/238 4317/197/238 4312/183/238
f 4312/183/239 4317/197/239 4313/193/239
f 4317/197/240 4318/198/240 4313/193/240
f 4313/193/241 4318/198/241 4314/194/241
f 4318/198/242 4319/199/242 4314/194/242
f 4314/194/243 4319/199/243 4315/195/243
f 4319/199/244 4320/200/244 4315/195/244
f 4315/195/245 4320/200/245 4212/196/245
f 4320/200/246 4213/201/246 4212/196/246
f 4227/184/247 4321/186/247 4316/185/247
f 4321/186/248 4322/202/248 4316/185/248
f 4316/185/249 4322/202/249 4317/197/249
f 4322/202/250 4323/203/250 4317/197/250
f 4317/197/251 4323/203/251 4318/198/251
f 4323/203/252 4324/204/252 4318/198/252
f 4318/198/253 4324/204/253 4319/199/253
f 4324/204/254 4325/205/254 4319/199/254
f 4319/199/255 4325/205/255 4320/200/255
f 4325/205/256 4326/206/256 4320/200/256
f 4320/200/257 4326/206/257 4213/201/257
f 4326/206/258 4214/207/258 4213/201/258
f 4228/39/259 4186/38/259 4321/186/259
f 4186/38/260 4185/208/260 4321/186/260
f 4321/186/261 4185/208/261 4322/202/261
f 4185/208/262 4184/209/262 4322/202/262
f 4322/202/263 4184/209/263 4323/203/263
f 4184/209/264 4183/210/264 4323/203/264
f 4323/203/265 4183/210/265 4324/204/265
f 4183/210/266 4182/211/266 4324/204/266
f 4324/204/267 4182/211/267 4325/205/267
f 4182/211/268 4181/212/268 4325/205/268
f 4325/205/269 4181/212/269 4326/206/269
f 4181/212/270 4180/213/270 4326/206/270
f 4326/206/271 4180/213/271 4214/207/271
f 4180/213/272 4027/34/272 4214/207/272
f 4208/214/273 4221/215/273 4032/216/273
f 4209/217/274 4327/218/274 4208/214/274
f 4210/219/275 4328/220/275 4209/217/275
f 4211/221/276 4330/222/276 4210/219/276
f 4212/223/277 4333/224/277 4211/221/277
f 4213/225/278 4337/226/278 4212/223/278
f 4214/36/279 4342/227/279 4213/225/279
f 4208/214/280 4327/218/280 4221/215/280
f 4327/218/281 4220/228/281 4221/215/281
f 4209/217/282 4328/220/282 4327/218/282
f 4328/220/283 4329/229/283 4327/218/283
f 4327/218/284 4329/229/284 4220/228/284
f 4329/229/285 4219/230/285 4220/228/285
f 4210/219/286 4330/222/286 4328/220/286
f 4330/222/287 4331/231/287 4328/220/287
f 4328/220/288 4331/231/288 4329/229/288
f 4331/231/289 4332/232/289 4329/229/289
f 4329/229/290 4332/232/290 4219/230/290
f 4332/232/291 4218/233/291 4219/230/291
f 4211/221/292 4333/224/292 4330/222/292
f 4333/224/293 4334/234/293 4330/222/293
f 4330/222/294 4334/234/294 4331/231/294
f 4334/234/295 4335/235/295 4331/231/295
f 4331/231/296 4335/235/296 4332/232/296
f 4335/235/297 4336/236/297 4332/232/297
f 4332/232/298 4336/236/298 4218/233/298
f 4336/236/299 4217/237/299 4218/233/299
f 4212/223/300 4337/226/300 4333/224/300
f 4337/226/301 4338/238/301 4333/224/301
f 4333/224/302 4338/238/302 4334/234/302
f 4338/238/303 4339/239/303 4334/234/303
f 4334/234/304 4339/239/304 4335/235/304
f 4339/239/305 4340/240/305 4335/235/305
f 4335/235/306 4340/240/306 4336/236/306
f 4340/240/307 4341/241/307 4336/236/307
f 4336/236/308 4341/241/308 4217/237/308
f 4341/241/309 4216/242/309 4217/237/309
f 4213/225/310 4342/227/310 4337/226/310
f 4342/227/311 4343/243/311 4337/226/311
f 4337/226/312 4343/243/312 4338/238/312
f 4343/243/313 4344/244/313 4338/238/313
f 4338/238/314 4344/244/314 4339/239/314
f 4344/244/315 4345/245/315 4339/239/315
f 4339/239/316 4345/245/316 4340/240/316
f 4345/245/317 4346/246/317 4340/240/317
f 4340/240/318 4346/246/318 4341/241/318
f 4346/246/319 4347/247/319 4341/241/319
f 4341/241/320 4347/247/320 4216/242/320
f 4347/247/321 4215/248/321 4216/242/321
f 4214/36/322 4179/35/322 4342/227/322
f 4179/35/323 4178/249/323 4342/227/323
f 4342/227/324 4178/249/324 4343/243/324
f 4178/249/325 4177/250/325 4343/243/325
f 4343/243/326 4177/250/326 4344/244/326
f 4177/250/327 4176/251/327 4344/244/327
f 4344/244/328 4176/251/328 4345/245/328
f 4176/251/329 4175/252/329 4345/245/329
f 4345/245/330 4175/252/330 4346/246/330
f 4175/252/331 4174/253/331 4346/246/331
f 4346/246/332 4174/253/332 4347/247/332
f 4174/253/333 4173/254/333 4347/247/333
f 4347/247/334 4173/254/334 4215/248/334
f 4173/254/335 4031/46/335 4215/248/335
f 4116/255/1373 4207/47/1373 4031/46/1373
f 4115/256/337 4348/257/337 4116/255/337
f 4114/258/338 4349/259/338 4115/256/338
f 4113/260/339 4351/261/339 4114/258/339
f 4112/262/340 4354/263/340 4113/260/340
f 4111/264/341 4358/265/341 4112/262/341
f 4110/33/342 4363/266/342 4111/264/342
f 4116/255/343 4348/257/343 4207/47/343
f 4348/257/344 4206/84/344 4207/47/344
f 4115/256/345 4349/259/345 4348/257/345
f 4349/259/346 4350/267/346 4348/257/346
f 4348/257/347 4350/267/347 4206/84/347
f 4350/267/348 4205/85/348 4206/84/348
f 4114/258/349 4351/261/349 4349/259/349
f 4351/261/350 4352/268/350 4349/259/350
f 4349/259/351 4352/268/351 4350/267/351
f 4352/268/352 4353/269/352 4350/267/352
f 4350/267/353 4353/269/353 4205/85/353
f 4353/269/354 4204/86/354 4205/85/354
f 4113/260/355 4354/263/355 4351/261/355
f 4354/263/356 4355/270/356 4351/261/356
f 4351/261/357 4355/270/357 4352/268/357
f 4355/270/358 4356/271/358 4352/268/358
f 4352/268/359 4356/271/359 4353/269/359
f 4356/271/360 4357/272/360 4353/269/360
f 4353/269/361 4357/272/361 4204/86/361
f 4357/272/362 4203/87/362 4204/86/362
f 4112/262/363 4358/265/363 4354/263/363
f 4358/265/364 4359/273/364 4354/263/364
f 4354/263/365 4359/273/365 4355/270/365
f 4359/273/366 4360/274/366 4355/270/366
f 4355/270/367 4360/274/367 4356/271/367
f 4360/274/368 4361/275/368 4356/271/368
f 4356/271/369 4361/275/369 4357/272/369
f 4361/275/370 4362/276/370 4357/272/370
f 4357/272/371 4362/276/371 4203/87/371
f 4362/276/1343 4202/88/1343 4203/87/1343
f 4111/264/373 4363/266/373 4358/265/373
f 4363/266/374 4364/277/374 4358/265/374
f 4358/265/375 4364/277/375 4359/273/375
f 4364/277/376 4365/278/376 4359/273/376
f 4359/273/377 4365/278/377 4360/274/377
f 4365/278/378 4366/279/378 4360/274/378
f 4360/274/379 4366/279/379 4361/275/379
f 4366/279/380 4367/280/380 4361/275/380
f 4361/275/381 4367/280/381 4362/276/381
f 4367/280/382 4368/281/382 4362/276/382
f 4362/276/383 4368/281/383 4202/88/383
f 4368/281/384 4201/89/384 4202/88/384
f 4110/33/385 4165/28/385 4363/266/385
f 4165/28/386 4164/282/386 4363/266/386
f 4363/266/387 4164/282/387 4364/277/387
f 4164/282/388 4163/283/388 4364/277/388
f 4364/277/389 4163/283/389 4365/278/389
f 4163/283/390 4162/284/390 4365/278/390
f 4365/278/391 4162/284/391 4366/279/391
f 4162/284/392 4161/285/392 4366/279/392
f 4366/279/393 4161/285/393 4367/280/393
f 4161/285/394 4160/286/394 4367/280/394
f 4367/280/395 4160/286/395 4368/281/395
f 4160/286/396 4159/287/396 4368/281/396
f 4368/281/397 4159/287/397 4201/89/397
f 4159/287/398 4030/43/398 4201/89/398
f 4172/288/399 4200/44/399 4030/43/399
f 4171/289/400 4369/290/400 4172/288/400
f 4170/291/401 4370/292/401 4171/289/401
f 4169/293/402 4372/294/402 4170/291/402
f 4168/295/403 4375/296/403 4169/293/403
f 4167/297/404 4379/298/404 4168/295/404
f 4166/32/405 4384/299/405 4167/297/405
f 4172/288/406 4369/290/406 4200/44/406
f 4369/290/407 4199/125/407 4200/44/407
f 4171/289/408 4370/292/408 4369/290/408
f 4370/292/409 4371/300/409 4369/290/409
f 4369/290/410 4371/300/410 4199/125/410
f 4371/300/411 4198/126/411 4199/125/411
f 4170/291/412 4372/294/412 4370/292/412
f 4372/294/413 4373/301/413 4370/292/413
f 4370/292/414 4373/301/414 4371/300/414
f 4373/301/415 4374/302/415 4371/300/415
f 4371/300/416 4374/302/416 4198/126/416
f 4374/302/417 4197/127/417 4198/126/417
f 4169/293/418 4375/296/418 4372/294/418
f 4375/296/419 4376/303/419 4372/294/419
f 4372/294/420 4376/303/420 4373/301/420
f 4376/303/421 4377/304/421 4373/301/421
f 4373/301/422 4377/304/422 4374/302/422
f 4377/304/423 4378/305/423 4374/302/423
f 4374/302/424 4378/305/424 4197/127/424
f 4378/305/425 4196/128/425 4197/127/425
f 4168/295/426 4379/298/426 4375/296/426
f 4379/298/427 4380/306/427 4375/296/427
f 4375/296/428 4380/306/428 4376/303/428
f 4380/306/429 4381/307/429 4376/303/429
f 4376/303/430 4381/307/430 4377/304/430
f 4381/307/431 4382/308/431 4377/304/431
f 4377/304/432 4382/308/432 4378/305/432
f 4382/308/433 4383/309/433 4378/305/433
f 4378/305/434 4383/309/434 4196/128/434
f 4383/309/435 4195/129/435 4196/128/435
f 4167/297/436 4384/299/436 4379/298/436
f 4384/299/437 4385/310/437 4379/298/437
f 4379/298/438 4385/310/438 4380/306/438
f 4385/310/439 4386/311/439 4380/306/439
f 4380/306/440 4386/311/440 4381/307/440
f 4386/311/441 4387/312/441 4381/307/441
f 4381/307/442 4387/312/442 4382/308/442
f 4387/312/443 4388/313/443 4382/308/443
f 4382/308/444 4388/313/444 4383/309/444
f 4388/313/445 4389/314/445 4383/309/445
f 4383/309/446 4389/314/446 4195/129/446
f 4389/314/447 4194/130/447 4195/129/447
f 4166/32/448 4151/25/448 4384/299/448
f 4151/25/449 4150/315/449 4384/299/449
f 4384/299/450 4150/315/450 4385/310/450
f 4150/315/451 4149/316/451 4385/310/451
f 4385/310/452 4149/316/452 4386/311/452
f 4149/316/453 4148/317/453 4386/311/453
f 4386/311/454 4148/317/454 4387/312/454
f 4148/317/455 4147/318/455 4387/312/455
f 4387/312/456 4147/318/456 4388/313/456
f 4147/318/457 4146/319/457 4388/313/457
f 4388/313/458 4146/319/458 4389/314/458
f 4146/319/459 4145/320/459 4389/314/459
f 4389/314/460 4145/320/460 4194/130/460
f 4145/320/461 4029/40/461 4194/130/461
f 4158/321/462 4193/41/462 4029/40/462
f 4157/322/463 4390/323/463 4158/321/463
f 4156/324/464 4391/325/464 4157/322/464
f 4155/326/465 4393/327/465 4156/324/465
f 4154/328/466 4396/329/466 4155/326/466
f 4153/330/467 4400/331/467 4154/328/467
f 4152/31/468 4405/332/468 4153/330/468
f 4158/321/469 4390/323/469 4193/41/469
f 4390/323/470 4192/166/470 4193/41/470
f 4157/322/471 4391/325/471 4390/323/471
f 4391/325/472 4392/333/472 4390/323/472
f 4390/323/473 4392/333/473 4192/166/473
f 4392/333/474 4191/167/474 4192/166/474
f 4156/324/475 4393/327/475 4391/325/475
f 4393/327/476 4394/334/476 4391/325/476
f 4391/325/477 4394/334/477 4392/333/477
f 4394/334/478 4395/335/478 4392/333/478
f 4392/333/479 4395/335/479 4191/167/479
f 4395/335/480 4190/168/480 4191/167/480
f 4155/326/481 4396/329/481 4393/327/481
f 4396/329/482 4397/336/482 4393/327/482
f 4393/327/483 4397/336/483 4394/334/483
f 4397/336/484 4398/337/484 4394/334/484
f 4394/334/485 4398/337/485 4395/335/485
f 4398/337/486 4399/338/486 4395/335/486
f 4395/335/487 4399/338/487 4190/168/487
f 4399/338/488 4189/169/488 4190/168/488
f 4154/328/489 4400/331/489 4396/329/489
f 4400/331/490 4401/339/490 4396/329/490
f 4396/329/491 4401/339/491 4397/336/491
f 4401/339/492 4402/340/492 4397/336/492
f 4397/336/493 4402/340/493 4398/337/493
f 4402/340/494 4403/341/494 4398/337/494
f 4398/337/495 4403/341/495 4399/338/495
f 4403/341/496 4404/342/496 4399/338/496
f 4399/338/497 4404/342/497 4189/169/497
f 4404/342/498 4188/170/498 4189/169/498
f 4153/330/499 4405/332/499 4400/331/499
f 4405/332/500 4406/343/500 4400/331/500
f 4400/331/501 4406/343/501 4401/339/501
f 4406/343/502 4407/344/502 4401/339/502
f 4401/339/503 4407/344/503 4402/340/503
f 4407/344/504 4408/345/504 4402/340/504
f 4402/340/505 4408/345/505 4403/341/505
f 4408/345/506 4409/346/506 4403/341/506
f 4403/341/507 4409/346/507 4404/342/507
f 4409/346/508 4410/347/508 4404/342/508
f 4404/342/509 4410/347/509 4188/170/509
f 4410/347/510 4187/171/510 4188/170/510
f 4152/31/511 4137/22/511 4405/332/511
f 4137/22/512 4136/348/512 4405/332/512
f 4405/332/513 4136/348/513 4406/343/513
f 4136/348/514 4135/349/514 4406/343/514
f 4406/343/515 4135/349/515 4407/344/515
f 4135/349/516 4134/350/516 4407/344/516
f 4407/344/517 4134/350/517 4408/345/517
f 4134/350/518 4133/351/518 4408/345/518
f 4408/345/519 4133/351/519 4409/346/519
f 4133/351/520 4132/352/520 4409/346/520
f 4409/346/521 4132/352/521 4410/347/521
f 4132/352/522 4131/353/522 4410/347/522
f 4410/347/523 4131/353/523 4187/171/523
f 4131/353/524 4028/172/524 4187/171/524
f 4144/354/525 4186/38/525 4028/37/525
f 4143/355/526 4411/356/526 4144/354/526
f 4142/357/527 4412/358/527 4143/355/527
f 4141/359/528 4414/360/528 4142/357/528
f 4140/361/529 4417/362/529 4141/359/529
f 4139/363/530 4421/364/530 4140/361/530
f 4138/30/531 4426/365/531 4139/363/531
f 4144/354/532 4411/356/532 4186/38/532
f 4411/356/533 4185/208/533 4186/38/533
f 4143/355/534 4412/358/534 4411/356/534
f 4412/358/535 4413/366/535 4411/356/535
f 4411/356/536 4413/366/536 4185/208/536
f 4413/366/537 4184/209/537 4185/208/537
f 4142/357/538 4414/360/538 4412/358/538
f 4414/360/539 4415/367/539 4412/358/539
f 4412/358/540 4415/367/540 4413/366/540
f 4415/367/541 4416/368/541 4413/366/541
f 4413/366/542 4416/368/542 4184/209/542
f 4416/368/543 4183/210/543 4184/209/543
f 4141/359/1346 4417/362/1346 4414/360/1346
f 4417/362/545 4418/369/545 4414/360/545
f 4414/360/546 4418/369/546 4415/367/546
f 4418/369/547 4419/370/547 4415/367/547
f 4415/367/548 4419/370/548 4416/368/548
f 4419/370/549 4420/371/549 4416/368/549
f 4416/368/550 4420/371/550 4183/210/550
f 4420/371/551 4182/211/551 4183/210/551
f 4140/361/552 4421/364/552 4417/362/552
f 4421/364/553 4422/372/553 4417/362/553
f 4417/362/554 4422/372/554 4418/369/554
f 4422/372/555 4423/373/555 4418/369/555
f 4418/369/556 4423/373/556 4419/370/556
f 4423/373/557 4424/374/557 4419/370/557
f 4419/370/558 4424/374/558 4420/371/558
f 4424/374/559 4425/375/559 4420/371/559
f 4420/371/560 4425/375/560 4182/211/560
f 4425/375/561 4181/212/561 4182/211/561
f 4139/363/562 4426/365/562 4421/364/562
f 4426/365/563 4427/376/563 4421/364/563
f 4421/364/564 4427/376/564 4422/372/564
f 4427/376/565 4428/377/565 4422/372/565
f 4422/372/566 4428/377/566 4423/373/566
f 4428/377/567 4429/378/567 4423/373/567
f 4423/373/568 4429/378/568 4424/374/568
f 4429/378/569 4430/379/569 4424/374/569
f 4424/374/570 4430/379/570 4425/375/570
f 4430/379/571 4431/380/571 4425/375/571
f 4425/375/572 4431/380/572 4181/212/572
f 4431/380/573 4180/213/573 4181/212/573
f 4138/30/574 4123/19/574 4426/365/574
f 4123/19/575 4122/381/575 4426/365/575
f 4426/365/576 4122/381/576 4427/376/576
f 4122/381/577 4121/382/577 4427/376/577
f 4427/376/578 4121/382/578 4428/377/578
f 4121/382/579 4120/383/579 4428/377/579
f 4428/377/580 4120/383/580 4429/378/580
f 4120/383/581 4119/384/581 4429/378/581
f 4429/378/582 4119/384/582 4430/379/582
f 4119/384/583 4118/385/583 4430/379/583
f 4430/379/584 4118/385/584 4431/380/584
f 4118/385/585 4117/386/585 4431/380/585
f 4431/380/586 4117/386/586 4180/213/586
f 4117/386/587 4027/34/587 4180/213/587
f 4130/387/588 4179/35/588 4027/34/588
f 4129/388/589 4432/389/589 4130/387/589
f 4128/390/590 4433/391/590 4129/388/590
f 4127/392/591 4435/393/591 4128/390/591
f 4126/394/592 4438/395/592 4127/392/592
f 4125/396/593 4442/397/593 4126/394/593
f 4124/29/594 4447/398/594 4125/396/594
f 4130/387/595 4432/389/595 4179/35/595
f 4432/389/596 4178/249/596 4179/35/596
f 4129/388/597 4433/391/597 4432/389/597
f 4433/391/598 4434/399/598 4432/389/598
f 4432/389/599 4434/399/599 4178/249/599
f 4434/399/1347 4177/250/1347 4178/249/1347
f 4128/390/601 4435/393/601 4433/391/601
f 4435/393/602 4436/400/602 4433/391/602
f 4433/391/603 4436/400/603 4434/399/603
f 4436/400/604 4437/401/604 4434/399/604
f 4434/399/605 4437/401/605 4177/250/605
f 4437/401/606 4176/251/606 4177/250/606
f 4127/392/607 4438/395/607 4435/393/607
f 4438/395/608 4439/402/608 4435/393/608
f 4435/393/609 4439/402/609 4436/400/609
f 4439/402/610 4440/403/610 4436/400/610
f 4436/400/611 4440/403/611 4437/401/611
f 4440/403/612 4441/404/612 4437/401/612
f 4437/401/613 4441/404/613 4176/251/613
f 4441/404/614 4175/252/614 4176/251/614
f 4126/394/615 4442/397/615 4438/395/615
f 4442/397/616 4443/405/616 4438/395/616
f 4438/395/617 4443/405/617 4439/402/617
f 4443/405/618 4444/406/618 4439/402/618
f 4439/402/619 4444/406/619 4440/403/619
f 4444/406/1348 4445/407/1348 4440/403/1348
f 4440/403/621 4445/407/621 4441/404/621
f 4445/407/622 4446/408/622 4441/404/622
f 4441/404/623 4446/408/623 4175/252/623
f 4446/408/624 4174/253/624 4175/252/624
f 4125/396/625 4447/398/625 4442/397/625
f 4447/398/626 4448/409/626 4442/397/626
f 4442/397/627 4448/409/627 4443/405/627
f 4448/409/628 4449/410/628 4443/405/628
f 4443/405/629 4449/410/629 4444/406/629
f 4449/410/630 4450/411/630 4444/406/630
f 4444/406/631 4450/411/631 4445/407/631
f 4450/411/632 4451/412/632 4445/407/632
f 4445/407/633 4451/412/633 4446/408/633
f 4451/412/634 4452/413/634 4446/408/634
f 4446/408/635 4452/413/635 4174/253/635
f 4452/413/636 4173/254/636 4174/253/636
f 4124/29/637 4109/16/637 4447/398/637
f 4109/16/638 4108/414/638 4447/398/638
f 4447/398/639 4108/414/639 4448/409/639
f 4108/414/640 4107/415/640 4448/409/640
f 4448/409/1366 4107/415/1366 4449/410/1366
f 4107/415/642 4106/416/642 4449/410/642
f 4449/410/643 4106/416/643 4450/411/643
f 4106/416/644 4105/417/644 4450/411/644
f 4450/411/645 4105/417/645 4451/412/645
f 4105/417/646 4104/418/646 4451/412/646
f 4451/412/647 4104/418/647 4452/413/647
f 4104/418/648 4103/419/648 4452/413/648
f 4452/413/649 4103/419/649 4173/254/649
f 4103/419/650 4031/46/650 4173/254/650
f 4159/287/651 4172/288/651 4030/43/651
f 4160/286/652 4453/420/652 4159/287/652
f 4161/285/653 4454/421/653 4160/286/653
f 4162/284/654 4456/422/654 4161/285/654
f 4163/283/655 4459/423/655 4162/284/655
f 4164/282/656 4463/424/656 4163/283/656
f 4165/28/657 4468/425/657 4164/282/657
f 4159/287/658 4453/420/658 4172/288/658
f 4453/420/659 4171/289/659 4172/288/659
f 4160/286/660 4454/421/660 4453/420/660
f 4454/421/661 4455/426/661 4453/420/661
f 4453/420/662 4455/426/662 4171/289/662
f 4455/426/663 4170/291/663 4171/289/663
f 4161/285/664 4456/422/664 4454/421/664
f 4456/422/665 4457/427/665 4454/421/665
f 4454/421/666 4457/427/666 4455/426/666
f 4457/427/667 4458/428/667 4455/426/667
f 4455/426/668 4458/428/668 4170/291/668
f 4458/428/669 4169/293/669 4170/291/669
f 4162/284/670 4459/423/670 4456/422/670
f 4459/423/671 4460/429/671 4456/422/671
f 4456/422/672 4460/429/672 4457/427/672
f 4460/429/673 4461/430/673 4457/427/673
f 4457/427/674 4461/430/674 4458/428/674
f 4461/430/675 4462/431/675 4458/428/675
f 4458/428/676 4462/431/676 4169/293/676
f 4462/431/677 4168/295/677 4169/293/677
f 4163/283/678 4463/424/678 4459/423/678
f 4463/424/679 4464/432/679 4459/423/679
f 4459/423/680 4464/432/680 4460/429/680
f 4464/432/681 4465/433/681 4460/429/681
f 4460/429/682 4465/433/682 4461/430/682
f 4465/433/683 4466/434/683 4461/430/683
f 4461/430/684 4466/434/684 4462/431/684
f 4466/434/685 4467/435/685 4462/431/685
f 4462/431/686 4467/435/686 4168/295/686
f 4467/435/687 4167/297/687 4168/295/687
f 4164/282/688 4468/425/688 4463/424/688
f 4468/425/689 4469/436/689 4463/424/689
f 4463/424/690 4469/436/690 4464/432/690
f 4469/436/691 4470/437/691 4464/432/691
f 4464/432/692 4470/437/692 4465/433/692
f 4470/437/693 4471/438/693 4465/433/693
f 4465/433/694 4471/438/694 4466/434/694
f 4471/438/695 4472/439/695 4466/434/695
f 4466/434/696 4472/439/696 4467/435/696
f 4472/439/697 4473/440/697 4467/435/697
f 4467/435/698 4473/440/698 4167/297/698
f 4473/440/699 4166/32/699 4167/297/699
f 4165/28/700 4102/27/700 4468/425/700
f 4102/27/701 4101/441/701 4468/425/701
f 4468/425/702 4101/441/702 4469/436/702
f 4101/441/703 4100/442/703 4469/436/703
f 4469/436/704 4100/442/704 4470/437/704
f 4100/442/705 4099/443/705 4470/437/705
f 4470/437/706 4099/443/706 4471/438/706
f 4099/443/707 4098/444/707 4471/438/707
f 4471/438/708 4098/444/708 4472/439/708
f 4098/444/709 4097/445/709 4472/439/709
f 4472/439/710 4097/445/710 4473/440/710
f 4097/445/711 4096/446/711 4473/440/711
f 4473/440/712 4096/446/712 4166/32/712
f 4096/446/713 4025/23/713 4166/32/713
f 4145/320/714 4158/321/714 4029/40/714
f 4146/319/715 4474/447/715 4145/320/715
f 4147/318/716 4475/448/716 4146/319/716
f 4148/317/717 4477/449/717 4147/318/717
f 4149/316/718 4480/450/718 4148/317/718
f 4150/315/719 4484/451/719 4149/316/719
f 4151/25/720 4489/452/720 4150/315/720
f 4145/320/721 4474/447/721 4158/321/721
f 4474/447/722 4157/322/722 4158/321/722
f 4146/319/723 4475/448/723 4474/447/723
f 4475/448/724 4476/453/724 4474/447/724
f 4474/447/725 4476/453/725 4157/322/725
f 4476/453/726 4156/324/726 4157/322/726
f 4147/318/727 4477/449/727 4475/448/727
f 4477/449/728 4478/454/728 4475/448/728
f 4475/448/729 4478/454/729 4476/453/729
f 4478/454/730 4479/455/730 4476/453/730
f 4476/453/731 4479/455/731 4156/324/731
f 4479/455/732 4155/326/732 4156/324/732
f 4148/317/733 4480/450/733 4477/449/733
f 4480/450/734 4481/456/734 4477/449/734
f 4477/449/735 4481/456/735 4478/454/735
f 4481/456/736 4482/457/736 4478/454/736
f 4478/454/737 4482/457/737 4479/455/737
f 4482/457/738 4483/458/738 4479/455/738
f 4479/455/739 4483/458/739 4155/326/739
f 4483/458/740 4154/328/740 4155/326/740
f 4149/316/741 4484/451/741 4480/450/741
f 4484/451/742 4485/459/742 4480/450/742
f 4480/450/743 4485/459/743 4481/456/743
f 4485/459/744 4486/460/744 4481/456/744
f 4481/456/1352 4486/460/1352 4482/457/1352
f 4486/460/1353 4487/461/1353 4482/457/1353
f 4482/457/747 4487/461/747 4483/458/747
f 4487/461/748 4488/462/748 4483/458/748
f 4483/458/749 4488/462/749 4154/328/749
f 4488/462/750 4153/330/750 4154/328/750
f 4150/315/751 4489/452/751 4484/451/751
f 4489/452/752 4490/463/752 4484/451/752
f 4484/451/753 4490/463/753 4485/459/753
f 4490/463/754 4491/464/754 4485/459/754
f 4485/459/755 4491/464/755 4486/460/755
f 4491/464/756 4492/465/756 4486/460/756
f 4486/460/757 4492/465/757 4487/461/757
f 4492/465/758 4493/466/758 4487/461/758
f 4487/461/759 4493/466/759 4488/462/759
f 4493/466/760 4494/467/760 4488/462/760
f 4488/462/761 4494/467/761 4153/330/761
f 4494/467/762 4152/31/762 4153/330/762
f 4151/25/763 4095/24/763 4489/452/763
f 4095/24/764 4094/468/764 4489/452/764
f 4489/452/765 4094/468/765 4490/463/765
f 4094/468/766 4093/469/766 4490/463/766
f 4490/463/767 4093/469/767 4491/464/767
f 4093/469/768 4092/470/768 4491/464/768
f 4491/464/769 4092/470/769 4492/465/769
f 4092/470/770 4091/471/770 4492/465/770
f 4492/465/771 4091/471/771 4493/466/771
f 4091/471/772 4090/472/772 4493/466/772
f 4493/466/773 4090/472/773 4494/467/773
f 4090/472/774 4089/473/774 4494/467/774
f 4494/467/775 4089/473/775 4152/31/775
f 4089/473/1383 4024/20/1383 4152/31/1383
f 4131/353/777 4144/474/777 4028/172/777
f 4132/352/778 4495/475/778 4131/353/778
f 4133/351/779 4496/476/779 4132/352/779
f 4134/350/780 4498/477/780 4133/351/780
f 4135/349/781 4501/478/781 4134/350/781
f 4136/348/782 4505/479/782 4135/349/782
f 4137/22/783 4510/480/783 4136/348/783
f 4131/353/784 4495/475/784 4144/474/784
f 4495/475/785 4143/481/785 4144/474/785
f 4132/352/786 4496/476/786 4495/475/786
f 4496/476/787 4497/482/787 4495/475/787
f 4495/475/788 4497/482/788 4143/481/788
f 4497/482/789 4142/483/789 4143/481/789
f 4133/351/790 4498/477/790 4496/476/790
f 4498/477/791 4499/484/791 4496/476/791
f 4496/476/792 4499/484/792 4497/482/792
f 4499/484/793 4500/485/793 4497/482/793
f 4497/482/794 4500/485/794 4142/483/794
f 4500/485/795 4141/486/795 4142/483/795
f 4134/350/796 4501/478/796 4498/477/796
f 4501/478/797 4502/487/797 4498/477/797
f 4498/477/798 4502/487/798 4499/484/798
f 4502/487/799 4503/488/799 4499/484/799
f 4499/484/800 4503/488/800 4500/485/800
f 4503/488/801 4504/489/801 4500/485/801
f 4500/485/802 4504/489/802 4141/486/802
f 4504/489/803 4140/490/803 4141/486/803
f 4135/349/804 4505/479/804 4501/478/804
f 4505/479/805 4506/491/805 4501/478/805
f 4501/478/806 4506/491/806 4502/487/806
f 4506/491/807 4507/492/807 4502/487/807
f 4502/487/1391 4507/492/1391 4503/488/1391
f 4507/492/809 4508/493/809 4503/488/809
f 4503/488/810 4508/493/810 4504/489/810
f 4508/493/811 4509/494/811 4504/489/811
f 4504/489/812 4509/494/812 4140/490/812
f 4509/494/813 4139/495/813 4140/490/813
f 4136/348/814 4510/480/814 4505/479/814
f 4510/480/815 4511/496/815 4505/479/815
f 4505/479/816 4511/496/816 4506/491/816
f 4511/496/817 4512/497/817 4506/491/817
f 4506/491/818 4512/497/818 4507/492/818
f 4512/497/819 4513/498/819 4507/492/819
f 4507/492/820 4513/498/820 4508/493/820
f 4513/498/821 4514/499/821 4508/493/821
f 4508/493/822 4514/499/822 4509/494/822
f 4514/499/823 4515/500/823 4509/494/823
f 4509/494/824 4515/500/824 4139/495/824
f 4515/500/825 4138/501/825 4139/495/825
f 4137/22/1392 4081/21/1392 4510/480/1392
f 4081/21/827 4080/502/827 4510/480/827
f 4510/480/828 4080/502/828 4511/496/828
f 4080/502/829 4079/503/829 4511/496/829
f 4511/496/830 4079/503/830 4512/497/830
f 4079/503/831 4078/504/831 4512/497/831
f 4512/497/832 4078/504/832 4513/498/832
f 4078/504/833 4077/505/833 4513/498/833
f 4513/498/834 4077/505/834 4514/499/834
f 4077/505/835 4076/506/835 4514/499/835
f 4514/499/836 4076/506/836 4515/500/836
f 4076/506/837 4075/507/837 4515/500/837
f 4515/500/838 4075/507/838 4138/501/838
f 4075/507/839 4023/508/839 4138/501/839
f 4117/386/840 4130/387/840 4027/34/840
f 4118/385/841 4516/509/841 4117/386/841
f 4119/384/842 4517/510/842 4118/385/842
f 4120/383/843 4519/511/843 4119/384/843
f 4121/382/844 4522/512/844 4120/383/844
f 4122/381/845 4526/513/845 4121/382/845
f 4123/19/846 4531/514/846 4122/381/846
f 4117/386/847 4516/509/847 4130/387/847
f 4516/509/848 4129/388/848 4130/387/848
f 4118/385/849 4517/510/849 4516/509/849
f 4517/510/850 4518/515/850 4516/509/850
f 4516/509/851 4518/515/851 4129/388/851
f 4518/515/852 4128/390/852 4129/388/852
f 4119/384/853 4519/511/853 4517/510/853
f 4519/511/854 4520/516/854 4517/510/854
f 4517/510/855 4520/516/855 4518/515/855
f 4520/516/856 4521/517/856 4518/515/856
f 4518/515/857 4521/517/857 4128/390/857
f 4521/517/858 4127/392/858 4128/390/858
f 4120/383/859 4522/512/859 4519/511/859
f 4522/512/860 4523/518/860 4519/511/860
f 4519/511/861 4523/518/861 4520/516/861
f 4523/518/862 4524/519/862 4520/516/862
f 4520/516/863 4524/519/863 4521/517/863
f 4524/519/864 4525/520/864 4521/517/864
f 4521/517/1385 4525/520/1385 4127/392/1385
f 4525/520/866 4126/394/866 4127/392/866
f 4121/382/867 4526/513/867 4522/512/867
f 4526/513/868 4527/521/868 4522/512/868
f 4522/512/869 4527/521/869 4523/518/869
f 4527/521/870 4528/522/870 4523/518/870
f 4523/518/871 4528/522/871 4524/519/871
f 4528/522/872 4529/523/872 4524/519/872
f 4524/519/873 4529/523/873 4525/520/873
f 4529/523/874 4530/524/874 4525/520/874
f 4525/520/875 4530/524/875 4126/394/875
f 4530/524/876 4125/396/876 4126/394/876
f 4122/381/877 4531/514/877 4526/513/877
f 4531/514/878 4532/525/878 4526/513/878
f 4526/513/879 4532/525/879 4527/521/879
f 4532/525/880 4533/526/880 4527/521/880
f 4527/521/881 4533/526/881 4528/522/881
f 4533/526/882 4534/527/882 4528/522/882
f 4528/522/883 4534/527/883 4529/523/883
f 4534/527/884 4535/528/884 4529/523/884
f 4529/523/885 4535/528/885 4530/524/885
f 4535/528/886 4536/529/886 4530/524/886
f 4530/524/887 4536/529/887 4125/396/887
f 4536/529/888 4124/29/888 4125/396/888
f 4123/19/889 4053/18/889 4531/514/889
f 4053/18/890 4052/530/890 4531/514/890
f 4531/514/891 4052/530/891 4532/525/891
f 4052/530/1369 4051/531/1369 4532/525/1369
f 4532/525/893 4051/531/893 4533/526/893
f 4051/531/894 4050/532/894 4533/526/894
f 4533/526/895 4050/532/895 4534/527/895
f 4050/532/896 4049/533/896 4534/527/896
f 4534/527/897 4049/533/897 4535/528/897
f 4049/533/898 4048/534/898 4535/528/898
f 4535/528/899 4048/534/899 4536/529/899
f 4048/534/900 4047/535/900 4536/529/900
f 4536/529/901 4047/535/901 4124/29/901
f 4047/535/1358 4022/4/1358 4124/29/1358
f 4103/419/903 4116/255/903 4031/46/903
f 4104/418/904 4537/536/904 4103/419/904
f 4105/417/905 4538/537/905 4104/418/905
f 4106/416/906 4540/538/906 4105/417/906
f 4107/415/907 4543/539/907 4106/416/907
f 4108/414/908 4547/540/908 4107/415/908
f 4109/16/909 4552/541/909 4108/414/909
f 4103/419/910 4537/536/910 4116/255/910
f 4537/536/911 4115/256/911 4116/255/911
f 4104/418/912 4538/537/912 4537/536/912
f 4538/537/913 4539/542/913 4537/536/913
f 4537/536/914 4539/542/914 4115/256/914
f 4539/542/915 4114/258/915 4115/256/915
f 4105/417/916 4540/538/916 4538/537/916
f 4540/538/917 4541/543/917 4538/537/917
f 4538/537/918 4541/543/918 4539/542/918
f 4541/543/919 4542/544/919 4539/542/919
f 4539/542/920 4542/544/920 4114/258/920
f 4542/544/921 4113/260/921 4114/258/921
f 4106/416/922 4543/539/922 4540/538/922
f 4543/539/923 4544/545/923 4540/538/923
f 4540/538/924 4544/545/924 4541/543/924
f 4544/545/925 4545/546/925 4541/543/925
f 4541/543/926 4545/546/926 4542/544/926
f 4545/546/927 4546/547/927 4542/544/927
f 4542/544/928 4546/547/928 4113/260/928
f 4546/547/929 4112/262/929 4113/260/929
f 4107/415/930 4547/540/930 4543/539/930
f 4547/540/931 4548/548/931 4543/539/931
f 4543/539/932 4548/548/932 4544/545/932
f 4548/548/933 4549/549/933 4544/545/933
f 4544/545/934 4549/549/934 4545/546/934
f 4549/549/935 4550/550/935 4545/546/935
f 4545/546/936 4550/550/936 4546/547/936
f 4550/550/937 4551/551/937 4546/547/937
f 4546/547/938 4551/551/938 4112/262/938
f 4551/551/939 4111/264/939 4112/262/939
f 4108/414/940 4552/541/940 4547/540/940
f 4552/541/941 4553/552/941 4547/540/941
f 4547/540/942 4553/552/942 4548/548/942
f 4553/552/943 4554/553/943 4548/548/943
f 4548/548/944 4554/553/944 4549/549/944
f 4554/553/945 4555/554/945 4549/549/945
f 4549/549/946 4555/554/946 4550/550/946
f 4555/554/947 4556/555/947 4550/550/947
f 4550/550/948 4556/555/948 4551/551/948
f 4556/555/949 4557/556/949 4551/551/949
f 4551/551/950 4557/556/950 4111/264/950
f 4557/556/951 4110/33/951 4111/264/951
f 4109/16/952 4060/6/952 4552/541/952
f 4060/6/953 4059/557/953 4552/541/953
f 4552/541/954 4059/557/954 4553/552/954
f 4059/557/955 4058/558/955 4553/552/955
f 4553/552/956 4058/558/956 4554/553/956
f 4058/558/1393 4057/559/1393 4554/553/1393
f 4554/553/958 4057/559/958 4555/554/958
f 4057/559/1394 4056/560/1394 4555/554/1394
f 4555/554/960 4056/560/960 4556/555/960
f 4056/560/961 4055/561/961 4556/555/961
f 4556/555/962 4055/561/962 4557/556/962
f 4055/561/963 4054/562/963 4557/556/963
f 4557/556/964 4054/562/964 4110/33/964
f 4054/562/965 4026/26/965 4110/33/965
f 4067/563/966 4102/27/966 4026/26/966
f 4066/564/967 4558/565/967 4067/563/967
f 4065/566/968 4559/567/968 4066/564/968
f 4064/568/969 4561/569/969 4065/566/969
f 4063/570/970 4564/571/970 4064/568/970
f 4062/572/971 4568/573/971 4063/570/971
f 4061/15/972 4573/574/972 4062/572/972
f 4067/563/973 4558/565/973 4102/27/973
f 4558/565/974 4101/441/974 4102/27/974
f 4066/564/975 4559/567/975 4558/565/975
f 4559/567/976 4560/575/976 4558/565/976
f 4558/565/977 4560/575/977 4101/441/977
f 4560/575/978 4100/442/978 4101/441/978
f 4065/566/979 4561/569/979 4559/567/979
f 4561/569/980 4562/576/980 4559/567/980
f 4559/567/1386 4562/576/1386 4560/575/1386
f 4562/576/982 4563/577/982 4560/575/982
f 4560/575/983 4563/577/983 4100/442/983
f 4563/577/984 4099/443/984 4100/442/984
f 4064/568/985 4564/571/985 4561/569/985
f 4564/571/986 4565/578/986 4561/569/986
f 4561/569/987 4565/578/987 4562/576/987
f 4565/578/988 4566/579/988 4562/576/988
f 4562/576/989 4566/579/989 4563/577/989
f 4566/579/990 4567/580/990 4563/577/990
f 4563/577/991 4567/580/991 4099/443/991
f 4567/580/992 4098/444/992 4099/443/992
f 4063/570/993 4568/573/993 4564/571/993
f 4568/573/994 4569/581/994 4564/571/994
f 4564/571/995 4569/581/995 4565/578/995
f 4569/581/996 4570/582/996 4565/578/996
f 4565/578/997 4570/582/997 4566/579/997
f 4570/582/998 4571/583/998 4566/579/998
f 4566/579/999 4571/583/999 4567/580/999
f 4571/583/1000 4572/584/1000 4567/580/1000
f 4567/580/1001 4572/584/1001 4098/444/1001
f 4572/584/1002 4097/445/1002 4098/444/1002
f 4062/572/1003 4573/574/1003 4568/573/1003
f 4573/574/1004 4574/585/1004 4568/573/1004
f 4568/573/1005 4574/585/1005 4569/581/1005
f 4574/585/1006 4575/586/1006 4569/581/1006
f 4569/581/1007 4575/586/1007 4570/582/1007
f 4575/586/1008 4576/587/1008 4570/582/1008
f 4570/582/1009 4576/587/1009 4571/583/1009
f 4576/587/1010 4577/588/1010 4571/583/1010
f 4571/583/1011 4577/588/1011 4572/584/1011
f 4577/588/1012 4578/589/1012 4572/584/1012
f 4572/584/1013 4578/589/1013 4097/445/1013
f 4578/589/1014 4096/446/1014 4097/445/1014
f 4061/15/1015 4088/14/1015 4573/574/1015
f 4088/14/1016 4087/590/1016 4573/574/1016
f 4573/574/1017 4087/590/1017 4574/585/1017
f 4087/590/1018 4086/591/1018 4574/585/1018
f 4574/585/1019 4086/591/1019 4575/586/1019
f 4086/591/1020 4085/592/1020 4575/586/1020
f 4575/586/1021 4085/592/1021 4576/587/1021
f 4085/592/1022 4084/593/1022 4576/587/1022
f 4576/587/1023 4084/593/1023 4577/588/1023
f 4084/593/1024 4083/594/1024 4577/588/1024
f 4577/588/1025 4083/594/1025 4578/589/1025
f 4083/594/1026 4082/595/1026 4578/589/1026
f 4578/589/1027 4082/595/1027 4096/446/1027
f 4082/595/1028 4025/23/1028 4096/446/1028
f 4082/596/1029 4095/24/1029 4025/23/1029
f 4083/597/1030 4579/598/1030 4082/596/1030
f 4084/599/1031 4580/600/1031 4083/597/1031
f 4085/601/1032 4582/602/1032 4084/599/1032
f 4086/603/1033 4585/604/1033 4085/601/1033
f 4087/605/1034 4589/606/1034 4086/603/1034
f 4088/12/1035 4594/607/1035 4087/605/1035
f 4082/596/1036 4579/598/1036 4095/24/1036
f 4579/598/1037 4094/468/1037 4095/24/1037
f 4083/597/1038 4580/600/1038 4579/598/1038
f 4580/600/1039 4581/608/1039 4579/598/1039
f 4579/598/1359 4581/608/1359 4094/468/1359
f 4581/608/1041 4093/469/1041 4094/468/1041
f 4084/599/1042 4582/602/1042 4580/600/1042
f 4582/602/1043 4583/609/1043 4580/600/1043
f 4580/600/1044 4583/609/1044 4581/608/1044
f 4583/609/1045 4584/610/1045 4581/608/1045
f 4581/608/1046 4584/610/1046 4093/469/1046
f 4584/610/1047 4092/470/1047 4093/469/1047
f 4085/601/1048 4585/604/1048 4582/602/1048
f 4585/604/1049 4586/611/1049 4582/602/1049
f 4582/602/1050 4586/611/1050 4583/609/1050
f 4586/611/1051 4587/612/1051 4583/609/1051
f 4583/609/1052 4587/612/1052 4584/610/1052
f 4587/612/1053 4588/613/1053 4584/610/1053
f 4584/610/1054 4588/613/1054 4092/470/1054
f 4588/613/1055 4091/471/1055 4092/470/1055
f 4086/603/1056 4589/606/1056 4585/604/1056
f 4589/606/1057 4590/614/1057 4585/604/1057
f 4585/604/1058 4590/614/1058 4586/611/1058
f 4590/614/1059 4591/615/1059 4586/611/1059
f 4586/611/1060 4591/615/1060 4587/612/1060
f 4591/615/1061 4592/616/1061 4587/612/1061
f 4587/612/1062 4592/616/1062 4588/613/1062
f 4592/616/1063 4593/617/1063 4588/613/1063
f 4588/613/1064 4593/617/1064 4091/471/1064
f 4593/617/1065 4090/472/1065 4091/471/1065
f 4087/605/1066 4594/607/1066 4589/606/1066
f 4594/607/1067 4595/618/1067 4589/606/1067
f 4589/606/1068 4595/618/1068 4590/614/1068
f 4595/618/1069 4596/619/1069 4590/614/1069
f 4590/614/1070 4596/619/1070 4591/615/1070
f 4596/619/1071 4597/620/1071 4591/615/1071
f 4591/615/1072 4597/620/1072 4592/616/1072
f 4597/620/1073 4598/621/1073 4592/616/1073
f 4592/616/1074 4598/621/1074 4593/617/1074
f 4598/621/1075 4599/622/1075 4593/617/1075
f 4593/617/1076 4599/622/1076 4090/472/1076
f 4599/622/1077 4089/473/1077 4090/472/1077
f 4088/12/1078 4074/11/1078 4594/607/1078
f 4074/11/1079 4073/623/1079 4594/607/1079
f 4594/607/1080 4073/623/1080 4595/618/1080
f 4073/623/1081 4072/624/1081 4595/618/1081
f 4595/618/1395 4072/624/1395 4596/619/1395
f 4072/624/1083 4071/625/1083 4596/619/1083
f 4596/619/1084 4071/625/1084 4597/620/1084
f 4071/625/1085 4070/626/1085 4597/620/1085
f 4597/620/1387 4070/626/1387 4598/621/1387
f 4070/626/1087 4069/627/1087 4598/621/1087
f 4598/621/1088 4069/627/1088 4599/622/1088
f 4069/627/1089 4068/628/1089 4599/622/1089
f 4599/622/1090 4068/628/1090 4089/473/1090
f 4068/628/1091 4024/20/1091 4089/473/1091
f 4068/629/1092 4081/21/1092 4024/20/1092
f 4069/630/1093 4600/631/1093 4068/629/1093
f 4070/632/1094 4601/633/1094 4069/630/1094
f 4071/634/1095 4603/635/1095 4070/632/1095
f 4072/636/1096 4606/637/1096 4071/634/1096
f 4073/638/1097 4610/639/1097 4072/636/1097
f 4074/9/1098 4615/640/1098 4073/638/1098
f 4068/629/1099 4600/631/1099 4081/21/1099
f 4600/631/1100 4080/502/1100 4081/21/1100
f 4069/630/1101 4601/633/1101 4600/631/1101
f 4601/633/1102 4602/641/1102 4600/631/1102
f 4600/631/1103 4602/641/1103 4080/502/1103
f 4602/641/1104 4079/503/1104 4080/502/1104
f 4070/632/1396 4603/635/1396 4601/633/1396
f 4603/635/1106 4604/642/1106 4601/633/1106
f 4601/633/1107 4604/642/1107 4602/641/1107
f 4604/642/1108 4605/643/1108 4602/641/1108
f 4602/641/1109 4605/643/1109 4079/503/1109
f 4605/643/1110 4078/504/1110 4079/503/1110
f 4071/634/1111 4606/637/1111 4603/635/1111
f 4606/637/1112 4607/644/1112 4603/635/1112
f 4603/635/1113 4607/644/1113 4604/642/1113
f 4607/644/1114 4608/645/1114 4604/642/1114
f 4604/642/1115 4608/645/1115 4605/643/1115
f 4608/645/1116 4609/646/1116 4605/643/1116
f 4605/643/1117 4609/646/1117 4078/504/1117
f 4609/646/1118 4077/505/1118 4078/504/1118
f 4072/636/1397 4610/639/1397 4606/637/1397
f 4610/639/1120 4611/647/1120 4606/637/1120
f 4606/637/1121 4611/647/1121 4607/644/1121
f 4611/647/1122 4612/648/1122 4607/644/1122
f 4607/644/1123 4612/648/1123 4608/645/1123
f 4612/648/1124 4613/649/1124 4608/645/1124
f 4608/645/1125 4613/649/1125 4609/646/1125
f 4613/649/1126 4614/650/1126 4609/646/1126
f 4609/646/1127 4614/650/1127 4077/505/1127
f 4614/650/1128 4076/506/1128 4077/505/1128
f 4073/638/1129 4615/640/1129 4610/639/1129
f 4615/640/1130 4616/651/1130 4610/639/1130
f 4610/639/1131 4616/651/1131 4611/647/1131
f 4616/651/1132 4617/652/1132 4611/647/1132
f 4611/647/1133 4617/652/1133 4612/648/1133
f 4617/652/1134 4618/653/1134 4612/648/1134
f 4612/648/1135 4618/653/1135 4613/649/1135
f 4618/653/1136 4619/654/1136 4613/649/1136
f 4613/649/1137 4619/654/1137 4614/650/1137
f 4619/654/1138 4620/655/1138 4614/650/1138
f 4614/650/1398 4620/655/1398 4076/506/1398
f 4620/655/1140 4075/507/1140 4076/506/1140
f 4074/9/1141 4039/8/1141 4615/640/1141
f 4039/8/1142 4038/656/1142 4615/640/1142
f 4615/640/1143 4038/656/1143 4616/651/1143
f 4038/656/1144 4037/657/1144 4616/651/1144
f 4616/651/1145 4037/657/1145 4617/652/1145
f 4037/657/1146 4036/658/1146 4617/652/1146
f 4617/652/1147 4036/658/1147 4618/653/1147
f 4036/658/1148 4035/659/1148 4618/653/1148
f 4618/653/1149 4035/659/1149 4619/654/1149
f 4035/659/1150 4034/660/1150 4619/654/1150
f 4619/654/1151 4034/660/1151 4620/655/1151
f 4034/660/1152 4033/661/1152 4620/655/1152
f 4620/655/1153 4033/661/1153 4075/507/1153
f 4033/661/1154 4023/508/1154 4075/507/1154
f 4054/562/1155 4067/662/1155 4026/26/1155
f 4055/561/1156 4621/663/1156 4054/562/1156
f 4056/560/1157 4622/664/1157 4055/561/1157
f 4057/559/1158 4624/665/1158 4056/560/1158
f 4058/558/1159 4627/666/1159 4057/559/1159
f 4059/557/1160 4631/667/1160 4058/558/1160
f 4060/6/1161 4636/668/1161 4059/557/1161
f 4054/562/1162 4621/663/1162 4067/662/1162
f 4621/663/1163 4066/669/1163 4067/662/1163
f 4055/561/1164 4622/664/1164 4621/663/1164
f 4622/664/1165 4623/670/1165 4621/663/1165
f 4621/663/1166 4623/670/1166 4066/669/1166
f 4623/670/1167 4065/671/1167 4066/669/1167
f 4056/560/1168 4624/665/1168 4622/664/1168
f 4624/665/1169 4625/672/1169 4622/664/1169
f 4622/664/1170 4625/672/1170 4623/670/1170
f 4625/672/1171 4626/673/1171 4623/670/1171
f 4623/670/1172 4626/673/1172 4065/671/1172
f 4626/673/1173 4064/674/1173 4065/671/1173
f 4057/559/1174 4627/666/1174 4624/665/1174
f 4627/666/1175 4628/675/1175 4624/665/1175
f 4624/665/1176 4628/675/1176 4625/672/1176
f 4628/675/1177 4629/676/1177 4625/672/1177
f 4625/672/1178 4629/676/1178 4626/673/1178
f 4629/676/1399 4630/677/1399 4626/673/1399
f 4626/673/1180 4630/677/1180 4064/674/1180
f 4630/677/1181 4063/678/1181 4064/674/1181
f 4058/558/1182 4631/667/1182 4627/666/1182
f 4631/667/1183 4632/679/1183 4627/666/1183
f 4627/666/1184 4632/679/1184 4628/675/1184
f 4632/679/1185 4633/680/1185 4628/675/1185
f 4628/675/1186 4633/680/1186 4629/676/1186
f 4633/680/1187 4634/681/1187 4629/676/1187
f 4629/676/1188 4634/681/1188 4630/677/1188
f 4634/681/1189 4635/682/1189 4630/677/1189
f 4630/677/1190 4635/682/1190 4063/678/1190
f 4635/682/1191 4062/683/1191 4063/678/1191
f 4059/557/1192 4636/668/1192 4631/667/1192
f 4636/668/1193 4637/684/1193 4631/667/1193
f 4631/667/1194 4637/684/1194 4632/679/1194
f 4637/684/1195 4638/685/1195 4632/679/1195
f 4632/679/1196 4638/685/1196 4633/680/1196
f 4638/685/1388 4639/686/1388 4633/680/1388
f 4633/680/1198 4639/686/1198 4634/681/1198
f 4639/686/1199 4640/687/1199 4634/681/1199
f 4634/681/1200 4640/687/1200 4635/682/1200
f 4640/687/1201 4641/688/1201 4635/682/1201
f 4635/682/1202 4641/688/1202 4062/683/1202
f 4641/688/1203 4061/689/1203 4062/683/1203
f 4060/6/1204 4046/5/1204 4636/668/1204
f 4046/5/1205 4045/690/1205 4636/668/1205
f 4636/668/1206 4045/690/1206 4637/684/1206
f 4045/690/1207 4044/691/1207 4637/684/1207
f 4637/684/1208 4044/691/1208 4638/685/1208
f 4044/691/1209 4043/692/1209 4638/685/1209
f 4638/685/1210 4043/692/1210 4639/686/1210
f 4043/692/1400 4042/693/1400 4639/686/1400
f 4639/686/1212 4042/693/1212 4640/687/1212
f 4042/693/1213 4041/694/1213 4640/687/1213
f 4640/687/1214 4041/694/1214 4641/688/1214
f 4041/694/1215 4040/695/1215 4641/688/1215
f 4641/688/1216 4040/695/1216 4061/689/1216
f 4040/695/1389 4021/696/1389 4061/689/1389
f 4033/697/1218 4053/18/1218 4023/17/1218
f 4034/698/1219 4642/699/1219 4033/697/1219
f 4035/700/1220 4643/701/1220 4034/698/1220
f 4036/702/1221 4645/703/1221 4035/700/1221
f 4037/704/1222 4648/705/1222 4036/702/1222
f 4038/706/1223 4652/707/1223 4037/704/1223
f 4039/3/1224 4657/708/1224 4038/706/1224
f 4033/697/1225 4642/699/1225 4053/18/1225
f 4642/699/1226 4052/530/1226 4053/18/1226
f 4034/698/1361 4643/701/1361 4642/699/1361
f 4643/701/1228 4644/709/1228 4642/699/1228
f 4642/699/1229 4644/709/1229 4052/530/1229
f 4644/709/1230 4051/531/1230 4052/530/1230
f 4035/700/1231 4645/703/1231 4643/701/1231
f 4645/703/1232 4646/710/1232 4643/701/1232
f 4643/701/1233 4646/710/1233 4644/709/1233
f 4646/710/1234 4647/711/1234 4644/709/1234
f 4644/709/1235 4647/711/1235 4051/531/1235
f 4647/711/1236 4050/532/1236 4051/531/1236
f 4036/702/1237 4648/705/1237 4645/703/1237
f 4648/705/1238 4649/712/1238 4645/703/1238
f 4645/703/1239 4649/712/1239 4646/710/1239
f 4649/712/1240 4650/713/1240 4646/710/1240
f 4646/710/1241 4650/713/1241 4647/711/1241
f 4650/713/1242 4651/714/1242 4647/711/1242
f 4647/711/1243 4651/714/1243 4050/532/1243
f 4651/714/1244 4049/533/1244 4050/532/1244
f 4037/704/1245 4652/707/1245 4648/705/1245
f 4652/707/1246 4653/715/1246 4648/705/1246
f 4648/705/1247 4653/715/1247 4649/712/1247
f 4653/715/1248 4654/716/1248 4649/712/1248
f 4649/712/1249 4654/716/1249 4650/713/1249
f 4654/716/1250 4655/717/1250 4650/713/1250
f 4650/713/1251 4655/717/1251 4651/714/1251
f 4655/717/1252 4656/718/1252 4651/714/1252
f 4651/714/1253 4656/718/1253 4049/533/1253
f 4656/718/1254 4048/534/1254 4049/533/1254
f 4038/706/1255 4657/708/1255 4652/707/1255
f 4657/708/1256 4658/719/1256 4652/707/1256
f 4652/707/1257 4658/719/1257 4653/715/1257
f 4658/719/1258 4659/720/1258 4653/715/1258
f 4653/715/1259 4659/720/1259 4654/716/1259
f 4659/720/1260 4660/721/1260 4654/716/1260
f 4654/716/1261 4660/721/1261 4655/717/1261
f 4660/721/1262 4661/722/1262 4655/717/1262
f 4655/717/1263 4661/722/1263 4656/718/1263
f 4661/722/1264 4662/723/1264 4656/718/1264
f 4656/718/1265 4662/723/1265 4048/534/1265
f 4662/723/1266 4047/535/1266 4048/534/1266
f 4039/3/1267 4040/2/1267 4657/708/1267
f 4040/2/1268 4041/724/1268 4657/708/1268
f 4657/708/1269 4041/724/1269 4658/719/1269
f 4041/724/1270 4042/725/1270 4658/719/1270
f 4658/719/1271 4042/725/1271 4659/720/1271
f 4042/725/1272 4043/726/1272 4659/720/1272
f 4659/720/1273 4043/726/1273 4660/721/1273
f 4043/726/1274 4044/727/1274 4660/721/1274
f 4660/721/1275 4044/727/1275 4661/722/1275
f 4044/727/1276 4045/728/1276 4661/722/1276
f 4661/722/1277 4045/728/1277 4662/723/1277
f 4045/728/1278 4046/729/1278 4662/723/1278
f 4662/723/1279 4046/729/1279 4047/535/1279
f 4046/729/1280 4022/4/1280 4047/535/1280
f 4663/1/1 4682/2/1 4681/3/1
f 4664/4/2 4688/5/2 4702/6/2
f 4663/7/3 4681/8/3 4716/9/3
f 4663/10/4 4716/11/4 4730/12/4
f 4663/13/5 4730/14/5 4703/15/5
f 4664/4/6 4702/6/6 4751/16/6
f 4665/17/7 4695/18/7 4765/19/7
f 4666/20/8 4723/21/8 4779/22/8
f 4667/23/9 4737/24/9 4793/25/9
f 4668/26/10 4744/27/10 4807/28/10
f 4664/4/11 4751/16/11 4766/29/11
f 4665/17/12 4765/19/12 4780/30/12
f 4666/20/13 4779/22/13 4794/31/13
f 4667/23/14 4793/25/14 4808/32/14
f 4668/26/15 4807/28/15 4752/33/15
f 4669/34/16 4821/35/16 4856/36/16
f 4670/37/17 4828/38/17 4870/39/17
f 4671/40/18 4835/41/18 4877/42/18
f 4672/43/19 4842/44/19 4884/45/19
f 4673/46/20 4849/47/20 4857/48/20
f 4863/49/21 4878/50/21 4674/51/21
f 4862/52/22 4885/53/22 4863/49/22
f 4861/54/23 4886/55/23 4862/52/23
f 4860/56/24 4888/57/24 4861/54/24
f 4859/58/25 4891/59/25 4860/56/25
f 4858/60/26 4895/61/26 4859/58/26
f 4857/48/27 4900/62/27 4858/60/27
f 4863/49/28 4885/53/28 4878/50/28
f 4885/53/29 4879/63/29 4878/50/29
f 4862/52/30 4886/55/30 4885/53/30
f 4886/55/31 4887/64/31 4885/53/31
f 4885/53/32 4887/64/32 4879/63/32
f 4887/64/33 4880/65/33 4879/63/33
f 4861/54/34 4888/57/34 4886/55/34
f 4888/57/35 4889/66/35 4886/55/35
f 4886/55/36 4889/66/36 4887/64/36
f 4889/66/37 4890/67/37 4887/64/37
f 4887/64/38 4890/67/38 4880/65/38
f 4890/67/39 4881/68/39 4880/65/39
f 4860/56/40 4891/59/40 4888/57/40
f 4891/59/41 4892/69/41 4888/57/41
f 4888/57/42 4892/69/42 4889/66/42
f 4892/69/43 4893/70/43 4889/66/43
f 4889/66/44 4893/70/44 4890/67/44
f 4893/70/45 4894/71/45 4890/67/45
f 4890/67/46 4894/71/46 4881/68/46
f 4894/71/47 4882/72/47 4881/68/47
f 4859/58/48 4895/61/48 4891/59/48
f 4895/61/49 4896/73/49 4891/59/49
f 4891/59/50 4896/73/50 4892/69/50
f 4896/73/51 4897/74/51 4892/69/51
f 4892/69/52 4897/74/52 4893/70/52
f 4897/74/53 4898/75/53 4893/70/53
f 4893/70/54 4898/75/54 4894/71/54
f 4898/75/55 4899/76/55 4894/71/55
f 4894/71/56 4899/76/56 4882/72/56
f 4899/76/57 4883/77/57 4882/72/57
f 4858/60/58 4900/62/58 4895/61/58
f 4900/62/59 4901/78/59 4895/61/59
f 4895/61/60 4901/78/60 4896/73/60
f 4901/78/61 4902/79/61 4896/73/61
f 4896/73/62 4902/79/62 4897/74/62
f 4902/79/63 4903/80/63 4897/74/63
f 4897/74/64 4903/80/64 4898/75/64
f 4903/80/65 4904/81/65 4898/75/65
f 4898/75/66 4904/81/66 4899/76/66
f 4904/81/67 4905/82/67 4899/76/67
f 4899/76/68 4905/82/68 4883/77/68
f 4905/82/69 4884/83/69 4883/77/69
f 4857/48/70 4849/47/70 4900/62/70
f 4849/47/71 4848/84/71 4900/62/71
f 4900/62/72 4848/84/72 4901/78/72
f 4848/84/73 4847/85/73 4901/78/73
f 4901/78/74 4847/85/74 4902/79/74
f 4847/85/75 4846/86/75 4902/79/75
f 4902/79/76 4846/86/76 4903/80/76
f 4846/86/77 4845/87/77 4903/80/77
f 4903/80/78 4845/87/78 4904/81/78
f 4845/87/79 4844/88/79 4904/81/79
f 4904/81/80 4844/88/80 4905/82/80
f 4844/88/81 4843/89/81 4905/82/81
f 4905/82/82 4843/89/82 4884/83/82
f 4843/89/83 4672/43/83 4884/83/83
f 4878/90/84 4871/91/84 4674/92/84
f 4879/93/85 4906/94/85 4878/90/85
f 4880/95/86 4907/96/86 4879/93/86
f 4881/97/87 4909/98/87 4880/95/87
f 4882/99/88 4912/100/88 4881/97/88
f 4883/101/89 4916/102/89 4882/99/89
f 4884/45/90 4921/103/90 4883/101/90
f 4878/90/91 4906/94/91 4871/91/91
f 4906/94/92 4872/104/92 4871/91/92
f 4879/93/93 4907/96/93 4906/94/93
f 4907/96/94 4908/105/94 4906/94/94
f 4906/94/95 4908/105/95 4872/104/95
f 4908/105/96 4873/106/96 4872/104/96
f 4880/95/97 4909/98/97 4907/96/97
f 4909/98/98 4910/107/98 4907/96/98
f 4907/96/99 4910/107/99 4908/105/99
f 4910/107/100 4911/108/100 4908/105/100
f 4908/105/101 4911/108/101 4873/106/101
f 4911/108/102 4874/109/102 4873/106/102
f 4881/97/103 4912/100/103 4909/98/103
f 4912/100/104 4913/110/104 4909/98/104
f 4909/98/105 4913/110/105 4910/107/105
f 4913/110/106 4914/111/106 4910/107/106
f 4910/107/107 4914/111/107 4911/108/107
f 4914/111/108 4915/112/108 4911/108/108
f 4911/108/109 4915/112/109 4874/109/109
f 4915/112/110 4875/113/110 4874/109/110
f 4882/99/111 4916/102/111 4912/100/111
f 4916/102/112 4917/114/112 4912/100/112
f 4912/100/113 4917/114/113 4913/110/113
f 4917/114/114 4918/115/114 4913/110/114
f 4913/110/115 4918/115/115 4914/111/115
f 4918/115/116 4919/116/116 4914/111/116
f 4914/111/117 4919/116/117 4915/112/117
f 4919/116/118 4920/117/118 4915/112/118
f 4915/112/119 4920/117/119 4875/113/119
f 4920/117/120 4876/118/120 4875/113/120
f 4883/101/121 4921/103/121 4916/102/121
f 4921/103/122 4922/119/122 4916/102/122
f 4916/102/123 4922/119/123 4917/114/123
f 4922/119/124 4923/120/124 4917/114/124
f 4917/114/125 4923/120/125 4918/115/125
f 4923/120/126 4924/121/126 4918/115/126
f 4918/115/127 4924/121/127 4919/116/127
f 4924/121/128 4925/122/128 4919/116/128
f 4919/116/129 4925/122/129 4920/117/129
f 4925/122/130 4926/123/130 4920/117/130
f 4920/117/131 4926/123/131 4876/118/131
f 4926/123/132 4877/124/132 4876/118/132
f 4884/45/133 4842/44/133 4921/103/133
f 4842/44/134 4841/125/134 4921/103/134
f 4921/103/135 4841/125/135 4922/119/135
f 4841/125/136 4840/126/136 4922/119/136
f 4922/119/137 4840/126/137 4923/120/137
f 4840/126/138 4839/127/138 4923/120/138
f 4923/120/139 4839/127/139 4924/121/139
f 4839/127/140 4838/128/140 4924/121/140
f 4924/121/141 4838/128/141 4925/122/141
f 4838/128/142 4837/129/142 4925/122/142
f 4925/122/143 4837/129/143 4926/123/143
f 4837/129/144 4836/130/144 4926/123/144
f 4926/123/145 4836/130/145 4877/124/145
f 4836/130/146 4671/40/146 4877/124/146
f 4871/131/147 4864/132/147 4674/133/147
f 4872/134/148 4927/135/148 4871/131/148
f 4873/136/149 4928/137/149 4872/134/149
f 4874/138/150 4930/139/150 4873/136/150
f 4875/140/151 4933/141/151 4874/138/151
f 4876/142/152 4937/143/152 4875/140/152
f 4877/42/153 4942/144/153 4876/142/153
f 4871/131/154 4927/135/154 4864/132/154
f 4927/135/155 4865/145/155 4864/132/155
f 4872/134/156 4928/137/156 4927/135/156
f 4928/137/157 4929/146/157 4927/135/157
f 4927/135/158 4929/146/158 4865/145/158
f 4929/146/159 4866/147/159 4865/145/159
f 4873/136/160 4930/139/160 4928/137/160
f 4930/139/161 4931/148/161 4928/137/161
f 4928/137/162 4931/148/162 4929/146/162
f 4931/148/163 4932/149/163 4929/146/163
f 4929/146/164 4932/149/164 4866/147/164
f 4932/149/165 4867/150/165 4866/147/165
f 4874/138/166 4933/141/166 4930/139/166
f 4933/141/167 4934/151/167 4930/139/167
f 4930/139/168 4934/151/168 4931/148/168
f 4934/151/169 4935/152/169 4931/148/169
f 4931/148/170 4935/152/170 4932/149/170
f 4935/152/171 4936/153/171 4932/149/171
f 4932/149/172 4936/153/172 4867/150/172
f 4936/153/173 4868/154/173 4867/150/173
f 4875/140/174 4937/143/174 4933/141/174
f 4937/143/175 4938/155/175 4933/141/175
f 4933/141/176 4938/155/176 4934/151/176
f 4938/155/177 4939/156/177 4934/151/177
f 4934/151/178 4939/156/178 4935/152/178
f 4939/156/179 4940/157/179 4935/152/179
f 4935/152/180 4940/157/180 4936/153/180
f 4940/157/181 4941/158/181 4936/153/181
f 4936/153/182 4941/158/182 4868/154/182
f 4941/158/183 4869/159/183 4868/154/183
f 4876/142/184 4942/144/184 4937/143/184
f 4942/144/185 4943/160/185 4937/143/185
f 4937/143/186 4943/160/186 4938/155/186
f 4943/160/187 4944/161/187 4938/155/187
f 4938/155/188 4944/161/188 4939/156/188
f 4944/161/189 4945/162/189 4939/156/189
f 4939/156/190 4945/162/190 4940/157/190
f 4945/162/191 4946/163/191 4940/157/191
f 4940/157/192 4946/163/192 4941/158/192
f 4946/163/193 4947/164/193 4941/158/193
f 4941/158/194 4947/164/194 4869/159/194
f 4947/164/195 4870/165/195 4869/159/195
f 4877/42/196 4835/41/196 4942/144/196
f 4835/41/197 4834/166/197 4942/144/197
f 4942/144/198 4834/166/198 4943/160/198
f 4834/166/199 4833/167/199 4943/160/199
f 4943/160/200 4833/167/200 4944/161/200
f 4833/167/201 4832/168/201 4944/161/201
f 4944/161/202 4832/168/202 4945/162/202
f 4832/168/203 4831/169/203 4945/162/203
f 4945/162/204 4831/169/204 4946/163/204
f 4831/169/205 4830/170/205 4946/163/205
f 4946/163/206 4830/170/206 4947/164/206
f 4830/170/207 4829/171/207 4947/164/207
f 4947/164/208 4829/171/208 4870/165/208
f 4829/171/209 4670/172/209 4870/165/209
f 4864/173/210 4850/174/210 4674/175/210
f 4865/176/211 4948/177/211 4864/173/211
f 4866/178/212 4949/179/212 4865/176/212
f 4867/180/213 4951/181/213 4866/178/213
f 4868/182/214 4954/183/214 4867/180/214
f 4869/184/215 4958/185/215 4868/182/215
f 4870/39/216 4963/186/216 4869/184/216
f 4864/173/217 4948/177/217 4850/174/217
f 4948/177/218 4851/187/218 4850/174/218
f 4865/176/219 4949/179/219 4948/177/219
f 4949/179/220 4950/188/220 4948/177/220
f 4948/177/221 4950/188/221 4851/187/221
f 4950/188/222 4852/189/222 4851/187/222
f 4866/178/223 4951/181/223 4949/179/223
f 4951/181/224 4952/190/224 4949/179/224
f 4949/179/225 4952/190/225 4950/188/225
f 4952/190/226 4953/191/226 4950/188/226
f 4950/188/227 4953/191/227 4852/189/227
f 4953/191/228 4853/192/228 4852/189/228
f 4867/180/229 4954/183/229 4951/181/229
f 4954/183/230 4955/193/230 4951/181/230
f 4951/181/231 4955/193/231 4952/190/231
f 4955/193/232 4956/194/232 4952/190/232
f 4952/190/233 4956/194/233 4953/191/233
f 4956/194/234 4957/195/234 4953/191/234
f 4953/191/235 4957/195/235 4853/192/235
f 4957/195/236 4854/196/236 4853/192/236
f 4868/182/237 4958/185/237 4954/183/237
f 4958/185/238 4959/197/238 4954/183/238
f 4954/183/239 4959/197/239 4955/193/239
f 4959/197/240 4960/198/240 4955/193/240
f 4955/193/241 4960/198/241 4956/194/241
f 4960/198/242 4961/199/242 4956/194/242
f 4956/194/243 4961/199/243 4957/195/243
f 4961/199/244 4962/200/244 4957/195/244
f 4957/195/245 4962/200/245 4854/196/245
f 4962/200/246 4855/201/246 4854/196/246
f 4869/184/247 4963/186/247 4958/185/247
f 4963/186/248 4964/202/248 4958/185/248
f 4958/185/249 4964/202/249 4959/197/249
f 4964/202/250 4965/203/250 4959/197/250
f 4959/197/251 4965/203/251 4960/198/251
f 4965/203/252 4966/204/252 4960/198/252
f 4960/198/253 4966/204/253 4961/199/253
f 4966/204/254 4967/205/254 4961/199/254
f 4961/199/255 4967/205/255 4962/200/255
f 4967/205/256 4968/206/256 4962/200/256
f 4962/200/257 4968/206/257 4855/201/257
f 4968/206/258 4856/207/258 4855/201/258
f 4870/39/259 4828/38/259 4963/186/259
f 4828/38/260 4827/208/260 4963/186/260
f 4963/186/261 4827/208/261 4964/202/261
f 4827/208/262 4826/209/262 4964/202/262
f 4964/202/263 4826/209/263 4965/203/263
f 4826/209/264 4825/210/264 4965/203/264
f 4965/203/265 4825/210/265 4966/204/265
f 4825/210/266 4824/211/266 4966/204/266
f 4966/204/267 4824/211/267 4967/205/267
f 4824/211/268 4823/212/268 4967/205/268
f 4967/205/269 4823/212/269 4968/206/269
f 4823/212/270 4822/213/270 4968/206/270
f 4968/206/271 4822/213/271 4856/207/271
f 4822/213/272 4669/34/272 4856/207/272
f 4850/214/273 4863/215/273 4674/216/273
f 4851/217/274 4969/218/274 4850/214/274
f 4852/219/275 4970/220/275 4851/217/275
f 4853/221/276 4972/222/276 4852/219/276
f 4854/223/277 4975/224/277 4853/221/277
f 4855/225/278 4979/226/278 4854/223/278
f 4856/36/279 4984/227/279 4855/225/279
f 4850/214/280 4969/218/280 4863/215/280
f 4969/218/281 4862/228/281 4863/215/281
f 4851/217/282 4970/220/282 4969/218/282
f 4970/220/283 4971/229/283 4969/218/283
f 4969/218/284 4971/229/284 4862/228/284
f 4971/229/285 4861/230/285 4862/228/285
f 4852/219/286 4972/222/286 4970/220/286
f 4972/222/287 4973/231/287 4970/220/287
f 4970/220/288 4973/231/288 4971/229/288
f 4973/231/289 4974/232/289 4971/229/289
f 4971/229/290 4974/232/290 4861/230/290
f 4974/232/291 4860/233/291 4861/230/291
f 4853/221/292 4975/224/292 4972/222/292
f 4975/224/293 4976/234/293 4972/222/293
f 4972/222/294 4976/234/294 4973/231/294
f 4976/234/295 4977/235/295 4973/231/295
f 4973/231/296 4977/235/296 4974/232/296
f 4977/235/297 4978/236/297 4974/232/297
f 4974/232/298 4978/236/298 4860/233/298
f 4978/236/299 4859/237/299 4860/233/299
f 4854/223/300 4979/226/300 4975/224/300
f 4979/226/301 4980/238/301 4975/224/301
f 4975/224/302 4980/238/302 4976/234/302
f 4980/238/303 4981/239/303 4976/234/303
f 4976/234/304 4981/239/304 4977/235/304
f 4981/239/305 4982/240/305 4977/235/305
f 4977/235/306 4982/240/306 4978/236/306
f 4982/240/307 4983/241/307 4978/236/307
f 4978/236/308 4983/241/308 4859/237/308
f 4983/241/309 4858/242/309 4859/237/309
f 4855/225/310 4984/227/310 4979/226/310
f 4984/227/311 4985/243/311 4979/226/311
f 4979/226/312 4985/243/312 4980/238/312
f 4985/243/313 4986/244/313 4980/238/313
f 4980/238/314 4986/244/314 4981/239/314
f 4986/244/315 4987/245/315 4981/239/315
f 4981/239/316 4987/245/316 4982/240/316
f 4987/245/317 4988/246/317 4982/240/317
f 4982/240/318 4988/246/318 4983/241/318
f 4988/246/319 4989/247/319 4983/241/319
f 4983/241/320 4989/247/320 4858/242/320
f 4989/247/321 4857/248/321 4858/242/321
f 4856/36/322 4821/35/322 4984/227/322
f 4821/35/323 4820/249/323 4984/227/323
f 4984/227/324 4820/249/324 4985/243/324
f 4820/249/325 4819/250/325 4985/243/325
f 4985/243/326 4819/250/326 4986/244/326
f 4819/250/327 4818/251/327 4986/244/327
f 4986/244/328 4818/251/328 4987/245/328
f 4818/251/329 4817/252/329 4987/245/329
f 4987/245/330 4817/252/330 4988/246/330
f 4817/252/331 4816/253/331 4988/246/331
f 4988/246/332 4816/253/332 4989/247/332
f 4816/253/333 4815/254/333 4989/247/333
f 4989/247/334 4815/254/334 4857/248/334
f 4815/254/335 4673/46/335 4857/248/335
f 4758/255/336 4849/47/336 4673/46/336
f 4757/256/337 4990/257/337 4758/255/337
f 4756/258/338 4991/259/338 4757/256/338
f 4755/260/339 4993/261/339 4756/258/339
f 4754/262/340 4996/263/340 4755/260/340
f 4753/264/341 5000/265/341 4754/262/341
f 4752/33/342 5005/266/342 4753/264/342
f 4758/255/343 4990/257/343 4849/47/343
f 4990/257/344 4848/84/344 4849/47/344
f 4757/256/345 4991/259/345 4990/257/345
f 4991/259/346 4992/267/346 4990/257/346
f 4990/257/347 4992/267/347 4848/84/347
f 4992/267/348 4847/85/348 4848/84/348
f 4756/258/349 4993/261/349 4991/259/349
f 4993/261/350 4994/268/350 4991/259/350
f 4991/259/351 4994/268/351 4992/267/351
f 4994/268/352 4995/269/352 4992/267/352
f 4992/267/353 4995/269/353 4847/85/353
f 4995/269/354 4846/86/354 4847/85/354
f 4755/260/355 4996/263/355 4993/261/355
f 4996/263/356 4997/270/356 4993/261/356
f 4993/261/357 4997/270/357 4994/268/357
f 4997/270/358 4998/271/358 4994/268/358
f 4994/268/359 4998/271/359 4995/269/359
f 4998/271/360 4999/272/360 4995/269/360
f 4995/269/361 4999/272/361 4846/86/361
f 4999/272/362 4845/87/362 4846/86/362
f 4754/262/363 5000/265/363 4996/263/363
f 5000/265/364 5001/273/364 4996/263/364
f 4996/263/365 5001/273/365 4997/270/365
f 5001/273/366 5002/274/366 4997/270/366
f 4997/270/367 5002/274/367 4998/271/367
f 5002/274/368 5003/275/368 4998/271/368
f 4998/271/369 5003/275/369 4999/272/369
f 5003/275/370 5004/276/370 4999/272/370
f 4999/272/371 5004/276/371 4845/87/371
f 5004/276/372 4844/88/372 4845/87/372
f 4753/264/373 5005/266/373 5000/265/373
f 5005/266/374 5006/277/374 5000/265/374
f 5000/265/375 5006/277/375 5001/273/375
f 5006/277/376 5007/278/376 5001/273/376
f 5001/273/377 5007/278/377 5002/274/377
f 5007/278/378 5008/279/378 5002/274/378
f 5002/274/379 5008/279/379 5003/275/379
f 5008/279/380 5009/280/380 5003/275/380
f 5003/275/381 5009/280/381 5004/276/381
f 5009/280/382 5010/281/382 5004/276/382
f 5004/276/383 5010/281/383 4844/88/383
f 5010/281/384 4843/89/384 4844/88/384
f 4752/33/385 4807/28/385 5005/266/385
f 4807/28/386 4806/282/386 5005/266/386
f 5005/266/387 4806/282/387 5006/277/387
f 4806/282/388 4805/283/388 5006/277/388
f 5006/277/389 4805/283/389 5007/278/389
f 4805/283/390 4804/284/390 5007/278/390
f 5007/278/391 4804/284/391 5008/279/391
f 4804/284/392 4803/285/392 5008/279/392
f 5008/279/393 4803/285/393 5009/280/393
f 4803/285/394 4802/286/394 5009/280/394
f 5009/280/395 4802/286/395 5010/281/395
f 4802/286/396 4801/287/396 5010/281/396
f 5010/281/397 4801/287/397 4843/89/397
f 4801/287/398 4672/43/398 4843/89/398
f 4814/288/399 4842/44/399 4672/43/399
f 4813/289/400 5011/290/400 4814/288/400
f 4812/291/401 5012/292/401 4813/289/401
f 4811/293/402 5014/294/402 4812/291/402
f 4810/295/403 5017/296/403 4811/293/403
f 4809/297/404 5021/298/404 4810/295/404
f 4808/32/405 5026/299/405 4809/297/405
f 4814/288/406 5011/290/406 4842/44/406
f 5011/290/407 4841/125/407 4842/44/407
f 4813/289/408 5012/292/408 5011/290/408
f 5012/292/409 5013/300/409 5011/290/409
f 5011/290/410 5013/300/410 4841/125/410
f 5013/300/411 4840/126/411 4841/125/411
f 4812/291/412 5014/294/412 5012/292/412
f 5014/294/413 5015/301/413 5012/292/413
f 5012/292/414 5015/301/414 5013/300/414
f 5015/301/415 5016/302/415 5013/300/415
f 5013/300/416 5016/302/416 4840/126/416
f 5016/302/417 4839/127/417 4840/126/417
f 4811/293/418 5017/296/418 5014/294/418
f 5017/296/419 5018/303/419 5014/294/419
f 5014/294/420 5018/303/420 5015/301/420
f 5018/303/421 5019/304/421 5015/301/421
f 5015/301/422 5019/304/422 5016/302/422
f 5019/304/423 5020/305/423 5016/302/423
f 5016/302/424 5020/305/424 4839/127/424
f 5020/305/425 4838/128/425 4839/127/425
f 4810/295/426 5021/298/426 5017/296/426
f 5021/298/427 5022/306/427 5017/296/427
f 5017/296/428 5022/306/428 5018/303/428
f 5022/306/429 5023/307/429 5018/303/429
f 5018/303/430 5023/307/430 5019/304/430
f 5023/307/431 5024/308/431 5019/304/431
f 5019/304/432 5024/308/432 5020/305/432
f 5024/308/433 5025/309/433 5020/305/433
f 5020/305/434 5025/309/434 4838/128/434
f 5025/309/435 4837/129/435 4838/128/435
f 4809/297/436 5026/299/436 5021/298/436
f 5026/299/437 5027/310/437 5021/298/437
f 5021/298/438 5027/310/438 5022/306/438
f 5027/310/439 5028/311/439 5022/306/439
f 5022/306/440 5028/311/440 5023/307/440
f 5028/311/441 5029/312/441 5023/307/441
f 5023/307/442 5029/312/442 5024/308/442
f 5029/312/443 5030/313/443 5024/308/443
f 5024/308/444 5030/313/444 5025/309/444
f 5030/313/445 5031/314/445 5025/309/445
f 5025/309/446 5031/314/446 4837/129/446
f 5031/314/447 4836/130/447 4837/129/447
f 4808/32/448 4793/25/448 5026/299/448
f 4793/25/449 4792/315/449 5026/299/449
f 5026/299/450 4792/315/450 5027/310/450
f 4792/315/451 4791/316/451 5027/310/451
f 5027/310/452 4791/316/452 5028/311/452
f 4791/316/453 4790/317/453 5028/311/453
f 5028/311/454 4790/317/454 5029/312/454
f 4790/317/455 4789/318/455 5029/312/455
f 5029/312/456 4789/318/456 5030/313/456
f 4789/318/457 4788/319/457 5030/313/457
f 5030/313/458 4788/319/458 5031/314/458
f 4788/319/459 4787/320/459 5031/314/459
f 5031/314/460 4787/320/460 4836/130/460
f 4787/320/461 4671/40/461 4836/130/461
f 4800/321/462 4835/41/462 4671/40/462
f 4799/322/463 5032/323/463 4800/321/463
f 4798/324/464 5033/325/464 4799/322/464
f 4797/326/465 5035/327/465 4798/324/465
f 4796/328/466 5038/329/466 4797/326/466
f 4795/330/467 5042/331/467 4796/328/467
f 4794/31/468 5047/332/468 4795/330/468
f 4800/321/469 5032/323/469 4835/41/469
f 5032/323/470 4834/166/470 4835/41/470
f 4799/322/471 5033/325/471 5032/323/471
f 5033/325/472 5034/333/472 5032/323/472
f 5032/323/473 5034/333/473 4834/166/473
f 5034/333/474 4833/167/474 4834/166/474
f 4798/324/475 5035/327/475 5033/325/475
f 5035/327/476 5036/334/476 5033/325/476
f 5033/325/477 5036/334/477 5034/333/477
f 5036/334/478 5037/335/478 5034/333/478
f 5034/333/479 5037/335/479 4833/167/479
f 5037/335/480 4832/168/480 4833/167/480
f 4797/326/481 5038/329/481 5035/327/481
f 5038/329/482 5039/336/482 5035/327/482
f 5035/327/483 5039/336/483 5036/334/483
f 5039/336/484 5040/337/484 5036/334/484
f 5036/334/485 5040/337/485 5037/335/485
f 5040/337/486 5041/338/486 5037/335/486
f 5037/335/487 5041/338/487 4832/168/487
f 5041/338/488 4831/169/488 4832/168/488
f 4796/328/489 5042/331/489 5038/329/489
f 5042/331/490 5043/339/490 5038/329/490
f 5038/329/491 5043/339/491 5039/336/491
f 5043/339/492 5044/340/492 5039/336/492
f 5039/336/493 5044/340/493 5040/337/493
f 5044/340/494 5045/341/494 5040/337/494
f 5040/337/495 5045/341/495 5041/338/495
f 5045/341/496 5046/342/496 5041/338/496
f 5041/338/497 5046/342/497 4831/169/497
f 5046/342/498 4830/170/498 4831/169/498
f 4795/330/499 5047/332/499 5042/331/499
f 5047/332/500 5048/343/500 5042/331/500
f 5042/331/501 5048/343/501 5043/339/501
f 5048/343/502 5049/344/502 5043/339/502
f 5043/339/503 5049/344/503 5044/340/503
f 5049/344/504 5050/345/504 5044/340/504
f 5044/340/505 5050/345/505 5045/341/505
f 5050/345/506 5051/346/506 5045/341/506
f 5045/341/507 5051/346/507 5046/342/507
f 5051/346/508 5052/347/508 5046/342/508
f 5046/342/509 5052/347/509 4830/170/509
f 5052/347/510 4829/171/510 4830/170/510
f 4794/31/511 4779/22/511 5047/332/511
f 4779/22/512 4778/348/512 5047/332/512
f 5047/332/513 4778/348/513 5048/343/513
f 4778/348/514 4777/349/514 5048/343/514
f 5048/343/515 4777/349/515 5049/344/515
f 4777/349/516 4776/350/516 5049/344/516
f 5049/344/517 4776/350/517 5050/345/517
f 4776/350/518 4775/351/518 5050/345/518
f 5050/345/519 4775/351/519 5051/346/519
f 4775/351/520 4774/352/520 5051/346/520
f 5051/346/521 4774/352/521 5052/347/521
f 4774/352/522 4773/353/522 5052/347/522
f 5052/347/523 4773/353/523 4829/171/523
f 4773/353/524 4670/172/524 4829/171/524
f 4786/354/525 4828/38/525 4670/37/525
f 4785/355/526 5053/356/526 4786/354/526
f 4784/357/527 5054/358/527 4785/355/527
f 4783/359/528 5056/360/528 4784/357/528
f 4782/361/529 5059/362/529 4783/359/529
f 4781/363/530 5063/364/530 4782/361/530
f 4780/30/531 5068/365/531 4781/363/531
f 4786/354/532 5053/356/532 4828/38/532
f 5053/356/533 4827/208/533 4828/38/533
f 4785/355/534 5054/358/534 5053/356/534
f 5054/358/535 5055/366/535 5053/356/535
f 5053/356/536 5055/366/536 4827/208/536
f 5055/366/537 4826/209/537 4827/208/537
f 4784/357/538 5056/360/538 5054/358/538
f 5056/360/539 5057/367/539 5054/358/539
f 5054/358/540 5057/367/540 5055/366/540
f 5057/367/541 5058/368/541 5055/366/541
f 5055/366/542 5058/368/542 4826/209/542
f 5058/368/543 4825/210/543 4826/209/543
f 4783/359/544 5059/362/544 5056/360/544
f 5059/362/545 5060/369/545 5056/360/545
f 5056/360/546 5060/369/546 5057/367/546
f 5060/369/547 5061/370/547 5057/367/547
f 5057/367/548 5061/370/548 5058/368/548
f 5061/370/549 5062/371/549 5058/368/549
f 5058/368/550 5062/371/550 4825/210/550
f 5062/371/551 4824/211/551 4825/210/551
f 4782/361/552 5063/364/552 5059/362/552
f 5063/364/553 5064/372/553 5059/362/553
f 5059/362/554 5064/372/554 5060/369/554
f 5064/372/555 5065/373/555 5060/369/555
f 5060/369/556 5065/373/556 5061/370/556
f 5065/373/557 5066/374/557 5061/370/557
f 5061/370/558 5066/374/558 5062/371/558
f 5066/374/559 5067/375/559 5062/371/559
f 5062/371/560 5067/375/560 4824/211/560
f 5067/375/561 4823/212/561 4824/211/561
f 4781/363/562 5068/365/562 5063/364/562
f 5068/365/563 5069/376/563 5063/364/563
f 5063/364/564 5069/376/564 5064/372/564
f 5069/376/565 5070/377/565 5064/372/565
f 5064/372/566 5070/377/566 5065/373/566
f 5070/377/567 5071/378/567 5065/373/567
f 5065/373/568 5071/378/568 5066/374/568
f 5071/378/569 5072/379/569 5066/374/569
f 5066/374/570 5072/379/570 5067/375/570
f 5072/379/571 5073/380/571 5067/375/571
f 5067/375/572 5073/380/572 4823/212/572
f 5073/380/573 4822/213/573 4823/212/573
f 4780/30/574 4765/19/574 5068/365/574
f 4765/19/575 4764/381/575 5068/365/575
f 5068/365/576 4764/381/576 5069/376/576
f 4764/381/577 4763/382/577 5069/376/577
f 5069/376/578 4763/382/578 5070/377/578
f 4763/382/579 4762/383/579 5070/377/579
f 5070/377/580 4762/383/580 5071/378/580
f 4762/383/581 4761/384/581 5071/378/581
f 5071/378/582 4761/384/582 5072/379/582
f 4761/384/583 4760/385/583 5072/379/583
f 5072/379/584 4760/385/584 5073/380/584
f 4760/385/585 4759/386/585 5073/380/585
f 5073/380/586 4759/386/586 4822/213/586
f 4759/386/587 4669/34/587 4822/213/587
f 4772/387/588 4821/35/588 4669/34/588
f 4771/388/589 5074/389/589 4772/387/589
f 4770/390/590 5075/391/590 4771/388/590
f 4769/392/591 5077/393/591 4770/390/591
f 4768/394/592 5080/395/592 4769/392/592
f 4767/396/593 5084/397/593 4768/394/593
f 4766/29/594 5089/398/594 4767/396/594
f 4772/387/595 5074/389/595 4821/35/595
f 5074/389/596 4820/249/596 4821/35/596
f 4771/388/597 5075/391/597 5074/389/597
f 5075/391/598 5076/399/598 5074/389/598
f 5074/389/599 5076/399/599 4820/249/599
f 5076/399/600 4819/250/600 4820/249/600
f 4770/390/601 5077/393/601 5075/391/601
f 5077/393/602 5078/400/602 5075/391/602
f 5075/391/603 5078/400/603 5076/399/603
f 5078/400/604 5079/401/604 5076/399/604
f 5076/399/605 5079/401/605 4819/250/605
f 5079/401/606 4818/251/606 4819/250/606
f 4769/392/607 5080/395/607 5077/393/607
f 5080/395/608 5081/402/608 5077/393/608
f 5077/393/609 5081/402/609 5078/400/609
f 5081/402/610 5082/403/610 5078/400/610
f 5078/400/611 5082/403/611 5079/401/611
f 5082/403/612 5083/404/612 5079/401/612
f 5079/401/613 5083/404/613 4818/251/613
f 5083/404/614 4817/252/614 4818/251/614
f 4768/394/615 5084/397/615 5080/395/615
f 5084/397/616 5085/405/616 5080/395/616
f 5080/395/617 5085/405/617 5081/402/617
f 5085/405/618 5086/406/618 5081/402/618
f 5081/402/619 5086/406/619 5082/403/619
f 5086/406/620 5087/407/620 5082/403/620
f 5082/403/621 5087/407/621 5083/404/621
f 5087/407/622 5088/408/622 5083/404/622
f 5083/404/623 5088/408/623 4817/252/623
f 5088/408/624 4816/253/624 4817/252/624
f 4767/396/625 5089/398/625 5084/397/625
f 5089/398/626 5090/409/626 5084/397/626
f 5084/397/627 5090/409/627 5085/405/627
f 5090/409/628 5091/410/628 5085/405/628
f 5085/405/629 5091/410/629 5086/406/629
f 5091/410/630 5092/411/630 5086/406/630
f 5086/406/631 5092/411/631 5087/407/631
f 5092/411/632 5093/412/632 5087/407/632
f 5087/407/633 5093/412/633 5088/408/633
f 5093/412/634 5094/413/634 5088/408/634
f 5088/408/635 5094/413/635 4816/253/635
f 5094/413/636 4815/254/636 4816/253/636
f 4766/29/637 4751/16/637 5089/398/637
f 4751/16/638 4750/414/638 5089/398/638
f 5089/398/639 4750/414/639 5090/409/639
f 4750/414/640 4749/415/640 5090/409/640
f 5090/409/641 4749/415/641 5091/410/641
f 4749/415/642 4748/416/642 5091/410/642
f 5091/410/643 4748/416/643 5092/411/643
f 4748/416/644 4747/417/644 5092/411/644
f 5092/411/645 4747/417/645 5093/412/645
f 4747/417/646 4746/418/646 5093/412/646
f 5093/412/647 4746/418/647 5094/413/647
f 4746/418/648 4745/419/648 5094/413/648
f 5094/413/649 4745/419/649 4815/254/649
f 4745/419/650 4673/46/650 4815/254/650
f 4801/287/651 4814/288/651 4672/43/651
f 4802/286/652 5095/420/652 4801/287/652
f 4803/285/653 5096/421/653 4802/286/653
f 4804/284/654 5098/422/654 4803/285/654
f 4805/283/655 5101/423/655 4804/284/655
f 4806/282/656 5105/424/656 4805/283/656
f 4807/28/657 5110/425/657 4806/282/657
f 4801/287/658 5095/420/658 4814/288/658
f 5095/420/659 4813/289/659 4814/288/659
f 4802/286/660 5096/421/660 5095/420/660
f 5096/421/661 5097/426/661 5095/420/661
f 5095/420/662 5097/426/662 4813/289/662
f 5097/426/663 4812/291/663 4813/289/663
f 4803/285/664 5098/422/664 5096/421/664
f 5098/422/665 5099/427/665 5096/421/665
f 5096/421/666 5099/427/666 5097/426/666
f 5099/427/667 5100/428/667 5097/426/667
f 5097/426/668 5100/428/668 4812/291/668
f 5100/428/669 4811/293/669 4812/291/669
f 4804/284/670 5101/423/670 5098/422/670
f 5101/423/671 5102/429/671 5098/422/671
f 5098/422/672 5102/429/672 5099/427/672
f 5102/429/673 5103/430/673 5099/427/673
f 5099/427/674 5103/430/674 5100/428/674
f 5103/430/675 5104/431/675 5100/428/675
f 5100/428/676 5104/431/676 4811/293/676
f 5104/431/677 4810/295/677 4811/293/677
f 4805/283/678 5105/424/678 5101/423/678
f 5105/424/679 5106/432/679 5101/423/679
f 5101/423/680 5106/432/680 5102/429/680
f 5106/432/681 5107/433/681 5102/429/681
f 5102/429/682 5107/433/682 5103/430/682
f 5107/433/683 5108/434/683 5103/430/683
f 5103/430/684 5108/434/684 5104/431/684
f 5108/434/685 5109/435/685 5104/431/685
f 5104/431/686 5109/435/686 4810/295/686
f 5109/435/687 4809/297/687 4810/295/687
f 4806/282/688 5110/425/688 5105/424/688
f 5110/425/689 5111/436/689 5105/424/689
f 5105/424/690 5111/436/690 5106/432/690
f 5111/436/691 5112/437/691 5106/432/691
f 5106/432/692 5112/437/692 5107/433/692
f 5112/437/693 5113/438/693 5107/433/693
f 5107/433/694 5113/438/694 5108/434/694
f 5113/438/695 5114/439/695 5108/434/695
f 5108/434/696 5114/439/696 5109/435/696
f 5114/439/697 5115/440/697 5109/435/697
f 5109/435/698 5115/440/698 4809/297/698
f 5115/440/699 4808/32/699 4809/297/699
f 4807/28/700 4744/27/700 5110/425/700
f 4744/27/701 4743/441/701 5110/425/701
f 5110/425/702 4743/441/702 5111/436/702
f 4743/441/703 4742/442/703 5111/436/703
f 5111/436/704 4742/442/704 5112/437/704
f 4742/442/705 4741/443/705 5112/437/705
f 5112/437/706 4741/443/706 5113/438/706
f 4741/443/707 4740/444/707 5113/438/707
f 5113/438/708 4740/444/708 5114/439/708
f 4740/444/709 4739/445/709 5114/439/709
f 5114/439/710 4739/445/710 5115/440/710
f 4739/445/711 4738/446/711 5115/440/711
f 5115/440/712 4738/446/712 4808/32/712
f 4738/446/713 4667/23/713 4808/32/713
f 4787/320/714 4800/321/714 4671/40/714
f 4788/319/715 5116/447/715 4787/320/715
f 4789/318/716 5117/448/716 4788/319/716
f 4790/317/717 5119/449/717 4789/318/717
f 4791/316/718 5122/450/718 4790/317/718
f 4792/315/719 5126/451/719 4791/316/719
f 4793/25/720 5131/452/720 4792/315/720
f 4787/320/721 5116/447/721 4800/321/721
f 5116/447/722 4799/322/722 4800/321/722
f 4788/319/723 5117/448/723 5116/447/723
f 5117/448/724 5118/453/724 5116/447/724
f 5116/447/725 5118/453/725 4799/322/725
f 5118/453/726 4798/324/726 4799/322/726
f 4789/318/727 5119/449/727 5117/448/727
f 5119/449/728 5120/454/728 5117/448/728
f 5117/448/729 5120/454/729 5118/453/729
f 5120/454/730 5121/455/730 5118/453/730
f 5118/453/731 5121/455/731 4798/324/731
f 5121/455/732 4797/326/732 4798/324/732
f 4790/317/733 5122/450/733 5119/449/733
f 5122/450/734 5123/456/734 5119/449/734
f 5119/449/735 5123/456/735 5120/454/735
f 5123/456/736 5124/457/736 5120/454/736
f 5120/454/737 5124/457/737 5121/455/737
f 5124/457/738 5125/458/738 5121/455/738
f 5121/455/739 5125/458/739 4797/326/739
f 5125/458/740 4796/328/740 4797/326/740
f 4791/316/741 5126/451/741 5122/450/741
f 5126/451/742 5127/459/742 5122/450/742
f 5122/450/743 5127/459/743 5123/456/743
f 5127/459/744 5128/460/744 5123/456/744
f 5123/456/745 5128/460/745 5124/457/745
f 5128/460/746 5129/461/746 5124/457/746
f 5124/457/747 5129/461/747 5125/458/747
f 5129/461/748 5130/462/748 5125/458/748
f 5125/458/749 5130/462/749 4796/328/749
f 5130/462/750 4795/330/750 4796/328/750
f 4792/315/751 5131/452/751 5126/451/751
f 5131/452/752 5132/463/752 5126/451/752
f 5126/451/753 5132/463/753 5127/459/753
f 5132/463/754 5133/464/754 5127/459/754
f 5127/459/755 5133/464/755 5128/460/755
f 5133/464/756 5134/465/756 5128/460/756
f 5128/460/757 5134/465/757 5129/461/757
f 5134/465/758 5135/466/758 5129/461/758
f 5129/461/759 5135/466/759 5130/462/759
f 5135/466/760 5136/467/760 5130/462/760
f 5130/462/761 5136/467/761 4795/330/761
f 5136/467/762 4794/31/762 4795/330/762
f 4793/25/763 4737/24/763 5131/452/763
f 4737/24/764 4736/468/764 5131/452/764
f 5131/452/765 4736/468/765 5132/463/765
f 4736/468/766 4735/469/766 5132/463/766
f 5132/463/767 4735/469/767 5133/464/767
f 4735/469/768 4734/470/768 5133/464/768
f 5133/464/769 4734/470/769 5134/465/769
f 4734/470/770 4733/471/770 5134/465/770
f 5134/465/771 4733/471/771 5135/466/771
f 4733/471/772 4732/472/772 5135/466/772
f 5135/466/773 4732/472/773 5136/467/773
f 4732/472/774 4731/473/774 5136/467/774
f 5136/467/775 4731/473/775 4794/31/775
f 4731/473/776 4666/20/776 4794/31/776
f 4773/353/777 4786/474/777 4670/172/777
f 4774/352/778 5137/475/778 4773/353/778
f 4775/351/779 5138/476/779 4774/352/779
f 4776/350/780 5140/477/780 4775/351/780
f 4777/349/781 5143/478/781 4776/350/781
f 4778/348/782 5147/479/782 4777/349/782
f 4779/22/783 5152/480/783 4778/348/783
f 4773/353/784 5137/475/784 4786/474/784
f 5137/475/785 4785/481/785 4786/474/785
f 4774/352/786 5138/476/786 5137/475/786
f 5138/476/787 5139/482/787 5137/475/787
f 5137/475/788 5139/482/788 4785/481/788
f 5139/482/789 4784/483/789 4785/481/789
f 4775/351/790 5140/477/790 5138/476/790
f 5140/477/791 5141/484/791 5138/476/791
f 5138/476/792 5141/484/792 5139/482/792
f 5141/484/793 5142/485/793 5139/482/793
f 5139/482/794 5142/485/794 4784/483/794
f 5142/485/795 4783/486/795 4784/483/795
f 4776/350/796 5143/478/796 5140/477/796
f 5143/478/797 5144/487/797 5140/477/797
f 5140/477/798 5144/487/798 5141/484/798
f 5144/487/799 5145/488/799 5141/484/799
f 5141/484/800 5145/488/800 5142/485/800
f 5145/488/801 5146/489/801 5142/485/801
f 5142/485/802 5146/489/802 4783/486/802
f 5146/489/803 4782/490/803 4783/486/803
f 4777/349/804 5147/479/804 5143/478/804
f 5147/479/805 5148/491/805 5143/478/805
f 5143/478/806 5148/491/806 5144/487/806
f 5148/491/807 5149/492/807 5144/487/807
f 5144/487/808 5149/492/808 5145/488/808
f 5149/492/809 5150/493/809 5145/488/809
f 5145/488/810 5150/493/810 5146/489/810
f 5150/493/811 5151/494/811 5146/489/811
f 5146/489/812 5151/494/812 4782/490/812
f 5151/494/813 4781/495/813 4782/490/813
f 4778/348/814 5152/480/814 5147/479/814
f 5152/480/815 5153/496/815 5147/479/815
f 5147/479/816 5153/496/816 5148/491/816
f 5153/496/817 5154/497/817 5148/491/817
f 5148/491/818 5154/497/818 5149/492/818
f 5154/497/819 5155/498/819 5149/492/819
f 5149/492/820 5155/498/820 5150/493/820
f 5155/498/821 5156/499/821 5150/493/821
f 5150/493/822 5156/499/822 5151/494/822
f 5156/499/823 5157/500/823 5151/494/823
f 5151/494/824 5157/500/824 4781/495/824
f 5157/500/825 4780/501/825 4781/495/825
f 4779/22/826 4723/21/826 5152/480/826
f 4723/21/827 4722/502/827 5152/480/827
f 5152/480/828 4722/502/828 5153/496/828
f 4722/502/829 4721/503/829 5153/496/829
f 5153/496/830 4721/503/830 5154/497/830
f 4721/503/831 4720/504/831 5154/497/831
f 5154/497/832 4720/504/832 5155/498/832
f 4720/504/833 4719/505/833 5155/498/833
f 5155/498/834 4719/505/834 5156/499/834
f 4719/505/835 4718/506/835 5156/499/835
f 5156/499/836 4718/506/836 5157/500/836
f 4718/506/837 4717/507/837 5157/500/837
f 5157/500/838 4717/507/838 4780/501/838
f 4717/507/839 4665/508/839 4780/501/839
f 4759/386/840 4772/387/840 4669/34/840
f 4760/385/841 5158/509/841 4759/386/841
f 4761/384/842 5159/510/842 4760/385/842
f 4762/383/843 5161/511/843 4761/384/843
f 4763/382/844 5164/512/844 4762/383/844
f 4764/381/845 5168/513/845 4763/382/845
f 4765/19/846 5173/514/846 4764/381/846
f 4759/386/847 5158/509/847 4772/387/847
f 5158/509/848 4771/388/848 4772/387/848
f 4760/385/849 5159/510/849 5158/509/849
f 5159/510/850 5160/515/850 5158/509/850
f 5158/509/851 5160/515/851 4771/388/851
f 5160/515/852 4770/390/852 4771/388/852
f 4761/384/853 5161/511/853 5159/510/853
f 5161/511/854 5162/516/854 5159/510/854
f 5159/510/855 5162/516/855 5160/515/855
f 5162/516/856 5163/517/856 5160/515/856
f 5160/515/857 5163/517/857 4770/390/857
f 5163/517/858 4769/392/858 4770/390/858
f 4762/383/859 5164/512/859 5161/511/859
f 5164/512/860 5165/518/860 5161/511/860
f 5161/511/861 5165/518/861 5162/516/861
f 5165/518/862 5166/519/862 5162/516/862
f 5162/516/863 5166/519/863 5163/517/863
f 5166/519/864 5167/520/864 5163/517/864
f 5163/517/865 5167/520/865 4769/392/865
f 5167/520/866 4768/394/866 4769/392/866
f 4763/382/867 5168/513/867 5164/512/867
f 5168/513/868 5169/521/868 5164/512/868
f 5164/512/869 5169/521/869 5165/518/869
f 5169/521/870 5170/522/870 5165/518/870
f 5165/518/871 5170/522/871 5166/519/871
f 5170/522/872 5171/523/872 5166/519/872
f 5166/519/873 5171/523/873 5167/520/873
f 5171/523/874 5172/524/874 5167/520/874
f 5167/520/875 5172/524/875 4768/394/875
f 5172/524/876 4767/396/876 4768/394/876
f 4764/381/877 5173/514/877 5168/513/877
f 5173/514/878 5174/525/878 5168/513/878
f 5168/513/879 5174/525/879 5169/521/879
f 5174/525/880 5175/526/880 5169/521/880
f 5169/521/881 5175/526/881 5170/522/881
f 5175/526/882 5176/527/882 5170/522/882
f 5170/522/883 5176/527/883 5171/523/883
f 5176/527/884 5177/528/884 5171/523/884
f 5171/523/885 5177/528/885 5172/524/885
f 5177/528/886 5178/529/886 5172/524/886
f 5172/524/887 5178/529/887 4767/396/887
f 5178/529/888 4766/29/888 4767/396/888
f 4765/19/889 4695/18/889 5173/514/889
f 4695/18/890 4694/530/890 5173/514/890
f 5173/514/891 4694/530/891 5174/525/891
f 4694/530/892 4693/531/892 5174/525/892
f 5174/525/893 4693/531/893 5175/526/893
f 4693/531/894 4692/532/894 5175/526/894
f 5175/526/895 4692/532/895 5176/527/895
f 4692/532/896 4691/533/896 5176/527/896
f 5176/527/897 4691/533/897 5177/528/897
f 4691/533/898 4690/534/898 5177/528/898
f 5177/528/899 4690/534/899 5178/529/899
f 4690/534/900 4689/535/900 5178/529/900
f 5178/529/901 4689/535/901 4766/29/901
f 4689/535/902 4664/4/902 4766/29/902
f 4745/419/903 4758/255/903 4673/46/903
f 4746/418/904 5179/536/904 4745/419/904
f 4747/417/905 5180/537/905 4746/418/905
f 4748/416/906 5182/538/906 4747/417/906
f 4749/415/907 5185/539/907 4748/416/907
f 4750/414/908 5189/540/908 4749/415/908
f 4751/16/909 5194/541/909 4750/414/909
f 4745/419/910 5179/536/910 4758/255/910
f 5179/536/911 4757/256/911 4758/255/911
f 4746/418/912 5180/537/912 5179/536/912
f 5180/537/913 5181/542/913 5179/536/913
f 5179/536/914 5181/542/914 4757/256/914
f 5181/542/915 4756/258/915 4757/256/915
f 4747/417/916 5182/538/916 5180/537/916
f 5182/538/917 5183/543/917 5180/537/917
f 5180/537/918 5183/543/918 5181/542/918
f 5183/543/919 5184/544/919 5181/542/919
f 5181/542/920 5184/544/920 4756/258/920
f 5184/544/921 4755/260/921 4756/258/921
f 4748/416/922 5185/539/922 5182/538/922
f 5185/539/923 5186/545/923 5182/538/923
f 5182/538/924 5186/545/924 5183/543/924
f 5186/545/925 5187/546/925 5183/543/925
f 5183/543/926 5187/546/926 5184/544/926
f 5187/546/927 5188/547/927 5184/544/927
f 5184/544/928 5188/547/928 4755/260/928
f 5188/547/929 4754/262/929 4755/260/929
f 4749/415/930 5189/540/930 5185/539/930
f 5189/540/931 5190/548/931 5185/539/931
f 5185/539/932 5190/548/932 5186/545/932
f 5190/548/933 5191/549/933 5186/545/933
f 5186/545/934 5191/549/934 5187/546/934
f 5191/549/935 5192/550/935 5187/546/935
f 5187/546/936 5192/550/936 5188/547/936
f 5192/550/937 5193/551/937 5188/547/937
f 5188/547/938 5193/551/938 4754/262/938
f 5193/551/939 4753/264/939 4754/262/939
f 4750/414/940 5194/541/940 5189/540/940
f 5194/541/941 5195/552/941 5189/540/941
f 5189/540/942 5195/552/942 5190/548/942
f 5195/552/943 5196/553/943 5190/548/943
f 5190/548/944 5196/553/944 5191/549/944
f 5196/553/945 5197/554/945 5191/549/945
f 5191/549/946 5197/554/946 5192/550/946
f 5197/554/947 5198/555/947 5192/550/947
f 5192/550/948 5198/555/948 5193/551/948
f 5198/555/949 5199/556/949 5193/551/949
f 5193/551/950 5199/556/950 4753/264/950
f 5199/556/951 4752/33/951 4753/264/951
f 4751/16/952 4702/6/952 5194/541/952
f 4702/6/953 4701/557/953 5194/541/953
f 5194/541/954 4701/557/954 5195/552/954
f 4701/557/955 4700/558/955 5195/552/955
f 5195/552/956 4700/558/956 5196/553/956
f 4700/558/957 4699/559/957 5196/553/957
f 5196/553/958 4699/559/958 5197/554/958
f 4699/559/959 4698/560/959 5197/554/959
f 5197/554/960 4698/560/960 5198/555/960
f 4698/560/961 4697/561/961 5198/555/961
f 5198/555/962 4697/561/962 5199/556/962
f 4697/561/963 4696/562/963 5199/556/963
f 5199/556/964 4696/562/964 4752/33/964
f 4696/562/965 4668/26/965 4752/33/965
f 4709/563/966 4744/27/966 4668/26/966
f 4708/564/967 5200/565/967 4709/563/967
f 4707/566/968 5201/567/968 4708/564/968
f 4706/568/969 5203/569/969 4707/566/969
f 4705/570/970 5206/571/970 4706/568/970
f 4704/572/971 5210/573/971 4705/570/971
f 4703/15/972 5215/574/972 4704/572/972
f 4709/563/973 5200/565/973 4744/27/973
f 5200/565/974 4743/441/974 4744/27/974
f 4708/564/975 5201/567/975 5200/565/975
f 5201/567/976 5202/575/976 5200/565/976
f 5200/565/977 5202/575/977 4743/441/977
f 5202/575/978 4742/442/978 4743/441/978
f 4707/566/979 5203/569/979 5201/567/979
f 5203/569/980 5204/576/980 5201/567/980
f 5201/567/981 5204/576/981 5202/575/981
f 5204/576/982 5205/577/982 5202/575/982
f 5202/575/983 5205/577/983 4742/442/983
f 5205/577/984 4741/443/984 4742/442/984
f 4706/568/985 5206/571/985 5203/569/985
f 5206/571/986 5207/578/986 5203/569/986
f 5203/569/987 5207/578/987 5204/576/987
f 5207/578/988 5208/579/988 5204/576/988
f 5204/576/989 5208/579/989 5205/577/989
f 5208/579/990 5209/580/990 5205/577/990
f 5205/577/991 5209/580/991 4741/443/991
f 5209/580/992 4740/444/992 4741/443/992
f 4705/570/993 5210/573/993 5206/571/993
f 5210/573/994 5211/581/994 5206/571/994
f 5206/571/995 5211/581/995 5207/578/995
f 5211/581/996 5212/582/996 5207/578/996
f 5207/578/997 5212/582/997 5208/579/997
f 5212/582/998 5213/583/998 5208/579/998
f 5208/579/999 5213/583/999 5209/580/999
f 5213/583/1000 5214/584/1000 5209/580/1000
f 5209/580/1001 5214/584/1001 4740/444/1001
f 5214/584/1002 4739/445/1002 4740/444/1002
f 4704/572/1003 5215/574/1003 5210/573/1003
f 5215/574/1004 5216/585/1004 5210/573/1004
f 5210/573/1005 5216/585/1005 5211/581/1005
f 5216/585/1006 5217/586/1006 5211/581/1006
f 5211/581/1007 5217/586/1007 5212/582/1007
f 5217/586/1008 5218/587/1008 5212/582/1008
f 5212/582/1009 5218/587/1009 5213/583/1009
f 5218/587/1010 5219/588/1010 5213/583/1010
f 5213/583/1011 5219/588/1011 5214/584/1011
f 5219/588/1012 5220/589/1012 5214/584/1012
f 5214/584/1013 5220/589/1013 4739/445/1013
f 5220/589/1014 4738/446/1014 4739/445/1014
f 4703/15/1015 4730/14/1015 5215/574/1015
f 4730/14/1016 4729/590/1016 5215/574/1016
f 5215/574/1017 4729/590/1017 5216/585/1017
f 4729/590/1018 4728/591/1018 5216/585/1018
f 5216/585/1019 4728/591/1019 5217/586/1019
f 4728/591/1020 4727/592/1020 5217/586/1020
f 5217/586/1021 4727/592/1021 5218/587/1021
f 4727/592/1022 4726/593/1022 5218/587/1022
f 5218/587/1023 4726/593/1023 5219/588/1023
f 4726/593/1024 4725/594/1024 5219/588/1024
f 5219/588/1025 4725/594/1025 5220/589/1025
f 4725/594/1026 4724/595/1026 5220/589/1026
f 5220/589/1027 4724/595/1027 4738/446/1027
f 4724/595/1028 4667/23/1028 4738/446/1028
f 4724/596/1029 4737/24/1029 4667/23/1029
f 4725/597/1030 5221/598/1030 4724/596/1030
f 4726/599/1031 5222/600/1031 4725/597/1031
f 4727/601/1032 5224/602/1032 4726/599/1032
f 4728/603/1033 5227/604/1033 4727/601/1033
f 4729/605/1034 5231/606/1034 4728/603/1034
f 4730/12/1035 5236/607/1035 4729/605/1035
f 4724/596/1036 5221/598/1036 4737/24/1036
f 5221/598/1037 4736/468/1037 4737/24/1037
f 4725/597/1038 5222/600/1038 5221/598/1038
f 5222/600/1039 5223/608/1039 5221/598/1039
f 5221/598/1040 5223/608/1040 4736/468/1040
f 5223/608/1041 4735/469/1041 4736/468/1041
f 4726/599/1042 5224/602/1042 5222/600/1042
f 5224/602/1043 5225/609/1043 5222/600/1043
f 5222/600/1044 5225/609/1044 5223/608/1044
f 5225/609/1045 5226/610/1045 5223/608/1045
f 5223/608/1046 5226/610/1046 4735/469/1046
f 5226/610/1047 4734/470/1047 4735/469/1047
f 4727/601/1048 5227/604/1048 5224/602/1048
f 5227/604/1049 5228/611/1049 5224/602/1049
f 5224/602/1050 5228/611/1050 5225/609/1050
f 5228/611/1051 5229/612/1051 5225/609/1051
f 5225/609/1052 5229/612/1052 5226/610/1052
f 5229/612/1053 5230/613/1053 5226/610/1053
f 5226/610/1054 5230/613/1054 4734/470/1054
f 5230/613/1055 4733/471/1055 4734/470/1055
f 4728/603/1056 5231/606/1056 5227/604/1056
f 5231/606/1057 5232/614/1057 5227/604/1057
f 5227/604/1058 5232/614/1058 5228/611/1058
f 5232/614/1059 5233/615/1059 5228/611/1059
f 5228/611/1060 5233/615/1060 5229/612/1060
f 5233/615/1061 5234/616/1061 5229/612/1061
f 5229/612/1062 5234/616/1062 5230/613/1062
f 5234/616/1063 5235/617/1063 5230/613/1063
f 5230/613/1064 5235/617/1064 4733/471/1064
f 5235/617/1065 4732/472/1065 4733/471/1065
f 4729/605/1066 5236/607/1066 5231/606/1066
f 5236/607/1067 5237/618/1067 5231/606/1067
f 5231/606/1068 5237/618/1068 5232/614/1068
f 5237/618/1069 5238/619/1069 5232/614/1069
f 5232/614/1070 5238/619/1070 5233/615/1070
f 5238/619/1071 5239/620/1071 5233/615/1071
f 5233/615/1072 5239/620/1072 5234/616/1072
f 5239/620/1073 5240/621/1073 5234/616/1073
f 5234/616/1074 5240/621/1074 5235/617/1074
f 5240/621/1075 5241/622/1075 5235/617/1075
f 5235/617/1076 5241/622/1076 4732/472/1076
f 5241/622/1077 4731/473/1077 4732/472/1077
f 4730/12/1078 4716/11/1078 5236/607/1078
f 4716/11/1079 4715/623/1079 5236/607/1079
f 5236/607/1080 4715/623/1080 5237/618/1080
f 4715/623/1081 4714/624/1081 5237/618/1081
f 5237/618/1082 4714/624/1082 5238/619/1082
f 4714/624/1083 4713/625/1083 5238/619/1083
f 5238/619/1084 4713/625/1084 5239/620/1084
f 4713/625/1085 4712/626/1085 5239/620/1085
f 5239/620/1086 4712/626/1086 5240/621/1086
f 4712/626/1087 4711/627/1087 5240/621/1087
f 5240/621/1088 4711/627/1088 5241/622/1088
f 4711/627/1089 4710/628/1089 5241/622/1089
f 5241/622/1090 4710/628/1090 4731/473/1090
f 4710/628/1091 4666/20/1091 4731/473/1091
f 4710/629/1092 4723/21/1092 4666/20/1092
f 4711/630/1093 5242/631/1093 4710/629/1093
f 4712/632/1094 5243/633/1094 4711/630/1094
f 4713/634/1095 5245/635/1095 4712/632/1095
f 4714/636/1096 5248/637/1096 4713/634/1096
f 4715/638/1097 5252/639/1097 4714/636/1097
f 4716/9/1098 5257/640/1098 4715/638/1098
f 4710/629/1099 5242/631/1099 4723/21/1099
f 5242/631/1100 4722/502/1100 4723/21/1100
f 4711/630/1101 5243/633/1101 5242/631/1101
f 5243/633/1102 5244/641/1102 5242/631/1102
f 5242/631/1103 5244/641/1103 4722/502/1103
f 5244/641/1104 4721/503/1104 4722/502/1104
f 4712/632/1105 5245/635/1105 5243/633/1105
f 5245/635/1106 5246/642/1106 5243/633/1106
f 5243/633/1107 5246/642/1107 5244/641/1107
f 5246/642/1108 5247/643/1108 5244/641/1108
f 5244/641/1109 5247/643/1109 4721/503/1109
f 5247/643/1110 4720/504/1110 4721/503/1110
f 4713/634/1111 5248/637/1111 5245/635/1111
f 5248/637/1112 5249/644/1112 5245/635/1112
f 5245/635/1113 5249/644/1113 5246/642/1113
f 5249/644/1114 5250/645/1114 5246/642/1114
f 5246/642/1115 5250/645/1115 5247/643/1115
f 5250/645/1116 5251/646/1116 5247/643/1116
f 5247/643/1117 5251/646/1117 4720/504/1117
f 5251/646/1118 4719/505/1118 4720/504/1118
f 4714/636/1119 5252/639/1119 5248/637/1119
f 5252/639/1120 5253/647/1120 5248/637/1120
f 5248/637/1121 5253/647/1121 5249/644/1121
f 5253/647/1122 5254/648/1122 5249/644/1122
f 5249/644/1123 5254/648/1123 5250/645/1123
f 5254/648/1124 5255/649/1124 5250/645/1124
f 5250/645/1125 5255/649/1125 5251/646/1125
f 5255/649/1126 5256/650/1126 5251/646/1126
f 5251/646/1127 5256/650/1127 4719/505/1127
f 5256/650/1128 4718/506/1128 4719/505/1128
f 4715/638/1129 5257/640/1129 5252/639/1129
f 5257/640/1130 5258/651/1130 5252/639/1130
f 5252/639/1131 5258/651/1131 5253/647/1131
f 5258/651/1132 5259/652/1132 5253/647/1132
f 5253/647/1133 5259/652/1133 5254/648/1133
f 5259/652/1134 5260/653/1134 5254/648/1134
f 5254/648/1135 5260/653/1135 5255/649/1135
f 5260/653/1136 5261/654/1136 5255/649/1136
f 5255/649/1137 5261/654/1137 5256/650/1137
f 5261/654/1138 5262/655/1138 5256/650/1138
f 5256/650/1139 5262/655/1139 4718/506/1139
f 5262/655/1140 4717/507/1140 4718/506/1140
f 4716/9/1141 4681/8/1141 5257/640/1141
f 4681/8/1142 4680/656/1142 5257/640/1142
f 5257/640/1143 4680/656/1143 5258/651/1143
f 4680/656/1144 4679/657/1144 5258/651/1144
f 5258/651/1145 4679/657/1145 5259/652/1145
f 4679/657/1146 4678/658/1146 5259/652/1146
f 5259/652/1147 4678/658/1147 5260/653/1147
f 4678/658/1148 4677/659/1148 5260/653/1148
f 5260/653/1149 4677/659/1149 5261/654/1149
f 4677/659/1150 4676/660/1150 5261/654/1150
f 5261/654/1151 4676/660/1151 5262/655/1151
f 4676/660/1152 4675/661/1152 5262/655/1152
f 5262/655/1153 4675/661/1153 4717/507/1153
f 4675/661/1154 4665/508/1154 4717/507/1154
f 4696/562/1155 4709/662/1155 4668/26/1155
f 4697/561/1156 5263/663/1156 4696/562/1156
f 4698/560/1157 5264/664/1157 4697/561/1157
f 4699/559/1158 5266/665/1158 4698/560/1158
f 4700/558/1159 5269/666/1159 4699/559/1159
f 4701/557/1160 5273/667/1160 4700/558/1160
f 4702/6/1161 5278/668/1161 4701/557/1161
f 4696/562/1162 5263/663/1162 4709/662/1162
f 5263/663/1163 4708/669/1163 4709/662/1163
f 4697/561/1164 5264/664/1164 5263/663/1164
f 5264/664/1165 5265/670/1165 5263/663/1165
f 5263/663/1166 5265/670/1166 4708/669/1166
f 5265/670/1167 4707/671/1167 4708/669/1167
f 4698/560/1168 5266/665/1168 5264/664/1168
f 5266/665/1169 5267/672/1169 5264/664/1169
f 5264/664/1170 5267/672/1170 5265/670/1170
f 5267/672/1171 5268/673/1171 5265/670/1171
f 5265/670/1172 5268/673/1172 4707/671/1172
f 5268/673/1173 4706/674/1173 4707/671/1173
f 4699/559/1174 5269/666/1174 5266/665/1174
f 5269/666/1175 5270/675/1175 5266/665/1175
f 5266/665/1176 5270/675/1176 5267/672/1176
f 5270/675/1177 5271/676/1177 5267/672/1177
f 5267/672/1178 5271/676/1178 5268/673/1178
f 5271/676/1179 5272/677/1179 5268/673/1179
f 5268/673/1180 5272/677/1180 4706/674/1180
f 5272/677/1181 4705/678/1181 4706/674/1181
f 4700/558/1182 5273/667/1182 5269/666/1182
f 5273/667/1183 5274/679/1183 5269/666/1183
f 5269/666/1184 5274/679/1184 5270/675/1184
f 5274/679/1185 5275/680/1185 5270/675/1185
f 5270/675/1186 5275/680/1186 5271/676/1186
f 5275/680/1187 5276/681/1187 5271/676/1187
f 5271/676/1188 5276/681/1188 5272/677/1188
f 5276/681/1189 5277/682/1189 5272/677/1189
f 5272/677/1190 5277/682/1190 4705/678/1190
f 5277/682/1191 4704/683/1191 4705/678/1191
f 4701/557/1192 5278/668/1192 5273/667/1192
f 5278/668/1193 5279/684/1193 5273/667/1193
f 5273/667/1194 5279/684/1194 5274/679/1194
f 5279/684/1195 5280/685/1195 5274/679/1195
f 5274/679/1196 5280/685/1196 5275/680/1196
f 5280/685/1197 5281/686/1197 5275/680/1197
f 5275/680/1198 5281/686/1198 5276/681/1198
f 5281/686/1199 5282/687/1199 5276/681/1199
f 5276/681/1200 5282/687/1200 5277/682/1200
f 5282/687/1201 5283/688/1201 5277/682/1201
f 5277/682/1202 5283/688/1202 4704/683/1202
f 5283/688/1203 4703/689/1203 4704/683/1203
f 4702/6/1204 4688/5/1204 5278/668/1204
f 4688/5/1205 4687/690/1205 5278/668/1205
f 5278/668/1206 4687/690/1206 5279/684/1206
f 4687/690/1207 4686/691/1207 5279/684/1207
f 5279/684/1208 4686/691/1208 5280/685/1208
f 4686/691/1209 4685/692/1209 5280/685/1209
f 5280/685/1210 4685/692/1210 5281/686/1210
f 4685/692/1211 4684/693/1211 5281/686/1211
f 5281/686/1212 4684/693/1212 5282/687/1212
f 4684/693/1213 4683/694/1213 5282/687/1213
f 5282/687/1214 4683/694/1214 5283/688/1214
f 4683/694/1215 4682/695/1215 5283/688/1215
f 5283/688/1216 4682/695/1216 4703/689/1216
f 4682/695/1217 4663/696/1217 4703/689/1217
f 4675/697/1218 4695/18/1218 4665/17/1218
f 4676/698/1219 5284/699/1219 4675/697/1219
f 4677/700/1220 5285/701/1220 4676/698/1220
f 4678/702/1221 5287/703/1221 4677/700/1221
f 4679/704/1222 5290/705/1222 4678/702/1222
f 4680/706/1223 5294/707/1223 4679/704/1223
f 4681/3/1224 5299/708/1224 4680/706/1224
f 4675/697/1225 5284/699/1225 4695/18/1225
f 5284/699/1226 4694/530/1226 4695/18/1226
f 4676/698/1227 5285/701/1227 5284/699/1227
f 5285/701/1228 5286/709/1228 5284/699/1228
f 5284/699/1229 5286/709/1229 4694/530/1229
f 5286/709/1230 4693/531/1230 4694/530/1230
f 4677/700/1231 5287/703/1231 5285/701/1231
f 5287/703/1232 5288/710/1232 5285/701/1232
f 5285/701/1233 5288/710/1233 5286/709/1233
f 5288/710/1234 5289/711/1234 5286/709/1234
f 5286/709/1235 5289/711/1235 4693/531/1235
f 5289/711/1236 4692/532/1236 4693/531/1236
f 4678/702/1237 5290/705/1237 5287/703/1237
f 5290/705/1238 5291/712/1238 5287/703/1238
f 5287/703/1239 5291/712/1239 5288/710/1239
f 5291/712/1240 5292/713/1240 5288/710/1240
f 5288/710/1241 5292/713/1241 5289/711/1241
f 5292/713/1242 5293/714/1242 5289/711/1242
f 5289/711/1243 5293/714/1243 4692/532/1243
f 5293/714/1244 4691/533/1244 4692/532/1244
f 4679/704/1245 5294/707/1245 5290/705/1245
f 5294/707/1246 5295/715/1246 5290/705/1246
f 5290/705/1247 5295/715/1247 5291/712/1247
f 5295/715/1248 5296/716/1248 5291/712/1248
f 5291/712/1249 5296/716/1249 5292/713/1249
f 5296/716/1250 5297/717/1250 5292/713/1250
f 5292/713/1251 5297/717/1251 5293/714/1251
f 5297/717/1252 5298/718/1252 5293/714/1252
f 5293/714/1253 5298/718/1253 4691/533/1253
f 5298/718/1254 4690/534/1254 4691/533/1254
f 4680/706/1255 5299/708/1255 5294/707/1255
f 5299/708/1256 5300/719/1256 5294/707/1256
f 5294/707/1257 5300/719/1257 5295/715/1257
f 5300/719/1258 5301/720/1258 5295/715/1258
f 5295/715/1259 5301/720/1259 5296/716/1259
f 5301/720/1260 5302/721/1260 5296/716/1260
f 5296/716/1261 5302/721/1261 5297/717/1261
f 5302/721/1262 5303/722/1262 5297/717/1262
f 5297/717/1263 5303/722/1263 5298/718/1263
f 5303/722/1264 5304/723/1264 5298/718/1264
f 5298/718/1265 5304/723/1265 4690/534/1265
f 5304/723/1266 4689/535/1266 4690/534/1266
f 4681/3/1267 4682/2/1267 5299/708/1267
f 4682/2/1268 4683/724/1268 5299/708/1268
f 5299/708/1269 4683/724/1269 5300/719/1269
f 4683/724/1270 4684/725/1270 5300/719/1270
f 5300/719/1271 4684/725/1271 5301/720/1271
f 4684/725/1272 4685/726/1272 5301/720/1272
f 5301/720/1273 4685/726/1273 5302/721/1273
f 4685/726/1274 4686/727/1274 5302/721/1274
f 5302/721/1275 4686/727/1275 5303/722/1275
f 4686/727/1276 4687/728/1276 5303/722/1276
f 5303/722/1277 4687/728/1277 5304/723/1277
f 4687/728/1278 4688/729/1278 5304/723/1278
f 5304/723/1279 4688/729/1279 4689/535/1279
f 4688/729/1280 4664/4/1280 4689/535/1280
