# Blender 4.3.2
# www.blender.org
mtllib tree7.mtl
o Mball
v 1.400000 10.732438 -1.000000
v 1.639729 10.512726 -1.000000
v 1.800000 10.512726 -0.905675
v 1.800000 10.912725 -0.652996
v 1.400000 10.912725 -0.885653
v 1.400000 11.171762 -0.600000
v 1.800000 10.959532 -0.600000
v 1.800000 11.152093 -0.200000
v 1.453741 11.312726 -0.200000
v 1.400000 11.312726 -0.263449
v 1.800000 11.152093 0.200000
v 1.453741 11.312726 0.200000
v 1.400000 11.327590 0.200000
v 1.400000 11.327590 -0.200000
v 1.400000 11.312726 0.263449
v 1.000000 11.400017 0.200000
v 1.000000 11.312726 0.445366
v 0.600000 11.353353 0.600000
v 0.600000 11.603372 0.200000
v 0.671450 11.312726 0.600000
v 1.000000 11.221197 0.600000
v 0.600000 10.912724 0.879867
v 0.600000 11.312726 0.636591
v 1.000000 10.912725 0.909533
v 0.600000 10.568155 1.000000
v 1.000000 10.767338 1.000000
v 1.000000 10.512726 1.101878
v 0.600000 10.512726 1.020608
v 0.600000 10.112726 1.194773
v 1.000000 10.112726 1.146815
v 1.400000 10.732438 1.000000
v 1.400000 10.512726 1.085296
v 1.639729 10.512726 1.000000
v 1.400000 10.112726 1.118567
v 1.710534 10.112726 1.000000
v 1.400000 9.712726 1.001301
v 1.404357 9.712726 1.000000
v 1.400000 9.710364 1.000000
v 1.800000 9.712726 0.803495
v 1.800000 9.483932 0.600000
v 1.548090 9.312726 0.600000
v 1.400000 9.312726 0.702321
v 1.400000 9.220185 0.600000
v 1.800000 9.312726 0.277238
v 1.800000 9.291372 0.200000
v 1.400000 9.004571 0.200000
v 1.800000 9.291372 -0.200000
v 1.400000 9.004571 -0.200000
v 1.828710 9.312726 0.200000
v 1.828710 9.312726 -0.200000
v 2.165871 9.712726 0.200000
v 2.165871 9.712726 -0.200000
v 2.200000 9.789845 0.200000
v 2.200000 9.789845 -0.200000
v 2.200000 10.112727 -0.462885
v 2.129190 10.112726 -0.600000
v 1.992335 9.712726 -0.600000
v 2.200000 10.512726 -0.376380
v 2.090736 10.512726 -0.600000
v 2.200000 10.653143 -0.200000
v 2.051245 10.912725 -0.200000
v 1.849651 10.912725 -0.600000
v 2.200000 10.653143 0.200000
v 2.051245 10.912725 0.200000
v 2.200000 10.512726 0.376380
v 2.090736 10.512726 0.600000
v 1.849651 10.912725 0.600000
v 1.800000 10.959532 0.600000
v 2.200000 10.112727 0.462885
v 2.129190 10.112726 0.600000
v 2.249088 10.512726 0.200000
v 2.281485 10.112726 0.200000
v 2.249088 10.512726 -0.200000
v 2.281485 10.112726 -0.200000
v 1.800000 10.512726 0.905675
v 1.800000 10.912725 0.652996
v 1.800000 10.112726 -0.945350
v 1.800000 9.712726 -0.803495
v 1.800000 9.483932 -0.600000
v 1.710534 10.112726 -1.000000
v 1.404357 9.712726 -1.000000
v 1.400000 9.712726 -1.001301
v 1.400000 10.112726 -1.118567
v 1.400000 10.512726 -1.085296
v 1.400000 9.710364 -1.000000
v 1.000000 9.512873 -1.000000
v 1.000000 9.712726 -1.071248
v 0.600000 9.558454 -1.400000
v 0.607753 9.312726 -1.400000
v 0.877415 9.312726 -1.000000
v 0.600000 9.712726 -1.354794
v 1.000000 9.312726 -0.910451
v 1.000000 8.912725 -0.670540
v 0.729870 8.912725 -1.000000
v 0.600000 8.580306 -1.000000
v 0.600000 8.512726 -0.945767
v 0.842613 8.512726 -0.600000
v 1.000000 8.816567 -0.600000
v 0.600000 8.112725 -0.672730
v 0.699561 8.112725 -0.600000
v 0.600000 7.712725 -0.678085
v 1.000000 7.712726 -0.606770
v 1.000000 7.719660 -0.600000
v 0.600000 7.312726 -0.904212
v 1.000000 7.312726 -0.971837
v 0.600000 7.135733 -1.000000
v 1.000000 7.263897 -1.000000
v 0.600000 6.912725 -1.071327
v 1.000000 6.912726 -1.130014
v 0.600000 6.512726 -1.080635
v 1.000000 6.512726 -1.135036
v 0.436215 6.912726 -1.000000
v 0.374686 6.512726 -1.000000
v 0.600000 6.112726 -1.017504
v 0.363798 6.112726 -1.000000
v 0.600000 6.021813 -1.000000
v 0.200000 5.949260 -1.000000
v 0.200000 5.712726 -1.031519
v 0.365317 5.712726 -1.000000
v 0.200000 5.312725 -1.067908
v 0.350927 5.312726 -1.000000
v 0.200000 4.912726 -1.010868
v 0.222886 4.912726 -1.000000
v 0.200000 4.885151 -1.000000
v -0.200000 4.690287 -1.000000
v -0.200000 4.912726 -1.097032
v -0.600000 4.829413 -1.000000
v -0.600000 4.912726 -1.032809
v -0.200000 5.312726 -1.149258
v -0.600000 5.312726 -1.087120
v -0.806294 5.312726 -1.000000
v -0.677831 4.912726 -1.000000
v -0.600000 5.712726 -1.038465
v -0.815941 5.712726 -1.000000
v -0.600000 5.927068 -1.000000
v -1.000000 6.019558 -1.000000
v -0.838037 6.112726 -1.000000
v -1.000000 6.112726 -1.013572
v -0.837020 6.512726 -1.000000
v -1.000000 6.512726 -1.062185
v -0.895960 6.912726 -1.000000
v -1.000000 6.912726 -1.048981
v -1.000000 7.076473 -1.000000
v -1.400000 7.264853 -1.000000
v -1.400000 6.912726 -1.130500
v -1.800000 7.121263 -1.000000
v -1.800000 6.912726 -1.065255
v -1.800000 6.512726 -1.070444
v -1.400000 6.512726 -1.135518
v -1.800000 6.277509 -1.000000
v -1.444670 6.112726 -1.000000
v -1.400000 6.112726 -1.005551
v -1.400000 6.100879 -1.000000
v -1.800000 5.774574 -0.600000
v -1.708155 5.712726 -0.600000
v -1.400000 5.712726 -0.800470
v -1.800000 6.112726 -0.914364
v -1.400000 5.417063 -0.600000
v -1.330634 5.312726 -0.600000
v -1.000000 5.312725 -0.887978
v -1.000000 5.712726 -0.955547
v -1.000000 4.912726 -0.779166
v -1.147940 4.912726 -0.600000
v -1.000000 4.646470 -0.600000
v -1.400000 5.312726 -0.509320
v -1.800000 5.712726 -0.512195
v -2.200000 6.112726 -0.610387
v -1.956591 6.512726 -1.000000
v -2.200000 6.512726 -0.825747
v -2.384938 6.512726 -0.600000
v -2.208261 6.112726 -0.600000
v -2.200000 6.912726 -0.818922
v -2.379167 6.912726 -0.600000
v -2.200000 7.295027 -0.600000
v -2.200000 7.312726 -0.581837
v -2.373829 7.312726 -0.200000
v -2.534445 6.912726 -0.200000
v -2.534445 6.912726 0.200000
v -2.373829 7.312726 0.200000
v -2.200000 7.577271 0.200000
v -2.200000 7.577271 -0.200000
v -2.200000 7.312726 0.581837
v -2.116685 7.712726 0.200000
v -1.800000 7.712726 0.501166
v -1.800000 7.622409 0.600000
v -2.186462 7.312726 0.600000
v -2.200000 7.989049 0.200000
v -2.200000 8.112725 0.409576
v -1.800000 8.112726 0.394833
v -2.200000 8.238451 0.600000
v -1.800000 8.311744 0.600000
v -1.400000 8.327762 0.600000
v -1.400000 8.112725 0.316050
v -1.800000 8.512725 0.895745
v -1.524533 8.512726 1.000000
v -1.400000 8.462333 1.000000
v -1.800000 8.586586 1.000000
v -1.800000 8.912725 1.362916
v -1.770611 8.912725 1.400000
v -1.400000 8.537996 1.400000
v -1.400000 8.512726 1.236238
v -1.400000 8.640224 1.800000
v -1.585913 8.912725 1.800000
v -1.800000 8.963127 1.400000
v -1.800000 9.312726 1.553259
v -1.691853 9.312726 1.800000
v -1.800000 9.699856 1.400000
v -1.794096 9.712726 1.400000
v -1.641536 9.712726 1.800000
v -1.497433 10.112726 1.400000
v -1.411923 10.112726 1.800000
v -1.400000 10.125658 1.800000
v -1.400000 10.209984 1.400000
v -1.400000 10.112726 1.823919
v -1.000000 10.399099 1.800000
v -1.000000 10.147009 2.200000
v -1.057921 10.112727 2.200000
v -1.000000 10.112726 2.233079
v -1.000000 9.712726 2.466693
v -1.396846 9.712726 2.200000
v -1.400000 9.703971 2.200000
v -1.000000 9.312726 2.516056
v -1.400000 9.312726 2.262480
v -1.400000 9.063901 2.200000
v -1.000000 8.912725 2.410151
v -1.322914 8.912725 2.200000
v -1.000000 8.618592 2.200000
v -0.600000 8.912725 2.489569
v -0.600000 8.519962 2.200000
v -0.600000 8.512726 2.191574
v -1.000000 8.512726 2.075535
v -1.000000 8.366158 1.800000
v -0.600000 8.289914 1.800000
v -0.200000 8.512726 2.076093
v -0.200000 8.362620 1.800000
v -0.200000 8.208964 1.400000
v -0.600000 8.182405 1.400000
v 0.068309 8.512726 1.800000
v 0.200000 8.512726 1.594332
v 0.200000 8.400962 1.400000
v 0.200000 8.631401 1.800000
v 0.389747 8.912725 1.800000
v 0.549371 8.912725 1.400000
v 0.320853 8.512726 1.400000
v 0.600000 9.169511 1.400000
v 0.490702 9.312726 1.800000
v 0.600000 9.312726 1.435825
v 0.600000 9.612711 1.400000
v 0.442233 9.712726 1.800000
v 0.581797 9.712726 1.400000
v 0.212795 10.112726 1.800000
v 0.362055 10.112726 1.400000
v 0.200000 10.126592 1.800000
v 0.200000 10.250778 1.400000
v 0.200000 10.112726 1.825645
v -0.200000 10.147464 2.200000
v -0.200000 10.399436 1.800000
v -0.141200 10.112726 2.200000
v -0.200000 10.112726 2.233519
v -0.200000 9.712726 2.467030
v 0.197725 9.712726 2.200000
v -0.200000 9.312726 2.516389
v 0.200000 9.706418 2.200000
v 0.200000 9.312726 2.263327
v -0.200000 8.912725 2.410518
v 0.200000 9.061724 2.200000
v 0.123777 8.912725 2.200000
v -0.200000 8.618131 2.200000
v 0.200000 8.912725 2.119297
v 0.260560 9.312726 2.200000
v -0.600000 9.312726 2.588072
v 0.200000 9.712726 2.197591
v -0.600000 9.712726 2.542395
v -0.600000 10.112726 2.328722
v -0.600000 10.245886 2.200000
v -0.600000 10.475812 1.800000
v -0.600000 10.512726 1.678723
v -0.203855 10.512726 1.400000
v -0.200000 10.510942 1.400000
v -0.600000 10.625599 1.400000
v -0.995092 10.512726 1.400000
v -0.200000 10.512726 1.395155
v -1.000000 10.510445 1.400000
v -1.000000 10.512726 1.393541
v -1.400000 10.229442 1.000000
v -1.201518 10.512726 1.000000
v -1.129091 10.912725 1.000000
v -1.000000 10.912724 1.080539
v -1.163677 11.312726 1.000000
v -1.000000 11.312726 1.077180
v -1.000000 11.660010 1.000000
v -1.400000 11.312726 0.823960
v -1.400000 11.712726 0.690119
v -1.000000 11.712726 0.978545
v -1.400000 11.826557 0.600000
v -1.083421 12.112725 0.600000
v -1.000000 12.112726 0.658664
v -1.000000 12.155764 0.600000
v -1.344334 12.112726 0.200000
v -1.000000 12.319407 0.200000
v -1.344334 12.112726 -0.200000
v -1.000000 12.319407 -0.200000
v -1.400000 12.060893 0.200000
v -1.400000 12.060893 -0.200000
v -1.638212 11.712726 0.200000
v -1.638212 11.712726 -0.200000
v -1.731621 11.312726 0.200000
v -1.731621 11.312726 -0.200000
v -1.690309 10.912725 0.200000
v -1.690309 10.912725 -0.200000
v -1.686294 10.512726 0.200000
v -1.686250 10.512726 -0.200000
v -1.800000 10.415179 0.200000
v -1.800000 10.415179 -0.200000
v -2.200000 10.365016 0.200000
v -2.200000 10.365016 -0.200000
v -2.200000 10.207991 0.600000
v -1.800000 10.190616 0.600000
v -2.600000 10.133080 0.600000
v -2.600000 10.295403 0.200000
v -2.200000 10.112726 0.735282
v -2.600000 10.112726 0.628672
v -2.600000 9.712726 0.972176
v -2.200000 9.838675 1.000000
v -2.515344 9.712726 1.000000
v -2.600000 9.649646 1.000000
v -2.200000 9.712726 1.081730
v -2.200000 9.312726 1.200705
v -2.600000 9.312726 1.083393
v -2.600000 8.912725 1.040553
v -2.200000 8.912725 1.137083
v -2.600000 8.803491 1.000000
v -2.200000 8.646579 1.000000
v -2.200000 8.512726 0.902294
v -2.600000 8.512726 0.818360
v -2.600000 8.321556 0.600000
v -2.894962 8.512726 0.600000
v -3.000000 8.403463 0.200000
v -3.000000 8.512726 0.454159
v -2.600000 8.156138 0.200000
v -2.600000 8.156138 -0.200000
v -3.000000 8.403463 -0.200000
v -2.600000 8.321556 -0.600000
v -2.894962 8.512726 -0.600000
v -3.000000 8.512726 -0.454159
v -3.000000 8.629070 -0.600000
v -3.152525 8.912725 -0.600000
v -3.311184 8.912725 -0.200000
v -3.101494 8.512726 -0.200000
v -3.200193 9.312726 -0.600000
v -3.353102 9.312726 -0.200000
v -3.000000 8.912725 -0.787031
v -3.000000 9.312726 -0.843426
v -3.000000 9.712726 -0.694689
v -3.075384 9.712726 -0.600000
v -3.000000 9.825582 -0.600000
v -3.000000 10.050979 -0.200000
v -3.246676 9.712726 -0.200000
v -3.000000 10.050979 0.200000
v -3.246676 9.712726 0.200000
v -3.353102 9.312726 0.200000
v -3.200193 9.312726 0.600000
v -3.075384 9.712726 0.600000
v -3.152525 8.912725 0.600000
v -3.311184 8.912725 0.200000
v -3.000000 8.629070 0.600000
v -3.101494 8.512726 0.200000
v -3.000000 8.912725 0.787031
v -3.000000 9.312726 0.843426
v -2.783464 9.312726 1.000000
v -2.695233 8.912725 1.000000
v -3.000000 9.825582 0.600000
v -3.000000 9.712726 0.694689
v -2.928450 10.112726 -0.200000
v -2.928450 10.112726 0.200000
v -2.600000 10.295403 -0.200000
v -2.642923 10.112726 -0.600000
v -2.600000 10.133080 -0.600000
v -2.600000 10.112726 -0.628672
v -2.200000 10.112726 -0.733798
v -2.200000 10.207980 -0.600000
v -2.600000 9.712726 -0.972176
v -2.515306 9.712726 -1.000000
v -2.200000 9.829971 -1.000000
v -2.600000 9.649646 -1.000000
v -2.600000 9.312726 -1.083393
v -2.200000 9.312726 -1.194819
v -2.200000 9.712726 -1.074968
v -2.600000 8.912725 -1.040553
v -2.200000 8.912725 -1.132214
v -2.600000 8.803491 -1.000000
v -2.200000 8.650750 -1.000000
v -2.600000 8.512726 -0.818360
v -2.200000 8.512726 -0.901360
v -2.200000 8.238451 -0.600000
v -1.800000 8.316959 -0.600000
v -1.800000 8.512726 -0.872258
v -2.200000 8.112725 -0.409576
v -1.800000 8.112726 -0.394833
v -1.400000 8.112725 -0.311451
v -1.400000 8.352633 -0.600000
v -1.800000 7.712726 -0.501166
v -1.400000 7.712726 -0.569136
v -1.800000 7.622409 -0.600000
v -1.400000 7.690892 -0.600000
v -1.800000 7.312726 -0.895610
v -1.400000 7.312725 -0.972388
v -1.000000 7.312726 -0.876236
v -1.000000 7.661009 -0.600000
v -0.607515 7.312725 -0.600000
v -0.600000 7.312726 -0.593569
v -0.600000 7.712726 -0.507002
v -1.000000 7.712726 -0.558910
v -0.600000 7.871822 -0.600000
v -0.957421 8.112726 -0.600000
v -1.000000 8.112725 -0.549364
v -1.000000 8.144877 -0.600000
v -0.600000 8.093717 -1.000000
v -0.659528 8.112725 -1.000000
v -0.600000 8.112725 -1.064630
v -1.000000 8.271171 -1.000000
v -0.600000 8.187639 -1.400000
v -1.000000 8.295162 -1.400000
v -0.600000 8.265137 -1.800000
v -1.000000 8.339959 -1.800000
v -1.299342 8.512726 -1.800000
v -1.357376 8.512726 -1.400000
v -1.000000 8.512726 -2.160771
v -0.200000 8.112726 -1.130641
v -0.200000 8.213964 -1.400000
v 0.063908 8.112725 -1.000000
v 0.200000 8.169868 -1.000000
v 0.200000 8.406844 -1.400000
v 0.200000 8.512726 -1.616413
v 0.107715 8.512726 -1.800000
v -0.200000 8.336993 -1.800000
v 0.200000 8.596500 -1.800000
v 0.314625 8.512726 -1.400000
v 0.544407 8.912725 -1.400000
v 0.416562 8.912725 -1.800000
v 0.600000 9.210242 -1.400000
v 0.600000 9.312726 -1.425301
v 0.515511 9.312726 -1.800000
v 0.575354 9.712726 -1.400000
v 0.467874 9.712726 -1.800000
v 0.352339 10.112726 -1.400000
v 0.245566 10.112726 -1.800000
v 0.200000 9.858329 -2.200000
v 0.271285 9.712726 -2.200000
v 0.200000 10.112726 -1.911878
v 0.200000 10.162107 -1.800000
v -0.200000 10.425885 -1.800000
v -0.200000 10.223971 -2.200000
v -0.022207 10.112726 -2.200000
v -0.200000 10.112726 -2.318933
v -0.200000 9.712726 -2.552519
v 0.200000 9.712726 -2.282809
v -0.200000 9.454865 -2.600000
v -0.196911 9.312726 -2.600000
v 0.200000 9.312726 -2.348746
v -0.200000 9.301445 -2.600000
v -0.200000 8.912725 -2.495717
v 0.200000 8.912725 -2.204886
v -0.200000 8.541760 -2.200000
v 0.200000 8.906023 -2.200000
v 0.204207 8.912725 -2.200000
v -0.600000 8.512726 -2.276824
v -0.270565 8.512726 -2.200000
v -0.600000 8.912725 -2.575220
v -0.200000 8.512726 -2.161323
v -0.600000 8.451345 -2.200000
v -1.000000 8.542175 -2.200000
v -0.928610 8.512726 -2.200000
v -1.000000 8.912725 -2.495363
v -1.000000 9.304367 -2.600000
v -0.600000 8.975965 -2.600000
v -0.600000 9.312726 -2.673815
v -1.000000 9.312726 -2.600963
v -1.000000 9.450498 -2.600000
v -0.600000 9.712726 -2.627633
v -0.836875 9.712726 -2.600000
v -0.600000 9.790123 -2.600000
v -1.000000 9.712726 -2.552180
v -0.600000 10.112726 -2.414011
v -1.000000 10.112726 -2.318494
v -1.000000 10.223555 -2.200000
v -0.600000 10.314004 -2.200000
v -1.000000 10.425542 -1.800000
v -0.600000 10.499971 -1.800000
v -1.000000 10.503212 -1.400000
v -0.600000 10.512726 -1.744081
v -0.979619 10.512726 -1.400000
v -0.600000 10.617703 -1.400000
v -1.000000 10.512726 -1.365261
v -0.600000 10.912725 -1.176589
v -1.000000 10.912725 -1.071049
v -0.600000 11.312726 -1.149807
v -1.000000 11.312726 -1.077180
v -1.000000 11.660010 -1.000000
v -0.600000 11.712726 -1.057770
v -0.939175 11.712726 -1.000000
v -0.600000 11.827154 -1.000000
v -1.000000 11.712726 -0.978545
v -0.600000 12.112726 -0.771209
v -1.000000 12.112726 -0.658664
v -1.000000 12.155764 -0.600000
v -0.600000 12.241430 -0.600000
v -0.600000 12.392938 -0.200000
v -0.200000 12.112726 -0.659196
v -0.200000 12.156154 -0.600000
v -0.115665 12.112726 -0.600000
v -0.200000 12.319746 -0.200000
v 0.145201 12.112726 -0.200000
v -0.200000 12.319746 0.200000
v 0.145201 12.112726 0.200000
v 0.200000 12.061764 0.200000
v 0.200000 12.061764 -0.200000
v 0.488064 11.712726 -0.200000
v 0.488064 11.712726 0.200000
v 0.600000 11.603372 -0.200000
v 0.278324 11.712726 -0.600000
v 0.600000 11.353353 -0.600000
v 0.200000 11.312726 -0.867845
v 0.600000 11.312726 -0.636591
v 0.200000 11.712726 -0.693177
v 0.200000 11.828017 -0.600000
v 0.200000 10.912725 -0.927315
v 0.600000 10.912724 -0.879867
v 1.000000 10.912725 -0.909533
v 1.000000 11.221197 -0.600000
v 0.671450 11.312726 -0.600000
v 0.600000 10.553403 -1.000000
v 1.000000 10.767338 -1.000000
v 0.600000 10.512726 -1.014127
v 1.000000 10.512726 -1.101875
v 0.600000 10.112726 -1.177802
v 1.000000 10.112726 -1.144535
v 0.200000 10.559560 -1.000000
v 0.200000 10.512726 -1.020387
v -0.200000 10.512726 -1.368855
v -0.024936 10.912725 -1.000000
v -0.200000 10.912725 -1.075741
v -0.032153 11.312726 -1.000000
v -0.200000 11.312727 -1.077498
v -0.200000 11.660876 -1.000000
v -0.200000 10.503719 -1.400000
v 0.200000 10.242419 -1.400000
v -0.219373 10.512726 -1.400000
v 1.000000 11.312726 -0.445366
v 1.000000 11.400017 -0.200000
v 0.200000 11.828017 0.600000
v 0.278324 11.712726 0.600000
v 0.200000 11.712726 0.693177
v -0.200000 11.712726 0.978898
v -0.200000 12.112726 0.659196
v -0.115665 12.112726 0.600000
v -0.200000 12.156154 0.600000
v -0.200000 11.660876 1.000000
v 0.200000 11.312726 0.867845
v -0.032153 11.312726 1.000000
v 0.200000 10.912725 0.930401
v -0.008499 10.912725 1.000000
v 0.200000 10.607758 1.000000
v -0.200000 10.912725 1.084689
v 0.200000 10.512726 1.045894
v -0.200000 11.312727 1.077498
v -0.600000 10.912724 1.185934
v -0.600000 11.312726 1.149895
v -0.259978 11.712726 1.000000
v -0.600000 11.827154 1.000000
v -0.600000 12.112726 0.771209
v -0.600000 11.712726 1.057770
v -0.939175 11.712726 1.000000
v -0.600000 12.241430 0.600000
v -0.600000 12.392938 0.200000
v -1.083421 12.112725 -0.600000
v -0.259978 11.712726 -1.000000
v -1.163677 11.312726 -1.000000
v -1.116524 10.912725 -1.000000
v -1.400000 10.912725 -0.751213
v -1.400000 11.312726 -0.823960
v -1.579405 11.312726 -0.600000
v -1.518021 10.912725 -0.600000
v -1.400000 11.712726 -0.690119
v -1.469892 11.712726 -0.600000
v -1.400000 11.826557 -0.600000
v -1.400000 10.599232 -0.600000
v -1.164262 10.512727 -1.000000
v -1.400000 10.201634 -1.400000
v -1.400000 10.161212 -1.800000
v -1.400000 10.112726 -1.910196
v -1.176901 10.112726 -2.200000
v -1.444697 10.112726 -1.800000
v -1.400000 9.856872 -2.200000
v -1.667255 9.712726 -1.800000
v -1.470418 9.712726 -2.200000
v -1.717143 9.312726 -1.800000
v -1.528432 9.312726 -2.200000
v -1.613316 8.912725 -1.800000
v -1.403334 8.912725 -2.200000
v -1.400000 8.604313 -1.800000
v -1.400000 8.907410 -2.200000
v -1.400000 8.912725 -2.203875
v -1.400000 8.545629 -1.400000
v -1.763160 8.912726 -1.400000
v -1.800000 8.606606 -1.000000
v -1.453256 8.512725 -1.000000
v -1.400000 8.512726 -1.100213
v -1.800000 8.912725 -1.349012
v -1.800000 8.975547 -1.400000
v -1.400000 8.491230 -1.000000
v -1.400000 9.312726 -2.347899
v -1.800000 9.685328 -1.400000
v -1.800000 9.312726 -1.565236
v -1.787351 9.712726 -1.400000
v -1.800000 9.712726 -1.374827
v -1.800000 9.963322 -1.000000
v -1.489148 10.112726 -1.400000
v -1.491962 10.112726 -1.000000
v -1.400000 10.181477 -1.000000
v -1.800000 10.174917 -0.600000
v -1.800000 10.112726 -0.709066
v -1.400000 10.336234 -0.600000
v -1.380121 10.512726 -0.600000
v -1.400000 10.512726 -0.570757
v -1.400000 9.712726 -2.281880
v -1.002285 9.312726 -2.600000
v -0.362297 9.712726 -2.600000
v -0.200000 9.312726 -2.601300
v 0.329308 9.312726 -2.200000
v 0.600000 8.912725 -1.251387
v 0.563445 8.512726 -1.000000
v 0.200000 8.112725 -0.918147
v -0.200000 7.820630 -0.600000
v 0.105291 7.712726 -0.600000
v 0.200000 7.712726 -0.629577
v -0.200000 8.055881 -1.000000
v 0.200000 7.312726 -0.665694
v 0.112168 7.312725 -0.600000
v -0.200000 7.021487 -0.600000
v -0.200000 6.912726 -0.657460
v 0.200000 6.912726 -0.843683
v -0.200000 6.512726 -0.807286
v 0.200000 6.512726 -0.921013
v -0.200000 6.112726 -0.928285
v 0.200000 6.112726 -0.978312
v -0.600000 6.112726 -0.966877
v -0.600000 6.512726 -0.892525
v -0.200000 5.887471 -1.000000
v -0.600000 6.912726 -0.799245
v -0.200000 7.312726 -0.443873
v -0.600000 7.302688 -0.600000
v -0.200000 7.712726 -0.504007
v -2.186462 7.312726 -0.600000
v -2.116685 7.712726 -0.200000
v -2.695233 8.912725 -1.000000
v -1.898672 9.312726 -1.400000
v -2.783464 9.312726 -1.000000
v -2.481721 8.112725 -0.200000
v -2.200000 7.989049 -0.200000
v -2.481721 8.112725 0.200000
v -1.905509 9.312726 1.400000
v -1.800000 9.989530 1.000000
v -1.800000 9.712726 1.389688
v -1.800000 10.112726 0.749978
v -1.554936 10.112726 1.000000
v -2.642923 10.112726 0.600000
v -1.407323 10.512726 0.600000
v -1.518083 10.912725 0.600000
v -1.400000 10.512726 0.611353
v -1.400000 10.912724 0.754018
v -1.579405 11.312726 0.600000
v -1.469892 11.712726 0.600000
v 0.600000 9.712726 1.370161
v 0.613310 9.312726 1.400000
v 0.600000 8.912725 1.276985
v 0.893907 9.312726 1.000000
v 0.746001 8.912725 1.000000
v 0.600000 8.551386 1.000000
v 1.000000 8.912725 0.674411
v 1.000000 8.814482 0.600000
v 0.844479 8.512726 0.600000
v 0.600000 8.512726 0.967498
v 0.600000 8.112725 0.673826
v 0.699563 8.112725 0.600000
v 1.000000 8.445971 0.200000
v 0.986526 8.112725 0.200000
v 1.000000 8.512726 0.283359
v 1.000000 7.719660 0.600000
v 1.000000 8.080224 0.200000
v 0.986526 8.112725 -0.200000
v 1.000000 8.080224 -0.200000
v 1.400000 7.746985 -0.200000
v 1.400000 7.746985 0.200000
v 1.465015 7.712726 -0.200000
v 1.465015 7.712726 0.200000
v 1.800000 7.458663 0.200000
v 1.800000 7.458663 -0.200000
v 1.400000 7.575973 -0.600000
v 1.725622 7.312726 -0.600000
v 1.800000 7.312726 -0.490111
v 1.400000 7.712726 -0.320522
v 1.800000 7.206075 -0.600000
v 1.918355 6.912726 -0.600000
v 2.073351 6.912725 -0.200000
v 1.912394 7.312726 -0.200000
v 1.800000 6.912726 -0.756065
v 1.800000 6.512726 -0.763451
v 1.924263 6.512726 -0.600000
v 1.800000 6.191909 -0.600000
v 1.800000 6.112726 -0.522914
v 1.930120 6.112726 -0.200000
v 2.078284 6.512726 -0.200000
v 1.800000 5.938823 -0.200000
v 1.800000 5.938823 0.200000
v 1.930120 6.112726 0.200000
v 1.800000 6.112726 0.522914
v 1.800000 6.191909 0.600000
v 1.924263 6.512726 0.600000
v 2.078284 6.512726 0.200000
v 1.918355 6.912726 0.600000
v 2.073351 6.912725 0.200000
v 1.800000 7.206075 0.600000
v 1.800000 7.312726 0.490111
v 1.912394 7.312726 0.200000
v 1.800000 6.912726 0.756065
v 1.400000 7.055531 1.000000
v 1.400000 7.312726 0.867452
v 1.725622 7.312726 0.600000
v 1.485749 6.912725 1.000000
v 1.400000 7.575973 0.600000
v 1.800000 6.512726 0.763451
v 1.496851 6.512726 1.000000
v 1.400000 6.341570 1.000000
v 1.747252 6.112726 0.600000
v 1.400000 6.112726 0.886554
v 1.400000 5.813262 0.600000
v 1.000000 5.712726 0.771421
v 1.000000 6.112726 0.999060
v 1.251156 5.712726 0.600000
v 1.400000 5.712726 0.442131
v 1.000000 5.485355 0.600000
v 1.400000 5.617823 0.200000
v 1.090958 5.312726 0.200000
v 1.000000 5.312726 0.421191
v 1.000000 5.179656 0.200000
v 1.090958 5.312726 -0.200000
v 1.000000 5.179656 -0.200000
v 0.861624 4.912726 -0.200000
v 0.861624 4.912726 0.200000
v 0.713997 4.512725 0.200000
v 0.713997 4.512725 -0.200000
v 0.861851 4.112726 0.200000
v 0.861851 4.112726 -0.200000
v 1.000000 4.024703 0.200000
v 1.000000 4.024703 -0.200000
v 0.600000 3.974854 -0.600000
v 1.000000 3.844509 -0.600000
v 0.600000 4.112726 -0.480520
v 0.600000 3.712726 -0.849837
v 1.000000 3.712726 -0.761646
v 1.224828 3.712726 -0.600000
v 0.200000 4.018925 -0.600000
v 0.200000 3.712726 -0.756633
v 0.200000 3.315400 -1.000000
v 0.600000 3.504746 -1.000000
v 0.200000 3.312726 -1.001135
v 0.600000 3.312726 -1.087195
v 0.200000 2.912726 -1.069387
v 0.600000 2.912726 -1.150437
v 0.200000 2.562824 -1.000000
v 0.250355 2.512726 -1.000000
v 0.600000 2.512726 -1.068793
v 0.600000 2.371825 -1.000000
v 0.200000 2.112725 -0.772615
v 0.600000 2.112725 -0.829258
v 0.200000 2.512726 -0.981083
v 0.200000 1.712726 -0.750152
v 0.600000 1.712726 -0.667647
v 0.719467 1.712726 -0.600000
v 1.000000 2.008991 -0.600000
v 1.000000 2.112725 -0.711901
v 1.000000 1.712726 -0.257340
v 1.000000 1.312726 -0.200612
v 0.803065 1.312726 -0.600000
v 1.000000 0.912726 -0.530196
v 0.960788 0.912726 -0.600000
v 1.000000 0.512726 -0.530196
v 0.960788 0.512726 -0.600000
v 0.600000 0.512726 -0.960788
v 0.600000 0.912726 -0.960788
v 0.530196 0.912726 -1.000000
v 0.530196 0.512726 -1.000000
v 0.200000 1.242996 -1.000000
v 0.600000 1.312726 -0.788063
v 0.200000 1.312726 -0.961343
v -0.200000 1.242921 -1.000000
v -0.200000 1.312726 -0.960788
v -0.200000 1.712726 -0.649162
v -0.200000 0.912726 -1.115109
v 0.200000 0.912726 -1.115109
v -0.200000 0.512726 -1.115109
v 0.200000 0.512726 -1.115109
v -0.200000 0.182530 -1.000000
v 0.200000 0.182530 -1.000000
v -0.200000 0.112726 -0.960788
v 0.200000 0.112726 -0.960788
v -0.200000 -0.248063 -0.600000
v 0.200000 -0.248063 -0.600000
v -0.200000 -0.287274 -0.530196
v 0.200000 -0.287274 -0.530196
v -0.200000 -0.402384 -0.200000
v 0.200000 -0.402384 -0.200000
v -0.200000 -0.402384 0.200000
v 0.200000 -0.402384 0.200000
v -0.200000 -0.287274 0.530196
v 0.200000 -0.287274 0.530196
v -0.200000 -0.248063 0.600000
v 0.200000 -0.248063 0.600000
v -0.200000 0.112726 0.960788
v 0.200000 0.112726 0.960788
v -0.200000 0.182530 1.000000
v 0.200000 0.182530 1.000000
v -0.200000 0.512726 1.115109
v 0.200000 0.512726 1.115109
v -0.200000 0.912726 1.115109
v 0.200000 0.912726 1.115109
v -0.200000 1.242921 1.000000
v 0.200000 1.242996 1.000000
v -0.200000 1.312726 0.960788
v 0.200000 1.312726 0.961343
v -0.200000 1.712726 0.649162
v 0.200000 1.712726 0.750152
v -0.200000 1.801734 0.600000
v -0.175847 2.112725 0.600000
v 0.200000 2.112725 0.772615
v -0.200000 2.137218 0.600000
v -0.200000 2.512726 0.809985
v 0.200000 2.512726 0.981083
v -0.200000 2.912726 0.914746
v 0.039317 2.912726 1.000000
v 0.200000 2.562824 1.000000
v -0.200000 3.312726 0.834798
v 0.197501 3.312726 1.000000
v -0.200000 3.669666 0.600000
v -0.121361 3.712726 0.600000
v 0.200000 3.712726 0.756633
v 0.200000 3.315400 1.000000
v 0.200000 4.018925 0.600000
v -0.200000 3.712726 0.567800
v -0.200000 4.112726 0.521967
v 0.200000 4.112726 0.591127
v -0.200000 4.218335 0.600000
v 0.200000 4.164835 0.600000
v 0.463518 4.512725 0.600000
v 0.600000 4.512725 0.441530
v 0.600000 4.112726 0.480520
v 0.200000 4.512725 0.777721
v 0.200000 4.885151 1.000000
v 0.222886 4.912726 1.000000
v 0.600000 4.912726 0.720568
v 0.600000 4.726014 0.600000
v 0.350927 5.312726 1.000000
v 0.600000 5.312726 0.850731
v 0.365317 5.712726 1.000000
v 0.600000 5.712726 0.940164
v 0.200000 5.949260 1.000000
v 0.200000 6.112726 0.978312
v 0.363798 6.112726 1.000000
v 0.600000 6.021813 1.000000
v 0.200000 6.512726 0.921013
v 0.374686 6.512726 1.000000
v 0.200000 6.912726 0.843683
v 0.436215 6.912726 1.000000
v 0.200000 7.312726 0.665694
v 0.600000 7.312726 0.904212
v 0.600000 7.135733 1.000000
v 0.200000 7.712726 0.629577
v 0.600000 7.712725 0.678085
v 0.200000 8.112725 0.937767
v 1.000000 7.712726 0.606770
v 1.000000 7.312726 0.971837
v 0.600000 6.912725 1.071327
v 1.000000 7.263897 1.000000
v 1.000000 6.912726 1.130014
v 0.600000 6.512726 1.080635
v 1.000000 6.512726 1.135036
v 0.600000 6.112726 1.017504
v 1.000000 6.114829 1.000000
v 0.991154 6.112726 1.000000
v 1.400000 6.512726 1.047032
v 1.400000 6.912726 1.041648
v -0.200000 7.021487 0.600000
v 0.112168 7.312725 0.600000
v -0.200000 6.912726 0.657460
v -0.200000 7.312726 0.443873
v -0.200000 7.712726 0.504209
v 0.105290 7.712726 0.600000
v -0.200000 7.815909 0.600000
v -0.600000 7.855686 0.600000
v -0.600000 7.712726 0.508257
v -0.600000 8.073098 1.000000
v -0.200000 8.040583 1.000000
v -0.600000 8.112725 1.130027
v -0.200000 8.112726 1.164598
v 0.105551 8.112726 1.000000
v -0.724956 8.112725 1.000000
v -1.000000 8.288909 1.400000
v -1.000000 8.243739 1.000000
v -0.999148 8.112725 0.600000
v -1.000000 8.113326 0.600000
v -1.367320 8.512726 1.400000
v -1.258828 8.512726 1.800000
v -1.000000 7.712726 0.559676
v -1.000000 8.112726 0.598857
v -1.000000 7.661735 0.600000
v -0.600000 7.312726 0.593569
v -0.607515 7.312725 0.600000
v -1.000000 7.312726 0.876236
v -1.000000 7.076473 1.000000
v -0.600000 7.302688 0.600000
v -0.600000 6.912726 0.799245
v -0.895960 6.912726 1.000000
v -0.600000 6.512726 0.892525
v -0.837020 6.512726 1.000000
v -0.600000 6.112726 0.966877
v -0.838037 6.112726 1.000000
v -1.000000 6.019558 1.000000
v -0.600000 5.927068 1.000000
v -0.815941 5.712726 1.000000
v -1.000000 5.712726 0.955547
v -1.000000 5.312725 0.887978
v -0.806294 5.312726 1.000000
v -1.000000 4.912726 0.779166
v -0.677831 4.912726 1.000000
v -1.000000 4.646470 0.600000
v -0.600000 4.829413 1.000000
v -0.600000 4.512725 0.793923
v -0.887313 4.512726 0.600000
v -0.600000 4.324395 0.600000
v -1.000000 4.112726 0.366886
v -1.000000 4.512726 0.479807
v -0.600000 4.112726 0.417783
v -1.000000 3.832504 0.600000
v -0.600000 3.712726 0.534384
v -0.783466 3.712726 0.600000
v -1.000000 3.712726 0.717265
v -1.000000 3.312726 0.984377
v -0.600000 3.636534 0.600000
v -0.600000 3.312726 0.824876
v -1.000000 3.264628 1.000000
v -0.600000 2.912726 0.905514
v -0.878397 2.912726 1.000000
v -1.000000 2.608565 1.000000
v -0.600000 2.512726 0.799656
v -1.000000 2.512726 0.963897
v -1.000000 2.112725 0.661389
v -0.600000 2.233191 0.600000
v -0.888625 2.112725 0.600000
v -1.000000 2.055581 0.600000
v -0.600000 2.112725 0.505297
v -0.600000 1.712726 0.428942
v -0.961174 1.712726 0.200000
v -1.000000 1.733170 0.200000
v -0.600000 1.507354 0.600000
v -0.780553 1.312726 0.600000
v -0.992716 1.312726 0.200000
v -1.000000 1.293434 0.200000
v -0.960788 0.912726 0.600000
v -1.000000 0.912726 0.530196
v -1.000000 0.512726 0.530196
v -0.960788 0.512726 0.600000
v -1.000000 0.182530 0.200000
v -0.775880 0.112726 0.600000
v -0.960788 0.112726 0.200000
v -0.600000 -0.063155 0.600000
v -0.600000 -0.248063 0.200000
v -0.600000 -0.248063 -0.200000
v -0.960788 0.112726 -0.200000
v -0.530196 -0.287274 0.200000
v -0.530196 -0.287274 -0.200000
v -1.000000 0.182530 -0.200000
v -0.775880 0.112726 -0.600000
v -0.960788 0.512726 -0.600000
v -1.000000 0.512726 -0.530196
v -0.960788 0.912726 -0.600000
v -1.000000 0.912726 -0.530196
v -1.000000 1.293434 -0.200000
v -0.780553 1.312726 -0.600000
v -0.992716 1.312726 -0.200000
v -0.600000 0.912726 -0.960788
v -0.600000 1.312726 -0.775894
v -0.600000 1.507354 -0.600000
v -0.600000 0.512726 -0.960788
v -0.530196 0.512726 -1.000000
v -0.530196 0.912726 -1.000000
v -1.115109 0.912726 -0.200000
v -1.115109 0.512726 -0.200000
v -1.115109 0.512726 0.200000
v -1.115109 0.912726 0.200000
v -0.600000 0.112726 -0.775880
v -0.600000 -0.063155 -0.600000
v -0.600000 0.112726 0.775880
v -0.600000 0.512726 0.960788
v -0.600000 0.912726 0.960788
v -0.530196 0.912726 1.000000
v -0.530196 0.512726 1.000000
v -0.961174 1.712726 -0.200000
v -0.600000 1.312726 0.775894
v -1.000000 1.733170 -0.200000
v -0.600000 1.712726 -0.428942
v -0.600000 2.112725 -0.505297
v -0.888625 2.112725 -0.600000
v -1.000000 2.055581 -0.600000
v -0.600000 2.233191 -0.600000
v -0.200000 2.112726 -0.588492
v -0.200000 2.137218 -0.600000
v -0.200000 2.512726 -0.809985
v -0.600000 2.512726 -0.799656
v -0.200000 2.912726 -0.914746
v -0.600000 2.912726 -0.905514
v -0.200000 3.312726 -0.834798
v -0.600000 3.312726 -0.824876
v -0.600000 3.636534 -0.600000
v -0.200000 3.669666 -0.600000
v -0.200000 3.712726 -0.567800
v -0.600000 3.712726 -0.534384
v -0.200000 4.112726 -0.521967
v -0.600000 4.112726 -0.417783
v -0.600000 4.324395 -0.600000
v -0.200000 4.218335 -0.600000
v -0.200000 4.512725 -0.876616
v -0.600000 4.512725 -0.793923
v 0.200000 4.164835 -0.600000
v 0.200000 4.512725 -0.777721
v 0.463518 4.512725 -0.600000
v 0.200000 4.112726 -0.591127
v 0.600000 4.512725 -0.441530
v 0.600000 4.726014 -0.600000
v -0.887313 4.512726 -0.600000
v -1.000000 4.112726 -0.366886
v -1.000000 4.512726 -0.479807
v -0.121361 3.712726 -0.600000
v -1.000000 3.832504 -0.600000
v -0.783466 3.712726 -0.600000
v -1.000000 3.712726 -0.717265
v -1.400000 3.919819 -0.600000
v -1.400000 3.712726 -0.847476
v -1.800000 3.859507 -0.600000
v -1.800000 3.712726 -0.779785
v -1.800000 3.393425 -1.000000
v -1.400000 3.501623 -1.000000
v -1.800000 3.312726 -1.034197
v -1.400000 3.312726 -1.085672
v -1.800000 2.912726 -1.099104
v -1.400000 2.912726 -1.148963
v -1.800000 2.512726 -1.014173
v -1.400000 2.512726 -1.067225
v -1.800000 2.482736 -1.000000
v -1.400000 2.374802 -1.000000
v -1.800000 2.112725 -0.726158
v -1.400000 2.112725 -0.798322
v -1.800000 2.016706 -0.600000
v -1.400000 1.958286 -0.600000
v -1.800000 1.856086 -0.200000
v -1.400000 1.794539 -0.200000
v -1.800000 1.856086 0.200000
v -1.400000 1.794539 0.200000
v -1.800000 2.016706 0.600000
v -1.400000 1.958286 0.600000
v -1.800000 2.112725 0.726158
v -1.400000 2.112725 0.798322
v -1.800000 2.482736 1.000000
v -1.400000 2.374802 1.000000
v -1.800000 2.512726 1.014173
v -1.400000 2.512726 1.067225
v -1.800000 2.912726 1.099104
v -1.400000 2.912726 1.148963
v -1.800000 3.312726 1.034197
v -1.400000 3.312726 1.085672
v -1.800000 3.393425 1.000000
v -1.400000 3.501623 1.000000
v -1.800000 3.712726 0.779785
v -1.400000 3.712726 0.847476
v -1.800000 3.859507 0.600000
v -1.400000 3.919819 0.600000
v -1.800000 4.019202 0.200000
v -1.400000 4.112068 0.200000
v -1.800000 4.019202 -0.200000
v -1.400000 4.112068 -0.200000
v -1.396996 4.112726 -0.200000
v -1.396996 4.112726 0.200000
v -1.154301 4.512725 -0.200000
v -1.154301 4.512725 0.200000
v -1.316380 4.912726 -0.200000
v -1.316380 4.912726 0.200000
v -1.400000 5.084067 0.200000
v -1.400000 5.084067 -0.200000
v -1.400000 5.312726 0.509320
v -1.330634 5.312726 0.600000
v -1.147940 4.912726 0.600000
v -1.400000 5.417063 0.600000
v -1.800000 5.571028 0.200000
v -1.800000 5.712726 0.512195
v -1.708155 5.712726 0.600000
v -1.547266 5.312726 0.200000
v -1.800000 5.774574 0.600000
v -1.800000 6.112726 0.914364
v -1.444670 6.112726 1.000000
v -1.400000 6.100879 1.000000
v -1.400000 5.712726 0.800470
v -1.800000 6.277509 1.000000
v -1.800000 6.512726 1.070444
v -1.400000 6.512726 1.135518
v -1.400000 6.112726 1.005551
v -1.000000 6.512726 1.062185
v -1.000000 6.112726 1.013572
v -1.956591 6.512726 1.000000
v -1.946006 6.912726 1.000000
v -1.800000 6.912726 1.065255
v -1.800000 7.121263 1.000000
v -2.200000 7.295027 0.600000
v -1.800000 7.312726 0.895610
v -2.200000 6.912726 0.818922
v -1.400000 7.312725 0.972388
v -1.400000 7.264853 1.000000
v -1.400000 7.690892 0.600000
v -2.379167 6.912726 0.600000
v -1.400000 6.912726 1.130500
v -1.000000 6.912726 1.048981
v -2.200000 6.512726 0.825747
v -2.200000 6.112726 0.610387
v -2.208261 6.112726 0.600000
v -2.384938 6.512726 0.600000
v -2.200000 6.102121 0.600000
v -2.200000 5.876287 0.200000
v -2.390664 6.112726 0.200000
v -2.200000 5.876287 -0.200000
v -2.390664 6.112726 -0.200000
v -2.539521 6.512726 -0.200000
v -2.539521 6.512726 0.200000
v -2.200000 6.102121 -0.600000
v -1.990044 5.712726 0.200000
v -1.990044 5.712726 -0.200000
v -1.800000 5.571028 -0.200000
v -1.547266 5.312726 -0.200000
v -2.200000 3.797548 0.200000
v -2.200000 3.797548 -0.200000
v -2.200000 3.712726 -0.421218
v -2.063569 3.712726 -0.600000
v -2.200000 3.584508 -0.600000
v -2.288637 3.712726 -0.200000
v -2.532174 3.312726 -0.200000
v -2.369608 3.312726 -0.600000
v -2.200000 3.312726 -0.799005
v -2.200000 2.912726 -0.882265
v -2.444054 2.912726 -0.600000
v -2.200000 2.512726 -0.773166
v -2.347107 2.512726 -0.600000
v -2.200000 2.291147 -0.600000
v -2.512751 2.512726 -0.200000
v -2.238169 2.112725 -0.200000
v -2.200000 2.112725 -0.311572
v -2.238169 2.112725 0.200000
v -2.512751 2.512726 0.200000
v -2.595116 2.912726 -0.200000
v -2.595116 2.912726 0.200000
v -2.532174 3.312726 0.200000
v -2.444054 2.912726 0.600000
v -2.369608 3.312726 0.600000
v -2.200000 3.584508 0.600000
v -2.288637 3.712726 0.200000
v -2.200000 3.712726 0.421218
v -2.200000 3.312726 0.799005
v -2.347107 2.512726 0.600000
v -2.200000 2.512726 0.773166
v -2.200000 2.912726 0.882265
v -2.200000 2.291147 0.600000
v -2.029096 2.912726 1.000000
v -1.836571 2.512726 1.000000
v -1.888301 3.312726 1.000000
v -2.200000 2.078171 0.200000
v -2.200000 2.078171 -0.200000
v -2.200000 2.112725 0.311572
v -1.992825 2.112725 -0.600000
v -1.836571 2.512726 -1.000000
v -2.029096 2.912726 -1.000000
v -2.063569 3.712726 0.600000
v -1.038167 3.312726 1.000000
v -1.000000 2.912726 1.053627
v -1.087765 2.512726 1.000000
v -1.992825 2.112725 0.600000
v -1.000000 2.112725 -0.661389
v -1.087765 2.512726 -1.000000
v -1.000000 2.608565 -1.000000
v -1.000000 2.912726 -1.053627
v -1.000000 2.512726 -0.963897
v -0.878397 2.912726 -1.000000
v -1.000000 3.264628 -1.000000
v -1.888301 3.312726 -1.000000
v -1.038167 3.312726 -1.000000
v 0.039317 2.912726 -1.000000
v -0.175847 2.112725 -0.600000
v -0.200000 1.801734 -0.600000
v -0.299506 1.712726 -0.600000
v -0.200000 2.112726 0.588492
v -0.299506 1.712726 0.600000
v -0.200000 4.512725 0.876616
v -0.600000 4.912726 1.032809
v -0.200000 4.912726 1.097032
v -0.200000 4.690287 1.000000
v 0.200000 4.912726 1.010868
v -0.600000 5.312726 1.087120
v -0.600000 5.712726 1.038465
v -0.200000 5.712726 1.061780
v -0.200000 5.312726 1.149258
v -0.200000 5.887471 1.000000
v 0.200000 5.712726 1.031519
v -0.200000 6.112726 0.928285
v -0.200000 6.512726 0.807286
v -1.400000 7.712726 0.569136
v 0.200000 5.312725 1.067908
v 0.875662 5.312725 0.600000
v 0.692624 4.912726 0.600000
v 0.600000 3.974854 0.600000
v 0.600000 3.712726 0.849837
v 0.200000 3.312726 1.001135
v 0.600000 3.504746 1.000000
v 0.600000 3.312726 1.087195
v 0.200000 2.912726 1.069387
v 0.600000 2.912726 1.150437
v 0.600000 2.512726 1.068793
v 0.250355 2.512726 1.000000
v 0.600000 2.371825 1.000000
v 0.999946 2.512726 1.000000
v 1.000000 2.512726 0.999982
v 1.000000 2.112725 0.711901
v 0.600000 2.112725 0.829258
v 1.000000 2.512772 1.000000
v 1.190523 2.912726 1.000000
v 1.400000 2.912726 0.848174
v 1.400000 2.512726 0.733937
v 1.048080 3.312726 1.000000
v 1.400000 3.312726 0.760921
v 1.000000 3.360957 1.000000
v 1.000000 3.712726 0.761646
v 1.224828 3.712726 0.600000
v 1.400000 3.537155 0.600000
v 1.000000 3.844509 0.600000
v 1.400000 3.762486 0.200000
v 1.400000 3.712726 0.342843
v 1.449682 3.712726 0.200000
v 1.692583 3.312726 0.200000
v 1.530686 3.312726 0.600000
v 1.604585 2.912726 0.600000
v 1.756905 2.912726 0.200000
v 1.507946 2.512726 0.600000
v 1.673887 2.512726 0.200000
v 1.400000 2.338882 0.600000
v 1.400000 2.113416 0.200000
v 1.673887 2.512726 -0.200000
v 1.400000 2.113416 -0.200000
v 1.507946 2.512726 -0.600000
v 1.400000 2.338882 -0.600000
v 1.756905 2.912726 -0.200000
v 1.604585 2.912726 -0.600000
v 1.400000 2.512726 -0.733937
v 1.400000 2.912726 -0.848174
v 1.530686 3.312726 -0.600000
v 1.400000 3.312726 -0.760921
v 1.400000 3.537155 -0.600000
v 1.692583 3.312726 -0.200000
v 1.449682 3.712726 -0.200000
v 1.400000 3.712726 -0.342843
v 1.000000 2.512772 -1.000000
v 1.000000 2.512726 -0.999982
v 1.190523 2.912726 -1.000000
v 1.000000 2.912726 -1.086699
v 1.048080 3.312726 -1.000000
v 1.000000 3.312726 -1.020448
v 1.000000 3.360957 -1.000000
v 0.999946 2.512726 -1.000000
v 1.399266 2.112725 -0.200000
v 1.399266 2.112725 0.200000
v 1.022158 1.712726 0.200000
v 1.022158 1.712726 -0.200000
v 1.000172 1.312726 0.200000
v 1.000172 1.312726 -0.200000
v 1.115109 0.912726 0.200000
v 1.115109 0.912726 -0.200000
v 1.115109 0.512726 0.200000
v 1.115109 0.512726 -0.200000
v 1.000000 0.182530 0.200000
v 1.000000 0.182530 -0.200000
v 1.000000 0.512726 0.530196
v 0.960788 0.112726 -0.200000
v 0.960788 0.112726 0.200000
v 0.600000 -0.248063 0.200000
v 0.600000 -0.248063 -0.200000
v 0.775880 0.112726 -0.600000
v 0.600000 -0.063155 -0.600000
v 0.600000 0.112726 -0.775880
v 0.600000 -0.063155 0.600000
v 0.775880 0.112726 0.600000
v 0.600000 0.112726 0.775880
v 0.600000 0.512726 0.960788
v 0.960788 0.512726 0.600000
v 0.600000 0.912726 0.960788
v 0.960788 0.912726 0.600000
v 0.600000 1.312726 0.788063
v 0.803065 1.312726 0.600000
v 0.600000 1.712726 0.667647
v 0.719467 1.712726 0.600000
v 1.000000 0.912726 0.530196
v 0.530196 0.512726 1.000000
v 0.530196 0.912726 1.000000
v 0.530196 -0.287274 -0.200000
v 0.530196 -0.287274 0.200000
v 1.000000 1.312726 0.200612
v 1.000000 1.712726 0.257340
v 1.000000 2.008991 0.600000
v 1.155216 2.112725 0.600000
v 1.400000 3.762486 -0.200000
v 1.000000 3.312726 1.020448
v 1.000000 2.912726 1.086699
v 1.155216 2.112725 -0.600000
v 0.197501 3.312726 -1.000000
v 0.692624 4.912726 -0.600000
v 0.600000 4.912726 -0.720568
v 0.875662 5.312725 -0.600000
v 0.600000 5.312726 -0.850731
v 1.000000 5.485355 -0.600000
v 1.000000 5.712726 -0.771421
v 0.600000 5.712726 -0.940164
v 1.000000 6.112726 -0.999060
v 0.991154 6.112726 -1.000000
v 1.000000 6.114829 -1.000000
v 1.400000 6.112726 -0.886554
v 1.400000 6.341570 -1.000000
v 1.400000 6.512726 -1.047032
v 1.496851 6.512726 -1.000000
v 1.485749 6.912725 -1.000000
v 1.400000 6.912726 -1.041648
v 1.400000 7.055531 -1.000000
v 1.000000 5.312726 -0.421191
v 1.251156 5.712726 -0.600000
v 1.400000 5.617823 -0.200000
v 1.530534 5.712726 0.200000
v 1.530534 5.712726 -0.200000
v 1.400000 5.712726 -0.442131
v 1.747252 6.112726 -0.600000
v 1.400000 7.312726 -0.867452
v 1.017955 7.712726 -0.600000
v 1.400000 7.712726 0.320522
v 1.017955 7.712726 0.600000
v 1.000000 8.445971 -0.200000
v 1.023723 8.512726 0.200000
v 1.023723 8.512726 -0.200000
v 1.303240 8.912725 0.200000
v 1.303240 8.912725 -0.200000
v 1.000000 8.512726 -0.283359
v 1.068079 8.912725 -0.600000
v 1.068972 8.912725 0.600000
v 0.200000 8.154586 1.000000
v 0.578823 8.512726 1.000000
v -1.400000 8.912725 2.118282
v -1.459692 9.312726 2.200000
v -1.400000 9.712726 2.196657
v -1.946006 6.912726 -1.000000
v -0.200000 5.712726 -1.061780
v 1.400000 9.220185 -0.600000
v 1.400000 9.312726 -0.702321
v 1.548090 9.312726 -0.600000
v 1.992335 9.712726 0.600000
v 1.800000 10.112726 0.945350
v 1.800000 9.312726 -0.277238
v 1.000000 9.493284 1.000000
v 1.000000 9.312726 0.919225
v 1.000000 9.712726 1.077436
v 1.400000 10.912725 0.885653
v 1.400000 11.171762 0.600000
v -0.200000 11.712726 -0.978898
v 1.400000 5.813262 -0.600000
v -1.000000 3.312726 -0.984377
vn 0.2259 0.4532 -0.8623
vn 0.4244 0.2643 -0.8660
vn 0.5923 0.2664 -0.7604
vn 0.5192 0.5519 -0.6525
vn 0.2364 0.6121 -0.7546
vn 0.2521 0.8078 -0.5328
vn 0.5086 0.7187 -0.4742
vn 0.5503 0.8155 -0.1790
vn 0.3635 0.9170 -0.1641
vn 0.2673 0.9017 -0.3399
vn 0.5503 0.8157 0.1786
vn 0.3562 0.9209 0.1584
vn 0.2166 0.9670 0.1344
vn 0.2166 0.9670 -0.1344
vn 0.2599 0.9039 0.3397
vn 0.2921 0.9359 0.1968
vn 0.2288 0.8741 0.4284
vn 0.4590 0.6457 0.6102
vn 0.5803 0.7863 0.2121
vn 0.2771 0.6019 0.7489
vn 0.1356 0.7783 0.6131
vn 0.0862 0.4235 0.9018
vn 0.3172 0.5443 0.7766
vn -0.0184 0.5949 0.8036
vn -0.0520 0.3616 0.9309
vn -0.0540 0.4203 0.9058
vn -0.0317 0.2738 0.9613
vn 0.0338 0.4172 0.9082
vn 0.3460 0.3570 0.8676
vn 0.1373 0.0673 0.9882
vn 0.2260 0.4532 0.8623
vn 0.1899 0.2211 0.9566
vn 0.4252 0.2660 0.8651
vn 0.2198 -0.0804 0.9722
vn 0.4311 -0.1111 0.8954
vn 0.2279 -0.3209 0.9193
vn 0.3583 -0.4417 0.8225
vn 0.2908 -0.4792 0.8281
vn 0.5351 -0.4343 0.7246
vn 0.5745 -0.6357 0.5157
vn 0.4598 -0.7114 0.5315
vn 0.4209 -0.5580 0.7151
vn 0.5124 -0.6705 0.5365
vn 0.6206 -0.7144 0.3232
vn 0.5705 -0.8071 0.1525
vn 0.6278 -0.7531 0.1967
vn 0.5771 -0.8024 -0.1523
vn 0.6227 -0.7584 -0.1927
vn 0.6900 -0.7109 0.1361
vn 0.6862 -0.7143 -0.1373
vn 0.8482 -0.4978 0.1813
vn 0.8401 -0.5138 -0.1741
vn 0.9298 -0.3171 0.1867
vn 0.9266 -0.3283 -0.1831
vn 0.9195 -0.1037 -0.3791
vn 0.8246 -0.1004 -0.5567
vn 0.7522 -0.4299 -0.4995
vn 0.8934 0.2653 -0.3626
vn 0.7958 0.2639 -0.5450
vn 0.8864 0.4282 -0.1761
vn 0.7782 0.6003 -0.1844
vn 0.6855 0.5473 -0.4802
vn 0.8866 0.4275 0.1765
vn 0.7798 0.5972 0.1878
vn 0.8943 0.2631 0.3620
vn 0.7960 0.2660 0.5437
vn 0.6854 0.5474 0.4801
vn 0.5118 0.7141 0.4776
vn 0.9129 -0.1187 0.3905
vn 0.8227 -0.1057 0.5585
vn 0.9701 0.2012 0.1358
vn 0.9861 -0.0829 0.1441
vn 0.9701 0.2012 -0.1358
vn 0.9861 -0.0829 -0.1441
vn 0.5923 0.2668 0.7603
vn 0.5191 0.5518 0.6527
vn 0.5992 -0.1037 -0.7938
vn 0.5351 -0.4343 -0.7246
vn 0.5742 -0.6359 -0.5158
vn 0.4311 -0.1111 -0.8954
vn 0.3583 -0.4417 -0.8225
vn 0.2217 -0.3232 -0.9200
vn 0.2165 -0.0824 -0.9728
vn 0.1892 0.2205 -0.9569
vn 0.2835 -0.4814 -0.8294
vn 0.4917 -0.3206 -0.8096
vn 0.3470 -0.1308 -0.9287
vn 0.8718 -0.0059 -0.4898
vn 0.8869 -0.0761 -0.4556
vn 0.7219 -0.2723 -0.6362
vn 0.6623 0.1461 -0.7349
vn 0.5104 -0.4169 -0.7522
vn 0.6486 -0.4231 -0.6327
vn 0.7835 -0.3128 -0.5369
vn 0.7766 -0.3851 -0.4986
vn 0.6937 -0.4611 -0.5533
vn 0.7938 -0.3726 -0.4806
vn 0.7494 -0.4308 -0.5028
vn 0.5460 -0.2996 -0.7824
vn 0.7095 -0.0202 -0.7044
vn 0.0432 0.1982 -0.9792
vn 0.1902 0.5278 -0.8278
vn 0.3788 0.5026 -0.7772
vn -0.2535 0.4525 -0.8550
vn 0.0736 0.5525 -0.8303
vn -0.3131 0.3869 -0.8673
vn 0.0386 0.4182 -0.9075
vn -0.2533 0.1684 -0.9526
vn 0.0355 0.1717 -0.9845
vn -0.2122 -0.0436 -0.9763
vn 0.0546 -0.1272 -0.9904
vn -0.4551 0.2188 -0.8632
vn -0.3430 0.0412 -0.9384
vn -0.0705 -0.1742 -0.9822
vn -0.1485 0.0084 -0.9889
vn 0.0818 -0.1974 -0.9769
vn 0.0102 0.1234 -0.9923
vn 0.1617 0.1360 -0.9774
vn 0.2411 -0.0255 -0.9702
vn 0.2634 -0.0178 -0.9645
vn 0.4237 -0.1092 -0.8992
vn 0.3037 -0.2489 -0.9197
vn 0.4865 -0.2956 -0.8222
vn 0.3571 -0.4314 -0.8285
vn 0.0256 -0.4860 -0.8736
vn 0.0252 -0.2619 -0.9648
vn -0.3135 -0.4529 -0.8346
vn -0.2633 -0.2478 -0.9323
vn 0.0202 0.0135 -0.9997
vn -0.2335 -0.0077 -0.9723
vn -0.4059 -0.0907 -0.9094
vn -0.4607 -0.2998 -0.8354
vn -0.1457 0.1622 -0.9759
vn -0.2228 -0.0040 -0.9748
vn -0.0101 0.1567 -0.9876
vn -0.0631 -0.1576 -0.9855
vn 0.1621 0.0291 -0.9863
vn 0.0910 -0.1506 -0.9844
vn 0.3529 0.0548 -0.9340
vn 0.2217 -0.0539 -0.9736
vn 0.4694 0.2122 -0.8571
vn 0.2904 0.1647 -0.9426
vn 0.3497 0.3722 -0.8597
vn 0.0210 0.4204 -0.9071
vn 0.0164 0.1726 -0.9849
vn -0.3358 0.3903 -0.8573
vn -0.2765 0.1583 -0.9479
vn -0.2819 -0.1319 -0.9503
vn -0.0087 -0.1201 -0.9927
vn -0.3528 -0.3614 -0.8631
vn -0.1621 -0.4945 -0.8539
vn -0.0502 -0.2817 -0.9582
vn -0.1672 -0.3879 -0.9064
vn -0.4890 -0.6434 -0.5890
vn -0.5250 -0.5897 -0.6137
vn -0.3662 -0.4556 -0.8114
vn -0.3656 -0.5305 -0.7648
vn -0.6050 -0.4820 -0.6337
vn -0.7025 -0.3497 -0.6198
vn -0.5539 -0.1807 -0.8127
vn -0.3014 -0.2016 -0.9319
vn -0.6033 -0.3386 -0.7221
vn -0.7755 -0.3544 -0.5226
vn -0.6767 -0.4482 -0.5841
vn -0.6811 -0.5777 -0.4499
vn -0.5766 -0.7112 -0.4021
vn -0.6146 -0.4620 -0.6395
vn -0.5089 -0.1682 -0.8442
vn -0.6630 -0.1810 -0.7264
vn -0.8533 -0.1649 -0.4947
vn -0.7622 -0.4525 -0.4630
vn -0.6643 0.1989 -0.7205
vn -0.8517 0.1955 -0.4862
vn -0.7172 0.4099 -0.5636
vn -0.7247 0.5280 -0.4427
vn -0.8726 0.4505 -0.1887
vn -0.9636 0.1953 -0.1828
vn -0.9636 0.1950 0.1828
vn -0.8708 0.4571 0.1809
vn -0.7801 0.5725 0.2524
vn -0.7801 0.5725 -0.2524
vn -0.7157 0.5431 0.4391
vn -0.8941 0.1660 0.4161
vn -0.3670 0.4262 0.8269
vn -0.3480 0.6760 0.6496
vn -0.5780 0.5560 0.5973
vn -0.6611 -0.6065 0.4416
vn -0.2297 -0.7159 0.6593
vn -0.0593 -0.3894 0.9192
vn -0.0597 -0.8028 0.5933
vn 0.0338 -0.8057 0.5914
vn -0.1896 -0.8671 0.4606
vn -0.1658 -0.2317 0.9586
vn -0.1101 -0.7740 0.6236
vn -0.2774 -0.8872 0.3686
vn -0.3665 -0.8885 0.2762
vn -0.2627 -0.7472 0.6104
vn -0.5118 -0.5643 0.6478
vn -0.7180 -0.5381 0.4415
vn -0.6170 -0.7505 0.2369
vn -0.4095 -0.8999 0.1498
vn -0.6732 -0.6442 0.3630
vn -0.8180 -0.4141 0.3992
vn -0.7101 -0.3474 0.6124
vn -0.8785 -0.0212 0.4772
vn -0.8902 -0.0438 0.4534
vn -0.7928 0.2076 0.5730
vn -0.8268 0.4314 0.3610
vn -0.8628 0.3121 0.3976
vn -0.7144 0.6743 0.1868
vn -0.7556 0.5797 0.3051
vn -0.6125 0.7362 0.2879
vn -0.6503 0.7445 0.1509
vn -0.6392 0.6135 0.4637
vn -0.3675 0.8569 0.3614
vn -0.3162 0.7428 0.5902
vn -0.5162 0.5939 0.6172
vn -0.3157 0.5647 0.7625
vn -0.3594 0.2871 0.8879
vn -0.6150 0.3361 0.7133
vn -0.7139 0.1450 0.6851
vn -0.3605 -0.0572 0.9310
vn -0.6252 -0.0366 0.7796
vn -0.7016 -0.2429 0.6700
vn -0.3355 -0.3977 0.8540
vn -0.5751 -0.4495 0.6835
vn -0.3550 -0.6405 0.6810
vn -0.0004 -0.4168 0.9090
vn -0.0004 -0.6892 0.7246
vn -0.0011 -0.8135 0.5815
vn -0.3539 -0.7654 0.5375
vn -0.3338 -0.8863 0.3210
vn -0.0276 -0.9266 0.3750
vn 0.3486 -0.7647 0.5419
vn 0.2924 -0.8689 0.3995
vn 0.2152 -0.9094 0.3560
vn -0.0847 -0.9580 0.2741
vn 0.5332 -0.7181 0.4473
vn 0.5751 -0.7203 0.3879
vn 0.5277 -0.7447 0.4087
vn 0.6745 -0.5903 0.4433
vn 0.8384 -0.3580 0.4110
vn 0.8693 -0.3121 0.3833
vn 0.7000 -0.5845 0.4103
vn 0.8919 -0.1941 0.4084
vn 0.9090 -0.0488 0.4138
vn 0.9462 -0.0076 0.3234
vn 0.8483 0.0071 0.5294
vn 0.8702 0.2797 0.4056
vn 0.8274 0.2855 0.4837
vn 0.7407 0.5784 0.3418
vn 0.6733 0.5629 0.4794
vn 0.5898 0.7391 0.3255
vn 0.5106 0.7314 0.4520
vn 0.6484 0.5947 0.4753
vn 0.3112 0.7485 0.5856
vn 0.3550 0.8578 0.3717
vn 0.5061 0.6120 0.6077
vn 0.3151 0.5648 0.7627
vn 0.3590 0.2870 0.8881
vn 0.6147 0.3358 0.7137
vn 0.3599 -0.0573 0.9312
vn 0.7165 0.1268 0.6860
vn 0.6247 -0.0364 0.7800
vn 0.3349 -0.3979 0.8541
vn 0.6998 -0.2457 0.6708
vn 0.5734 -0.4478 0.6860
vn 0.3526 -0.6393 0.6833
vn 0.7113 -0.4460 0.5432
vn 0.8057 -0.0358 0.5912
vn -0.0004 -0.0646 0.9979
vn 0.7488 0.3371 0.5706
vn -0.0004 0.3021 0.9533
vn -0.0004 0.5873 0.8093
vn -0.0004 0.7899 0.6132
vn 0.0034 0.9168 0.3993
vn 0.0077 0.9483 0.3173
vn 0.2644 0.9240 0.2763
vn 0.4001 0.8456 0.3535
vn -0.0018 0.7790 0.6270
vn -0.2596 0.9295 0.2620
vn 0.3965 0.7203 0.5691
vn -0.4401 0.8580 0.2649
vn -0.5237 0.7362 0.4286
vn -0.6514 0.7026 0.2865
vn -0.8010 0.3970 0.4481
vn -0.6940 0.0448 0.7186
vn -0.4771 0.2402 0.8454
vn -0.5468 0.0934 0.8320
vn -0.3233 0.1113 0.9397
vn -0.3823 0.2624 0.8860
vn -0.6946 0.0702 0.7159
vn -0.6396 0.3711 0.6732
vn -0.4032 0.4569 0.7929
vn -0.6568 0.5623 0.5025
vn -0.5067 0.6997 0.5037
vn -0.3221 0.6769 0.6619
vn -0.3084 0.8330 0.4593
vn -0.5968 0.7799 0.1884
vn -0.3427 0.9233 0.1732
vn -0.5968 0.7799 -0.1884
vn -0.3427 0.9233 -0.1732
vn -0.7354 0.6512 0.1873
vn -0.7354 0.6512 -0.1873
vn -0.9038 0.3914 0.1731
vn -0.9038 0.3914 -0.1731
vn -0.9807 0.0597 0.1864
vn -0.9807 0.0597 -0.1864
vn -0.9708 -0.0913 0.2220
vn -0.9692 -0.0971 -0.2265
vn -0.8724 0.4085 0.2683
vn -0.8698 0.3956 -0.2948
vn -0.3896 0.8916 0.2308
vn -0.3734 0.8840 -0.2812
vn -0.1264 0.9709 0.2036
vn -0.1219 0.9706 -0.2077
vn -0.0868 0.8778 0.4712
vn -0.2938 0.8274 0.4786
vn -0.2875 0.8430 0.4547
vn -0.3227 0.9300 0.1763
vn -0.1339 0.7778 0.6141
vn -0.3066 0.7034 0.6413
vn -0.3893 0.4814 0.7853
vn -0.2534 0.6784 0.6896
vn -0.2477 0.4602 0.8526
vn -0.3954 0.2970 0.8692
vn -0.3627 0.4742 0.8022
vn -0.4306 0.0483 0.9013
vn -0.3377 0.0580 0.9395
vn -0.3074 -0.2444 0.9197
vn -0.3163 -0.3592 0.8780
vn -0.3374 -0.4548 0.8242
vn -0.1766 -0.5806 0.7948
vn -0.0786 -0.6930 0.7166
vn -0.3329 -0.6082 0.7206
vn -0.3387 -0.7911 0.5093
vn -0.5442 -0.6382 0.5446
vn -0.6209 -0.7676 0.1591
vn -0.6865 -0.6290 0.3649
vn -0.4262 -0.8874 0.1759
vn -0.4174 -0.8861 -0.2012
vn -0.6204 -0.7680 -0.1590
vn -0.3239 -0.8041 -0.4986
vn -0.5423 -0.6415 -0.5425
vn -0.6829 -0.6328 -0.3649
vn -0.6926 -0.4779 -0.5403
vn -0.8362 -0.2595 -0.4831
vn -0.9431 -0.2820 -0.1764
vn -0.8109 -0.5636 -0.1572
vn -0.8645 0.0752 -0.4970
vn -0.9799 0.0780 -0.1834
vn -0.6494 -0.2729 -0.7098
vn -0.6703 0.0837 -0.7373
vn -0.6201 0.4003 -0.6747
vn -0.7963 0.3830 -0.4682
vn -0.6324 0.5918 -0.4999
vn -0.7097 0.6787 -0.1891
vn -0.8913 0.4189 -0.1735
vn -0.7097 0.6787 0.1891
vn -0.8913 0.4189 0.1735
vn -0.9799 0.0780 0.1834
vn -0.8645 0.0752 0.4970
vn -0.7963 0.3830 0.4682
vn -0.8363 -0.2613 0.4819
vn -0.9432 -0.2816 0.1764
vn -0.6921 -0.4787 0.5402
vn -0.8113 -0.5629 0.1581
vn -0.6494 -0.2729 0.7098
vn -0.6703 0.0836 0.7374
vn -0.5130 0.0835 0.8543
vn -0.4839 -0.2673 0.8333
vn -0.6329 0.5910 0.5002
vn -0.6220 0.3987 0.6739
vn -0.5659 0.8018 -0.1921
vn -0.5659 0.8018 0.1921
vn -0.3227 0.9300 -0.1763
vn -0.4753 0.7188 -0.5074
vn -0.2874 0.8425 -0.4557
vn -0.2998 0.6990 -0.6493
vn -0.1109 0.7725 -0.6253
vn -0.0719 0.8730 -0.4823
vn -0.3898 0.4859 -0.7823
vn -0.2413 0.4883 -0.8386
vn -0.2381 0.6883 -0.6853
vn -0.3953 0.3042 -0.8667
vn -0.3259 0.0655 -0.9431
vn -0.4303 0.0571 -0.9009
vn -0.3499 0.4740 -0.8080
vn -0.3023 -0.2428 -0.9218
vn -0.3065 -0.3601 -0.8811
vn -0.3343 -0.4532 -0.8264
vn -0.1595 -0.5815 -0.7978
vn -0.3318 -0.6077 -0.7215
vn -0.0640 -0.6902 -0.7208
vn -0.0610 -0.7994 -0.5978
vn 0.0545 -0.7936 -0.6059
vn -0.0842 -0.7721 -0.6299
vn -0.1503 -0.8255 -0.5440
vn -0.0848 -0.3944 -0.9150
vn -0.1380 -0.2095 -0.9680
vn -0.1783 -0.8556 -0.4859
vn -0.3731 0.4756 -0.7966
vn -0.0861 0.5682 -0.8184
vn -0.3480 0.6760 -0.6496
vn -0.0249 0.7064 -0.7074
vn -0.3421 0.5517 -0.7606
vn 0.0089 0.5758 -0.8175
vn 0.3392 0.5248 -0.7807
vn 0.1688 0.5975 -0.7839
vn 0.4310 0.3722 -0.8220
vn 0.3166 0.2918 -0.9026
vn 0.0915 -0.1379 -0.9862
vn -0.0556 0.3848 -0.9213
vn -0.1433 -0.6308 -0.7626
vn -0.5228 -0.6104 -0.5950
vn -0.5440 -0.3065 -0.7811
vn -0.4412 -0.7975 -0.4116
vn -0.2473 -0.8874 -0.3890
vn -0.4180 -0.8562 -0.3037
vn -0.2052 -0.9363 -0.2849
vn -0.4287 -0.8812 -0.1995
vn -0.1091 -0.9721 -0.2076
vn -0.3747 -0.9225 -0.0928
vn -0.0264 -0.9507 -0.3089
vn -0.3446 -0.9019 -0.2605
vn -0.5745 -0.7704 -0.2763
vn -0.5735 -0.8144 -0.0883
vn -0.4116 -0.7769 -0.4765
vn 0.1030 -0.9281 -0.3579
vn 0.2310 -0.9179 -0.3227
vn 0.2429 -0.8627 -0.4435
vn 0.4453 -0.7172 -0.5360
vn 0.5329 -0.7543 -0.3835
vn 0.6399 -0.6907 -0.3368
vn 0.5402 -0.7481 -0.3854
vn 0.3106 -0.8908 -0.3317
vn 0.6964 -0.6032 -0.3888
vn 0.7210 -0.5782 -0.3818
vn 0.8773 -0.3216 -0.3562
vn 0.8591 -0.3794 -0.3436
vn 0.9049 -0.1795 -0.3859
vn 0.9630 -0.0598 -0.2627
vn 0.9372 -0.0585 -0.3439
vn 0.8563 0.2757 -0.4368
vn 0.8974 0.2920 -0.3307
vn 0.7083 0.4997 -0.4985
vn 0.7724 0.5767 -0.2662
vn 0.6774 0.4581 -0.5756
vn 0.8116 0.2586 -0.5239
vn 0.6951 0.6079 -0.3838
vn 0.6055 0.7580 -0.2424
vn 0.3575 0.8856 -0.2966
vn 0.3200 0.7823 -0.5345
vn 0.5295 0.6210 -0.5780
vn 0.3259 0.5856 -0.7422
vn 0.3864 0.3231 -0.8639
vn 0.6349 0.2586 -0.7281
vn 0.3708 0.1047 -0.9228
vn 0.4746 -0.0359 -0.8794
vn 0.6519 -0.0683 -0.7553
vn 0.3562 -0.2130 -0.9098
vn 0.3588 -0.4209 -0.8332
vn 0.6205 -0.3727 -0.6900
vn 0.4016 -0.6552 -0.6398
vn 0.6344 -0.5453 -0.5479
vn 0.7738 -0.3614 -0.5202
vn -0.0049 -0.6875 -0.7262
vn 0.1970 -0.7667 -0.6110
vn -0.0040 -0.4369 -0.8995
vn 0.3904 -0.7843 -0.4822
vn -0.0002 -0.8537 -0.5207
vn -0.4005 -0.6536 -0.6422
vn -0.2078 -0.7568 -0.6197
vn -0.3653 -0.4166 -0.8325
vn -0.3757 -0.2180 -0.9008
vn -0.0006 -0.2559 -0.9667
vn -0.0026 -0.0623 -0.9981
vn -0.2774 -0.0562 -0.9591
vn -0.3644 0.1030 -0.9255
vn -0.0063 0.2170 -0.9761
vn -0.1829 0.3006 -0.9361
vn 0.0002 0.4429 -0.8966
vn -0.3885 0.3114 -0.8672
vn 0.0002 0.6134 -0.7898
vn -0.3273 0.5838 -0.7430
vn -0.3212 0.7836 -0.5318
vn -0.0004 0.8305 -0.5571
vn -0.3685 0.8847 -0.2855
vn 0.0025 0.9481 -0.3180
vn -0.4796 0.8625 -0.1617
vn 0.0039 0.9725 -0.2327
vn -0.3309 0.8044 -0.4934
vn -0.0061 0.8141 -0.5807
vn -0.5647 0.6990 -0.4388
vn -0.0075 0.3519 -0.9360
vn -0.4894 0.2124 -0.8458
vn -0.0018 0.1238 -0.9923
vn -0.3206 0.1023 -0.9417
vn -0.3865 0.2647 -0.8835
vn -0.0020 0.3345 -0.9424
vn -0.2098 0.4198 -0.8830
vn -0.0007 0.5583 -0.8296
vn -0.4031 0.4527 -0.7953
vn -0.0008 0.7088 -0.7054
vn -0.3219 0.6761 -0.6628
vn -0.3084 0.8330 -0.4593
vn -0.0004 0.8776 -0.4794
vn -0.0004 0.9832 -0.1826
vn 0.3189 0.6783 -0.6619
vn 0.3078 0.8333 -0.4593
vn 0.5049 0.7008 -0.5040
vn 0.3421 0.9236 -0.1732
vn 0.5963 0.7804 -0.1882
vn 0.3421 0.9236 0.1732
vn 0.5963 0.7804 0.1882
vn 0.7089 0.6778 0.1951
vn 0.7089 0.6778 -0.1951
vn 0.7319 0.6546 -0.1894
vn 0.7319 0.6546 0.1894
vn 0.5813 0.7847 -0.2155
vn 0.6851 0.5068 -0.5233
vn 0.4463 0.6344 -0.6312
vn 0.4460 0.2860 -0.8481
vn 0.3961 0.4714 -0.7880
vn 0.6147 0.4024 -0.6784
vn 0.6299 0.5803 -0.5162
vn 0.2732 0.2172 -0.9371
vn 0.0844 0.4128 -0.9069
vn 0.0052 0.5736 -0.8191
vn 0.1232 0.7828 -0.6099
vn 0.2606 0.7013 -0.6635
vn -0.0707 0.3429 -0.9367
vn -0.0576 0.4170 -0.9071
vn 0.0125 0.4202 -0.9073
vn -0.0421 0.2687 -0.9623
vn 0.3911 0.2877 -0.8742
vn 0.1210 0.0609 -0.9908
vn 0.3001 0.3422 -0.8904
vn 0.2885 0.5937 -0.7512
vn 0.3981 0.6687 -0.6280
vn 0.4257 0.2121 -0.8797
vn 0.3077 0.3157 -0.8976
vn 0.4502 0.1514 -0.8800
vn 0.3023 0.1113 -0.9467
vn 0.3696 0.2774 -0.8868
vn 0.4043 0.8668 -0.2920
vn 0.5259 0.7378 -0.4231
vn 0.2578 0.8655 -0.4295
vn 0.2344 0.8766 -0.4202
vn 0.3163 0.9353 -0.1588
vn 0.6293 0.5810 0.5162
vn 0.6624 0.5198 0.5395
vn 0.5499 0.4455 0.7065
vn 0.3944 0.4749 0.7867
vn 0.3213 0.6770 0.6621
vn 0.5061 0.7000 0.5038
vn 0.3078 0.8333 0.4593
vn 0.3661 0.2815 0.8870
vn 0.4472 0.2856 0.8476
vn 0.4360 0.1354 0.8897
vn 0.2811 0.2303 0.9316
vn 0.4399 0.2241 0.8696
vn 0.2922 0.3673 0.8830
vn 0.3571 0.2983 0.8852
vn 0.3814 0.5090 0.7716
vn 0.3029 0.1219 0.9452
vn -0.0030 0.3612 0.9325
vn -0.0015 0.1348 0.9909
vn 0.2215 0.4737 0.8524
vn -0.0003 0.5577 0.8300
vn -0.0004 0.7079 0.7063
vn -0.0002 0.3345 0.9424
vn -0.2220 0.4736 0.8523
vn -0.0004 0.8776 0.4794
vn -0.0004 0.9832 0.1826
vn -0.5058 0.6979 -0.5071
vn 0.2109 0.4275 -0.8790
vn -0.5459 0.0878 -0.8332
vn -0.6947 0.0043 -0.7193
vn -0.6995 -0.2161 -0.6812
vn -0.6924 0.0664 -0.7184
vn -0.8679 0.0513 -0.4941
vn -0.8351 -0.1625 -0.5256
vn -0.6385 0.3712 -0.6742
vn -0.8101 0.3561 -0.4658
vn -0.6566 0.5626 -0.5024
vn -0.8147 -0.1318 -0.5646
vn -0.8387 0.3255 -0.4365
vn -0.6407 0.7668 -0.0402
vn -0.6242 0.7499 -0.2192
vn -0.6708 0.6296 -0.3921
vn -0.5274 0.6286 -0.5716
vn -0.7785 0.5840 -0.2298
vn -0.6784 0.4540 -0.5776
vn -0.8909 0.3155 -0.3268
vn -0.8119 0.2480 -0.5285
vn -0.9201 -0.0562 -0.3877
vn -0.8375 -0.0631 -0.5428
vn -0.8328 -0.4302 -0.3483
vn -0.7736 -0.3639 -0.5187
vn -0.6875 -0.6594 -0.3042
vn -0.6352 -0.5475 -0.5448
vn -0.6203 -0.3731 -0.6899
vn -0.6247 -0.7583 -0.1864
vn -0.7607 -0.4946 -0.4204
vn -0.2520 -0.7504 -0.6110
vn -0.1800 -0.9374 -0.2981
vn -0.5735 -0.8090 -0.1290
vn -0.5529 -0.4861 -0.6768
vn -0.7521 -0.2777 -0.5977
vn -0.3370 -0.9103 -0.2402
vn -0.6453 -0.0758 -0.7602
vn -0.8047 0.2654 -0.5311
vn -0.9178 -0.0144 -0.3968
vn -0.8225 0.4769 -0.3099
vn -0.6716 0.4704 -0.5725
vn -0.3913 0.7934 -0.4663
vn -0.7182 0.6862 -0.1156
vn -0.5190 0.8223 -0.2333
vn -0.6614 0.7165 -0.2220
vn -0.2234 0.8267 -0.5163
vn -0.2466 0.8086 -0.5342
vn -0.6231 0.6352 -0.4564
vn -0.8616 0.1065 -0.4963
vn -0.7747 0.1077 -0.6231
vn -0.6349 0.2625 -0.7267
vn -0.4844 -0.0647 -0.8724
vn 0.1896 0.3070 -0.9326
vn 0.2780 -0.0603 -0.9587
vn 0.8378 -0.0623 -0.5424
vn 0.8430 -0.3119 -0.4382
vn 0.7027 -0.5459 -0.4563
vn 0.2864 -0.6367 -0.7159
vn -0.0917 -0.7134 -0.6947
vn -0.3344 -0.3189 -0.8868
vn -0.2201 -0.1684 -0.9608
vn 0.0619 -0.8965 -0.4388
vn -0.4326 0.2963 -0.8515
vn -0.4682 0.2536 -0.8465
vn -0.0543 0.4548 -0.8889
vn -0.0481 0.3684 -0.9284
vn -0.4377 0.2899 -0.8511
vn -0.0331 0.2556 -0.9662
vn -0.3329 0.1674 -0.9280
vn -0.0172 0.2338 -0.9721
vn -0.1524 0.1419 -0.9781
vn 0.1401 0.1640 -0.9765
vn 0.3035 0.1873 -0.9342
vn -0.0028 0.2377 -0.9713
vn 0.4091 0.3141 -0.8567
vn -0.0734 0.2192 -0.9729
vn 0.4334 0.4262 -0.7940
vn -0.1202 -0.3278 -0.9371
vn -0.5780 0.5560 -0.5973
vn -0.8607 0.2440 -0.4467
vn -0.4839 -0.2673 -0.8333
vn -0.7136 -0.0033 -0.7005
vn -0.5146 0.0859 -0.8531
vn -0.3725 -0.8925 -0.2543
vn -0.6116 -0.6636 -0.4308
vn -0.3437 -0.9138 0.2165
vn -0.6834 -0.0037 0.7300
vn -0.4185 0.7688 0.4836
vn -0.6595 0.4784 0.5798
vn -0.2818 0.8112 0.5123
vn -0.5749 0.7554 0.3144
vn -0.4767 0.7211 0.5028
vn -0.7766 0.2859 0.5614
vn -0.8422 -0.1408 0.5204
vn -0.7679 0.2710 0.5804
vn -0.7583 -0.1074 0.6429
vn -0.8683 0.0519 0.4933
vn -0.8101 0.3561 0.4658
vn 0.6520 0.1308 0.7469
vn 0.8721 -0.1118 0.4763
vn 0.8777 -0.2518 0.4078
vn 0.7247 -0.2566 0.6395
vn 0.7886 -0.3058 0.5334
vn 0.7751 -0.3925 0.4951
vn 0.6613 -0.4298 0.6148
vn 0.7550 -0.4327 0.4928
vn 0.7985 -0.3436 0.4943
vn 0.6874 -0.4385 0.5789
vn 0.4900 -0.2898 0.8221
vn 0.6798 -0.0047 0.7334
vn 0.9462 -0.2437 0.2128
vn 0.9412 0.1961 0.2752
vn 0.8633 -0.3817 0.3303
vn 0.3694 0.6289 0.6841
vn 0.7432 0.6105 0.2738
vn 0.9249 0.2350 -0.2988
vn 0.7424 0.6111 -0.2746
vn 0.5567 0.8226 -0.1158
vn 0.5269 0.8240 0.2082
vn 0.5415 0.8261 -0.1559
vn 0.5415 0.8261 0.1559
vn 0.6894 0.7045 0.1685
vn 0.6894 0.7045 -0.1685
vn 0.4050 0.7431 -0.5326
vn 0.6100 0.5648 -0.5558
vn 0.7433 0.5518 -0.3783
vn 0.5136 0.7720 -0.3745
vn 0.7433 0.3891 -0.5441
vn 0.8633 0.1733 -0.4740
vn 0.9657 0.1898 -0.1770
vn 0.8604 0.4837 -0.1607
vn 0.6927 0.1819 -0.6979
vn 0.6955 -0.1609 -0.7002
vn 0.8663 -0.1553 -0.4747
vn 0.7487 -0.3713 -0.5492
vn 0.7528 -0.5303 -0.3899
vn 0.8691 -0.4655 -0.1671
vn 0.9698 -0.1659 -0.1786
vn 0.7107 -0.6807 -0.1777
vn 0.7107 -0.6807 0.1777
vn 0.8687 -0.4668 0.1656
vn 0.7496 -0.5349 0.3897
vn 0.7481 -0.3723 0.5493
vn 0.8659 -0.1529 0.4763
vn 0.9699 -0.1657 0.1785
vn 0.8633 0.1734 0.4739
vn 0.9657 0.1898 0.1769
vn 0.7433 0.3893 0.5441
vn 0.7428 0.5524 0.3783
vn 0.8604 0.4836 0.1607
vn 0.6927 0.1819 0.6979
vn 0.3795 0.3690 0.8484
vn 0.3812 0.5464 0.7457
vn 0.6100 0.5648 0.5558
vn 0.5335 0.1742 0.8277
vn 0.4054 0.7429 0.5326
vn 0.6955 -0.1609 0.7002
vn 0.5375 -0.1520 0.8295
vn 0.3861 -0.3495 0.8537
vn 0.6212 -0.5446 0.5635
vn 0.4305 -0.4851 0.7612
vn 0.5009 -0.6609 0.5588
vn 0.3973 -0.4553 0.7968
vn 0.1977 -0.4730 0.8586
vn 0.4995 -0.6765 0.5412
vn 0.5763 -0.7207 0.3854
vn 0.5993 -0.5213 0.6075
vn 0.6336 -0.7514 0.1841
vn 0.7619 -0.6181 0.1935
vn 0.6683 -0.6152 0.4181
vn 0.8413 -0.5078 0.1856
vn 0.7619 -0.6181 -0.1935
vn 0.8457 -0.5011 -0.1835
vn 0.8942 -0.4051 -0.1905
vn 0.8957 -0.3988 0.1967
vn 0.9597 -0.0453 0.2773
vn 0.9590 -0.0388 -0.2806
vn 0.7504 0.5726 0.3303
vn 0.7069 0.6410 -0.2989
vn 0.5155 0.8283 0.2197
vn 0.4862 0.8500 -0.2026
vn 0.2006 0.6482 -0.7346
vn 0.3601 0.7759 -0.5180
vn 0.5178 0.3407 -0.7848
vn 0.0208 0.6029 -0.7976
vn 0.3319 0.6170 -0.7136
vn 0.5238 0.6636 -0.5341
vn -0.1239 0.4098 -0.9037
vn -0.2605 0.5162 -0.8159
vn -0.2782 0.4648 -0.8406
vn -0.0188 0.5015 -0.8650
vn -0.2944 0.2720 -0.9162
vn -0.0220 0.2842 -0.9585
vn -0.2973 -0.0143 -0.9547
vn -0.0205 -0.0188 -0.9996
vn -0.3137 -0.2168 -0.9244
vn -0.2301 -0.3507 -0.9078
vn -0.0130 -0.3189 -0.9477
vn 0.0131 -0.4998 -0.8660
vn -0.2365 -0.2902 -0.9273
vn 0.0877 -0.4289 -0.8991
vn -0.3554 -0.3527 -0.8656
vn -0.0326 0.2077 -0.9776
vn 0.3767 -0.0491 -0.9250
vn 0.6823 -0.2459 -0.6885
vn 0.5541 -0.6218 -0.5535
vn 0.3977 -0.5452 -0.7379
vn 0.8064 -0.3189 -0.4980
vn 0.9044 0.1435 -0.4019
vn 0.7538 0.2147 -0.6210
vn 0.8994 0.1593 -0.4070
vn 0.7977 0.1590 -0.5817
vn 0.8958 -0.1872 -0.4031
vn 0.7984 -0.1815 -0.5741
vn 0.5777 -0.1886 -0.7942
vn 0.5698 0.1700 -0.8040
vn 0.3981 0.1810 -0.8993
vn 0.4182 -0.2058 -0.8847
vn 0.1796 0.4068 -0.8957
vn 0.5005 0.3113 -0.8078
vn 0.1381 0.4756 -0.8687
vn -0.2059 0.4176 -0.8850
vn -0.2256 0.5123 -0.8287
vn -0.3177 0.4138 -0.8531
vn -0.1621 0.1621 -0.9734
vn 0.1621 0.1621 -0.9734
vn -0.1621 -0.1621 -0.9734
vn 0.1621 -0.1621 -0.9734
vn -0.1872 -0.4031 -0.8958
vn 0.1893 -0.4008 -0.8964
vn -0.1815 -0.5741 -0.7984
vn 0.1826 -0.5718 -0.7998
vn -0.1882 -0.7945 -0.5774
vn 0.1882 -0.7945 -0.5774
vn -0.2058 -0.8847 -0.4182
vn 0.2058 -0.8847 -0.4182
vn -0.1621 -0.9734 -0.1621
vn 0.1621 -0.9734 -0.1621
vn -0.1621 -0.9734 0.1621
vn 0.1621 -0.9734 0.1621
vn -0.1872 -0.8958 0.4031
vn 0.2058 -0.8847 0.4182
vn -0.1815 -0.7984 0.5741
vn 0.1886 -0.7942 0.5777
vn -0.1755 -0.5867 0.7906
vn 0.1755 -0.5867 0.7906
vn -0.1858 -0.4108 0.8926
vn 0.1858 -0.4108 0.8926
vn -0.1621 -0.1621 0.9734
vn 0.1621 -0.1621 0.9734
vn -0.1621 0.1621 0.9734
vn 0.1621 0.1621 0.9734
vn -0.1895 0.4001 0.8967
vn 0.1839 0.3941 0.9005
vn -0.2197 0.5063 0.8339
vn 0.1460 0.4555 0.8782
vn -0.2807 0.5143 0.8103
vn -0.0400 0.2091 0.9771
vn -0.3479 0.1845 0.9192
vn -0.4060 -0.1920 0.8935
vn -0.2343 -0.3088 0.9218
vn -0.2515 -0.4923 0.8333
vn -0.2164 -0.3733 0.9021
vn -0.3163 -0.3939 0.8630
vn -0.2074 -0.0266 0.9779
vn -0.3825 -0.0185 0.9238
vn -0.3027 -0.2435 0.9214
vn -0.1960 0.3783 0.9047
vn -0.3685 0.3209 0.8725
vn -0.1942 0.5704 0.7981
vn -0.3595 0.4489 0.8181
vn -0.2605 0.5162 0.8159
vn -0.2782 0.4648 0.8406
vn -0.1006 0.3779 0.9204
vn -0.1973 0.4123 0.8894
vn -0.1688 -0.2202 0.9607
vn 0.0380 -0.0156 0.9992
vn -0.0969 -0.5975 0.7960
vn 0.1897 -0.3768 0.9067
vn 0.5456 -0.3223 0.7736
vn 0.7598 -0.1661 0.6286
vn 0.5322 0.3396 0.7756
vn 0.3453 -0.4859 0.8029
vn 0.3571 -0.4314 0.8285
vn 0.4865 -0.2956 0.8222
vn 0.6243 -0.3363 0.7051
vn 0.7140 -0.3959 0.5774
vn 0.4237 -0.1092 0.8992
vn 0.5417 -0.2452 0.8040
vn 0.2411 -0.0255 0.9702
vn 0.3499 -0.1751 0.9203
vn 0.0102 0.1234 0.9923
vn -0.1524 0.1419 0.9781
vn -0.1485 0.0084 0.9889
vn 0.0871 -0.1921 0.9775
vn -0.3329 0.1674 0.9280
vn -0.3430 0.0412 0.9384
vn -0.4416 0.2946 0.8475
vn -0.4526 0.2123 0.8661
vn -0.4281 0.2839 0.8580
vn -0.2512 0.4512 0.8563
vn -0.3046 0.3783 0.8741
vn -0.1811 -0.2506 0.9510
vn 0.0536 0.1918 0.9800
vn 0.2982 -0.6669 0.6829
vn 0.1590 0.6598 0.7344
vn 0.0728 0.5532 0.8299
vn -0.2533 0.1684 0.9526
vn 0.0386 0.4182 0.9075
vn 0.0355 0.1717 0.9845
vn -0.1904 -0.0661 0.9795
vn 0.0552 -0.1276 0.9903
vn -0.0708 -0.1739 0.9822
vn 0.1247 -0.3500 0.9284
vn 0.0792 -0.3395 0.9373
vn 0.3183 -0.1305 0.9390
vn 0.3176 0.1525 0.9359
vn -0.0513 0.4613 0.8858
vn -0.4306 0.1981 0.8806
vn -0.0418 0.3818 0.9233
vn -0.0729 0.2187 0.9731
vn -0.1170 -0.3413 0.9327
vn -0.3745 -0.4656 0.8019
vn -0.1470 -0.7624 0.6302
vn -0.1143 -0.6794 0.7248
vn 0.1227 -0.2286 0.9658
vn -0.2285 -0.8962 0.3802
vn 0.0269 -0.8726 0.4877
vn -0.1414 -0.9449 0.2951
vn 0.0948 -0.9290 0.3577
vn 0.2912 -0.7570 0.5849
vn -0.3811 -0.8806 0.2816
vn -0.3883 -0.9055 0.1712
vn -0.4464 -0.8741 0.1917
vn -0.3749 -0.6705 0.6402
vn -0.4458 -0.8072 0.3868
vn -0.5767 -0.8025 0.1528
vn -0.5607 -0.7573 0.3347
vn -0.0296 0.2662 0.9635
vn -0.3495 -0.3684 0.8615
vn 0.1853 0.5366 0.8233
vn 0.3656 0.3585 0.8590
vn 0.5337 0.4943 0.6862
vn 0.3391 0.5245 0.7809
vn 0.3497 0.3722 0.8597
vn 0.4334 0.4262 0.7940
vn 0.4091 0.3141 0.8567
vn 0.4694 0.2122 0.8571
vn 0.3035 0.1873 0.9342
vn 0.3529 0.0548 0.9340
vn 0.1401 0.1640 0.9765
vn 0.1621 0.0291 0.9863
vn -0.0631 -0.1576 0.9855
vn -0.0101 0.1567 0.9876
vn -0.2228 -0.0040 0.9748
vn -0.2977 -0.1968 0.9342
vn -0.5280 -0.2187 0.8206
vn -0.4059 -0.0907 0.9094
vn -0.6033 -0.3386 0.7221
vn -0.4607 -0.2998 0.8354
vn -0.6786 -0.4484 0.5817
vn -0.3135 -0.4529 0.8346
vn -0.3263 -0.5894 0.7390
vn -0.4926 -0.4680 0.7337
vn -0.2570 -0.6147 0.7457
vn -0.2670 0.2805 0.9220
vn -0.6713 -0.3080 0.6741
vn -0.0996 -0.1745 0.9796
vn 0.1892 0.6208 0.7608
vn 0.0354 0.4910 0.8704
vn 0.3112 0.5592 0.7684
vn 0.2843 0.6269 0.7254
vn 0.3395 0.4026 0.8501
vn 0.1291 0.5983 0.7908
vn 0.1654 0.3958 0.9033
vn 0.3127 0.1790 0.9328
vn 0.1787 -0.0264 0.9835
vn 0.3700 -0.0317 0.9285
vn 0.3100 -0.2348 0.9213
vn 0.1492 -0.4157 0.8972
vn 0.3248 -0.4582 0.8274
vn 0.2771 -0.6686 0.6901
vn 0.0887 -0.5845 0.8066
vn 0.3036 -0.5411 0.7842
vn 0.1334 -0.7036 0.6979
vn 0.0116 -0.3802 0.9248
vn -0.3663 0.1541 0.9176
vn -0.7812 -0.4353 0.4475
vn -0.2646 -0.9147 0.3056
vn -0.5098 0.5212 0.6845
vn -0.7222 0.3530 0.5948
vn -0.9188 0.2827 0.2753
vn -0.9167 0.3418 0.2070
vn -0.7920 0.1764 0.5845
vn -0.8898 0.1805 0.4192
vn -0.8958 -0.1872 0.4031
vn -0.7984 -0.1815 0.5741
vn -0.8926 -0.4108 0.1858
vn -0.7090 -0.4985 0.4988
vn -0.7906 -0.5867 0.1755
vn -0.4985 -0.7090 0.4988
vn -0.5867 -0.7906 0.1755
vn -0.5774 -0.7945 -0.1882
vn -0.7998 -0.5718 -0.1826
vn -0.4108 -0.8926 0.1858
vn -0.4182 -0.8847 -0.2058
vn -0.8964 -0.4008 -0.1893
vn -0.7104 -0.4976 -0.4976
vn -0.7942 -0.1886 -0.5777
vn -0.8847 -0.2058 -0.4182
vn -0.7937 0.1747 -0.5827
vn -0.8940 0.1739 -0.4130
vn -0.9201 0.3308 -0.2096
vn -0.7081 0.4718 -0.5254
vn -0.9111 0.2921 -0.2907
vn -0.5768 0.1874 -0.7951
vn -0.5097 0.4604 -0.7268
vn -0.5251 0.5233 -0.6712
vn -0.5867 -0.1755 -0.7906
vn -0.4108 -0.1858 -0.8926
vn -0.4182 0.2058 -0.8847
vn -0.9763 0.1423 -0.1629
vn -0.9734 -0.1621 -0.1621
vn -0.9734 -0.1621 0.1621
vn -0.9763 0.1423 0.1629
vn -0.4985 -0.4988 -0.7090
vn -0.4960 -0.7127 -0.4960
vn -0.4988 -0.4985 0.7090
vn -0.5741 -0.1815 0.7984
vn -0.5771 0.1878 0.7948
vn -0.4182 0.2058 0.8847
vn -0.4031 -0.1872 0.8958
vn -0.7946 -0.2367 -0.5590
vn -0.5017 0.4771 0.7216
vn -0.2417 -0.8809 -0.4069
vn -0.5103 0.1351 -0.8493
vn -0.0549 -0.4959 -0.8666
vn 0.2810 -0.6633 -0.6936
vn 0.2109 -0.7656 -0.6078
vn 0.0851 -0.5844 -0.8070
vn -0.3336 -0.2523 -0.9084
vn -0.2507 -0.4975 -0.8304
vn -0.2119 -0.3775 -0.9015
vn 0.1540 -0.4279 -0.8906
vn -0.1946 -0.0355 -0.9802
vn 0.1781 -0.0284 -0.9836
vn -0.1960 0.3783 -0.9047
vn 0.1537 0.3962 -0.9052
vn 0.1174 0.6017 -0.7901
vn -0.1942 0.5704 -0.7981
vn -0.1860 0.3968 -0.8989
vn 0.0688 0.4489 -0.8909
vn -0.1698 -0.2193 -0.9608
vn -0.1291 -0.1254 -0.9837
vn -0.2319 -0.6205 -0.7491
vn -0.0969 -0.5975 -0.7960
vn -0.0100 -0.5886 -0.8083
vn -0.3263 -0.5894 -0.7390
vn 0.1968 -0.3323 -0.9224
vn 0.3453 -0.4859 -0.8029
vn 0.6053 -0.4410 -0.6626
vn 0.0359 0.0613 -0.9975
vn 0.7654 -0.1968 -0.6127
vn 0.7130 -0.4025 -0.5741
vn -0.5021 -0.4775 -0.7211
vn -0.3263 0.3334 -0.8845
vn -0.7367 -0.2698 -0.6201
vn -0.3218 0.3960 -0.8600
vn 0.1463 0.6649 -0.7325
vn 0.2971 0.4754 -0.8281
vn 0.3093 0.6147 -0.7256
vn -0.0397 0.8164 -0.5762
vn 0.0483 0.6644 -0.7458
vn -0.2877 0.8232 -0.4896
vn -0.2917 0.6427 -0.7085
vn -0.2822 0.4812 -0.8300
vn 0.0592 0.5087 -0.8589
vn -0.2413 0.2696 -0.9322
vn 0.0509 0.2815 -0.9582
vn -0.2566 -0.0233 -0.9662
vn 0.0518 -0.0225 -0.9984
vn -0.2421 -0.3091 -0.9197
vn 0.0414 -0.3151 -0.9482
vn -0.2746 -0.5089 -0.8158
vn 0.0510 -0.5385 -0.8411
vn -0.2807 -0.6680 -0.6892
vn 0.0526 -0.6885 -0.7234
vn -0.2716 -0.8399 -0.4699
vn -0.0072 -0.8462 -0.5329
vn -0.3095 -0.9345 -0.1758
vn -0.1024 -0.9674 -0.2315
vn -0.3121 -0.9331 0.1787
vn -0.1024 -0.9674 0.2315
vn -0.2687 -0.8421 0.4676
vn -0.0072 -0.8462 0.5329
vn -0.2807 -0.6680 0.6892
vn 0.0512 -0.6895 0.7225
vn -0.2746 -0.5089 0.8158
vn 0.0508 -0.5381 0.8413
vn -0.2421 -0.3091 0.9197
vn 0.0413 -0.3152 0.9481
vn -0.2566 -0.0233 0.9662
vn 0.0491 -0.0198 0.9986
vn -0.2413 0.2696 0.9322
vn 0.0501 0.2822 0.9580
vn -0.2822 0.4812 0.8300
vn 0.0603 0.5076 0.8595
vn -0.2917 0.6427 0.7085
vn 0.0536 0.6594 0.7499
vn -0.2887 0.8226 0.4898
vn -0.0389 0.8157 0.5771
vn -0.3393 0.9222 0.1856
vn -0.2027 0.9563 0.2108
vn -0.3391 0.9223 -0.1854
vn -0.1780 0.9517 -0.2503
vn -0.4824 0.8050 -0.3454
vn -0.4777 0.8128 0.3333
vn -0.9288 -0.0533 -0.3666
vn -0.9265 -0.0414 0.3740
vn -0.8927 -0.4066 -0.1944
vn -0.8905 -0.4123 0.1924
vn -0.8577 -0.4776 0.1905
vn -0.8578 -0.4769 -0.1918
vn -0.7557 -0.5026 0.4198
vn -0.7095 -0.3971 0.5822
vn -0.7698 -0.3818 0.5116
vn -0.6077 -0.4959 0.6204
vn -0.6473 -0.7374 0.1929
vn -0.5779 -0.7099 0.4025
vn -0.5250 -0.5897 0.6137
vn -0.7731 -0.6006 0.2041
vn -0.4919 -0.6418 0.5883
vn -0.3647 -0.5318 0.7643
vn -0.1545 -0.4764 0.8656
vn -0.1672 -0.3879 0.9064
vn -0.4195 -0.3923 0.8186
vn -0.3487 -0.3651 0.8632
vn -0.2797 -0.1358 0.9504
vn -0.0089 -0.1204 0.9927
vn -0.0502 -0.2775 0.9594
vn 0.2217 -0.0539 0.9736
vn 0.0910 -0.1506 0.9844
vn -0.5086 -0.1681 0.8444
vn -0.5051 0.1902 0.8418
vn -0.2765 0.1583 0.9479
vn -0.3358 0.3903 0.8573
vn -0.7146 0.4155 0.5627
vn -0.3421 0.5517 0.7606
vn -0.6643 0.1989 0.7205
vn 0.0088 0.5757 0.8176
vn 0.0210 0.4204 0.9071
vn -0.0254 0.7062 0.7075
vn -0.8497 0.1867 0.4931
vn 0.0164 0.1726 0.9849
vn 0.2904 0.1647 0.9426
vn -0.6670 -0.1762 0.7239
vn -0.6148 -0.4617 0.6394
vn -0.7622 -0.4525 0.4630
vn -0.8533 -0.1649 0.4947
vn -0.6223 -0.6145 0.4849
vn -0.6800 -0.7077 0.1917
vn -0.8564 -0.4851 0.1769
vn -0.6866 -0.7023 -0.1880
vn -0.8564 -0.4851 -0.1769
vn -0.9680 -0.1709 -0.1836
vn -0.9680 -0.1709 0.1836
vn -0.6216 -0.6147 -0.4856
vn -0.6019 -0.7751 0.1923
vn -0.6051 -0.7732 -0.1898
vn -0.6473 -0.7374 -0.1929
vn -0.7731 -0.6006 -0.2041
vn -0.5780 0.8017 0.1524
vn -0.5788 0.8011 -0.1526
vn -0.6466 0.6757 -0.3541
vn -0.4966 0.6823 -0.5365
vn -0.6554 0.5315 -0.5367
vn -0.7765 0.6110 -0.1543
vn -0.9255 0.3357 -0.1754
vn -0.8161 0.3123 -0.4862
vn -0.6181 0.3252 -0.7157
vn -0.6486 -0.0256 -0.7607
vn -0.8619 -0.0221 -0.5065
vn -0.6053 -0.3633 -0.7082
vn -0.8044 -0.3484 -0.4812
vn -0.6380 -0.5668 -0.5213
vn -0.9084 -0.3809 -0.1725
vn -0.7557 -0.6402 -0.1376
vn -0.6381 -0.7058 -0.3075
vn -0.7521 -0.6444 0.1379
vn -0.9090 -0.3796 0.1721
vn -0.9829 -0.0234 -0.1826
vn -0.9829 -0.0234 0.1826
vn -0.9253 0.3363 0.1756
vn -0.8619 -0.0221 0.5065
vn -0.8161 0.3103 0.4875
vn -0.6561 0.5304 0.5368
vn -0.7763 0.6115 0.1533
vn -0.6467 0.6765 0.3523
vn -0.6181 0.3252 0.7157
vn -0.8046 -0.3454 0.4830
vn -0.6053 -0.3633 0.7082
vn -0.6486 -0.0256 0.7607
vn -0.6377 -0.5667 0.5218
vn -0.4865 -0.0276 0.8732
vn -0.4345 -0.3641 0.8238
vn -0.4484 0.3221 0.8338
vn -0.5657 -0.8131 0.1371
vn -0.5634 -0.8149 -0.1359
vn -0.6225 -0.7142 0.3199
vn -0.4795 -0.7057 -0.5215
vn -0.4345 -0.3641 -0.8238
vn -0.4865 -0.0276 -0.8732
vn -0.4968 0.6823 0.5364
vn 0.2849 0.3813 0.8794
vn 0.3134 -0.0150 0.9495
vn 0.2596 -0.4002 0.8789
vn -0.4717 -0.7163 0.5141
vn 0.2754 -0.6581 -0.7008
vn 0.2686 -0.4271 -0.8634
vn 0.3090 -0.2168 -0.9260
vn 0.3122 -0.0140 -0.9499
vn 0.3356 -0.4455 -0.8300
vn 0.3655 0.0046 -0.9308
vn 0.3094 0.1977 -0.9302
vn -0.4484 0.3221 -0.8338
vn 0.2744 0.3560 -0.8933
vn -0.3799 -0.0231 -0.9247
vn -0.4150 -0.1966 -0.8883
vn -0.3934 0.1394 -0.9087
vn -0.4031 0.3945 -0.8258
vn -0.3258 -0.2687 0.9064
vn -0.4048 0.5233 0.7498
vn -0.0100 -0.5886 0.8083
vn -0.2633 -0.2478 0.9323
vn 0.0252 -0.2619 0.9648
vn 0.0256 -0.4860 0.8736
vn 0.3037 -0.2489 0.9197
vn -0.2335 -0.0077 0.9723
vn -0.1457 0.1622 0.9759
vn 0.0091 0.1977 0.9802
vn 0.0202 0.0135 0.9997
vn -0.0028 0.2377 0.9713
vn 0.1617 0.1360 0.9774
vn -0.0172 0.2338 0.9721
vn -0.0331 0.2556 0.9662
vn -0.1019 0.5555 0.8253
vn 0.2634 -0.0178 0.9645
vn 0.7037 -0.4341 0.5624
vn 0.7853 -0.3448 0.5143
vn 0.1899 0.6578 0.7288
vn 0.0208 0.6029 0.7976
vn -0.2944 0.2720 0.9162
vn -0.0188 0.5015 0.8650
vn -0.0220 0.2842 0.9585
vn -0.2966 -0.0150 0.9549
vn -0.0190 -0.0203 0.9996
vn -0.0136 -0.3183 0.9479
vn -0.2161 -0.3450 0.9134
vn 0.0118 -0.4998 0.8661
vn 0.2001 -0.3958 0.8963
vn 0.3785 -0.4380 0.8154
vn 0.3835 -0.5395 0.7496
vn 0.1270 -0.4555 0.8811
vn 0.3621 -0.2551 0.8966
vn 0.5085 -0.0274 0.8606
vn 0.6669 -0.0258 0.7447
vn 0.6285 -0.3518 0.6937
vn 0.4690 0.3176 0.8241
vn 0.6364 0.3193 0.7022
vn 0.3136 0.4724 0.8237
vn 0.3319 0.6170 0.7136
vn 0.5217 0.6707 0.5273
vn 0.6737 0.5196 0.5255
vn 0.3505 0.7895 0.5039
vn 0.6157 0.7738 0.1488
vn 0.6706 0.6593 0.3400
vn 0.7847 0.6034 0.1419
vn 0.9267 0.3337 0.1728
vn 0.8246 0.3013 0.4789
vn 0.8671 -0.0221 0.4977
vn 0.9828 -0.0228 0.1831
vn 0.8121 -0.3439 0.4714
vn 0.9091 -0.3798 0.1715
vn 0.6568 -0.5572 0.5080
vn 0.7391 -0.6491 0.1801
vn 0.9091 -0.3798 -0.1715
vn 0.7391 -0.6491 -0.1801
vn 0.8121 -0.3439 -0.4714
vn 0.6594 -0.5599 -0.5017
vn 0.9828 -0.0228 -0.1831
vn 0.8671 -0.0221 -0.4977
vn 0.6279 -0.3501 -0.6951
vn 0.6677 -0.0270 -0.7439
vn 0.8244 0.3048 -0.4769
vn 0.6364 0.3193 -0.7022
vn 0.6741 0.5197 -0.5248
vn 0.9262 0.3349 -0.1733
vn 0.7871 0.6002 -0.1422
vn 0.6924 0.6428 -0.3278
vn 0.3655 -0.2429 -0.8986
vn 0.3872 -0.4221 -0.8197
vn 0.5151 -0.0353 -0.8564
vn 0.2852 -0.0233 -0.9582
vn 0.4690 0.3176 -0.8241
vn 0.2715 0.2704 -0.9237
vn 0.3136 0.4724 -0.8237
vn 0.2162 -0.4467 -0.8682
vn 0.6822 -0.7012 -0.2072
vn 0.6797 -0.7031 0.2087
vn 0.9023 -0.3735 0.2153
vn 0.8920 -0.3855 -0.2360
vn 0.9779 0.1126 0.1763
vn 0.9779 0.1126 -0.1763
vn 0.9772 0.1357 0.1631
vn 0.9772 0.1357 -0.1631
vn 0.9734 -0.1621 0.1621
vn 0.9734 -0.1621 -0.1621
vn 0.8964 -0.4008 0.1893
vn 0.8926 -0.4108 -0.1858
vn 0.8847 -0.2058 0.4182
vn 0.7906 -0.5867 -0.1755
vn 0.7998 -0.5718 0.1826
vn 0.5718 -0.7998 0.1826
vn 0.5774 -0.7945 -0.1882
vn 0.7090 -0.4985 -0.4988
vn 0.4960 -0.7127 -0.4960
vn 0.4976 -0.4976 -0.7104
vn 0.4976 -0.7104 0.4976
vn 0.7104 -0.4976 0.4976
vn 0.4988 -0.4985 0.7090
vn 0.5741 -0.1815 0.7984
vn 0.7942 -0.1886 0.5777
vn 0.5746 0.1793 0.7985
vn 0.7977 0.1590 0.5817
vn 0.4989 0.3100 0.8094
vn 0.7538 0.2147 0.6210
vn 0.3706 -0.0402 0.9279
vn 0.6525 -0.1993 0.7311
vn 0.8994 0.1593 0.4070
vn 0.4031 -0.1872 0.8958
vn 0.4182 0.2057 0.8847
vn 0.4182 -0.8847 -0.2058
vn 0.4008 -0.8964 0.1893
vn 0.9044 0.1435 0.4019
vn 0.8689 -0.2355 0.4355
vn 0.5172 -0.5841 0.6256
vn 0.5582 -0.6236 0.5474
vn 0.6208 0.7728 -0.1318
vn 0.2715 0.2704 0.9237
vn 0.2852 -0.0233 0.9582
vn 0.5333 -0.6734 -0.5119
vn -0.3685 0.3209 -0.8725
vn 0.7785 -0.3723 -0.5053
vn 0.6243 -0.3363 -0.7051
vn 0.7075 -0.4331 -0.5584
vn 0.5381 -0.2416 -0.8075
vn 0.6199 -0.5509 -0.5588
vn 0.4065 -0.4632 -0.7876
vn 0.2819 -0.1933 -0.9398
vn 0.1990 -0.4224 -0.8843
vn 0.0699 -0.3628 -0.9292
vn 0.1458 -0.3731 -0.9162
vn 0.4302 -0.4856 -0.7610
vn 0.3861 -0.3495 -0.8537
vn 0.3183 -0.1305 -0.9390
vn 0.5375 -0.1520 -0.8295
vn 0.5335 0.1742 -0.8277
vn 0.3176 0.1525 -0.9359
vn 0.3795 0.3690 -0.8484
vn 0.7474 -0.5216 -0.4116
vn 0.5006 -0.6713 -0.5466
vn 0.6336 -0.7514 -0.1841
vn 0.6163 -0.7675 0.1763
vn 0.6163 -0.7675 -0.1763
vn 0.5763 -0.7207 -0.3854
vn 0.6212 -0.5446 -0.5635
vn 0.3894 0.5372 -0.7482
vn 0.3258 0.6966 -0.6392
vn 0.4924 0.7639 0.4171
vn 0.2838 0.7607 0.5838
vn 0.9497 -0.2245 -0.2182
vn 0.8896 -0.4257 0.1656
vn 0.8776 -0.4448 -0.1788
vn 0.7332 -0.6484 0.2049
vn 0.7371 -0.6446 -0.2027
vn 0.8265 -0.4052 -0.3907
vn 0.6491 -0.5742 -0.4989
vn 0.6546 -0.5755 0.4902
vn 0.4422 -0.7293 0.5221
vn 0.6701 -0.5081 0.5412
vn -0.7199 -0.4392 0.5374
vn -0.8026 -0.0373 0.5954
vn -0.7409 0.3630 0.5650
vn -0.5051 0.1902 -0.8418
vn 0.0091 0.1977 -0.9802
vn 0.5324 -0.6891 -0.4916
vn 0.4288 -0.5708 -0.7002
vn 0.4725 -0.6897 -0.5487
vn 0.7541 -0.4286 0.4976
vn 0.5992 -0.1037 0.7938
vn 0.6161 -0.7093 -0.3426
vn 0.5020 -0.3212 0.8030
vn 0.5362 -0.4251 0.7292
vn 0.3564 -0.1442 0.9231
vn 0.2367 0.6118 0.7548
vn 0.2519 0.8079 0.5327
vn 0.3950 0.4645 -0.7926
vn 0.5198 -0.6706 -0.5293
vn 0.3330 0.4191 -0.8446
s 1
f 4//4 3//3 2//2 1//1
f 5//5 4//4 1//1
f 7//7 4//4 5//5 6//6
f 9//9 8//8 7//7 6//6
f 10//10 9//9 6//6
f 8//8 9//9 12//12 11//11
f 12//12 9//9 14//14 13//13
f 15//15 12//12 13//13
f 17//17 15//15 13//13 16//16
f 17//17 16//16 19//19 18//18
f 20//20 17//17 18//18
f 17//17 20//20 21//21
f 21//21 20//20 23//23 22//22
f 24//24 21//21 22//22
f 26//26 24//24 22//22 25//25
f 28//28 27//27 26//26 25//25
f 30//30 27//27 28//28 29//29
f 27//27 32//32 31//31 26//26
f 32//32 33//33 31//31
f 35//35 33//33 32//32 34//34
f 37//37 35//35 34//34 36//36
f 37//37 36//36 38//38
f 40//40 39//39 37//37 38//38
f 42//42 41//41 40//40 38//38
f 41//41 42//42 43//43
f 45//45 44//44 41//41 43//43
f 46//46 45//45 43//43
f 48//48 47//47 45//45 46//46
f 47//47 50//50 49//49 45//45
f 50//50 52//52 51//51 49//49
f 51//51 52//52 54//54 53//53
f 57//57 56//56 55//55 54//54
f 52//52 57//57 54//54
f 56//56 59//59 58//58 55//55
f 59//59 62//62 61//61 60//60
f 58//58 59//59 60//60
f 60//60 61//61 64//64 63//63
f 67//67 66//66 65//65 63//63
f 64//64 67//67 63//63
f 67//67 64//64 11//11 68//68
f 65//65 66//66 70//70 69//69
f 72//72 71//71 65//65 69//69
f 72//72 69//69 53//53
f 74//74 73//73 71//71 72//72
f 66//66 67//67 76//76 75//75
f 65//65 71//71 63//63
f 71//71 73//73 60//60 63//63
f 73//73 58//58 60//60
f 3//3 59//59 56//56 77//77
f 77//77 56//56 57//57 78//78
f 78//78 57//57 79//79
f 81//81 80//80 77//77 78//78
f 83//83 80//80 81//81 82//82
f 84//84 2//2 80//80 83//83
f 82//82 81//81 85//85
f 87//87 82//82 85//85 86//86
f 86//86 90//90 89//89 88//88
f 91//91 87//87 86//86 88//88
f 92//92 90//90 86//86
f 94//94 90//90 92//92 93//93
f 98//98 97//97 96//96 95//95
f 94//94 93//93 98//98 95//95
f 96//96 97//97 100//100 99//99
f 100//100 103//103 102//102 101//101
f 99//99 100//100 101//101
f 101//101 102//102 105//105 104//104
f 104//104 105//105 107//107 106//106
f 107//107 109//109 108//108 106//106
f 108//108 109//109 111//111 110//110
f 113//113 112//112 108//108 110//110
f 115//115 113//113 110//110 114//114
f 115//115 114//114 116//116
f 119//119 118//118 117//117
f 118//118 119//119 121//121 120//120
f 120//120 121//121 123//123 122//122
f 122//122 123//123 124//124
f 126//126 122//122 124//124 125//125
f 128//128 126//126 125//125 127//127
f 130//130 129//129 126//126 128//128
f 132//132 131//131 130//130 128//128
f 131//131 134//134 133//133 130//130
f 133//133 134//134 135//135
f 138//138 137//137 136//136
f 140//140 139//139 137//137 138//138
f 142//142 141//141 139//139 140//140
f 141//141 142//142 143//143
f 143//143 142//142 145//145 144//144
f 144//144 145//145 147//147 146//146
f 147//147 145//145 149//149 148//148
f 149//149 152//152 151//151 150//150
f 148//148 149//149 150//150
f 151//151 152//152 153//153
f 153//153 156//156 155//155 154//154
f 157//157 151//151 153//153 154//154
f 155//155 156//156 158//158
f 161//161 160//160 159//159 158//158
f 156//156 161//161 158//158
f 163//163 159//159 160//160 162//162
f 163//163 162//162 164//164
f 159//159 165//165 158//158
f 155//155 166//166 154//154
f 151//151 157//157 150//150
f 168//168 150//150 157//157 167//167
f 169//169 168//168 167//167
f 171//171 170//170 169//169 167//167
f 170//170 173//173 172//172 169//169
f 172//172 173//173 174//174
f 177//177 176//176 175//175 174//174
f 173//173 177//177 174//174
f 179//179 176//176 177//177 178//178
f 181//181 176//176 179//179 180//180
f 179//179 182//182 180//180
f 185//185 184//184 183//183 180//180
f 182//182 186//186 185//185 180//180
f 184//184 189//189 188//188 187//187
f 183//183 184//184 187//187
f 188//188 189//189 191//191 190//190
f 189//189 193//193 192//192 191//191
f 196//196 195//195 194//194 191//191
f 192//192 196//196 191//191
f 194//194 195//195 197//197
f 200//200 199//199 198//198 197//197
f 195//195 201//201 200//200 197//197
f 203//203 199//199 200//200 202//202
f 203//203 206//206 205//205 204//204
f 199//199 203//203 204//204
f 206//206 209//209 208//208 207//207
f 205//205 206//206 207//207
f 211//211 210//210 208//208 209//209
f 213//213 210//210 211//211 212//212
f 211//211 214//214 212//212
f 217//217 216//216 215//215 212//212
f 214//214 217//217 212//212
f 217//217 218//218 216//216
f 218//218 217//217 220//220 219//219
f 222//222 219//219 220//220 221//221
f 223//223 222//222 221//221
f 225//225 222//222 223//223 224//224
f 226//226 225//225 224//224
f 225//225 226//226 227//227
f 229//229 228//228 225//225 227//227
f 231//231 230//230 229//229 227//227
f 233//233 230//230 231//231 232//232
f 235//235 234//234 230//230 233//233
f 237//237 236//236 235//235 233//233
f 240//240 239//239 238//238 235//235
f 236//236 240//240 235//235
f 238//238 239//239 241//241
f 244//244 243//243 242//242 241//241
f 239//239 244//244 241//241
f 246//246 242//242 243//243 245//245
f 247//247 246//246 245//245
f 249//249 246//246 247//247 248//248
f 250//250 249//249 248//248
f 250//250 252//252 251//251 249//249
f 251//251 252//252 254//254 253//253
f 255//255 251//251 253//253
f 255//255 253//253 257//257 256//256
f 258//258 255//255 256//256
f 259//259 258//258 256//256
f 261//261 258//258 259//259 260//260
f 263//263 261//261 260//260 262//262
f 264//264 263//263 262//262
f 266//266 264//264 262//262 265//265
f 267//267 266//266 265//265
f 267//267 265//265 268//268
f 267//267 269//269 266//266
f 270//270 264//264 266//266
f 265//265 262//262 271//271 228//228
f 272//272 261//261 263//263
f 260//260 259//259 274//274 273//273
f 256//256 257//257 276//276 275//275
f 279//279 278//278 277//277 276//276
f 257//257 279//279 276//276
f 277//277 278//278 280//280
f 281//281 277//277 280//280
f 282//282 278//278 279//279
f 277//277 281//281 283//283 215//215
f 276//276 277//277 215//215
f 281//281 284//284 283//283
f 284//284 286//286 285//285 213//213
f 283//283 284//284 213//213
f 288//288 287//287 286//286 284//284
f 290//290 289//289 287//287 288//288
f 289//289 290//290 291//291
f 291//291 294//294 293//293 292//292
f 289//289 291//291 292//292
f 294//294 297//297 296//296 295//295
f 293//293 294//294 295//295
f 296//296 297//297 298//298
f 300//300 299//299 296//296 298//298
f 302//302 301//301 299//299 300//300
f 299//299 301//301 304//304 303//303
f 304//304 306//306 305//305 303//303
f 305//305 306//306 308//308 307//307
f 307//307 308//308 310//310 309//309
f 309//309 310//310 312//312 311//311
f 311//311 312//312 314//314 313//313
f 313//313 314//314 316//316 315//315
f 318//318 313//313 315//315 317//317
f 317//317 315//315 320//320 319//319
f 322//322 321//321 317//317 319//319
f 324//324 321//321 322//322 323//323
f 325//325 324//324 323//323
f 325//325 323//323 326//326
f 328//328 327//327 325//325 326//326
f 329//329 328//328 326//326
f 331//331 328//328 329//329 330//330
f 333//333 331//331 330//330 332//332
f 335//335 334//334 333//333 332//332
f 190//190 334//334 335//335 336//336
f 335//335 337//337 336//336
f 336//336 337//337 339//339 338//338
f 340//340 336//336 338//338
f 342//342 341//341 340//340 338//338
f 344//344 343//343 341//341 342//342
f 345//345 344//344 342//342
f 344//344 345//345 346//346
f 349//349 348//348 347//347 346//346
f 345//345 349//349 346//346
f 351//351 350//350 347//347 348//348
f 347//347 350//350 353//353 352//352
f 350//350 355//355 354//354 353//353
f 354//354 355//355 356//356
f 356//356 355//355 358//358 357//357
f 357//357 358//358 360//360 359//359
f 360//360 358//358 351//351 361//361
f 363//363 360//360 361//361 362//362
f 362//362 361//361 365//365 364//364
f 365//365 367//367 339//339 366//366
f 364//364 365//365 366//366
f 368//368 364//364 366//366
f 369//369 362//362 364//364 368//368
f 371//371 370//370 369//369 368//368
f 359//359 360//360 363//363 372//372
f 363//363 373//373 372//372
f 375//375 374//374 357//357 359//359
f 376//376 374//374 375//375 320//320
f 378//378 377//377 374//374 376//376
f 379//379 377//377 378//378
f 381//381 380//380 379//379 378//378
f 380//380 384//384 383//383 382//382
f 379//379 380//380 382//382
f 382//382 383//383 385//385
f 388//388 387//387 386//386 385//385
f 383//383 388//388 385//385
f 386//386 387//387 390//390 389//389
f 389//389 390//390 392//392 391//391
f 392//392 394//394 393//393 391//391
f 393//393 394//394 395//395 343//343
f 394//394 397//397 396//396 395//395
f 396//396 399//399 398//398 395//395
f 401//401 400//400 399//399 396//396
f 399//399 400//400 403//403 402//402
f 402//402 403//403 405//405 404//404
f 405//405 407//407 406//406 404//404
f 409//409 408//408 407//407 405//405
f 410//410 408//408 409//409
f 412//412 411//411 410//410 409//409
f 413//413 412//412 409//409
f 415//415 414//414 412//412 413//413
f 416//416 415//415 413//413
f 415//415 416//416 417//417
f 415//415 419//419 418//418 414//414
f 419//419 420//420 418//418
f 422//422 420//420 419//419 421//421
f 423//423 422//422 421//421
f 425//425 424//424 422//422 423//423
f 427//427 426//426 425//425 423//423
f 426//426 428//428 425//425
f 430//430 429//429 420//420 422//422
f 432//432 431//431 429//429 430//430
f 433//433 432//432 430//430
f 435//435 434//434 433//433 430//430
f 436//436 435//435 430//430
f 434//434 435//435 437//437
f 439//439 438//438 434//434 437//437
f 440//440 439//439 437//437
f 440//440 443//443 442//442 441//441
f 439//439 440//440 441//441
f 443//443 445//445 444//444 88//88
f 442//442 443//443 88//88
f 445//445 447//447 446//446 444//444
f 447//447 445//445 449//449 448//448
f 450//450 447//447 448//448
f 447//447 450//450 451//451
f 450//450 454//454 453//453 452//452
f 451//451 450//450 452//452
f 454//454 455//455 453//453
f 454//454 448//448 457//457 456//456
f 455//455 454//454 456//456
f 457//457 460//460 459//459 458//458
f 456//456 457//457 458//458
f 460//460 463//463 462//462 461//461
f 459//459 460//460 461//461
f 462//462 463//463 465//465 464//464
f 463//463 466//466 465//465
f 462//462 464//464 468//468 467//467
f 469//469 462//462 467//467
f 470//470 468//468 464//464
f 468//468 470//470 436//436 424//424
f 471//471 468//468 424//424
f 469//469 467//467 473//473 472//472
f 474//474 469//469 472//472
f 476//476 469//469 474//474 475//475
f 478//478 477//477 476//476 475//475
f 480//480 477//477 478//478 479//479
f 481//481 480//480 479//479
f 480//480 481//481 482//482
f 484//484 482//482 481//481 483//483
f 485//485 484//484 483//483
f 487//487 484//484 485//485 486//486
f 489//489 487//487 486//486 488//488
f 491//491 489//489 488//488 490//490
f 492//492 491//491 490//490
f 491//491 492//492 493//493
f 495//495 493//493 492//492 494//494
f 496//496 495//495 494//494
f 498//498 497//497 495//495 496//496
f 500//500 497//497 498//498 499//499
f 501//501 500//500 499//499
f 500//500 501//501 502//502
f 504//504 502//502 501//501 503//503
f 505//505 504//504 503//503
f 507//507 504//504 505//505 506//506
f 508//508 507//507 506//506 302//302
f 510//510 509//509 504//504 507//507
f 511//511 509//509 510//510
f 513//513 511//511 510//510 512//512
f 515//515 513//513 512//512 514//514
f 517//517 513//513 515//515 516//516
f 519//519 518//518 517//517 516//516
f 520//520 518//518 519//519 19//19
f 522//522 521//521 518//518 520//520
f 521//521 522//522 524//524 523//523
f 525//525 521//521 523//523
f 521//521 525//525 526//526
f 523//523 524//524 528//528 527//527
f 531//531 530//530 529//529 528//528
f 524//524 531//531 528//528
f 528//528 529//529 533//533 532//532
f 533//533 535//535 534//534 532//532
f 534//534 535//535 537//537 536//536
f 1//1 84//84 535//535 533//533
f 532//532 534//534 539//539 538//538
f 541//541 538//538 539//539 540//540
f 542//542 541//541 540//540
f 544//544 543//543 541//541 542//542
f 543//543 544//544 545//545
f 540//540 539//539 547//547 546//546
f 548//548 540//540 546//546
f 541//541 527//527 538//538
f 531//531 549//549 530//530
f 541//541 543//543 523//523 527//527
f 531//531 524//524 522//522
f 549//549 531//531 522//522 520//520
f 550//550 549//549 520//520
f 518//518 521//521 526//526 517//517
f 552//552 519//519 516//516 551//551
f 553//553 552//552 551//551
f 551//551 556//556 555//555 554//554
f 553//553 551//551 554//554
f 555//555 556//556 557//557
f 559//559 553//553 554//554 558//558
f 560//560 559//559 558//558
f 559//559 560//560 562//562 561//561
f 561//561 562//562 563//563
f 563//563 562//562 564//564 282//282
f 565//565 563//563 282//282
f 562//562 560//560 566//566 564//564
f 564//564 566//566 568//568 567//567
f 566//566 560//560 558//558
f 554//554 569//569 558//558
f 554//554 555//555 571//571 570//570
f 569//569 554//554 570//570
f 572//572 569//569 570//570
f 573//573 572//572 570//570
f 556//556 515//515 514//514 557//557
f 557//557 514//514 575//575 574//574
f 514//514 512//512 508//508 575//575
f 505//505 576//576 506//506
f 577//577 500//500 502//502
f 503//503 501//501 499//499
f 498//498 578//578 499//499
f 497//497 544//544 542//542 495//495
f 579//579 578//578 498//498 496//496
f 581//581 578//578 579//579 580//580
f 583//583 582//582 581//581 580//580
f 582//582 585//585 584//584 581//581
f 584//584 585//585 586//586
f 583//583 580//580 587//587
f 542//542 540//540 548//548 493//493
f 495//495 542//542 493//493
f 588//588 579//579 496//496 494//494
f 494//494 492//492 490//490
f 548//548 546//546 452//452 489//489
f 491//491 548//548 489//489
f 490//490 488//488 590//590 589//589
f 486//486 592//592 591//591 590//590
f 488//488 486//486 590//590
f 591//591 593//593 590//590
f 595//595 593//593 591//591 594//594
f 596//596 595//595 594//594
f 595//595 596//596 598//598 597//597
f 597//597 598//598 600//600 599//599
f 599//599 600//600 602//602 601//601
f 600//600 603//603 602//602
f 605//605 599//599 601//601 604//604
f 604//604 608//608 607//607 606//606
f 609//609 605//605 604//604 606//606
f 605//605 609//609 610//610
f 607//607 608//608 611//611
f 607//607 397//397 606//606
f 427//427 608//608 604//604
f 600//600 598//598 612//612 603//603
f 595//595 597//597 614//614 613//613
f 615//615 595//595 613//613
f 616//616 615//615 613//613
f 618//618 615//615 616//616 617//617
f 619//619 618//618 617//617
f 589//589 618//618 619//619 620//620
f 620//620 619//619 622//622 621//621
f 623//623 620//620 621//621
f 624//624 588//588 620//620 623//623
f 625//625 624//624 623//623
f 624//624 625//625 587//587
f 622//622 619//619 617//617
f 617//617 616//616 388//388 384//384
f 626//626 596//596 594//594
f 618//618 593//593 595//595 615//615
f 485//485 592//592 486//486
f 485//485 483//483 626//626 594//594
f 592//592 485//485 594//594
f 483//483 479//479 627//627 612//612
f 626//626 483//483 612//612
f 628//628 480//480 482//482
f 483//483 481//481 479//479
f 478//478 627//627 479//479
f 477//477 629//629 461//461 476//476
f 627//627 478//478 475//475
f 627//627 475//475 474//474 603//603
f 612//612 627//627 603//603
f 473//473 467//467 471//471
f 473//473 428//428 472//472
f 603//603 474//474 472//472 602//602
f 629//629 459//459 461//461
f 460//460 630//630 466//466 463//463
f 461//461 462//462 469//469 476//476
f 459//459 629//629 458//458
f 628//628 456//456 458//458
f 455//455 456//456 628//628 482//482
f 484//484 455//455 482//482
f 452//452 453//453 487//487 489//489
f 449//449 457//457 448//448
f 444//444 446//446 536//536 91//91
f 630//630 449//449 445//445 443//443
f 466//466 630//630 443//443 440//440
f 631//631 439//439 441//441
f 442//442 89//89 441//441
f 465//465 466//466 440//440 437//437
f 438//438 439//439 631//631 95//95
f 632//632 438//438 95//95
f 470//470 435//435 436//436
f 633//633 431//431 432//432
f 633//633 636//636 635//635 634//634
f 637//637 431//431 633//633 634//634
f 639//639 635//635 636//636 638//638
f 638//638 642//642 641//641 640//640
f 639//639 638//638 640//640
f 641//641 642//642 644//644 643//643
f 643//643 644//644 646//646 645//645
f 648//648 643//643 645//645 647//647
f 647//647 645//645 649//649 135//135
f 650//650 641//641 643//643 648//648
f 651//651 639//639 640//640
f 411//411 651//651 640//640 652//652
f 640//640 641//641 650//650 652//652
f 653//653 635//635 639//639 651//651
f 635//635 653//653 634//634
f 433//433 438//438 632//632 432//432
f 420//420 429//429 637//637 418//418
f 418//418 637//637 634//634 414//414
f 634//634 653//653 412//412 414//414
f 410//410 411//411 652//652
f 406//406 654//654 404//404
f 403//403 413//413 409//409 405//405
f 404//404 654//654 175//175 181//181
f 655//655 402//402 404//404 181//181
f 400//400 416//416 413//413 403//403
f 417//417 416//416 400//400 401//401
f 611//611 421//421 417//417 401//401
f 607//607 611//611 401//401 396//396
f 397//397 607//607 396//396
f 390//390 609//609 606//606 392//392
f 656//656 389//389 391//391
f 657//657 610//610 609//609 390//390
f 387//387 657//657 390//390
f 657//657 614//614 610//610
f 656//656 658//658 386//386 389//389
f 386//386 658//658 385//385
f 388//388 383//383 384//384
f 621//621 622//622 380//380 381//381
f 316//316 381//381 378//378 376//376
f 353//353 658//658 656//656 352//352
f 361//361 351//351 348//348 365//365
f 347//347 352//352 346//346
f 365//365 348//348 349//349 367//367
f 344//344 393//393 343//343
f 395//395 398//398 659//659 341//341
f 343//343 395//395 341//341
f 659//659 398//398 660//660
f 661//661 659//659 660//660 187//187
f 341//341 659//659 661//661 340//340
f 367//367 349//349 342//342 338//338
f 339//339 367//367 338//338
f 332//332 371//371 368//368 366//366
f 337//337 335//335 332//332 366//366
f 330//330 371//371 332//332
f 204//204 662//662 328//328 331//331
f 198//198 204//204 331//331
f 329//329 370//370 371//371 330//330
f 370//370 329//329 326//326
f 326//326 323//323 373//373 369//369
f 370//370 326//326 369//369
f 325//325 327//327 324//324
f 327//327 664//664 663//663 324//324
f 663//663 665//665 321//321 324//324
f 666//666 665//665 663//663
f 323//323 322//322 667//667 372//372
f 373//373 323//323 372//372
f 667//667 322//322 319//319
f 320//320 375//375 667//667 319//319
f 315//315 316//316 376//376 320//320
f 312//312 310//310 583//583 587//587
f 625//625 312//312 587//587
f 669//669 309//309 311//311 668//668
f 671//671 669//669 668//668 670//670
f 292//292 672//672 669//669 671//671
f 308//308 582//582 583//583 310//310
f 672//672 307//307 309//309 669//669
f 673//673 305//305 307//307 672//672
f 586//586 585//585 306//306 304//304
f 303//303 305//305 673//673 295//295
f 506//506 576//576 301//301 302//302
f 575//575 508//508 302//302 300//300
f 574//574 575//575 300//300 298//298
f 297//297 571//571 574//574 298//298
f 570//570 571//571 297//297 294//294
f 573//573 570//570 294//294
f 673//673 293//293 295//295
f 573//573 294//294 291//291
f 568//568 572//572 573//573 291//291
f 290//290 568//568 291//291
f 287//287 289//289 292//292 671//671
f 567//567 568//568 290//290 288//288
f 286//286 287//287 671//671 670//670
f 286//286 670//670 285//285
f 253//253 254//254 279//279 257//257
f 29//29 252//252 250//250 674//674
f 249//249 251//251 255//255 272//272
f 674//674 250//250 248//248
f 246//246 249//249 272//272 263//263
f 270//270 246//246 263//263
f 247//247 675//675 248//248
f 243//243 676//676 245//245
f 678//678 677//677 675//675 245//245
f 676//676 678//678 245//245
f 678//678 676//676 679//679
f 681//681 680//680 678//678 679//679
f 683//683 682//682 681//681 679//679
f 685//685 682//682 683//683 684//684
f 682//682 685//685 687//687 686//686
f 688//688 682//682 686//686
f 690//690 687//687 685//685 689//689
f 692//692 691//691 687//687 690//690
f 694//694 693//693 692//692 690//690
f 696//696 695//695 693//693 694//694
f 698//698 695//695 696//696 697//697
f 698//698 701//701 700//700 699//699
f 702//702 695//695 698//698 699//699
f 700//700 701//701 703//703
f 706//706 705//705 704//704 703//703
f 701//701 706//706 703//703
f 704//704 707//707 703//703
f 707//707 704//704 709//709 708//708
f 708//708 709//709 710//710
f 713//713 712//712 711//711 710//710
f 709//709 713//713 710//710
f 711//711 712//712 714//714
f 714//714 712//712 716//716 715//715
f 716//716 717//717 715//715
f 716//716 720//720 719//719 718//718
f 717//717 716//716 718//718
f 720//720 722//722 721//721 719//719
f 722//722 725//725 724//724 723//723
f 721//721 722//722 723//723
f 724//724 725//725 697//697
f 726//726 721//721 723//723
f 723//723 729//729 728//728 727//727
f 730//730 726//726 723//723 727//727
f 728//728 729//729 731//731
f 726//726 730//730 733//733 732//732
f 718//718 732//732 733//733 734//734
f 736//736 735//735 718//718 734//734
f 735//735 736//736 737//737
f 737//737 736//736 739//739 738//738
f 740//740 737//737 738//738
f 740//740 741//741 737//737
f 743//743 741//741 740//740 742//742
f 745//745 744//744 743//743 742//742
f 744//744 745//745 746//746
f 748//748 747//747 744//744 746//746
f 750//750 749//749 748//748 746//746
f 752//752 749//749 750//750 751//751
f 754//754 752//752 751//751 753//753
f 756//756 754//754 753//753 755//755
f 754//754 756//756 758//758 757//757
f 759//759 754//754 757//757
f 758//758 761//761 760//760 757//757
f 762//762 761//761 758//758
f 757//757 760//760 764//764 763//763
f 764//764 760//760 766//766 765//765
f 766//766 768//768 767//767 765//765
f 767//767 768//768 770//770 769//769
f 770//770 773//773 772//772 771//771
f 769//769 770//770 771//771
f 772//772 773//773 774//774
f 772//772 774//774 776//776 775//775
f 777//777 772//772 775//775
f 775//775 776//776 779//779 778//778
f 782//782 781//781 780//780 779//779
f 776//776 782//782 779//779
f 783//783 780//780 781//781
f 785//785 780//780 783//783 784//784
f 787//787 785//785 784//784 786//786
f 789//789 787//787 786//786 788//788
f 791//791 787//787 789//789 790//790
f 793//793 792//792 791//791 790//790
f 795//795 791//791 792//792 794//794
f 796//796 795//795 794//794
f 798//798 796//796 794//794 797//797
f 799//799 778//778 796//796 798//798
f 794//794 801//801 800//800 797//797
f 800//800 801//801 803//803 802//802
f 802//802 803//803 805//805 804//804
f 805//805 807//807 806//806 804//804
f 806//806 807//807 809//809 808//808
f 809//809 811//811 810//810 808//808
f 810//810 811//811 813//813 812//812
f 812//812 813//813 815//815 814//814
f 815//815 817//817 816//816 814//814
f 816//816 817//817 819//819 818//818
f 819//819 821//821 820//820 818//818
f 820//820 821//821 823//823 822//822
f 823//823 825//825 824//824 822//822
f 825//825 827//827 826//826 824//824
f 826//826 827//827 829//829 828//828
f 829//829 831//831 830//830 828//828
f 831//831 833//833 832//832 830//830
f 833//833 836//836 835//835 834//834
f 832//832 833//833 834//834
f 836//836 839//839 838//838 837//837
f 835//835 836//836 837//837
f 842//842 841//841 840//840 838//838
f 839//839 842//842 838//838
f 841//841 844//844 843//843 840//840
f 848//848 847//847 846//846 845//845
f 843//843 844//844 848//848 845//845
f 846//846 847//847 849//849
f 849//849 852//852 851//851 850//850
f 846//846 849//849 850//850
f 851//851 852//852 854//854 853//853
f 857//857 856//856 855//855 854//854
f 852//852 857//857 854//854
f 855//855 858//858 854//854
f 862//862 861//861 860//860 859//859
f 858//858 855//855 862//862 859//859
f 864//864 863//863 860//860 861//861
f 866//866 865//865 863//863 864//864
f 870//870 869//869 868//868 867//867
f 865//865 866//866 870//870 867//867
f 869//869 872//872 871//871 868//868
f 872//872 874//874 873//873 871//871
f 877//877 876//876 875//875 873//873
f 874//874 877//877 873//873
f 876//876 879//879 878//878 875//875
f 879//879 684//684 880//880 878//878
f 882//882 881//881 879//879 876//876
f 874//874 883//883 877//877
f 883//883 885//885 884//884 877//877
f 887//887 885//885 883//883 886//886
f 889//889 887//887 886//886 888//888
f 890//890 889//889 888//888
f 890//890 888//888 870//870
f 890//890 739//739 889//889
f 734//734 891//891 887//887 889//889
f 885//885 892//892 727//727 884//884
f 884//884 882//882 876//876 877//877
f 873//873 875//875 894//894 893//893
f 895//895 873//873 893//893
f 894//894 896//896 893//893
f 894//894 898//898 897//897 896//896
f 897//897 898//898 899//899
f 901//901 897//897 899//899 900//900
f 900//900 899//899 903//903 902//902
f 903//903 905//905 904//904 902//902
f 906//906 905//905 903//903
f 904//904 907//907 902//902
f 907//907 904//904 237//237 908//908
f 909//909 907//907 908//908
f 911//911 910//910 907//907 909//909
f 908//908 912//912 201//201 196//196
f 909//909 908//908 196//196
f 913//913 912//912 908//908 232//232
f 907//907 910//910 900//900 902//902
f 900//900 910//910 915//915 914//914
f 901//901 900//900 914//914
f 917//917 901//901 914//914 916//916
f 918//918 917//917 916//916
f 919//919 918//918 916//916
f 921//921 918//918 919//919 920//920
f 923//923 922//922 921//921 920//920
f 922//922 923//923 925//925 924//924
f 924//924 925//925 927//927 926//926
f 929//929 926//926 927//927 928//928
f 931//931 930//930 929//929 928//928
f 933//933 930//930 931//931 932//932
f 935//935 933//933 932//932 934//934
f 937//937 935//935 934//934 936//936
f 939//939 938//938 937//937 936//936
f 938//938 939//939 940//940
f 940//940 939//939 942//942 941//941
f 943//943 940//940 941//941
f 945//945 943//943 941//941 944//944
f 946//946 945//945 944//944
f 947//947 946//946 944//944
f 949//949 946//946 947//947 948//948
f 950//950 949//949 948//948
f 952//952 950//950 948//948 951//951
f 953//953 952//952 951//951
f 955//955 952//952 953//953 954//954
f 956//956 955//955 954//954
f 958//958 955//955 956//956 957//957
f 959//959 958//958 957//957
f 959//959 957//957 960//960
f 962//962 961//961 959//959 960//960
f 964//964 963//963 962//962 960//960
f 963//963 967//967 966//966 965//965
f 962//962 963//963 965//965
f 969//969 966//966 967//967 968//968
f 970//970 969//969 968//968
f 972//972 969//969 970//970 971//971
f 974//974 972//972 971//971 973//973
f 975//975 974//974 973//973
f 974//974 975//975 977//977 976//976
f 975//975 979//979 978//978 977//977
f 978//978 981//981 980//980 977//977
f 982//982 979//979 975//975 973//973
f 984//984 983//983 979//979 982//982
f 985//985 984//984 982//982
f 987//987 986//986 984//984 985//985
f 989//989 986//986 987//987 988//988
f 990//990 989//989 988//988
f 986//986 989//989 992//992 991//991
f 992//992 989//989 993//993
f 984//984 986//986 991//991 994//994
f 991//991 996//996 995//995 994//994
f 998//998 997//997 987//987 985//985
f 1000//1000 997//997 998//998 999//999
f 988//988 997//997 1000//1000 968//968
f 983//983 984//984 994//994 1001//1001
f 983//983 1001//1001 1002//1002
f 998//998 985//985 982//982
f 999//999 998//998 982//982 973//973
f 1004//1004 972//972 974//974 1003//1003
f 971//971 999//999 973//973
f 1005//1005 969//969 972//972 1004//1004
f 1007//1007 1006//1006 1005//1005 1004//1004
f 970//970 1000//1000 999//999 971//971
f 967//967 990//990 988//988 968//968
f 1000//1000 970//970 968//968
f 963//963 1008//1008 990//990 967//967
f 966//966 1009//1009 965//965
f 1010//1010 1008//1008 963//963 964//964
f 1012//1012 1011//1011 1008//1008 1010//1010
f 1014//1014 1013//1013 1012//1012 1010//1010
f 1012//1012 1013//1013 1015//1015
f 1017//1017 1016//1016 1012//1012 1015//1015
f 1019//1019 1018//1018 1017//1017 1015//1015
f 1021//1021 1020//1020 1018//1018 1019//1019
f 1023//1023 1022//1022 1020//1020 1021//1021
f 1025//1025 1022//1022 1023//1023 1024//1024
f 1027//1027 1026//1026 1025//1025 1024//1024
f 1029//1029 1028//1028 1026//1026 1027//1027
f 1031//1031 1028//1028 1029//1029 1030//1030
f 1033//1033 1032//1032 1031//1031 1030//1030
f 1032//1032 1035//1035 1034//1034 1031//1031
f 1035//1035 1036//1036 1034//1034
f 1038//1038 759//759 1037//1037 1034//1034
f 1036//1036 1038//1038 1034//1034
f 1038//1038 1036//1036 1039//1039
f 1040//1040 1033//1033 1030//1030
f 1034//1034 1037//1037 1028//1028 1031//1031
f 1040//1040 1030//1030 1029//1029 1041//1041
f 1042//1042 1040//1040 1041//1041
f 1040//1040 1042//1042 164//164
f 1037//1037 763//763 1043//1043 1026//1026
f 1028//1028 1037//1037 1026//1026
f 1029//1029 1027//1027 1045//1045 1044//1044
f 1041//1041 1029//1029 1044//1044
f 1045//1045 1046//1046 1044//1044
f 1044//1044 1046//1046 1048//1048 1047//1047
f 1047//1047 1048//1048 1050//1050 1049//1049
f 1050//1050 1048//1048 1052//1052 1051//1051
f 1052//1052 1054//1054 1053//1053 1051//1051
f 1053//1053 1054//1054 1056//1056 1055//1055
f 1055//1055 1056//1056 1058//1058 1057//1057
f 1057//1057 1058//1058 1060//1060 1059//1059
f 1060//1060 1062//1062 1061//1061 1059//1059
f 1061//1061 1062//1062 1064//1064 1063//1063
f 1063//1063 1064//1064 1066//1066 1065//1065
f 1065//1065 1066//1066 1068//1068 1067//1067
f 1067//1067 1068//1068 1070//1070 1069//1069
f 1070//1070 1072//1072 1071//1071 1069//1069
f 1071//1071 1072//1072 1074//1074 1073//1073
f 1074//1074 1076//1076 1075//1075 1073//1073
f 1076//1076 1078//1078 1077//1077 1075//1075
f 1078//1078 1080//1080 1079//1079 1077//1077
f 1079//1079 1080//1080 1082//1082 1081//1081
f 1082//1082 1084//1084 1083//1083 1081//1081
f 1083//1083 1084//1084 1086//1086 1085//1085
f 1086//1086 1088//1088 1087//1087 1085//1085
f 1088//1088 1090//1090 1089//1089 1087//1087
f 1092//1092 1091//1091 1090//1090 1088//1088
f 1094//1094 1093//1093 1091//1091 1092//1092
f 1096//1096 1095//1095 1093//1093 1094//1094
f 1098//1098 1095//1095 1096//1096 1097//1097
f 1101//1101 1100//1100 1099//1099 1097//1097
f 1096//1096 1101//1101 1097//1097
f 1099//1099 1100//1100 1102//1102
f 1102//1102 1105//1105 1104//1104 1103//1103
f 1106//1106 1099//1099 1102//1102 1103//1103
f 1104//1104 1105//1105 1107//1107
f 1110//1110 1109//1109 1108//1108 1107//1107
f 1105//1105 1111//1111 1110//1110 1107//1107
f 1108//1108 1109//1109 1112//1112
f 1115//1115 1114//1114 1113//1113 1112//1112
f 1109//1109 1115//1115 1112//1112
f 1117//1117 1116//1116 1114//1114 1115//1115
f 928//928 1117//1117 1115//1115 1110//1110
f 1113//1113 1118//1118 1112//1112
f 1120//1120 1119//1119 1118//1118 1113//1113
f 1119//1119 1120//1120 1121//1121
f 1121//1121 1123//1123 186//186 1122//1122
f 1124//1124 1119//1119 1121//1121 1122//1122
f 1126//1126 1125//1125 1123//1123 1121//1121
f 1123//1123 1125//1125 1127//1127 185//185
f 1128//1128 1124//1124 1122//1122
f 1120//1120 1129//1129 1126//1126 1121//1121
f 1129//1129 1130//1130 920//920 1126//1126
f 1118//1118 1119//1119 1124//1124 1131//1131
f 1112//1112 1118//1118 1131//1131 1132//1132
f 1108//1108 1112//1112 1132//1132
f 1131//1131 1134//1134 1133//1133 1132//1132
f 1132//1132 1133//1133 1135//1135
f 1133//1133 1137//1137 1136//1136 1135//1135
f 1137//1137 1139//1139 1138//1138 1136//1136
f 1141//1141 1140//1140 1139//1139 1137//1137
f 1139//1139 171//171 1142//1142 1138//1138
f 1138//1138 1144//1144 1143//1143 1136//1136
f 1143//1143 1144//1144 1145//1145 1103//1103
f 1144//1144 166//166 1145//1145
f 1134//1134 1141//1141 1137//1137 1133//1133
f 1128//1128 178//178 1141//1141 1134//1134
f 1115//1115 1109//1109 1110//1110
f 1107//1107 1108//1108 1132//1132 1135//1135
f 1145//1145 1146//1146 1106//1106 1103//1103
f 1111//1111 1105//1105 1102//1102
f 1104//1104 1143//1143 1103//1103
f 1099//1099 1106//1106 1097//1097
f 1106//1106 1146//1146 1098//1098 1097//1097
f 1146//1146 165//165 1098//1098
f 1096//1096 1094//1094 942//942 936//936
f 1101//1101 1096//1096 936//936
f 1087//1087 1089//1089 1148//1148 1147//1147
f 1049//1049 1150//1150 1149//1149 1148//1148
f 1089//1089 1049//1049 1148//1148
f 1149//1149 1150//1150 1151//1151
f 1153//1153 1152//1152 1149//1149 1151//1151
f 1154//1154 1153//1153 1151//1151
f 1155//1155 1154//1154 1151//1151
f 1157//1157 1154//1154 1155//1155 1156//1156
f 1159//1159 1157//1157 1156//1156 1158//1158
f 1159//1159 1158//1158 1160//1160
f 1162//1162 1161//1161 1159//1159 1160//1160
f 1163//1163 1162//1162 1160//1160
f 1165//1165 1161//1161 1162//1162 1164//1164
f 1167//1167 1166//1166 1161//1161 1165//1165
f 1168//1168 1153//1153 1166//1166 1167//1167
f 1170//1170 1168//1168 1167//1167 1169//1169
f 1172//1172 1168//1168 1170//1170 1171//1171
f 1173//1173 1172//1172 1171//1171
f 1172//1172 1173//1173 1147//1147
f 1170//1170 1174//1174 1171//1171
f 1169//1169 1167//1167 1165//1165 1175//1175
f 1177//1177 1169//1169 1175//1175 1176//1176
f 1176//1176 1175//1175 1178//1178
f 1180//1180 1179//1179 1177//1177 1176//1176
f 1179//1179 1181//1181 1174//1174 1177//1177
f 1164//1164 1162//1162 1183//1183 1182//1182
f 1184//1184 1164//1164 1182//1182
f 1165//1165 1164//1164 1184//1184 1178//1178
f 1175//1175 1165//1165 1178//1178
f 1185//1185 1163//1163 1160//1160
f 1166//1166 1157//1157 1159//1159 1161//1161
f 1156//1156 1187//1187 1186//1186 1158//1158
f 1172//1172 1152//1152 1153//1153 1168//1168
f 1148//1148 1152//1152 1172//1172 1147//1147
f 1188//1188 1085//1085 1087//1087 1147//1147
f 1173//1173 1188//1188 1147//1147
f 1188//1188 1083//1083 1085//1085
f 1081//1081 1083//1083 1188//1188 1171//1171
f 1174//1174 1181//1181 1081//1081 1171//1171
f 1080//1080 1189//1189 1082//1082
f 1181//1181 1079//1079 1081//1081
f 1079//1079 1181//1181 1179//1179 1077//1077
f 954//954 1190//1190 1078//1078 1076//1076
f 1191//1191 954//954 1076//1076
f 1077//1077 1179//1179 1180//1180 1075//1075
f 1191//1191 1076//1076 1074//1074
f 1075//1075 1180//1180 1073//1073
f 1073//1073 1180//1180 1176//1176 1178//1178
f 1192//1192 1071//1071 1073//1073 1178//1178
f 1071//1071 1192//1192 1069//1069
f 1069//1069 1192//1192 1184//1184 1182//1182
f 1067//1067 1069//1069 1182//1182
f 1183//1183 1065//1065 1067//1067 1182//1182
f 1185//1185 1063//1063 1065//1065 1183//1183
f 1163//1163 1185//1185 1183//1183
f 1062//1062 1193//1193 1014//1014 1064//1064
f 1185//1185 1061//1061 1063//1063
f 1058//1058 1194//1194 1060//1060
f 1186//1186 1057//1057 1059//1059
f 1196//1196 1195//1195 1194//1194 1058//1058
f 1056//1056 1196//1196 1058//1058
f 1197//1197 1194//1194 1195//1195
f 1196//1196 1198//1198 1195//1195
f 1198//1198 1196//1196 1199//1199
f 1186//1186 1187//1187 1055//1055 1057//1057
f 1187//1187 1200//1200 1053//1053 1055//1055
f 1201//1201 1054//1054 1052//1052
f 1053//1053 1200//1200 1051//1051
f 1090//1090 1047//1047 1049//1049 1089//1089
f 1050//1050 1150//1150 1049//1049
f 1026//1026 1043//1043 1025//1025
f 1045//1045 1027//1027 1024//1024
f 1202//1202 771//771 777//777 1018//1018
f 1020//1020 1202//1202 1018//1018
f 1021//1021 1019//1019 1197//1197 1195//1195
f 1198//1198 1021//1021 1195//1195
f 1203//1203 1016//1016 1017//1017
f 1016//1016 1203//1203 1204//1204
f 1193//1193 1013//1013 1014//1014
f 1016//1016 1204//1204 1205//1205 1011//1011
f 1012//1012 1016//1016 1011//1011
f 1011//1011 1205//1205 993//993
f 799//799 1205//1205 1204//1204
f 1066//1066 1010//1010 964//964 1068//1068
f 834//834 1206//1206 961//961 962//962
f 1207//1207 834//834 962//962
f 961//961 1206//1206 837//837 958//958
f 1068//1068 964//964 960//960 1070//1070
f 957//957 956//956 1191//1191 1074//1074
f 1072//1072 957//957 1074//1074
f 953//953 1190//1190 954//954
f 1191//1191 956//956 954//954
f 1190//1190 953//953 951//951
f 948//948 1189//1189 951//951
f 948//948 947//947 1084//1084 1082//1082
f 1189//1189 948//948 1082//1082
f 941//941 1092//1092 1088//1088 1086//1086
f 944//944 941//941 1086//1086
f 942//942 1094//1094 1092//1092 941//941
f 853//853 1208//1208 938//938 940//940
f 1209//1209 935//935 937//937
f 1211//1211 1210//1210 1209//1209 937//937
f 859//859 1212//1212 1210//1210 1211//1211
f 938//938 1208//1208 1211//1211 937//937
f 934//934 1101//1101 936//936
f 1213//1213 933//933 935//935 1209//1209
f 932//932 1100//1100 1101//1101 934//934
f 1214//1214 930//930 933//933 1213//1213
f 1216//1216 1215//1215 1214//1214 1213//1213
f 1214//1214 1215//1215 1217//1217 929//929
f 1215//1215 1218//1218 867//867 1217//1217
f 930//930 1214//1214 929//929
f 927//927 1117//1117 928//928
f 1217//1217 1219//1219 926//926 929//929
f 1111//1111 931//931 928//928 1110//1110
f 927//927 925//925 1116//1116 1117//1117
f 1219//1219 1220//1220 924//924 926//926
f 925//925 923//923 1130//1130 1116//1116
f 1130//1130 923//923 920//920
f 920//920 919//919 1125//1125 1126//1126
f 916//916 914//914 1221//1221 1127//1127
f 914//914 915//915 193//193 1221//1221
f 893//893 896//896 917//917 921//921
f 922//922 895//895 893//893 921//921
f 883//883 874//874 872//872 886//886
f 886//886 872//872 869//869 888//888
f 888//888 869//869 870//870
f 1218//1218 865//865 867//867
f 867//867 868//868 1219//1219 1217//1217
f 863//863 865//865 1218//1218 1222//1222
f 860//860 863//863 1222//1222 1212//1212
f 1224//1224 1223//1223 864//864 861//861
f 860//860 1212//1212 859//859
f 1224//1224 861//861 862//862
f 1208//1208 858//858 859//859 1211//1211
f 943//943 851//851 853//853 940//940
f 1225//1225 857//857 852//852 849//849
f 850//850 851//851 943//943 945//945
f 845//845 850//850 945//945 949//949
f 847//847 1226//1226 1225//1225 849//849
f 844//844 1227//1227 848//848
f 1227//1227 1229//1229 1228//1228 848//848
f 1231//1231 1229//1229 1227//1227 1230//1230
f 1232//1232 1231//1231 1230//1230 842//842
f 1233//1233 1232//1232 842//842
f 1232//1232 1233//1233 1234//1234
f 1235//1235 1232//1232 1234//1234
f 1237//1237 1236//1236 1235//1235 1234//1234
f 1238//1238 1237//1237 1234//1234
f 1235//1235 1236//1236 1239//1239
f 1242//1242 1241//1241 1240//1240 1239//1239
f 1236//1236 1242//1242 1239//1239
f 1244//1244 1243//1243 1240//1240 1241//1241
f 1248//1248 1247//1247 1246//1246 1245//1245
f 1243//1243 1244//1244 1248//1248 1245//1245
f 1246//1246 1247//1247 1249//1249
f 1251//1251 1250//1250 755//755 1249//1249
f 1247//1247 1251//1251 1249//1249
f 1251//1251 1252//1252 1250//1250
f 1253//1253 1252//1252 1251//1251 1248//1248
f 1254//1254 1253//1253 1248//1248
f 1256//1256 1253//1253 1254//1254 1255//1255
f 1258//1258 1256//1256 1255//1255 1257//1257
f 1260//1260 1258//1258 1257//1257 1259//1259
f 1262//1262 1261//1261 1258//1258 1260//1260
f 1264//1264 1263//1263 1261//1261 1262//1262
f 1263//1263 1266//1266 1265//1265 1261//1261
f 1268//1268 1266//1266 1263//1263 1267//1267
f 1270//1270 1269//1269 1266//1266 1268//1268
f 1269//1269 1270//1270 1271//1271
f 1273//1273 1272//1272 1269//1269 1271//1271
f 1274//1274 1273//1273 1271//1271
f 762//762 1274//1274 1271//1271
f 1268//1268 1267//1267 1276//1276 1275//1275
f 1277//1277 1268//1268 1275//1275
f 1278//1278 1277//1277 1275//1275
f 1280//1280 1279//1279 1277//1277 1278//1278
f 1279//1279 1280//1280 1281//1281
f 1276//1276 1282//1282 1275//1275
f 1267//1267 1263//1263 1264//1264
f 1284//1284 1283//1283 1262//1262 1260//1260
f 1286//1286 1283//1283 1284//1284 1285//1285
f 1288//1288 1286//1286 1285//1285 1287//1287
f 1290//1290 1288//1288 1287//1287 1289//1289
f 1292//1292 1290//1290 1289//1289 1291//1291
f 1294//1294 1292//1292 1291//1291 1293//1293
f 788//788 1292//1292 1294//1294
f 1291//1291 1295//1295 1293//1293
f 1297//1297 1296//1296 1294//1294 1293//1293
f 1299//1299 1296//1296 1297//1297 1298//1298
f 1301//1301 1300//1300 1296//1296 1299//1299
f 1302//1302 1300//1300 1301//1301
f 1298//1298 1297//1297 1304//1304 1303//1303
f 1304//1304 1305//1305 1303//1303
f 1304//1304 1307//1307 1306//1306 1305//1305
f 1307//1307 1309//1309 1308//1308 1306//1306
f 1309//1309 1311//1311 1310//1310 1308//1308
f 1311//1311 1313//1313 1312//1312 1310//1310
f 1314//1314 1309//1309 1307//1307 1295//1295
f 1308//1308 1316//1316 1315//1315 1306//1306
f 1318//1318 1317//1317 1299//1299 1298//1298
f 1291//1291 1289//1289 1314//1314 1295//1295
f 1289//1289 1287//1287 1319//1319 1314//1314
f 1287//1287 1285//1285 1320//1320 1319//1319
f 1285//1285 1284//1284 1322//1322 1321//1321
f 1320//1320 1285//1285 1321//1321
f 1322//1322 1237//1237 1321//1321
f 1313//1313 1320//1320 1321//1321
f 1257//1257 1242//1242 1259//1259
f 1261//1261 1265//1265 1256//1256 1258//1258
f 1265//1265 1272//1272 1253//1253 1256//1256
f 1272//1272 1273//1273 1252//1252 1253//1253
f 1252//1252 1273//1273 1323//1323 1250//1250
f 1324//1324 1243//1243 1245//1245
f 1244//1244 1254//1254 1248//1248
f 1245//1245 1246//1246 1226//1226 1228//1228
f 1240//1240 1243//1243 1324//1324 1325//1325
f 1240//1240 1325//1325 1239//1239
f 1257//1257 1255//1255 1241//1241 1242//1242
f 1259//1259 1242//1242 1236//1236 1237//1237
f 1322//1322 1259//1259 1237//1237
f 1239//1239 1325//1325 1231//1231 1232//1232
f 1235//1235 1239//1239 1232//1232
f 1229//1229 1324//1324 1245//1245 1228//1228
f 1228//1228 1226//1226 847//847 848//848
f 950//950 843//843 845//845 949//949
f 1227//1227 844//844 841//841 1230//1230
f 1230//1230 841//841 842//842
f 839//839 1233//1233 842//842
f 838//838 840//840 952//952 955//955
f 1234//1234 1233//1233 839//839 836//836
f 1238//1238 1234//1234 836//836
f 837//837 838//838 955//955 958//958
f 835//835 1206//1206 834//834
f 1207//1207 832//832 834//834
f 1310//1310 1312//1312 833//833 831//831
f 830//830 832//832 1207//1207 965//965
f 1009//1009 830//830 965//965
f 1308//1308 1310//1310 831//831 829//829
f 1316//1316 1308//1308 829//829
f 828//828 830//830 1009//1009 1005//1005
f 1006//1006 828//828 1005//1005
f 1006//1006 826//826 828//828
f 1315//1315 1316//1316 827//827 825//825
f 826//826 1006//1006 1007//1007 824//824
f 1315//1315 825//825 823//823
f 824//824 1007//1007 822//822
f 1305//1305 1306//1306 1315//1315 823//823
f 821//821 1305//1305 823//823
f 822//822 1007//1007 1004//1004 1003//1003
f 820//820 822//822 1003//1003
f 818//818 820//820 1003//1003 976//976
f 1318//1318 1298//1298 1303//1303 819//819
f 817//817 1318//1318 819//819
f 980//980 816//816 818//818 976//976
f 977//977 980//980 976//976
f 1318//1318 817//817 815//815
f 816//816 980//980 814//814
f 813//813 1317//1317 1318//1318 815//815
f 980//980 981//981 812//812 814//814
f 981//981 810//810 812//812
f 1299//1299 1317//1317 811//811 809//809
f 1301//1301 1299//1299 809//809
f 808//808 810//810 981//981 978//978
f 1002//1002 808//808 978//978
f 807//807 1302//1302 1301//1301 809//809
f 1001//1001 806//806 808//808 1002//1002
f 803//803 793//793 805//805
f 995//995 802//802 804//804
f 995//995 996//996 800//800 802//802
f 800//800 996//996 797//797
f 801//801 792//792 793//793 803//803
f 786//786 1290//1290 1292//1292 788//788
f 783//783 1286//1286 1288//1288 784//784
f 782//782 1326//1326 781//781
f 775//775 778//778 799//799 1204//1204
f 1203//1203 775//775 1204//1204
f 773//773 1282//1282 774//774
f 772//772 777//777 771//771
f 1278//1278 1275//1275 1282//1282 773//773
f 770//770 1278//1278 773//773
f 1202//1202 769//769 771//771
f 1202//1202 1327//1327 767//767 769//769
f 1281//1281 1280//1280 768//768 766//766
f 767//767 1327//1327 765//765
f 764//764 1043//1043 763//763
f 1274//1274 762//762 758//758 756//756
f 1323//1323 1274//1274 756//756
f 1037//1037 759//759 757//757 763//763
f 755//755 753//753 857//857 1225//1225
f 1249//1249 755//755 1225//1225
f 1250//1250 1323//1323 756//756 755//755
f 753//753 751//751 856//856 857//857
f 749//749 752//752 1038//1038 1039//1039
f 1328//1328 749//749 1039//1039
f 1329//1329 1328//1328 1039//1039
f 1331//1331 1330//1330 1328//1328 1329//1329
f 1333//1333 1332//1332 1330//1330 1331//1331
f 1334//1334 1333//1333 1331//1331
f 1335//1335 1333//1333 1334//1334 116//116
f 1336//1336 1335//1335 116//116
f 1335//1335 1336//1336 1337//1337
f 1339//1339 1338//1338 1335//1335 1337//1337
f 111//111 1340//1340 1339//1339 1337//1337
f 1340//1340 1341//1341 1339//1339
f 1343//1343 1342//1342 1341//1341 1340//1340
f 1342//1342 1343//1343 1344//1344
f 1345//1345 1330//1330 1332//1332
f 1333//1333 1346//1346 1332//1332
f 751//751 750//750 1224//1224 862//862
f 856//856 751//751 862//862
f 1328//1328 1330//1330 1345//1345 748//748
f 749//749 1328//1328 748//748
f 1223//1223 1224//1224 750//750 746//746
f 745//745 1223//1223 746//746
f 744//744 747//747 1347//1347 743//743
f 1347//1347 1349//1349 1348//1348 743//743
f 1350//1350 1349//1349 1347//1347
f 1348//1348 741//741 743//743
f 1223//1223 745//745 742//742
f 738//738 739//739 890//890 870//870
f 866//866 738//738 870//870
f 733//733 891//891 734//734
f 739//739 736//736 734//734 889//889
f 733//733 730//730 892//892 891//891
f 892//892 730//730 727//727
f 727//727 728//728 882//882 884//884
f 713//713 705//705 722//722 720//720
f 719//719 732//732 718//718
f 735//735 717//717 718//718
f 1348//1348 1349//1349 714//714 715//715
f 712//712 713//713 720//720 716//716
f 711//711 1351//1351 710//710
f 710//710 1351//1351 1338//1338 1339//1339
f 1341//1341 708//708 710//710 1339//1339
f 705//705 706//706 725//725 722//722
f 700//700 1352//1352 699//699
f 1353//1353 702//702 699//699
f 697//697 696//696 1354//1354 731//731
f 729//729 724//724 697//697 731//731
f 1354//1354 1355//1355 731//731
f 725//725 706//706 698//698 697//697
f 695//695 702//702 693//693
f 1354//1354 696//696 694//694
f 1354//1354 694//694 690//690 689//689
f 1355//1355 1354//1354 689//689
f 881//881 1355//1355 689//689
f 687//687 691//691 1356//1356 686//686
f 1356//1356 1358//1358 1357//1357 686//686
f 1358//1358 1360//1360 1359//1359 1357//1357
f 1360//1360 1358//1358 1361//1361 98//98
f 1362//1362 1360//1360 98//98
f 1357//1357 1359//1359 1363//1363 681//681
f 688//688 1357//1357 681//681
f 1357//1357 688//688 686//686
f 684//684 683//683 1365//1365 1364//1364
f 880//880 684//684 1364//1364
f 906//906 880//880 1364//1364
f 682//682 688//688 681//681
f 1363//1363 680//680 681//681
f 1365//1365 683//683 679//679
f 242//242 246//246 270//270 266//266
f 269//269 242//242 266//266
f 675//675 247//247 245//245
f 243//243 244//244 1365//1365 679//679
f 676//676 243//243 679//679
f 242//242 269//269 241//241
f 906//906 1364//1364 240//240 236//236
f 905//905 906//906 236//236
f 244//244 239//239 240//240
f 238//238 234//234 235//235
f 231//231 913//913 232//232
f 268//268 265//265 228//228 229//229
f 1366//1366 226//226 224//224
f 228//228 271//271 222//222 225//225
f 223//223 1367//1367 224//224
f 220//220 1368//1368 221//221
f 271//271 273//273 219//219 222//222
f 273//273 274//274 218//218 219//219
f 218//218 274//274 275//275 216//216
f 275//275 276//276 215//215 216//216
f 215//215 283//283 213//213 212//212
f 208//208 210//210 666//666 663//663
f 664//664 208//208 663//663
f 214//214 211//211 209//209 1368//1368
f 208//208 664//664 207//207
f 209//209 206//206 1367//1367 221//221
f 1368//1368 209//209 221//221
f 662//662 205//205 207//207
f 206//206 203//203 1366//1366 224//224
f 1367//1367 206//206 224//224
f 205//205 662//662 204//204
f 1366//1366 203//203 202//202
f 200//200 912//912 913//913 202//202
f 197//197 198//198 331//331 333//333
f 334//334 194//194 197//197 333//333
f 201//201 195//195 196//196
f 193//193 915//915 911//911 192//192
f 661//661 188//188 190//190 336//336
f 340//340 661//661 336//336
f 1221//1221 193//193 189//189 184//184
f 188//188 661//661 187//187
f 186//186 1123//1123 185//185
f 1127//1127 1221//1221 184//184 185//185
f 183//183 655//655 181//181 180//180
f 178//178 177//177 1140//1140 1141//1141
f 179//179 178//178 1128//1128 1122//1122
f 182//182 179//179 1122//1122
f 175//175 654//654 174//174
f 171//171 167//167 1142//1142
f 1140//1140 170//170 171//171 1139//1139
f 168//168 148//148 150//150
f 168//168 1369//1369 147//147 148//148
f 406//406 407//407 144//144 146//146
f 147//147 1369//1369 146//146
f 137//137 139//139 648//648 647//647
f 135//135 134//134 161//161 136//136
f 137//137 647//647 135//135 136//136
f 649//649 1370//1370 133//133 135//135
f 152//152 138//138 136//136 153//153
f 160//160 131//131 132//132 162//162
f 125//125 1032//1032 1033//1033 127//127
f 132//132 128//128 127//127
f 123//123 121//121 1331//1331 1329//1329
f 129//129 120//120 122//122 126//126
f 116//116 1334//1334 119//119 117//117
f 646//646 115//115 116//116 117//117
f 114//114 1336//1336 116//116
f 117//117 118//118 1370//1370 649//649
f 644//644 113//113 115//115 646//646
f 1344//1344 1343//1343 109//109 107//107
f 108//108 112//112 106//106
f 1353//1353 699//699 1352//1352 105//105
f 102//102 1353//1353 105//105
f 636//636 101//101 104//104 638//638
f 103//103 100//100 691//691 692//692
f 1353//1353 102//102 103//103
f 633//633 99//99 101//101 636//636
f 100//100 97//97 1361//1361 1356//1356
f 691//691 100//100 1356//1356
f 631//631 94//94 95//95
f 1361//1361 97//97 98//98
f 93//93 1362//1362 98//98
f 96//96 632//632 95//95
f 1372//1372 1371//1371 1362//1362 93//93
f 92//92 1372//1372 93//93
f 1372//1372 1373//1373 1371//1371
f 444//444 91//91 88//88
f 537//537 83//83 82//82 87//87
f 55//55 74//74 54//54
f 70//70 1374//1374 51//51 53//53
f 69//69 70//70 53//53
f 1374//1374 70//70 1375//1375 39//39
f 54//54 74//74 72//72 53//53
f 52//52 50//50 1376//1376 79//79
f 57//57 52//52 79//79
f 1376//1376 1373//1373 79//79
f 49//49 51//51 1374//1374 40//40
f 44//44 49//49 40//40
f 1359//1359 1360//1360 48//48 46//46
f 49//49 44//44 45//45
f 1363//1363 1359//1359 46//46 43//43
f 1374//1374 39//39 40//40
f 1378//1378 42//42 38//38 1377//1377
f 677//677 1378//1378 1377//1377
f 38//38 36//36 1379//1379 1377//1377
f 1375//1375 35//35 37//37 39//39
f 36//36 34//34 30//30 1379//1379
f 75//75 33//33 35//35 1375//1375
f 75//75 76//76 1380//1380 31//31
f 33//33 75//75 31//31
f 1380//1380 76//76 68//68 1381//1381
f 565//565 28//28 25//25 563//563
f 31//31 1380//1380 24//24 26//26
f 25//25 22//22 561//561 563//563
f 22//22 23//23 559//559 561//561
f 16//16 550//550 520//520 19//19
f 23//23 20//20 18//18
f 19//19 519//519 552//552 18//18
f 13//13 14//14 550//550 16//16
f 11//11 12//12 15//15 1381//1381
f 68//68 11//11 1381//1381
f 64//64 61//61 8//8 11//11
f 62//62 4//4 7//7
f 6//6 5//5 529//529 530//530
f 2//2 84//84 1//1
f 4//4 62//62 59//59 3//3
f 80//80 2//2 3//3 77//77
f 79//79 1373//1373 1372//1372 85//85
f 81//81 78//78 79//79 85//85
f 61//61 62//62 7//7 8//8
f 58//58 73//73 74//74 55//55
f 1376//1376 50//50 47//47
f 76//76 67//67 68//68
f 70//70 66//66 75//75 1375//1375
f 41//41 44//44 40//40
f 529//529 5//5 1//1 533//533
f 535//535 84//84 83//83 537//537
f 85//85 1372//1372 92//92 86//86
f 14//14 10//10 549//549 550//550
f 1361//1361 1358//1358 1356//1356
f 24//24 1380//1380 1381//1381 21//21
f 43//43 42//42 1378//1378 680//680
f 1363//1363 43//43 680//680
f 527//527 528//528 532//532 538//538
f 473//473 471//471 424//424 425//425
f 428//428 473//473 425//425
f 908//908 237//237 233//233 232//232
f 549//549 10//10 6//6 530//530
f 29//29 28//28 565//565 254//254
f 252//252 29//29 254//254
f 1377//1377 1379//1379 674//674 248//248
f 675//675 677//677 1377//1377 248//248
f 1364//1364 1365//1365 244//244 240//240
f 255//255 258//258 261//261 272//272
f 264//264 270//270 263//263
f 241//241 269//269 267//267 268//268
f 234//234 238//238 241//241 268//268
f 412//412 653//653 651//651 411//411
f 282//282 564//564 567//567 280//280
f 278//278 282//282 280//280
f 904//904 905//905 236//236 237//237
f 274//274 259//259 256//256 275//275
f 262//262 260//260 273//273 271//271
f 230//230 234//234 268//268 229//229
f 668//668 311//311 313//313 318//318
f 201//201 912//912 200//200
f 220//220 217//217 214//214 1368//1368
f 1367//1367 223//223 221//221
f 227//227 226//226 1366//1366 202//202
f 913//913 231//231 227//227 202//202
f 511//511 526//526 525//525 1382//1382
f 509//509 511//511 1382//1382
f 525//525 523//523 543//543 545//545
f 1382//1382 525//525 545//545
f 577//577 1382//1382 545//545
f 534//534 536//536 446//446 547//547
f 539//539 534//534 547//547
f 526//526 511//511 513//513 517//517
f 9//9 10//10 14//14
f 1373//1373 1376//1376 47//47 48//48
f 1371//1371 1373//1373 48//48
f 516//516 515//515 556//556 551//551
f 18//18 552//552 553//553 559//559
f 23//23 18//18 559//559
f 1379//1379 30//30 29//29 674//674
f 509//509 1382//1382 577//577 502//502
f 504//504 509//509 502//502
f 577//577 545//545 544//544 497//497
f 500//500 577//577 497//497
f 512//512 510//510 507//507 508//508
f 571//571 555//555 557//557 574//574
f 558//558 569//569 572//572 568//568
f 566//566 558//558 568//568
f 505//505 503//503 584//584 586//586
f 576//576 505//505 586//586
f 503//503 499//499 578//578 581//581
f 584//584 503//503 581//581
f 579//579 588//588 624//624 587//587
f 580//580 579//579 587//587
f 301//301 576//576 586//586 304//304
f 306//306 585//585 582//582 308//308
f 296//296 299//299 303//303 295//295
f 293//293 673//673 672//672 292//292
f 285//285 670//670 668//668 318//318
f 665//665 666//666 285//285 318//318
f 454//454 450//450 448//448
f 457//457 449//449 630//630 460//460
f 437//437 435//435 470//470 464//464
f 465//465 437//437 464//464
f 446//446 447//447 451//451 547//547
f 89//89 442//442 88//88
f 434//434 438//438 433//433
f 1381//1381 15//15 17//17 21//21
f 453//453 455//455 484//484 487//487
f 628//628 458//458 629//629 477//477
f 480//480 628//628 477//477
f 467//467 468//468 471//471
f 548//548 491//491 493//493
f 424//424 436//436 430//430 422//422
f 896//896 897//897 901//901 917//917
f 591//591 592//592 594//594
f 598//598 596//596 626//626 612//612
f 472//472 428//428 426//426 601//601
f 602//602 472//472 601//601
f 614//614 657//657 613//613
f 601//601 426//426 427//427 604//604
f 660//660 655//655 183//183 187//187
f 494//494 490//490 589//589 620//620
f 588//588 494//494 620//620
f 427//427 423//423 421//421 611//611
f 608//608 427//427 611//611
f 280//280 567//567 288//288 284//284
f 281//281 280//280 284//284
f 192//192 911//911 909//909 196//196
f 380//380 622//622 617//617 384//384
f 616//616 613//613 657//657 387//387
f 388//388 616//616 387//387
f 606//606 397//397 394//394 392//392
f 314//314 621//621 381//381 316//316
f 399//399 402//402 655//655 660//660
f 398//398 399//399 660//660
f 321//321 665//665 318//318 317//317
f 207//207 664//664 327//327 328//328
f 662//662 207//207 328//328
f 191//191 194//194 334//334 190//190
f 379//379 382//382 354//354 356//356
f 377//377 379//379 356//356
f 382//382 385//385 658//658 353//353
f 354//354 382//382 353//353
f 391//391 393//393 344//344 346//346
f 352//352 656//656 391//391 346//346
f 374//374 377//377 356//356 357//357
f 358//358 355//355 350//350 351//351
f 349//349 345//345 342//342
f 667//667 375//375 359//359 372//372
f 373//373 363//363 362//362 369//369
f 339//339 337//337 366//366
f 536//536 537//537 87//87 91//91
f 90//90 94//94 631//631 441//441
f 89//89 90//90 441//441
f 96//96 99//99 633//633 432//432
f 632//632 96//96 432//432
f 1360//1360 1362//1362 1371//1371 48//48
f 34//34 32//32 27//27 30//30
f 1378//1378 677//677 678//678 680//680
f 689//689 685//685 684//684 879//879
f 881//881 689//689 879//879
f 547//547 451//451 452//452 546//546
f 429//429 431//431 637//637
f 254//254 565//565 282//282 279//279
f 878//878 880//880 906//906 903//903
f 899//899 898//898 878//878 903//903
f 590//590 593//593 618//618 589//589
f 597//597 599//599 605//605 610//610
f 614//614 597//597 610//610
f 421//421 419//419 415//415 417//417
f 625//625 623//623 621//621 314//314
f 312//312 625//625 314//314
f 285//285 666//666 210//210 213//213
f 198//198 199//199 204//204
f 915//915 910//910 911//911
f 703//703 707//707 1342//1342 1344//1344
f 1352//1352 700//700 703//703 1344//1344
f 1341//1341 1342//1342 707//707 708//708
f 1338//1338 1351//1351 1383//1383
f 706//706 701//701 698//698
f 709//709 704//704 705//705 713//713
f 714//714 1349//1349 1350//1350 1383//1383
f 1351//1351 711//711 714//714 1383//1383
f 1350//1350 1346//1346 1383//1383
f 724//724 729//729 723//723
f 719//719 721//721 726//726 732//732
f 715//715 717//717 735//735 737//737
f 741//741 1348//1348 715//715 737//737
f 105//105 1352//1352 1344//1344 107//107
f 109//109 1343//1343 1340//1340 111//111
f 1338//1338 1383//1383 1346//1346 1333//1333
f 1335//1335 1338//1338 1333//1333
f 702//702 1353//1353 103//103 692//692
f 693//693 702//702 692//692
f 1345//1345 747//747 748//748
f 731//731 1355//1355 881//881 882//882
f 728//728 731//731 882//882
f 740//740 738//738 742//742
f 104//104 106//106 112//112 642//642
f 638//638 104//104 642//642
f 642//642 112//112 113//113 644//644
f 878//878 898//898 894//894 875//875
f 871//871 873//873 895//895 1220//1220
f 1210//1210 1216//1216 1213//1213 1209//1209
f 652//652 650//650 141//141 143//143
f 408//408 410//410 652//652 143//143
f 139//139 141//141 650//650 648//648
f 133//133 1370//1370 129//129 130//130
f 917//917 918//918 921//921
f 1220//1220 895//895 922//922 924//924
f 1212//1212 1222//1222 1216//1216 1210//1210
f 407//407 408//408 143//143 144//144
f 145//145 142//142 140//140 149//149
f 136//136 161//161 156//156 153//153
f 159//159 163//163 1095//1095 1098//1098
f 165//165 159//159 1098//1098
f 1125//1125 919//919 916//916 1127//1127
f 1116//1116 1130//1130 1129//1129 1114//1114
f 146//146 1369//1369 172//172 174//174
f 654//654 406//406 146//146 174//174
f 172//172 1369//1369 168//168 169//169
f 167//167 157//157 154//154 1142//1142
f 175//175 176//176 181//181
f 177//177 173//173 170//170 1140//1140
f 154//154 166//166 1144//1144 1138//1138
f 1142//1142 154//154 1138//1138
f 186//186 182//182 1122//1122
f 1124//1124 1128//1128 1134//1134 1131//1131
f 1143//1143 1104//1104 1107//1107 1135//1135
f 1136//1136 1143//1143 1135//1135
f 111//111 1337//1337 1336//1336 114//114
f 110//110 111//111 114//114
f 121//121 119//119 1334//1334 1331//1331
f 1039//1039 1036//1036 1035//1035 124//124
f 123//123 1329//1329 1039//1039 124//124
f 1347//1347 747//747 1345//1345 1332//1332
f 1346//1346 1350//1350 1347//1347 1332//1332
f 1038//1038 752//752 754//754 759//759
f 891//891 892//892 885//885 887//887
f 742//742 738//738 866//866 864//864
f 1223//1223 742//742 864//864
f 855//855 856//856 862//862
f 645//645 646//646 117//117 649//649
f 1370//1370 118//118 120//120 129//129
f 124//124 1035//1035 1032//1032 125//125
f 868//868 871//871 1220//1220 1219//1219
f 1222//1222 1218//1218 1215//1215 1216//1216
f 854//854 858//858 1208//1208 853//853
f 149//149 140//140 138//138 152//152
f 161//161 134//134 131//131 160//160
f 127//127 1033//1033 1040//1040 164//164
f 162//162 132//132 127//127 164//164
f 158//158 165//165 1146//1146 1145//1145
f 166//166 155//155 158//158 1145//1145
f 1091//1091 1093//1093 1042//1042 1041//1041
f 1114//1114 1129//1129 1120//1120 1113//1113
f 932//932 931//931 1111//1111 1102//1102
f 1100//1100 932//932 1102//1102
f 942//942 939//939 936//936
f 1271//1271 1270//1270 1279//1279 1281//1281
f 761//761 762//762 1271//1271 1281//1281
f 1277//1277 1279//1279 1270//1270 1268//1268
f 1267//1267 1264//1264 1326//1326 782//782
f 1276//1276 1267//1267 782//782
f 1273//1273 1274//1274 1323//1323
f 1266//1266 1269//1269 1272//1272 1265//1265
f 1283//1283 1326//1326 1264//1264 1262//1262
f 1251//1251 1247//1247 1248//1248
f 1255//1255 1254//1254 1244//1244 1241//1241
f 1322//1322 1284//1284 1260//1260 1259//1259
f 760//760 761//761 1281//1281 766//766
f 768//768 1280//1280 1278//1278 770//770
f 1276//1276 782//782 776//776 774//774
f 1282//1282 1276//1276 774//774
f 1226//1226 1246//1246 1249//1249 1225//1225
f 1325//1325 1324//1324 1229//1229 1231//1231
f 1321//1321 1237//1237 1238//1238 1312//1312
f 1313//1313 1321//1321 1312//1312
f 765//765 1327//1327 1022//1022 1025//1025
f 1043//1043 764//764 765//765 1025//1025
f 1022//1022 1327//1327 1202//1202 1020//1020
f 777//777 775//775 1203//1203 1017//1017
f 1018//1018 777//777 1017//1017
f 1093//1093 1095//1095 163//163 164//164
f 1042//1042 1093//1093 164//164
f 990//990 1008//1008 1011//1011 993//993
f 989//989 990//990 993//993
f 846//846 850//850 845//845
f 1206//1206 835//835 837//837
f 1045//1045 1024//1024 1023//1023 1384//1384
f 1046//1046 1045//1045 1384//1384
f 1023//1023 1021//1021 1198//1198 1199//1199
f 1384//1384 1023//1023 1199//1199
f 1201//1201 1384//1384 1199//1199
f 1019//1019 1015//1015 1013//1013 1193//1193
f 1197//1197 1019//1019 1193//1193
f 945//945 946//946 949//949
f 840//840 843//843 950//950 952//952
f 959//959 961//961 958//958
f 1046//1046 1384//1384 1201//1201 1052//1052
f 1048//1048 1046//1046 1052//1052
f 1201//1201 1199//1199 1196//1196 1056//1056
f 1054//1054 1201//1201 1056//1056
f 1197//1197 1193//1193 1062//1062 1060//1060
f 1194//1194 1197//1197 1060//1060
f 1041//1041 1044//1044 1047//1047 1090//1090
f 1091//1091 1041//1041 1090//1090
f 1064//1064 1014//1014 1010//1010 1066//1066
f 1084//1084 947//947 944//944 1086//1086
f 951//951 1189//1189 1080//1080 1078//1078
f 1190//1190 951//951 1078//1078
f 960//960 957//957 1072//1072 1070//1070
f 1051//1051 1200//1200 1155//1155 1151//1151
f 1150//1150 1050//1050 1051//1051 1151//1151
f 1155//1155 1200//1200 1187//1187 1156//1156
f 1059//1059 1061//1061 1185//1185 1160//1160
f 1158//1158 1186//1186 1059//1059 1160//1160
f 1149//1149 1152//1152 1148//1148
f 1153//1153 1154//1154 1157//1157 1166//1166
f 1162//1162 1163//1163 1183//1183
f 1188//1188 1173//1173 1171//1171
f 1174//1174 1170//1170 1169//1169 1177//1177
f 1184//1184 1192//1192 1178//1178
f 779//779 780//780 785//785 795//795
f 795//795 785//785 787//787 791//791
f 790//790 789//789 1300//1300 1302//1302
f 1283//1283 1286//1286 783//783 781//781
f 1326//1326 1283//1283 781//781
f 784//784 1288//1288 1290//1290 786//786
f 1300//1300 789//789 788//788 1294//1294
f 1296//1296 1300//1300 1294//1294
f 1320//1320 1313//1313 1311//1311 1319//1319
f 1319//1319 1311//1311 1309//1309 1314//1314
f 1307//1307 1304//1304 1297//1297 1293//1293
f 1295//1295 1307//1307 1293//1293
f 778//778 779//779 795//795 796//796
f 792//792 801//801 794//794
f 790//790 1302//1302 807//807 805//805
f 793//793 790//790 805//805
f 811//811 1317//1317 813//813
f 1312//1312 1238//1238 836//836 833//833
f 827//827 1316//1316 829//829
f 1303//1303 1305//1305 821//821 819//819
f 799//799 798//798 992//992 993//993
f 1205//1205 799//799 993//993
f 798//798 797//797 996//996 991//991
f 992//992 798//798 991//991
f 995//995 804//804 806//806 1001//1001
f 994//994 995//995 1001//1001
f 987//987 997//997 988//988
f 979//979 983//983 1002//1002 978//978
f 1207//1207 962//962 965//965
f 1009//1009 966//966 969//969 1005//1005
f 1003//1003 974//974 976//976
